Date,Open,High,Low,Close,Volume
2007-05-30,45.52,45.53,45.48,45.53,3118
2007-05-31,45.52,45.53,45.52,45.53,22528
2007-06-01,45.54,45.54,45.54,45.54,2918
2007-06-04,45.55,45.55,45.55,45.55,2111
2007-06-05,45.56,45.57,45.55,45.55,7542
2007-06-06,45.55,45.57,45.55,45.57,19612
2007-06-07,45.55,45.56,45.55,45.56,24438
2007-06-08,45.57,45.57,45.54,45.57,15788
2007-06-11,45.57,45.59,45.57,45.59,4827
2007-06-12,45.59,45.59,45.55,45.55,7844
2007-06-13,45.55,45.59,45.55,45.59,7542
2007-06-14,45.61,45.61,45.6,45.61,26953
2007-06-15,45.63,45.65,45.6,45.65,2111
2007-06-18,45.64,45.67,45.63,45.66,56319
2007-06-19,45.66,45.66,45.66,45.66,1709
2007-06-20,45.65,45.68,45.65,45.67,6235
2007-06-21,45.66,45.68,45.66,45.67,1709
2007-06-22,45.68,45.709,45.68,45.709,4425
2007-06-25,45.68,45.69,45.68,45.69,59738
2007-06-26,45.69,45.699,45.68,45.699,10260
2007-06-27,45.709,45.709,45.69,45.69,16494
2007-06-28,45.709,45.709,45.709,45.709,1809
2007-06-29,45.709,45.729,45.699,45.729,11363
2007-07-02,45.54,45.58,45.53,45.54,26247
2007-07-03,45.51,45.54,45.51,45.54,6035
2007-07-05,45.53,45.54,45.5,45.54,10961
2007-07-06,45.55,45.56,45.55,45.56,7643
2007-07-09,45.53,45.57,45.53,45.57,7944
2007-07-10,45.56,45.58,45.56,45.58,10560
2007-07-11,45.58,45.58,45.54,45.58,18305
2007-07-12,45.59,45.59,45.57,45.59,29566
2007-07-13,45.59,45.6,45.58,45.6,26247
2007-07-16,45.62,45.62,45.59,45.61,32484
2007-07-17,45.63,45.63,45.59,45.63,93530
2007-07-18,45.61,45.62,45.58,45.62,10961
2007-07-19,45.63,45.64,45.6,45.63,27957
2007-07-20,45.66,45.66,45.65,45.65,16091
2007-07-23,45.65,45.66,45.64,45.65,13979
2007-07-24,45.65,45.66,45.64,45.65,18806
2007-07-25,45.66,45.67,45.66,45.66,19712
2007-07-26,45.66,45.68,45.63,45.67,82569
2007-07-27,45.66,45.729,45.54,45.69,309256
2007-07-30,45.68,45.699,45.65,45.65,20718
2007-07-31,45.709,45.709,45.69,45.709,109119
2007-08-01,45.52,45.53,45.48,45.51,37515
2007-08-02,45.48,45.52,45.47,45.52,100068
2007-08-03,45.54,45.55,45.5,45.5,52700
2007-08-06,45.55,45.56,45.53,45.55,44853
2007-08-07,45.56,45.57,45.52,45.56,29265
2007-08-08,45.56,45.57,45.53,45.54,39724
2007-08-09,45.57,45.6,45.56,45.58,207477
2007-08-10,45.61,45.62,45.6,45.61,225481
2007-08-13,45.61,45.63,45.6,45.62,144418
2007-08-14,45.61,45.63,45.6,45.61,262791
2007-08-15,45.63,45.65,45.61,45.62,81261
2007-08-16,45.62,45.729,45.62,45.68,247104
2007-08-17,45.58,45.719,45.57,45.709,170469
2007-08-20,45.69,45.779,45.69,45.749,39724
2007-08-21,45.759,45.759,45.68,45.739,317200
2007-08-22,45.739,45.739,45.67,45.739,60344
2007-08-23,45.719,45.719,45.67,45.709,80957
2007-08-24,45.65,45.699,45.63,45.699,28263
2007-08-27,45.67,45.699,45.64,45.64,72512
2007-08-28,45.65,45.69,45.64,45.69,58836
2007-08-29,45.709,45.719,45.68,45.719,21223
2007-08-30,45.749,45.749,45.69,45.719,63662
2007-08-31,45.67,45.719,45.66,45.719,19410
2007-09-04,45.54,45.56,45.5,45.55,21923
2007-09-05,45.56,45.57,45.53,45.56,43045
2007-09-06,45.57,45.57,45.53,45.56,29165
2007-09-07,45.59,45.6,45.55,45.59,32484
2007-09-10,45.58,45.6,45.54,45.6,70600
2007-09-11,45.55,45.6,45.54,45.55,20718
2007-09-12,45.57,45.62,45.56,45.62,6941
2007-09-13,45.55,45.61,45.55,45.61,50886
2007-09-14,45.6,45.65,45.6,45.64,65672
2007-09-17,45.64,45.66,45.57,45.66,34899
2007-09-18,45.64,45.68,45.58,45.63,468556
2007-09-19,45.66,45.66,45.6,45.65,134262
2007-09-20,45.67,45.67,45.62,45.62,44752
2007-09-21,45.63,45.67,45.62,45.64,47170
2007-09-24,45.69,45.699,45.63,45.68,116361
2007-09-25,45.63,45.69,45.63,45.69,118672
2007-09-26,45.68,45.69,45.64,45.64,42742
2007-09-27,45.69,45.699,45.64,45.65,60545
2007-09-28,45.63,45.68,45.63,45.63,246598
2007-10-01,45.49,45.53,45.48,45.51,44050
2007-10-02,45.5,45.54,45.49,45.49,157292
2007-10-03,45.51,45.54,45.49,45.5,263899
2007-10-04,45.54,45.55,45.53,45.55,9454
2007-10-05,45.52,45.58,45.5,45.5,44652
2007-10-08,45.52,45.58,45.51,45.57,16695
2007-10-09,45.56,45.58,45.54,45.54,733059
2007-10-10,45.55,45.59,45.55,45.58,43045
2007-10-11,45.59,45.59,45.56,45.57,20513
2007-10-12,45.6,45.6,45.56,45.58,28664
2007-10-15,45.58,45.59,45.56,45.56,65271
2007-10-16,45.58,45.6,45.57,45.59,28864
2007-10-17,45.59,45.61,45.57,45.61,119378
2007-10-18,45.64,45.65,45.61,45.61,24941
2007-10-19,45.64,45.65,45.6,45.65,202248
2007-10-22,45.62,45.64,45.59,45.63,372213
2007-10-23,45.64,45.65,45.61,45.63,25746
2007-10-24,45.65,45.65,45.61,45.65,55312
2007-10-25,45.65,45.65,45.62,45.64,24338
2007-10-26,45.64,45.66,45.62,45.62,31983
2007-10-29,45.64,45.66,45.62,45.66,15287
2007-10-30,45.67,45.67,45.64,45.64,10560
2007-10-31,45.66,45.67,45.64,45.64,26549
2007-11-01,45.51,45.54,45.5,45.53,65873
2007-11-02,45.53,45.56,45.51,45.56,17602
2007-11-05,45.56,45.57,45.53,45.56,33791
2007-11-06,45.56,45.56,45.52,45.56,33791
2007-11-07,45.53,45.63,45.53,45.59,440120
2007-11-08,45.57,45.6,45.55,45.56,296481
2007-11-09,45.62,45.62,45.58,45.6,18905
2007-11-12,45.6,45.62,45.59,45.62,145627
2007-11-13,45.61,45.63,45.59,45.61,63158
2007-11-14,45.59,45.62,45.57,45.59,203039
2007-11-15,45.6,45.64,45.57,45.62,464435
2007-11-16,45.63,45.63,45.6,45.62,49178
2007-11-19,45.62,45.64,45.58,45.64,118974
2007-11-20,45.61,45.65,45.59,45.65,82369
2007-11-21,45.65,45.67,45.62,45.67,67482
2007-11-23,45.64,45.68,45.64,45.68,15387
2007-11-26,45.709,45.709,45.62,45.65,48947
2007-11-27,45.64,45.69,45.64,45.69,42440
2007-11-28,45.69,45.709,45.65,45.699,106000
2007-11-29,45.66,45.709,45.66,45.67,73516
2007-11-30,45.719,52.778,45.65,45.68,551731
2007-12-03,45.61,45.62,45.53,45.53,241470
2007-12-04,45.54,45.58,45.53,45.54,182536
2007-12-05,45.54,45.57,45.53,45.54,56119
2007-12-06,45.55,45.58,45.5,45.55,579689
2007-12-07,45.53,45.59,45.53,45.59,88260
2007-12-10,45.59,46.83,45.56,45.56,414451
2007-12-11,45.59,45.62,45.53,45.62,84075
2007-12-12,45.61,45.63,45.57,45.61,49683
2007-12-13,45.39,45.64,45.39,45.63,54912
2007-12-14,45.63,45.64,45.59,45.6,66376
2007-12-17,45.6,45.65,45.59,45.61,90010
2007-12-18,45.57,45.62,45.56,45.62,53302
2007-12-19,45.64,45.65,45.57,45.63,51896
2007-12-20,45.61,45.67,45.61,45.66,29566
2007-12-21,45.67,45.68,45.64,45.66,128830
2007-12-24,45.67,45.67,45.63,45.66,5834
2007-12-26,45.63,45.67,45.63,45.64,35701
2007-12-27,45.68,45.68,45.63,45.66,14381
2007-12-28,45.55,45.56,45.53,45.53,120000
2007-12-31,45.56,45.56,45.52,45.52,63725
2008-01-02,45.55,45.56,45.52,45.56,59217
2008-01-03,45.56,45.56,45.53,45.53,61256
2008-01-04,45.58,45.58,45.5,45.52,348309
2008-01-07,45.53,45.55,45.52,45.55,60945
2008-01-08,45.55,45.57,45.51,45.52,36910
2008-01-09,45.57,45.57,45.5,45.5,338923
2008-01-10,45.54,45.55,45.5,45.52,24539
2008-01-11,45.55,45.58,45.53,45.54,83704
2008-01-14,45.56,45.59,45.54,45.58,104359
2008-01-15,45.59,45.59,45.54,45.57,53888
2008-01-16,45.58,45.59,45.5,45.57,511892
2008-01-17,45.56,45.59,45.54,45.55,765062
2008-01-18,45.56,45.6,45.55,45.58,143653
2008-01-22,45.61,45.64,45.56,45.6,234066
2008-01-23,45.63,45.66,45.6,45.65,179290
2008-01-24,45.61,45.67,45.6,45.67,96012
2008-01-25,45.63,45.69,45.62,45.62,65760
2008-01-28,45.699,45.699,45.64,45.64,52438
2008-01-29,45.64,45.69,45.62,45.68,134055
2008-01-30,45.64,45.719,45.63,45.699,120832
2008-01-31,45.65,45.719,45.65,45.699,52597
2008-02-01,45.879,45.879,45.53,45.58,71331
2008-02-04,45.54,45.59,45.54,45.59,101175
2008-02-05,45.59,45.6,45.52,45.56,77889
2008-02-06,45.58,45.6,45.56,45.6,36406
2008-02-07,45.56,45.61,45.55,45.59,60975
2008-02-08,45.59,45.59,45.54,45.59,28617
2008-02-11,45.56,45.6,45.56,45.6,52991
2008-02-12,45.56,45.59,45.56,45.59,27215
2008-02-13,45.59,45.6,45.57,45.6,93935
2008-02-14,45.59,45.61,45.57,45.61,102885
2008-02-15,45.6,45.62,45.59,45.61,46861
2008-02-19,45.6,45.61,45.58,45.61,35737
2008-02-20,45.59,45.63,45.59,45.59,35038
2008-02-21,45.61,45.63,45.59,45.63,78818
2008-02-22,45.59,45.65,45.59,45.63,182488
2008-02-25,45.6,45.63,45.6,45.61,29831
2008-02-26,45.63,45.64,45.58,45.64,85227
2008-02-27,45.59,45.65,45.59,45.65,169968
2008-02-28,45.65,45.66,45.62,45.65,41635
2008-02-29,45.65,45.67,45.62,45.66,34781
2008-03-03,45.57,45.59,45.55,45.59,63461
2008-03-04,45.56,45.59,45.55,45.59,147678
2008-03-05,45.59,45.6,45.54,45.58,510518
2008-03-06,45.6,45.61,45.58,45.6,83667
2008-03-07,45.61,45.61,45.58,45.6,101108
2008-03-10,45.6,45.63,45.57,45.6,44853
2008-03-11,45.6,45.61,45.57,45.6,84844
2008-03-12,45.6,45.61,45.59,45.61,26853
2008-03-13,45.61,45.61,45.58,45.6,83064
2008-03-14,45.6,45.67,45.58,45.66,165569
2008-03-17,45.64,45.699,45.6,45.65,273695
2008-03-18,46.197,46.197,45.64,45.699,95241
2008-03-19,45.709,45.709,45.67,45.709,64063
2008-03-20,45.709,45.709,45.67,45.699,94035
2008-03-24,45.709,45.709,45.66,45.66,77940
2008-03-25,45.65,45.69,45.63,45.63,78836
2008-03-26,45.63,45.67,45.63,45.66,19712
2008-03-27,45.66,45.67,45.63,45.67,16645
2008-03-28,45.68,45.68,45.63,45.63,68137
2008-03-31,45.67,45.699,45.64,45.68,130552
2008-04-01,45.61,45.61,45.55,45.58,167577
2008-04-02,45.58,45.6,45.58,45.58,132479
2008-04-03,45.58,45.6,45.57,45.58,47385
2008-04-04,45.6,45.61,45.59,45.6,89039
2008-04-07,45.6,45.61,45.57,45.58,93391
2008-04-08,45.61,45.61,45.58,45.61,49266
2008-04-09,45.58,45.62,45.58,45.61,68179
2008-04-10,45.62,45.62,45.61,45.61,37715
2008-04-11,45.61,45.64,45.61,45.61,79108
2008-04-14,45.64,45.65,45.61,45.63,32242
2008-04-15,45.65,45.65,45.61,45.63,122006
2008-04-16,45.63,45.63,45.59,45.6,39318
2008-04-17,45.6,45.63,45.58,45.6,63946
2008-04-18,45.62,45.62,45.56,45.57,63870
2008-04-21,45.61,45.62,45.57,45.59,52341
2008-04-22,45.59,45.62,45.58,45.6,72018
2008-04-23,45.62,45.62,45.58,45.6,47792
2008-04-24,45.61,45.62,45.59,45.61,19708
2008-04-25,45.59,45.61,45.58,45.61,79785
2008-04-28,45.61,45.63,45.57,45.58,72121
2008-04-29,45.63,45.63,45.57,45.63,42841
2008-04-30,45.57,45.63,45.57,45.58,54220
2008-05-01,45.59,45.59,45.54,45.56,40715
2008-05-02,45.53,45.58,45.52,45.53,58596
2008-05-05,45.55,45.57,45.54,45.54,31165
2008-05-06,45.57,45.57,45.52,45.52,209119
2008-05-07,45.55,45.55,45.52,45.55,53068
2008-05-08,45.55,45.55,45.51,45.53,158734
2008-05-09,45.52,45.56,45.52,45.55,76463
2008-05-12,45.54,45.56,45.53,45.55,50915
2008-05-13,45.55,45.55,45.53,45.53,42753
2008-05-14,45.55,45.56,45.53,45.53,129062
2008-05-15,45.55,45.56,45.53,45.53,36867
2008-05-16,45.55,45.57,45.52,45.54,81247
2008-05-19,45.53,45.57,45.52,45.54,46125
2008-05-20,45.52,45.55,45.52,45.52,23537
2008-05-21,45.56,45.57,45.52,45.52,97316
2008-05-22,45.52,45.58,45.52,45.55,26538
2008-05-23,45.55,45.56,45.54,45.55,33310
2008-05-27,45.54,45.58,45.54,45.55,54797
2008-05-28,45.54,45.58,45.54,45.57,78832
2008-05-29,45.58,45.58,45.54,45.55,107603
2008-05-30,45.57,45.58,45.55,45.57,18883
2008-06-02,45.54,45.56,45.51,45.56,84438
2008-06-03,45.55,45.57,45.52,45.56,29806
2008-06-04,45.55,45.55,45.52,45.55,42344
2008-06-05,45.57,45.57,45.52,45.52,55846
2008-06-06,45.56,45.56,45.53,45.53,81139
2008-06-09,45.56,45.57,45.53,45.55,88180
2008-06-10,45.56,45.59,45.53,45.58,304258
2008-06-11,45.58,45.61,45.55,45.61,369478
2008-06-12,45.59,45.6,45.56,45.58,52586
2008-06-13,45.6,45.61,45.56,45.61,25645
2008-06-16,45.61,45.62,45.59,45.61,374774
2008-06-17,45.6,45.61,45.58,45.6,43485
2008-06-18,45.61,45.63,45.59,45.62,154140
2008-06-19,45.62,45.63,45.6,45.61,92112
2008-06-20,45.63,45.64,45.6,45.63,163683
2008-06-23,45.63,45.64,45.61,45.63,42192
2008-06-24,45.62,45.63,45.61,45.63,112929
2008-06-25,45.62,45.64,45.61,45.64,89334
2008-06-26,45.65,45.66,45.62,45.64,200171
2008-06-27,45.55,45.719,45.55,45.66,468913
2008-06-30,45.66,45.66,45.6,45.63,82340
2008-07-01,45.6,45.6,45.55,45.59,101908
2008-07-02,45.6,45.6,45.55,45.59,83567
2008-07-03,45.6,45.6,45.55,45.59,76987
2008-07-07,45.59,45.6,45.54,45.58,176722
2008-07-08,45.59,45.61,45.56,45.56,95900
2008-07-09,45.6,45.6,45.57,45.57,81776
2008-07-10,45.57,45.62,45.57,45.61,113377
2008-07-11,45.63,45.65,45.61,45.64,108812
2008-07-14,45.62,45.65,45.6,45.64,129510
2008-07-15,45.65,45.66,45.62,45.65,198672
2008-07-16,45.66,45.67,45.63,45.66,754455
2008-07-17,45.65,45.67,45.58,45.59,270926
2008-07-18,45.63,45.67,45.61,45.65,144634
2008-07-21,45.66,45.66,45.61,45.61,86795
2008-07-22,45.66,45.66,45.62,45.63,153467
2008-07-23,45.62,45.65,45.59,45.65,448758
2008-07-24,45.65,45.65,45.61,45.64,89442
2008-07-25,45.65,45.65,45.62,45.65,112842
2008-07-28,45.65,45.65,45.62,45.65,114851
2008-07-29,45.65,45.66,45.63,45.65,141839
2008-07-30,45.65,45.66,45.62,45.66,73869
2008-07-31,45.65,45.66,45.62,45.66,97847
2008-08-01,45.59,45.59,45.56,45.58,88676
2008-08-04,45.6,45.6,45.58,45.59,383132
2008-08-05,45.6,45.62,45.59,45.59,174746
2008-08-06,45.58,45.61,45.57,45.58,151593
2008-08-07,45.58,45.61,45.58,45.61,83079
2008-08-08,45.61,45.62,45.57,45.6,137421
2008-08-11,45.57,45.62,45.56,45.61,342456
2008-08-12,45.61,45.62,45.57,45.58,136898
2008-08-13,45.59,45.62,45.59,45.62,141629
2008-08-14,45.6,45.62,45.6,45.61,146810
2008-08-15,45.66,45.66,45.6,45.62,131590
2008-08-18,45.63,45.63,45.59,45.59,155740
2008-08-19,45.6,45.63,45.6,45.63,68538
2008-08-20,45.6,45.64,45.6,45.63,122171
2008-08-21,45.62,45.64,45.62,45.64,56839
2008-08-22,45.64,45.65,45.62,45.65,78260
2008-08-25,45.63,45.65,45.63,45.64,120565
2008-08-26,45.65,45.66,45.6,45.65,288838
2008-08-27,45.63,45.66,45.62,45.65,101170
2008-08-28,45.65,45.66,45.63,45.65,104452
2008-08-29,45.66,45.66,45.61,45.63,92746
2008-09-02,45.58,45.62,45.56,45.6,1214610
2008-09-03,45.58,45.6,45.58,45.6,100371
2008-09-04,45.57,45.6,45.57,45.6,111239
2008-09-05,45.59,45.61,45.59,45.61,168103
2008-09-08,45.6,45.61,45.59,45.61,62340
2008-09-09,45.61,45.62,45.59,45.6,124598
2008-09-10,45.61,45.63,45.6,45.62,137899
2008-09-11,45.62,45.63,45.6,45.61,226759
2008-09-12,45.61,45.64,45.6,45.63,193878
2008-09-15,45.67,45.739,45.62,45.68,392574
2008-09-16,45.61,45.709,45.61,45.699,854297
2008-09-17,45.729,46.109,45.66,45.899,907692
2008-09-18,45.729,46.119,45.65,45.759,1842739
2008-09-19,45.47,48.632,45.47,45.61,1635541
2008-09-22,45.56,45.68,45.56,45.63,1528891
2008-09-23,45.63,45.779,45.62,45.779,478807
2008-09-24,45.759,45.759,45.63,45.64,179525
2008-09-25,45.64,45.749,45.64,45.69,265515
2008-09-26,45.759,45.859,45.65,45.769,373459
2008-09-29,45.779,47.19,45.43,45.969,782181
2008-09-30,46.207,46.207,45.69,45.799,283268
2008-10-01,45.939,45.939,45.62,45.729,534897
2008-10-02,45.719,45.729,45.66,45.709,389461
2008-10-03,45.64,45.729,45.63,45.709,405209
2008-10-06,46.079,46.079,45.53,45.699,651763
2008-10-07,45.709,45.709,45.6,45.69,295311
2008-10-08,45.699,45.699,45.59,45.65,446787
2008-10-09,45.65,45.719,45.61,45.719,357601
2008-10-10,45.729,45.779,45.47,45.759,706297
2008-10-13,45.729,45.749,45.55,45.58,411492
2008-10-14,45.53,45.67,45.5,45.66,392466
2008-10-15,45.63,45.699,45.58,45.67,412230
2008-10-16,45.709,45.709,45.59,45.64,404112
2008-10-17,45.67,45.67,45.54,45.55,317100
2008-10-20,45.55,45.67,45.55,45.66,291704
2008-10-21,45.66,45.67,45.59,45.66,197154
2008-10-22,45.65,45.699,45.58,45.6,363819
2008-10-23,45.6,45.66,45.6,45.66,305104
2008-10-24,45.6,45.749,45.6,45.61,338188
2008-10-27,45.68,45.68,45.62,45.68,301199
2008-10-28,45.699,45.759,45.63,45.67,375573
2008-10-29,45.65,45.699,45.62,45.62,290170
2008-10-30,45.61,45.68,45.61,45.68,222295
2008-10-31,45.68,45.699,45.63,45.63,352417
2008-11-03,45.64,45.64,45.57,45.57,318895
2008-11-04,45.56,45.63,45.56,45.59,194647
2008-11-05,45.6,45.66,45.59,45.61,268965
2008-11-06,45.59,45.699,45.59,45.68,237463
2008-11-07,45.68,45.68,45.64,45.68,168719
2008-11-10,45.63,45.67,45.63,45.67,122532
2008-11-11,45.64,45.68,45.63,45.67,177725
2008-11-12,45.67,45.69,45.64,45.68,219313
2008-11-13,45.68,45.699,45.65,45.68,266368
2008-11-14,45.699,45.699,45.65,45.68,265816
2008-11-17,45.67,45.699,45.65,45.699,343742
2008-11-18,45.699,45.699,45.62,45.65,524198
2008-11-19,45.69,45.69,45.64,45.64,163263
2008-11-20,45.699,45.699,45.57,45.67,454831
2008-11-21,45.67,45.68,45.63,45.66,470159
2008-11-24,45.699,45.829,45.66,45.67,509694
2008-11-25,45.68,45.69,45.65,45.67,137545
2008-11-26,45.68,45.699,45.64,45.699,237551
2008-11-28,45.699,45.699,45.56,45.56,79811
2008-12-01,45.68,45.69,45.61,45.66,291610
2008-12-02,45.67,45.699,45.63,45.699,230567
2008-12-03,45.68,45.68,45.63,45.63,185133
2008-12-04,45.63,45.66,45.61,45.61,213683
2008-12-05,45.68,45.68,45.6,45.61,296685
2008-12-08,45.63,45.66,45.6,45.62,382143
2008-12-09,45.66,45.66,45.59,45.6,485066
2008-12-10,45.6,45.65,45.6,45.63,566825
2008-12-11,45.62,45.67,45.58,45.58,317775
2008-12-12,45.6,45.65,45.6,45.6,344748
2008-12-15,45.61,45.63,45.59,45.59,241881
2008-12-16,45.59,45.64,45.59,45.62,354380
2008-12-17,45.59,45.63,45.59,45.59,319593
2008-12-18,45.62,45.64,45.48,45.55,1557128
2008-12-19,45.62,45.65,45.56,45.59,407221
2008-12-22,45.64,45.65,45.58,45.65,233515
2008-12-23,45.64,45.65,45.6,45.6,312953
2008-12-24,45.67,45.67,45.6,45.65,136891
2008-12-26,45.61,45.67,45.61,45.65,141730
2008-12-29,45.54,45.56,45.44,45.47,175185
2008-12-30,45.59,45.63,45.54,45.63,251785
2008-12-31,45.57,45.6,45.48,45.53,329071
2009-01-02,45.59,45.63,45.54,45.54,221451
2009-01-05,45.63,45.63,45.53,45.54,395870
2009-01-06,45.54,45.58,45.54,45.55,189470
2009-01-07,45.55,45.63,45.55,45.62,430509
2009-01-08,45.57,45.6,45.56,45.57,130532
2009-01-09,45.59,45.65,45.56,45.6,176791
2009-01-12,45.6,45.68,45.58,45.58,359396
2009-01-13,45.62,45.68,45.59,45.64,2893515
2009-01-14,45.66,45.66,45.62,45.65,9199405
2009-01-15,45.62,45.66,45.59,45.66,417956
2009-01-16,45.6,45.65,45.6,45.63,234293
2009-01-20,45.65,45.68,45.55,45.55,2329008
2009-01-21,45.58,45.63,45.56,45.63,268243
2009-01-22,45.58,45.64,45.58,45.64,235131
2009-01-23,45.59,45.64,45.57,45.63,190197
2009-01-26,45.64,45.64,45.58,45.62,198126
2009-01-27,45.63,45.63,45.57,45.6,211437
2009-01-28,45.62,45.62,45.57,45.58,135640
2009-01-29,45.59,45.61,45.56,45.58,455411
2009-01-30,45.58,45.62,45.58,45.62,285152
2009-02-02,45.61,45.65,45.57,45.64,1033616
2009-02-03,45.62,45.63,45.59,45.6,245087
2009-02-04,45.6,45.63,45.58,45.63,136111
2009-02-05,45.61,45.63,45.59,45.61,245279
2009-02-06,45.54,45.6,45.53,45.54,3327090
2009-02-09,45.59,45.61,45.55,45.59,330242
2009-02-10,45.57,45.62,45.57,45.59,398386
2009-02-11,45.6,45.6,45.58,45.58,297181
2009-02-12,45.6,45.61,45.58,45.58,323993
2009-02-13,45.58,45.62,45.57,45.62,2187528
2009-02-17,45.62,45.63,45.6,45.62,5991552
2009-02-18,45.58,45.63,45.58,45.63,1340588
2009-02-19,45.6,45.64,45.59,45.63,1290905
2009-02-20,45.6,45.63,45.6,45.63,457309
2009-02-23,45.62,45.63,45.6,45.62,688603
2009-02-24,45.62,45.62,45.56,45.59,6818951
2009-02-25,45.6,45.61,45.57,45.57,2645303
2009-02-26,45.61,45.61,45.58,45.58,404817
2009-02-27,45.6,45.63,45.59,45.61,287043
2009-03-02,45.62,45.64,45.6,45.63,654524
2009-03-03,45.64,45.64,45.57,45.62,799799
2009-03-04,45.63,45.63,45.58,45.62,283347
2009-03-05,45.61,45.63,45.59,45.63,494791
2009-03-06,45.6,45.63,45.6,45.62,559385
2009-03-09,45.64,45.64,45.6,45.62,520239
2009-03-10,45.63,45.63,45.59,45.62,275238
2009-03-11,45.6,45.62,45.57,45.62,566453
2009-03-12,45.58,45.62,45.58,45.6,322859
2009-03-13,45.6,45.61,45.58,45.59,602858
2009-03-16,45.58,45.6,45.57,45.58,520517
2009-03-17,45.58,45.61,45.58,45.61,285063
2009-03-18,45.6,45.65,45.58,45.62,846972
2009-03-19,45.6,45.62,45.58,45.59,794496
2009-03-20,45.62,45.62,45.6,45.61,399336
2009-03-23,45.62,45.62,45.59,45.62,332413
2009-03-24,45.6,45.62,45.6,45.61,268996
2009-03-25,45.61,45.63,45.61,45.63,332274
2009-03-26,45.6,45.63,45.6,45.62,934768
2009-03-27,45.62,45.63,45.61,45.63,385640
2009-03-30,45.63,45.63,45.61,45.62,349202
2009-03-31,45.61,45.62,45.6,45.6,323044
2009-04-01,45.6,45.63,45.59,45.6,439484
2009-04-02,45.59,45.61,45.57,45.57,2358314
2009-04-03,45.57,45.6,45.57,45.6,551751
2009-04-06,45.58,45.61,45.57,45.59,487399
2009-04-07,45.58,45.6,45.58,45.59,307664
2009-04-08,45.61,45.62,45.58,45.61,301940
2009-04-09,45.6,45.6,45.58,45.58,1091128
2009-04-13,45.58,45.61,45.58,45.61,489728
2009-04-14,45.59,45.6,45.58,45.59,252631
2009-04-15,45.6,45.61,45.58,45.59,319695
2009-04-16,45.6,45.62,45.58,45.62,353940
2009-04-17,45.62,45.62,45.57,45.57,941223
2009-04-20,45.59,45.6,45.57,45.59,232279
2009-04-21,45.59,45.6,45.58,45.58,238965
2009-04-22,45.6,45.61,45.59,45.61,191288
2009-04-23,45.62,45.63,45.6,45.63,366413
2009-04-24,45.61,45.63,45.6,45.63,198633
2009-04-27,45.59,45.63,45.59,45.62,303702
2009-04-28,45.6,45.63,45.6,45.63,604575
2009-04-29,45.62,45.63,45.61,45.62,288540
2009-04-30,45.62,45.63,45.6,45.62,369864
2009-05-01,45.6,45.63,45.59,45.63,125299
2009-05-04,45.6,45.62,45.57,45.57,304339
2009-05-05,45.59,45.6,45.57,45.58,400544
2009-05-06,45.57,45.61,45.57,45.57,195190
2009-05-07,45.57,45.6,45.57,45.57,269053
2009-05-08,45.58,45.59,45.57,45.57,377473
2009-05-11,45.57,45.62,45.57,45.57,442569
2009-05-12,45.57,45.62,45.57,45.61,306474
2009-05-13,45.58,45.61,45.58,45.58,201766
2009-05-14,45.58,45.6,45.58,45.59,468345
2009-05-15,45.61,45.61,45.58,45.59,215593
2009-05-18,45.58,45.62,45.58,45.62,688583
2009-05-19,45.59,45.61,45.58,45.61,245562
2009-05-20,45.59,45.6,45.57,45.57,975220
2009-05-21,45.58,45.61,45.58,45.6,591048
2009-05-22,45.61,45.61,45.58,45.61,465581
2009-05-26,45.61,45.62,45.59,45.62,228676
2009-05-27,45.59,45.63,45.59,45.62,352168
2009-05-28,45.62,45.63,45.6,45.61,171673
2009-05-29,45.61,45.62,45.61,45.62,212667
2009-06-01,45.62,45.62,45.58,45.58,700081
2009-06-02,45.59,45.61,45.58,45.58,1834346
2009-06-03,45.58,45.62,45.58,45.6,153822
2009-06-04,45.6,45.61,45.58,45.6,269495
2009-06-05,45.6,45.6,45.57,45.58,546830
2009-06-08,45.59,45.61,45.57,45.6,265847
2009-06-09,45.58,45.6,45.58,45.59,204383
2009-06-10,45.6,45.61,45.58,45.6,249725
2009-06-11,45.59,45.6,45.57,45.57,197176
2009-06-12,45.59,45.61,45.58,45.61,435092
2009-06-15,45.6,45.61,45.58,45.61,235001
2009-06-16,45.61,45.62,45.59,45.62,1431009
2009-06-17,45.62,45.62,45.6,45.62,308482
2009-06-18,45.62,45.62,45.6,45.61,663916
2009-06-19,45.6,45.62,45.59,45.62,467804
2009-06-22,45.62,45.62,45.6,45.62,432176
2009-06-23,45.62,45.62,45.61,45.62,487567
2009-06-24,45.62,45.62,45.61,45.62,348579
2009-06-25,45.61,45.63,45.61,45.62,649533
2009-06-26,45.61,45.62,45.6,45.62,256061
2009-06-29,45.62,45.62,45.61,45.62,274732
2009-06-30,45.62,45.62,45.61,45.61,381230
2009-07-01,45.61,45.62,45.61,45.61,189853
2009-07-02,45.62,45.62,45.61,45.62,201341
2009-07-06,45.61,45.62,45.61,45.61,227605
2009-07-07,45.62,45.62,45.61,45.61,293789
2009-07-08,45.62,45.62,45.61,45.62,342912
2009-07-09,45.62,45.62,45.61,45.61,227224
2009-07-10,45.61,45.62,45.61,45.61,494939
2009-07-13,45.61,45.62,45.6,45.62,866328
2009-07-14,45.62,45.62,45.61,45.62,288232
2009-07-15,45.62,45.62,45.6,45.6,299713
2009-07-16,45.6,45.62,45.6,45.62,412237
2009-07-17,45.6,45.62,45.6,45.62,246876
2009-07-20,45.6,45.61,45.6,45.6,542221
2009-07-21,45.6,45.61,45.59,45.6,1025447
2009-07-22,45.6,45.61,45.59,45.61,536471
2009-07-23,45.6,45.6,45.59,45.6,928417
2009-07-24,45.6,45.6,45.59,45.59,1640813
2009-07-27,45.59,45.6,45.59,45.59,318979
2009-07-28,45.6,45.6,45.59,45.59,489715
2009-07-29,45.6,45.61,45.59,45.6,269709
2009-07-30,45.59,45.62,45.59,45.61,442705
2009-07-31,45.6,45.61,45.58,45.58,207028
2009-08-03,45.59,45.6,45.58,45.59,881040
2009-08-04,45.6,45.6,45.58,45.6,482472
2009-08-05,45.59,45.6,45.58,45.59,379935
2009-08-06,45.59,45.6,45.59,45.59,171981
2009-08-07,45.59,45.6,45.59,45.59,296179
2009-08-10,45.6,45.6,45.58,45.59,270529
2009-08-11,45.6,45.6,45.59,45.59,178908
2009-08-12,45.59,45.61,45.59,45.61,379068
2009-08-13,45.6,45.61,45.59,45.59,299654
2009-08-14,45.59,45.61,45.58,45.61,260392
2009-08-17,45.6,45.61,45.59,45.59,232322
2009-08-18,45.61,45.61,45.59,45.61,147699
2009-08-19,45.59,45.61,45.59,45.59,134839
2009-08-20,45.61,45.61,45.59,45.6,287835
2009-08-21,45.59,45.6,45.59,45.59,354186
2009-08-24,45.59,45.6,45.59,45.59,406874
2009-08-25,45.59,45.6,45.59,45.59,801597
2009-08-26,45.59,45.6,45.59,45.6,181139
2009-08-27,45.59,45.61,45.59,45.6,238782
2009-08-28,45.6,45.62,45.59,45.61,168039
2009-08-31,45.61,45.61,45.6,45.61,309145
2009-09-01,45.61,45.61,45.58,45.58,881909
2009-09-02,45.61,45.62,45.58,45.62,673292
2009-09-03,45.6,45.62,45.6,45.62,351359
2009-09-04,45.6,45.62,45.6,45.62,158505
2009-09-08,45.6,45.62,45.6,45.62,319755
2009-09-09,45.61,45.62,45.59,45.59,239483
2009-09-10,45.61,45.61,45.59,45.6,298526
2009-09-11,45.59,45.6,45.59,45.59,425541
2009-09-14,45.61,45.61,45.59,45.59,180080
2009-09-15,45.59,45.6,45.59,45.59,336895
2009-09-16,45.59,45.6,45.59,45.59,337656
2009-09-17,45.6,45.61,45.59,45.59,395606
2009-09-18,45.59,45.6,45.59,45.59,971996
2009-09-21,45.59,45.62,45.59,45.62,204864
2009-09-22,45.61,45.61,45.59,45.59,376479
2009-09-23,45.6,45.61,45.59,45.61,260958
2009-09-24,45.61,45.61,45.59,45.59,198968
2009-09-25,45.6,45.61,45.59,45.61,161948
2009-09-28,45.6,45.62,45.59,45.62,398265
2009-09-29,45.6,45.62,45.6,45.62,192121
2009-09-30,45.6,45.63,45.6,45.62,286609
2009-10-01,45.6,45.61,45.59,45.59,1189503
2009-10-02,45.6,45.62,45.59,45.59,218752
2009-10-05,45.6,45.61,45.59,45.61,269018
2009-10-06,45.61,45.61,45.59,45.59,457944
2009-10-07,45.59,45.61,45.59,45.61,214219
2009-10-08,45.6,45.6,45.59,45.59,221153
2009-10-09,45.6,45.61,45.59,45.6,460340
2009-10-12,45.6,45.61,45.59,45.6,204827
2009-10-13,45.6,45.6,45.59,45.6,161381
2009-10-14,45.59,45.6,45.59,45.59,694787
2009-10-15,45.59,45.6,45.59,45.59,245673
2009-10-16,45.59,45.61,45.59,45.61,178903
2009-10-19,45.6,45.61,45.59,45.6,202161
2009-10-20,45.59,45.6,45.59,45.59,267211
2009-10-21,45.6,45.6,45.59,45.59,168320
2009-10-22,45.59,45.6,45.59,45.59,272065
2009-10-23,45.59,45.6,45.59,45.59,325303
2009-10-26,45.59,45.6,45.59,45.59,166811
2009-10-27,45.6,45.61,45.59,45.59,223962
2009-10-28,45.59,45.6,45.59,45.59,160038
2009-10-29,45.6,45.62,45.59,45.6,422889
2009-10-30,45.61,45.62,45.61,45.62,383999
2009-11-02,45.62,45.62,45.61,45.62,493523
2009-11-03,45.62,45.62,45.61,45.62,288458
2009-11-04,45.61,45.63,45.6,45.61,1283308
2009-11-05,45.62,45.62,45.61,45.61,319104
2009-11-06,45.61,45.62,45.61,45.62,158582
2009-11-09,45.61,45.62,45.61,45.62,324117
2009-11-10,45.62,45.62,45.59,45.59,327630
2009-11-11,45.6,45.6,45.59,45.59,394718
2009-11-12,45.61,45.61,45.59,45.59,191625
2009-11-13,45.59,45.61,45.59,45.59,356698
2009-11-16,45.61,45.61,45.59,45.59,401520
2009-11-17,45.6,45.6,45.59,45.59,205305
2009-11-18,45.6,45.61,45.59,45.59,222191
2009-11-19,45.6,45.6,45.59,45.59,175740
2009-11-20,45.59,45.6,45.58,45.59,412751
2009-11-23,45.59,45.6,45.59,45.59,127120
2009-11-24,45.59,45.6,45.59,45.59,396560
2009-11-25,45.59,45.6,45.59,45.59,119365
2009-11-27,45.6,45.6,45.59,45.6,28427
2009-11-30,45.59,45.62,45.59,45.6,546694
2009-12-01,45.61,45.61,45.59,45.6,250662
2009-12-02,45.61,45.61,45.59,45.59,202966
2009-12-03,45.59,45.61,45.59,45.59,161715
2009-12-04,45.59,45.61,45.59,45.61,151135
2009-12-07,45.59,45.61,45.59,45.59,198060
2009-12-08,45.6,45.6,45.59,45.59,327192
2009-12-09,45.59,45.61,45.59,45.61,365098
2009-12-10,45.61,45.61,45.59,45.59,111744
2009-12-11,45.61,45.61,45.59,45.59,265106
2009-12-14,45.59,45.6,45.58,45.58,529831
2009-12-15,45.59,45.59,45.58,45.58,291826
2009-12-16,45.59,45.61,45.59,45.59,146769
2009-12-17,45.6,45.61,45.59,45.59,397621
2009-12-18,45.59,45.6,45.59,45.59,185824
2009-12-21,45.6,45.6,45.59,45.59,192023
2009-12-22,45.6,45.61,45.59,45.59,182315
2009-12-23,45.59,45.6,45.59,45.59,361492
2009-12-24,45.59,45.6,45.59,45.6,138894
2009-12-28,45.6,45.61,45.59,45.59,206810
2009-12-29,45.59,45.61,45.59,45.59,130763
2009-12-30,45.6,45.61,45.59,45.6,199506
2009-12-31,45.6,45.61,45.59,45.61,148183
2010-01-04,45.59,45.6,45.58,45.59,387799
2010-01-05,45.59,45.6,45.58,45.58,212404
2010-01-06,45.58,45.59,45.58,45.58,905706
2010-01-07,45.58,45.59,45.58,45.58,531627
2010-01-08,45.59,45.59,45.58,45.58,234656
2010-01-11,45.58,45.59,45.58,45.58,263671
2010-01-12,45.59,45.59,45.58,45.58,286489
2010-01-13,45.59,45.6,45.58,45.6,268048
2010-01-14,45.59,45.6,45.59,45.59,107110
2010-01-15,45.59,45.6,45.59,45.59,168350
2010-01-19,45.6,45.6,45.59,45.59,123182
2010-01-20,45.6,45.6,45.59,45.59,153828
2010-01-21,45.59,45.6,45.59,45.59,379937
2010-01-22,45.6,45.6,45.59,45.59,208828
2010-01-25,45.6,45.6,45.57,45.6,265422
2010-01-26,45.6,45.6,45.58,45.6,273621
2010-01-27,45.58,45.61,45.58,45.61,818326
2010-01-28,45.59,45.61,45.59,45.6,236274
2010-01-29,45.6,45.61,45.59,45.61,383675
2010-02-01,45.59,45.61,45.59,45.6,732836
2010-02-02,45.6,45.61,45.59,45.59,343818
2010-02-03,45.61,45.62,45.6,45.61,1487157
2010-02-04,45.6,45.61,45.6,45.61,313211
2010-02-05,45.59,45.61,45.59,45.61,1378541
2010-02-08,45.6,45.61,45.6,45.61,432723
2010-02-09,45.61,45.61,45.6,45.61,633229
2010-02-10,45.6,45.61,45.59,45.61,470489
2010-02-11,45.61,45.61,45.6,45.61,221040
2010-02-12,45.61,45.61,45.6,45.61,290424
2010-02-16,45.61,45.61,45.6,45.61,313631
2010-02-17,45.61,45.61,45.58,45.58,681600
2010-02-18,45.59,45.6,45.59,45.6,208743
2010-02-19,45.6,45.6,45.58,45.58,578367
2010-02-22,45.6,45.6,45.59,45.6,342409
2010-02-23,45.6,45.6,45.58,45.58,174593
2010-02-24,45.59,45.6,45.58,45.6,291477
2010-02-25,45.59,45.6,45.59,45.6,135179
2010-02-26,45.59,45.6,45.58,45.6,209632
2010-03-01,45.6,45.6,45.58,45.58,533539
2010-03-02,45.6,45.6,45.58,45.59,166817
2010-03-03,45.6,45.6,45.58,45.58,560932
2010-03-04,45.59,45.59,45.58,45.58,276038
2010-03-05,45.58,45.59,45.58,45.58,574592
2010-03-08,45.59,45.59,45.58,45.58,403515
2010-03-09,45.58,45.59,45.57,45.58,1657757
2010-03-10,45.58,45.59,45.58,45.59,255765
2010-03-11,45.59,45.59,45.58,45.58,303793
2010-03-12,45.59,45.59,45.58,45.58,213387
2010-03-15,45.58,45.59,45.58,45.58,288621
2010-03-16,45.58,45.59,45.58,45.58,198358
2010-03-17,45.59,45.59,45.58,45.58,459044
2010-03-18,45.58,45.59,45.58,45.58,167708
2010-03-19,45.58,45.59,45.58,45.58,215410
2010-03-22,45.58,45.59,45.58,45.59,411834
2010-03-23,45.58,45.59,45.58,45.59,298574
2010-03-24,45.58,45.59,45.58,45.58,325370
2010-03-25,45.59,45.6,45.58,45.6,569773
2010-03-26,45.59,45.6,45.59,45.6,255709
2010-03-29,45.59,45.6,45.58,45.58,348437
2010-03-30,45.59,45.6,45.58,45.58,465208
2010-03-31,45.6,45.6,45.58,45.6,499023
2010-04-01,45.58,45.6,45.58,45.6,1047446
2010-04-05,45.59,45.6,45.58,45.58,933378
2010-04-06,45.59,45.59,45.58,45.58,555091
2010-04-07,45.6,45.6,45.58,45.58,1458378
2010-04-08,45.58,45.59,45.58,45.58,261903
2010-04-09,45.59,45.59,45.58,45.58,392428
2010-04-12,45.58,45.59,45.58,45.58,205727
2010-04-13,45.59,45.59,45.58,45.58,193713
2010-04-14,45.58,45.59,45.58,45.58,318734
2010-04-15,45.58,45.59,45.58,45.58,234776
2010-04-16,45.58,45.59,45.58,45.58,529468
2010-04-19,45.58,45.59,45.58,45.59,202313
2010-04-20,45.58,45.59,45.58,45.58,139031
2010-04-21,45.58,45.59,45.58,45.58,241526
2010-04-22,45.58,45.59,45.58,45.58,228124
2010-04-23,45.59,45.59,45.58,45.58,207112
2010-04-26,45.58,45.59,45.58,45.59,447067
2010-04-27,45.58,45.59,45.58,45.58,1165678
2010-04-28,45.58,45.59,45.58,45.59,432284
2010-04-29,45.58,45.59,45.58,45.59,153878
2010-04-30,45.58,45.59,45.58,45.58,385050
2010-05-03,45.59,45.59,45.58,45.59,458843
2010-05-04,45.58,45.59,45.58,45.58,196541
2010-05-05,45.59,45.59,45.58,45.59,577177
2010-05-06,45.58,45.6,45.58,45.6,427301
2010-05-07,45.59,45.6,45.58,45.6,710604
2010-05-10,45.59,45.6,45.59,45.6,441528
2010-05-11,45.59,45.6,45.59,45.6,354455
2010-05-12,45.6,45.6,45.59,45.6,421221
2010-05-13,45.6,45.6,45.59,45.59,2525958
2010-05-14,45.6,45.6,45.59,45.6,380185
2010-05-17,45.6,45.6,45.59,45.6,282119
2010-05-18,45.6,45.6,45.59,45.59,377521
2010-05-19,45.59,45.6,45.59,45.6,713613
2010-05-20,45.6,45.6,45.59,45.6,890284
2010-05-21,45.6,45.6,45.59,45.6,931504
2010-05-24,45.6,45.6,45.59,45.6,339062
2010-05-25,45.59,45.6,45.59,45.6,691725
2010-05-26,45.6,45.61,45.59,45.61,1331678
2010-05-27,45.6,45.6,45.59,45.59,1043267
2010-05-28,45.6,45.6,45.59,45.6,564662
2010-06-01,45.59,45.6,45.59,45.6,1107693
2010-06-02,45.59,45.61,45.59,45.61,1930514
2010-06-03,45.59,45.61,45.59,45.59,442228
2010-06-04,45.59,45.61,45.59,45.61,997315
2010-06-07,45.6,45.61,45.59,45.6,319378
2010-06-08,45.6,45.61,45.59,45.61,615734
2010-06-09,45.61,45.61,45.6,45.61,329686
2010-06-10,45.6,45.61,45.6,45.61,202607
2010-06-11,45.6,45.61,45.59,45.61,291110
2010-06-14,45.61,45.61,45.59,45.59,475909
2010-06-15,45.6,45.61,45.59,45.59,768465
2010-06-16,45.6,45.61,45.59,45.59,1737187
2010-06-17,45.6,45.6,45.59,45.59,639008
2010-06-18,45.59,45.6,45.59,45.6,457663
2010-06-21,45.59,45.6,45.59,45.59,1584184
2010-06-22,45.59,45.6,45.59,45.6,282563
2010-06-23,45.59,45.6,45.59,45.6,128283
2010-06-24,45.59,45.6,45.59,45.6,585244
2010-06-25,45.6,45.6,45.59,45.6,188581
2010-06-28,45.59,45.6,45.59,45.6,399807
2010-06-29,45.6,45.6,45.59,45.6,1165630
2010-06-30,45.59,45.61,45.59,45.61,2039276
2010-07-01,45.6,45.6,45.59,45.6,1151471
2010-07-02,45.59,45.6,45.59,45.6,279875
2010-07-06,45.6,45.6,45.59,45.59,1439921
2010-07-07,45.6,45.6,45.59,45.59,1756947
2010-07-08,45.59,45.6,45.59,45.6,2524501
2010-07-09,45.59,45.6,45.59,45.59,448475
2010-07-12,45.6,45.6,45.59,45.6,1970985
2010-07-13,45.6,45.6,45.59,45.6,329875
2010-07-14,45.59,45.6,45.59,45.6,320144
2010-07-15,45.59,45.6,45.59,45.6,245594
2010-07-16,45.59,45.6,45.59,45.6,176411
2010-07-19,45.6,45.6,45.59,45.59,1615811
2010-07-20,45.6,45.6,45.59,45.59,244070
2010-07-21,45.59,45.6,45.59,45.59,250127
2010-07-22,45.59,45.6,45.59,45.59,642856
2010-07-23,45.6,45.6,45.59,45.6,147953
2010-07-26,45.6,45.6,45.58,45.58,1772922
2010-07-27,45.59,45.59,45.58,45.58,1759565
2010-07-28,45.58,45.59,45.58,45.59,237602
2010-07-29,45.58,45.59,45.58,45.58,222679
2010-07-30,45.59,45.59,45.58,45.59,136592
2010-08-02,45.58,45.59,45.58,45.58,1598184
2010-08-03,45.58,45.59,45.58,45.58,2699507
2010-08-04,45.58,45.59,45.58,45.58,1965455
2010-08-05,45.58,45.6,45.58,45.58,1006896
2010-08-06,45.58,45.59,45.58,45.58,263603
2010-08-09,45.59,45.6,45.58,45.58,190164
2010-08-10,45.59,45.59,45.58,45.59,252374
2010-08-11,45.58,45.6,45.58,45.6,1670458
2010-08-12,45.59,45.6,45.59,45.6,1922344
2010-08-13,45.59,45.6,45.59,45.6,1167711
2010-08-16,45.6,45.6,45.59,45.59,120298
2010-08-17,45.6,45.6,45.59,45.6,390058
2010-08-18,45.59,45.6,45.59,45.59,205449
2010-08-19,45.6,45.6,45.59,45.59,563167
2010-08-20,45.6,45.6,45.59,45.6,170537
2010-08-23,45.59,45.6,45.59,45.59,238488
2010-08-24,45.59,45.6,45.59,45.59,789380
2010-08-25,45.6,45.6,45.59,45.6,1237211
2010-08-26,45.6,45.6,45.59,45.59,261578
2010-08-27,45.59,45.6,45.59,45.59,268022
2010-08-30,45.59,45.6,45.59,45.6,239766
2010-08-31,45.6,45.6,45.59,45.59,583648
2010-09-01,45.59,45.6,45.59,45.59,1206031
2010-09-02,45.59,45.6,45.59,45.6,266328
2010-09-03,45.59,45.6,45.59,45.6,1320295
2010-09-07,45.59,45.6,45.59,45.59,212108
2010-09-08,45.59,45.6,45.59,45.59,1403357
2010-09-09,45.59,45.6,45.59,45.59,201684
2010-09-10,45.6,45.6,45.59,45.59,823846
2010-09-13,45.59,45.6,45.59,45.59,733114
2010-09-14,45.59,45.6,45.59,45.6,93648
2010-09-15,45.59,45.6,45.59,45.6,241965
2010-09-16,45.59,45.6,45.59,45.6,429475
2010-09-17,45.59,45.6,45.59,45.59,363481
2010-09-20,45.59,45.6,45.59,45.59,747961
2010-09-21,45.6,45.6,45.59,45.59,1492701
2010-09-22,45.6,45.6,45.59,45.59,1048523
2010-09-23,45.59,45.6,45.59,45.59,422271
2010-09-24,45.6,45.6,45.59,45.6,218874
2010-09-27,45.59,45.6,45.59,45.6,569705
2010-09-28,45.59,45.6,45.59,45.59,227674
2010-09-29,45.59,45.6,45.59,45.59,324764
2010-09-30,45.59,45.6,45.59,45.59,430747
2010-10-01,45.59,45.6,45.59,45.59,452254
2010-10-04,45.59,45.6,45.59,45.6,399355
2010-10-05,45.59,45.6,45.59,45.59,845396
2010-10-06,45.59,45.6,45.59,45.59,1497646
2010-10-07,45.59,45.6,45.59,45.59,1055425
2010-10-08,45.59,45.6,45.59,45.59,232702
2010-10-11,45.59,45.6,45.59,45.59,129729
2010-10-12,45.59,45.6,45.59,45.59,856265
2010-10-13,45.59,45.6,45.59,45.59,798597
2010-10-14,45.59,45.6,45.59,45.6,342486
2010-10-15,45.59,45.6,45.59,45.59,179840
2010-10-18,45.59,45.6,45.59,45.6,377804
2010-10-19,45.6,45.6,45.59,45.59,133089
2010-10-20,45.6,45.6,45.59,45.59,1274112
2010-10-21,45.59,45.6,45.59,45.59,1258279
2010-10-22,45.6,45.6,45.59,45.6,235335
2010-10-25,45.59,45.6,45.59,45.59,272726
2010-10-26,45.59,45.6,45.59,45.6,179967
2010-10-27,45.59,45.6,45.59,45.6,231238
2010-10-28,45.6,45.6,45.59,45.59,174180
2010-10-29,45.59,45.6,45.59,45.6,118775
2010-11-01,45.6,45.6,45.59,45.59,486912
2010-11-02,45.59,45.6,45.58,45.58,455506
2010-11-03,45.59,45.6,45.59,45.59,461562
2010-11-04,45.59,45.6,45.59,45.59,1878807
2010-11-05,45.59,45.6,45.59,45.59,656912
2010-11-08,45.59,45.6,45.59,45.59,398935
2010-11-09,45.59,45.6,45.59,45.59,448914
2010-11-10,45.59,45.6,45.59,45.59,490004
2010-11-11,45.59,45.6,45.58,45.58,99764
2010-11-12,45.59,45.6,45.59,45.6,2942774
2010-11-15,45.6,45.6,45.59,45.6,404458
2010-11-16,45.59,45.6,45.59,45.6,208077
2010-11-17,45.59,45.6,45.59,45.6,111168
2010-11-18,45.59,45.6,45.59,45.59,194101
2010-11-19,45.59,45.6,45.59,45.59,300843
2010-11-22,45.59,45.6,45.59,45.59,455887
2010-11-23,45.6,45.6,45.59,45.59,136737
2010-11-24,45.59,45.6,45.59,45.6,174123
2010-11-26,45.59,45.6,45.59,45.6,444534
2010-11-29,45.59,45.6,45.59,45.6,503786
2010-11-30,45.59,45.6,45.59,45.6,163429
2010-12-01,45.59,45.6,45.59,45.59,151498
2010-12-02,45.59,45.6,45.59,45.59,378949
2010-12-03,45.59,45.6,45.59,45.6,648552
2010-12-06,45.59,45.6,45.59,45.59,284213
2010-12-07,45.59,45.6,45.59,45.59,354947
2010-12-08,45.59,45.6,45.59,45.59,165777
2010-12-09,45.59,45.6,45.59,45.6,372581
2010-12-10,45.59,45.6,45.59,45.6,341075
2010-12-13,45.59,45.6,45.59,45.6,263028
2010-12-14,45.59,45.6,45.59,45.6,781370
2010-12-15,45.6,45.6,45.59,45.59,411417
2010-12-16,45.59,45.6,45.59,45.59,1135619
2010-12-17,45.59,45.6,45.59,45.6,481776
2010-12-20,45.6,45.6,45.59,45.6,242497
2010-12-21,45.6,45.6,45.59,45.6,207792
2010-12-22,45.6,45.6,45.59,45.59,195516
2010-12-23,45.59,45.6,45.59,45.59,176907
2010-12-27,45.59,45.6,45.59,45.59,303835
2010-12-28,45.59,45.6,45.59,45.6,231659
2010-12-29,45.6,45.6,45.59,45.59,145076
2010-12-30,45.59,45.6,45.59,45.6,437770
2010-12-31,45.6,45.6,45.59,45.59,241140
2011-01-03,45.6,45.6,45.59,45.6,255137
2011-01-04,45.6,45.6,45.59,45.6,315196
2011-01-05,45.59,45.6,45.59,45.6,370742
2011-01-06,45.6,45.6,45.59,45.6,130596
2011-01-07,45.59,45.6,45.59,45.59,240565
2011-01-10,45.59,45.6,45.59,45.6,302778
2011-01-11,45.6,45.6,45.59,45.6,255979
2011-01-12,45.59,45.6,45.59,45.59,139548
2011-01-13,45.59,45.6,45.59,45.59,190202
2011-01-14,45.59,45.6,45.59,45.59,401140
2011-01-18,45.59,45.6,45.59,45.59,858042
2011-01-19,45.6,45.6,45.59,45.6,303412
2011-01-20,45.6,45.6,45.59,45.6,200432
2011-01-21,45.6,45.6,45.59,45.59,115513
2011-01-24,45.59,45.6,45.59,45.59,627758
2011-01-25,45.6,45.6,45.59,45.6,891169
2011-01-26,45.6,45.6,45.59,45.59,176596
2011-01-27,45.59,45.6,45.59,45.6,178917
2011-01-28,45.59,45.6,45.59,45.59,324520
2011-01-31,45.59,45.6,45.59,45.59,175478
2011-02-01,45.59,45.6,45.59,45.59,1584115
2011-02-02,45.6,45.6,45.59,45.59,570323
2011-02-03,45.6,45.6,45.59,45.59,183040
2011-02-04,45.59,45.6,45.59,45.6,212749
2011-02-07,45.6,45.6,45.59,45.59,264530
2011-02-08,45.6,45.6,45.59,45.59,312556
2011-02-09,45.6,45.6,45.59,45.6,297063
2011-02-10,45.59,45.6,45.59,45.59,298964
2011-02-11,45.6,45.6,45.59,45.59,262933
2011-02-14,45.6,45.6,45.59,45.59,149678
2011-02-15,45.6,45.6,45.59,45.6,388524
2011-02-16,45.6,45.6,45.59,45.6,275143
2011-02-18,45.59,45.6,45.59,45.59,174339
2011-02-22,45.6,45.6,45.59,45.59,289672
2011-02-23,45.6,45.6,45.59,45.6,992558
2011-02-24,45.6,45.6,45.59,45.6,254912
2011-02-25,45.59,45.6,45.59,45.6,183677
2011-02-28,45.6,45.6,45.59,45.59,293280
2011-03-01,45.6,45.6,45.59,45.59,278325
2011-03-02,45.6,45.6,45.59,45.6,257404
2011-03-03,45.59,45.6,45.59,45.59,281425
2011-03-04,45.59,45.6,45.59,45.6,266043
2011-03-07,45.59,45.6,45.59,45.59,192721
2011-03-08,45.6,45.6,45.59,45.59,2371028
2011-03-09,45.6,45.6,45.59,45.59,321355
2011-03-10,45.6,45.6,45.59,45.59,281911
2011-03-11,45.59,45.6,45.59,45.6,156298
2011-03-14,45.59,45.61,45.59,45.6,1869868
2011-03-15,45.61,45.61,45.59,45.61,1517141
2011-03-16,45.6,45.61,45.6,45.61,245984
2011-03-17,45.61,45.61,45.6,45.61,1197621
2011-03-18,45.6,45.61,45.6,45.61,448006
2011-03-21,45.6,45.61,45.6,45.61,205792
2011-03-22,45.59,45.6,45.59,45.59,235536
2011-03-23,45.59,45.6,45.59,45.6,315610
2011-03-24,45.59,45.6,45.59,45.59,1122236
2011-03-25,45.6,45.6,45.59,45.59,2558286
2011-03-28,45.59,45.6,45.59,45.6,1476208
2011-03-29,45.6,45.6,45.59,45.59,484578
2011-03-30,45.59,45.6,45.59,45.6,1186568
2011-03-31,45.6,45.6,45.59,45.59,290221
2011-04-01,45.6,45.6,45.59,45.59,299391
2011-04-04,45.59,45.61,45.59,45.59,291053
2011-04-05,45.6,45.6,45.59,45.59,331858
2011-04-06,45.59,45.6,45.59,45.59,235045
2011-04-07,45.59,45.6,45.59,45.6,260356
2011-04-08,45.6,45.6,45.59,45.59,2636449
2011-04-11,45.59,45.6,45.59,45.59,464311
2011-04-12,45.6,45.61,45.59,45.6,122805
2011-04-13,45.6,45.61,45.59,45.6,159252
2011-04-14,45.61,45.61,45.59,45.59,494299
2011-04-15,45.59,45.6,45.59,45.6,306930
2011-04-18,45.59,45.6,45.59,45.59,225832
2011-04-19,45.59,45.6,45.59,45.59,222523
2011-04-20,45.6,45.6,45.59,45.59,205484
2011-04-21,45.6,45.6,45.59,45.59,180643
2011-04-25,45.59,45.6,45.59,45.59,207456
2011-04-26,45.6,45.6,45.59,45.59,83318
2011-04-27,45.59,45.6,45.59,45.59,213119
2011-04-28,45.59,45.6,45.59,45.59,195132
2011-04-29,45.59,45.6,45.59,45.59,150341
2011-05-02,45.59,45.6,45.59,45.59,153331
2011-05-03,45.6,45.6,45.59,45.59,255643
2011-05-04,45.61,45.61,45.59,45.61,904602
2011-05-05,45.6,45.61,45.6,45.61,1582044
2011-05-06,45.6,45.61,45.6,45.61,288385
2011-05-09,45.6,45.61,45.6,45.61,1626155
2011-05-10,45.6,45.61,45.6,45.61,366429
2011-05-11,45.6,45.61,45.6,45.61,153089
2011-05-12,45.61,45.61,45.6,45.61,177640
2011-05-13,45.6,45.61,45.6,45.6,86305
2011-05-16,45.61,45.61,45.6,45.6,1821817
2011-05-17,45.61,45.61,45.6,45.6,1171988
2011-05-18,45.59,45.6,45.59,45.59,151872
2011-05-19,45.59,45.61,45.59,45.61,143324
2011-05-20,45.59,45.6,45.59,45.6,891805
2011-05-23,45.6,45.6,45.59,45.6,661158
2011-05-24,45.59,45.6,45.59,45.6,137269
2011-05-25,45.6,45.6,45.59,45.6,321326
2011-05-26,45.6,45.6,45.59,45.6,1648377
2011-05-27,45.59,45.6,45.59,45.6,324495
2011-05-31,45.59,45.6,45.59,45.59,268862
2011-06-01,45.59,45.6,45.59,45.59,949167
2011-06-02,45.59,45.6,45.59,45.59,138758
2011-06-03,45.59,45.6,45.59,45.59,126189
2011-06-06,45.6,45.6,45.59,45.59,1317930
2011-06-07,45.6,45.6,45.59,45.6,1774913
2011-06-08,45.59,45.6,45.59,45.6,130589
2011-06-09,45.6,45.6,45.59,45.59,756906
2011-06-10,45.59,45.6,45.59,45.6,159681
2011-06-13,45.6,45.6,45.59,45.59,190915
2011-06-14,45.59,45.6,45.59,45.6,1734630
2011-06-15,45.6,45.6,45.59,45.6,228532
2011-06-16,45.6,45.6,45.59,45.6,204927
2011-06-17,45.6,45.6,45.59,45.6,194539
2011-06-20,45.6,45.6,45.59,45.6,206966
2011-06-21,45.6,45.6,45.59,45.59,871635
2011-06-22,45.59,45.6,45.59,45.6,319119
2011-06-23,45.6,45.6,45.59,45.6,1053428
2011-06-24,45.6,45.6,45.59,45.59,719521
2011-06-27,45.6,45.6,45.59,45.59,255314
2011-06-28,45.6,45.6,45.59,45.59,582532
2011-06-29,45.59,45.6,45.59,45.6,2310946
2011-06-30,45.59,45.6,45.59,45.6,3479843
2011-07-01,45.6,45.6,45.59,45.59,998379
2011-07-05,45.6,45.6,45.59,45.59,1582366
2011-07-06,45.59,45.6,45.59,45.6,447141
2011-07-07,45.59,45.6,45.59,45.59,319414
2011-07-08,45.59,45.6,45.59,45.59,142104
2011-07-11,45.6,45.6,45.58,45.58,297351
2011-07-12,45.6,45.6,45.59,45.59,2313032
2011-07-13,45.59,45.6,45.59,45.6,2243704
2011-07-14,45.6,45.6,45.59,45.6,435690
2011-07-15,45.59,45.6,45.59,45.6,997725
2011-07-18,45.59,45.6,45.59,45.6,1615831
2011-07-19,45.6,45.6,45.59,45.6,1588992
2011-07-20,45.59,45.6,45.59,45.59,327122
2011-07-21,45.6,45.6,45.59,45.59,1589834
2011-07-22,45.6,45.6,45.59,45.6,326944
2011-07-25,45.6,45.6,45.59,45.6,145406
2011-07-26,45.59,45.6,45.59,45.6,172572
2011-07-27,45.6,45.6,45.59,45.6,1822385
2011-07-28,45.59,45.6,45.59,45.6,1614752
2011-07-29,45.59,45.6,45.59,45.6,2133990
2011-08-01,45.59,45.6,45.58,45.6,583746
2011-08-02,45.59,45.6,45.58,45.6,2036753
2011-08-03,45.6,45.6,45.59,45.6,1369985
2011-08-04,45.6,45.6,45.59,45.6,2685517
2011-08-05,45.6,45.6,45.59,45.6,882448
2011-08-08,45.59,45.6,45.59,45.6,1127509
2011-08-09,45.59,45.6,45.59,45.6,1324405
2011-08-10,45.59,45.6,45.58,45.6,752522
2011-08-11,45.59,45.6,45.58,45.6,451868
2011-08-12,45.6,45.6,45.59,45.6,1568563
2011-08-15,45.59,45.6,45.59,45.6,15665360
2011-08-16,45.6,45.6,45.59,45.6,740370
2011-08-17,45.6,45.6,45.59,45.6,666176
2011-08-18,45.6,45.6,45.58,45.58,1056839
2011-08-19,45.59,45.6,45.59,45.6,1894151
2011-08-22,45.59,45.6,45.58,45.58,498576
2011-08-23,45.59,45.6,45.59,45.6,1426526
2011-08-24,45.6,45.6,45.59,45.6,383652
2011-08-25,45.6,45.6,45.58,45.58,673357
2011-08-26,45.59,45.6,45.59,45.6,498727
2011-08-29,45.6,45.6,45.59,45.6,22717634
2011-08-30,45.59,45.6,45.59,45.6,1914772
2011-08-31,45.59,45.6,45.59,45.6,1053432
2011-09-01,45.59,45.6,45.58,45.6,2108118
2011-09-02,45.59,45.6,45.59,45.6,808416
2011-09-06,45.59,45.6,45.58,45.59,17332729
2011-09-07,45.59,45.59,45.58,45.58,740028
2011-09-08,45.58,45.59,45.58,45.58,1403943
2011-09-09,45.58,45.6,45.58,45.59,1470411
2011-09-12,45.58,45.59,45.58,45.59,578673
2011-09-13,45.59,45.59,45.58,45.58,1143503
2011-09-14,45.59,45.59,45.58,45.58,619452
2011-09-15,45.59,45.6,45.58,45.58,1858034
2011-09-16,45.59,45.59,45.58,45.58,555982
2011-09-19,45.59,45.59,45.58,45.59,950593
2011-09-20,45.58,45.59,45.58,45.59,750229
2011-09-21,45.59,45.59,45.58,45.59,631837
2011-09-22,45.58,45.59,45.58,45.58,2034760
2011-09-23,45.59,45.59,45.58,45.59,1215160
2011-09-26,45.59,45.59,45.58,45.59,1000423
2011-09-27,45.59,45.59,45.58,45.58,812846
2011-09-28,45.59,45.59,45.58,45.59,771664
2011-09-29,45.59,45.59,45.58,45.59,908425
2011-09-30,45.59,45.59,45.58,45.59,1229818
2011-10-03,45.59,45.59,45.58,45.59,26452568
2011-10-04,45.59,45.59,45.58,45.59,1389891
2011-10-05,45.59,45.59,45.58,45.59,1386394
2011-10-06,45.59,45.59,45.58,45.58,710761
2011-10-07,45.58,45.59,45.58,45.59,1509845
2011-10-10,45.58,45.59,45.57,45.58,3333593
2011-10-11,45.58,45.59,45.58,45.59,1131475
2011-10-12,45.59,45.59,45.58,45.58,770320
2011-10-13,45.58,45.59,45.58,45.59,993666
2011-10-14,45.59,45.59,45.58,45.58,923676
2011-10-17,45.58,45.59,45.58,45.58,24588656
2011-10-18,45.58,45.59,45.58,45.59,705232
2011-10-19,45.58,45.59,45.58,45.59,592181
2011-10-20,45.58,45.59,45.58,45.59,2265023
2011-10-21,45.58,45.59,45.58,45.58,1174161
2011-10-24,45.58,45.59,45.58,45.58,17659643
2011-10-25,45.58,45.59,45.58,45.59,970500
2011-10-26,45.58,45.59,45.58,45.59,481576
2011-10-27,45.58,45.59,45.58,45.58,2997514
2011-10-28,45.58,45.59,45.58,45.58,813353
2011-10-31,45.58,45.59,45.57,45.57,3838602
2011-11-01,45.59,45.59,45.58,45.59,1321140
2011-11-02,45.58,45.59,45.58,45.58,479828
2011-11-03,45.59,45.59,45.58,45.58,568255
2011-11-04,45.59,45.59,45.58,45.58,497582
2011-11-07,45.58,45.59,45.58,45.59,397364
2011-11-08,45.58,45.59,45.58,45.59,1080652
2011-11-09,45.59,45.59,45.58,45.58,343671
2011-11-10,45.59,45.59,45.58,45.59,728338
2011-11-11,45.58,45.6,45.58,45.58,692687
2011-11-14,45.59,45.59,45.58,45.59,1305310
2011-11-15,45.59,45.59,45.58,45.58,468458
2011-11-16,45.58,45.59,45.58,45.59,686456
2011-11-17,45.58,45.59,45.58,45.59,1697192
2011-11-18,45.59,45.59,45.58,45.59,552522
2011-11-21,45.59,45.59,45.58,45.59,4362870
2011-11-22,45.59,45.59,45.58,45.58,1270028
2011-11-23,45.59,45.59,45.57,45.59,1764275
2011-11-25,45.59,45.59,45.58,45.59,539625
2011-11-28,45.58,45.59,45.58,45.59,940425
2011-11-29,45.58,45.59,45.57,45.57,1081469
2011-11-30,45.58,45.58,45.57,45.58,3423116
2011-12-01,45.57,45.58,45.57,45.57,4298375
2011-12-02,45.58,45.58,45.57,45.58,711475
2011-12-05,45.58,45.58,45.57,45.58,4506664
2011-12-06,45.57,45.6,45.57,45.59,424677
2011-12-07,45.57,45.58,45.57,45.58,522838
2011-12-08,45.58,45.58,45.57,45.58,498854
2011-12-09,45.57,45.58,45.57,45.57,401856
2011-12-12,45.57,45.58,45.57,45.57,22314790
2011-12-13,45.57,45.58,45.57,45.57,802793
2011-12-14,45.57,45.58,45.57,45.58,2489334
2011-12-15,45.58,45.58,45.57,45.57,1076187
2011-12-16,45.58,45.58,45.57,45.58,531318
2011-12-19,45.58,45.58,45.57,45.58,700900
2011-12-20,45.58,45.58,45.57,45.58,473638
2011-12-21,45.58,45.58,45.57,45.58,602274
2011-12-22,45.58,45.58,45.57,45.58,285259
2011-12-23,45.58,45.58,45.5,45.58,1022336
2011-12-27,45.57,45.58,45.57,45.57,318807
2011-12-28,45.57,45.58,45.57,45.57,550259
2011-12-29,45.58,45.58,45.57,45.57,395987
2011-12-30,45.57,45.58,45.57,45.57,402922
2012-01-03,45.57,45.58,45.56,45.56,8541748
2012-01-04,45.57,45.57,45.56,45.56,891527
2012-01-05,45.56,45.57,45.56,45.56,984218
2012-01-06,45.56,45.57,45.56,45.56,959029
2012-01-09,45.57,45.57,45.56,45.57,986189
2012-01-10,45.56,45.57,45.56,45.57,708433
2012-01-11,45.57,45.57,45.56,45.56,808491
2012-01-12,45.56,45.57,45.56,45.56,692368
2012-01-13,45.56,45.57,45.56,45.56,1169766
2012-01-17,45.56,45.57,45.56,45.56,424082
2012-01-18,45.56,45.57,45.56,45.56,3076759
2012-01-19,45.56,45.57,45.56,45.56,1447129
2012-01-20,45.56,45.57,45.56,45.56,425143
2012-01-23,45.57,45.57,45.56,45.56,451188
2012-01-24,45.56,45.57,45.56,45.56,434719
2012-01-25,45.56,45.57,45.56,45.56,542594
2012-01-26,45.56,45.57,45.56,45.56,366423
2012-01-27,45.57,45.57,45.56,45.56,309391
2012-01-30,45.56,45.57,45.56,45.57,514940
2012-01-31,45.57,45.57,45.56,45.56,838316
2012-02-01,45.56,45.57,45.56,45.56,729313
2012-02-02,45.56,45.57,45.56,45.56,239278
2012-02-03,45.56,45.57,45.56,45.56,734477
2012-02-06,45.56,45.57,45.56,45.57,371889
2012-02-07,45.56,45.57,45.56,45.56,381086
2012-02-08,45.56,45.57,45.56,45.57,906062
2012-02-09,45.56,45.57,45.56,45.56,261698
2012-02-10,45.57,45.57,45.56,45.57,1048505
2012-02-13,45.56,45.57,45.56,45.56,1284416
2012-02-14,45.56,45.57,45.56,45.57,349879
2012-02-15,45.57,45.57,45.56,45.56,208402
2012-02-16,45.57,45.57,45.56,45.57,889438
2012-02-17,45.56,45.57,45.56,45.56,163636
2012-02-21,45.57,45.57,45.56,45.56,311207
2012-02-22,45.56,45.57,45.56,45.56,211828
2012-02-23,45.57,45.57,45.56,45.56,314287
2012-02-24,45.56,45.57,45.56,45.57,375155
2012-02-27,45.57,45.57,45.56,45.56,1922886
2012-02-28,45.57,45.57,45.56,45.56,265583
2012-02-29,45.56,45.57,45.56,45.57,912343
2012-03-01,45.56,45.56,45.55,45.56,439000
2012-03-02,45.56,45.56,45.55,45.56,375323
2012-03-05,45.55,45.56,45.55,45.56,500599
2012-03-06,45.56,45.56,45.55,45.56,361531
2012-03-07,45.57,45.57,45.56,45.57,179139
2012-03-08,45.56,45.57,45.56,45.57,1430691
2012-03-09,45.56,45.57,45.56,45.57,390795
2012-03-12,45.57,45.57,45.56,45.57,251120
2012-03-13,45.57,45.57,45.56,45.57,412975
2012-03-14,45.56,45.57,45.56,45.56,255481
2012-03-15,45.57,45.57,45.56,45.56,941368
2012-03-16,45.56,45.57,45.56,45.56,1008013
2012-03-19,45.57,45.57,45.56,45.57,211427
2012-03-20,45.56,45.57,45.56,45.57,235798
2012-03-21,45.56,45.57,45.56,45.57,132341
2012-03-22,45.57,45.57,45.56,45.57,213453
2012-03-23,45.56,45.57,45.56,45.57,207641
2012-03-26,45.57,45.57,45.56,45.57,2536980
2012-03-27,45.57,45.57,45.56,45.56,372165
2012-03-28,45.56,45.57,45.56,45.57,112224
2012-03-29,45.56,45.57,45.56,45.56,263543
2012-03-30,45.56,45.57,45.56,45.56,205645
2012-04-02,45.56,45.57,45.55,45.55,1565347
2012-04-03,45.56,45.56,45.55,45.56,1752069
2012-04-04,45.56,45.56,45.55,45.55,643316
2012-04-05,45.56,45.56,45.56,45.56,359094
2012-04-09,45.56,45.57,45.56,45.57,2166375
2012-04-10,45.56,45.57,45.56,45.57,1046305
2012-04-11,45.56,45.57,45.56,45.57,2040023
2012-04-12,45.57,45.57,45.56,45.56,2042387
2012-04-13,45.55,45.56,45.55,45.55,298709
2012-04-16,45.55,45.57,45.55,45.56,1241451
2012-04-17,45.56,45.57,45.56,45.56,350896
2012-04-18,45.56,45.57,45.56,45.56,155803
2012-04-19,45.56,45.57,45.56,45.57,77007
2012-04-20,45.56,45.57,45.56,45.56,117465
2012-04-23,45.56,45.57,45.56,45.57,2889032
2012-04-24,45.57,45.57,45.56,45.57,546054
2012-04-25,45.56,45.57,45.56,45.56,836319
2012-04-26,45.57,45.57,45.56,45.57,137599
2012-04-27,45.56,45.57,45.56,45.56,201429
2012-04-30,45.56,45.57,45.56,45.57,172751
2012-05-01,45.56,45.57,45.56,45.57,441444
2012-05-02,45.56,45.57,45.56,45.57,247961
2012-05-03,45.56,45.57,45.56,45.56,170528
2012-05-04,45.56,45.57,45.56,45.56,223939
2012-05-07,45.56,45.57,45.56,45.57,518397
2012-05-08,45.57,45.57,45.56,45.57,569105
2012-05-09,45.56,45.57,45.56,45.57,1852991
2012-05-10,45.56,45.57,45.56,45.57,919223
2012-05-11,45.57,45.57,45.56,45.57,257488
2012-05-14,45.56,45.57,45.56,45.57,444567
2012-05-15,45.56,45.57,45.56,45.57,1063314
2012-05-16,45.57,45.57,45.56,45.57,209025
2012-05-17,45.57,45.57,45.56,45.57,586610
2012-05-18,45.56,45.57,45.56,45.57,1157355
2012-05-21,45.56,45.57,45.56,45.57,2120000
2012-05-22,45.56,45.57,45.55,45.56,1305553
2012-05-23,45.55,45.56,45.55,45.56,257384
2012-05-24,45.55,45.57,45.55,45.57,3437175
2012-05-25,45.56,45.57,45.56,45.57,1468790
2012-05-29,45.57,45.57,45.56,45.57,303605
2012-05-30,45.57,45.57,45.56,45.57,871930
2012-05-31,45.57,45.57,45.56,45.57,588384
2012-06-01,45.57,45.57,45.56,45.57,584607
2012-06-04,45.57,45.57,45.56,45.57,1042309
2012-06-05,45.56,45.57,45.56,45.57,770876
2012-06-06,45.57,45.57,45.55,45.56,1422660
2012-06-07,45.57,45.57,45.55,45.56,887994
2012-06-08,45.56,45.57,45.56,45.56,319610
2012-06-11,45.56,45.57,45.56,45.56,240902
2012-06-12,45.57,45.57,45.56,45.57,494670
2012-06-13,45.56,45.57,45.56,45.57,119777
2012-06-14,45.56,45.57,45.56,45.57,340789
2012-06-15,45.56,45.57,45.56,45.56,215964
2012-06-18,45.57,45.57,45.56,45.57,266014
2012-06-19,45.57,45.57,45.55,45.55,1672955
2012-06-20,45.55,45.56,45.55,45.55,249594
2012-06-21,45.55,45.57,45.55,45.57,1846645
2012-06-22,45.56,45.57,45.56,45.56,134661
2012-06-25,45.56,45.57,45.56,45.57,1445070
2012-06-26,45.56,45.57,45.56,45.57,257261
2012-06-27,45.56,45.57,45.56,45.56,238394
2012-06-28,45.57,45.57,45.56,45.57,701628
2012-06-29,45.56,45.57,45.55,45.55,2234519
2012-07-02,45.55,45.56,45.55,45.55,1757691
2012-07-03,45.55,45.56,45.55,45.55,629599
2012-07-05,45.55,45.56,45.55,45.55,2613208
2012-07-06,45.56,45.56,45.55,45.55,271011
2012-07-09,45.56,45.56,45.55,45.55,839553
2012-07-10,45.55,45.56,45.55,45.55,908035
2012-07-11,45.55,45.56,45.55,45.55,251234
2012-07-12,45.55,45.56,45.55,45.55,524347
2012-07-13,45.55,45.56,45.55,45.56,321313
2012-07-16,45.55,45.56,45.55,45.55,197016
2012-07-17,45.55,45.56,45.55,45.56,93539
2012-07-18,45.56,45.56,45.55,45.55,218165
2012-07-19,45.56,45.56,45.55,45.56,322483
2012-07-20,45.55,45.56,45.55,45.55,244857
2012-07-23,45.56,45.56,45.55,45.55,290681
2012-07-24,45.55,45.56,45.55,45.56,453093
2012-07-25,45.56,45.57,45.55,45.57,3028644
2012-07-26,45.56,45.57,45.56,45.56,854545
2012-07-27,45.56,45.57,45.56,45.57,360850
2012-07-30,45.57,45.57,45.56,45.57,748454
2012-07-31,45.55,45.56,45.55,45.55,303473
2012-08-01,45.57,45.57,45.56,45.56,1407439
2012-08-02,45.56,45.57,45.56,45.56,212358
2012-08-03,45.56,45.57,45.56,45.56,248059
2012-08-06,45.56,45.57,45.56,45.57,419401
2012-08-07,45.56,45.57,45.55,45.56,1096812
2012-08-08,45.56,45.56,45.55,45.55,413593
2012-08-09,45.55,45.56,45.55,45.55,131515
2012-08-10,45.55,45.56,45.55,45.55,496383
2012-08-13,45.56,45.56,45.55,45.55,2027240
2012-08-14,45.55,45.56,45.55,45.55,360451
2012-08-15,45.55,45.56,45.55,45.55,171270
2012-08-16,45.55,45.56,45.55,45.55,1083061
2012-08-17,45.55,45.56,45.55,45.55,382240
2012-08-20,45.55,45.56,45.55,45.55,234055
2012-08-21,45.55,45.56,45.55,45.55,306823
2012-08-22,45.55,45.56,45.55,45.55,206839
2012-08-23,45.55,45.56,45.55,45.55,269903
2012-08-24,45.56,45.56,45.55,45.55,263801
2012-08-27,45.55,45.56,45.55,45.55,203704
2012-08-28,45.55,45.56,45.55,45.56,200115
2012-08-29,45.55,45.56,45.55,45.55,145509
2012-08-30,45.56,45.56,45.55,45.55,276157
2012-08-31,45.55,45.56,45.55,45.56,368983
2012-09-04,45.55,45.56,45.55,45.55,247083
2012-09-05,45.56,45.56,45.55,45.56,719637
2012-09-06,45.55,45.56,45.55,45.56,268552
2012-09-07,45.55,45.56,45.55,45.55,1168311
2012-09-10,45.55,45.56,45.55,45.55,866230
2012-09-11,45.56,45.56,45.55,45.55,100316
2012-09-12,45.55,45.56,45.55,45.55,387648
2012-09-13,45.55,45.56,45.55,45.55,1112333
2012-09-14,45.55,45.56,45.55,45.55,195253
2012-09-17,45.55,45.56,45.55,45.55,284918
2012-09-18,45.56,45.56,45.55,45.55,3780009
2012-09-19,45.55,45.56,45.55,45.55,358204
2012-09-20,45.55,45.56,45.55,45.55,461609
2012-09-21,45.55,45.56,45.55,45.56,2310540
2012-09-24,45.56,45.56,45.55,45.55,249266
2012-09-25,45.55,45.56,45.55,45.55,556433
2012-09-26,45.55,45.56,45.55,45.56,303502
2012-09-27,45.55,45.56,45.55,45.56,277556
2012-09-28,45.56,45.56,45.55,45.55,333112
2012-10-01,45.55,45.56,45.55,45.55,332079
2012-10-02,45.55,45.56,45.55,45.56,186933
2012-10-03,45.55,45.56,45.55,45.55,278482
2012-10-04,45.55,45.56,45.55,45.55,1485521
2012-10-05,45.56,45.56,45.55,45.55,1089417
2012-10-08,45.56,45.56,45.55,45.55,550653
2012-10-09,45.55,45.56,45.55,45.55,578106
2012-10-10,45.56,45.56,45.55,45.56,510001
2012-10-11,45.55,45.56,45.55,45.56,145325
2012-10-12,45.56,45.56,45.55,45.55,381437
2012-10-15,45.55,45.56,45.55,45.56,265095
2012-10-16,45.55,45.56,45.55,45.55,271045
2012-10-17,45.55,45.56,45.55,45.56,97846
2012-10-18,45.55,45.56,45.55,45.55,195060
2012-10-19,45.56,45.56,45.55,45.55,401234
2012-10-22,45.55,45.56,45.55,45.55,158017
2012-10-23,45.56,45.56,45.55,45.56,1942274
2012-10-24,45.55,45.56,45.55,45.56,368909
2012-10-25,45.55,45.56,45.55,45.56,449182
2012-10-26,45.56,45.56,45.55,45.55,91625
2012-10-31,45.55,45.56,45.55,45.56,795153
2012-11-01,45.56,45.56,45.55,45.56,133775
2012-11-02,45.56,45.56,45.55,45.56,761105
2012-11-05,45.55,45.56,45.55,45.55,1061962
2012-11-06,45.55,45.56,45.55,45.56,214161
2012-11-07,45.55,45.56,45.55,45.56,3991854
2012-11-08,45.56,45.56,45.55,45.56,910635
2012-11-09,45.55,45.56,45.55,45.56,2943117
2012-11-12,45.56,45.56,45.55,45.56,757534
2012-11-13,45.56,45.56,45.55,45.56,4897783
2012-11-14,45.55,45.56,45.55,45.56,629299
2012-11-15,45.55,45.56,45.55,45.56,612363
2012-11-16,45.56,45.56,45.55,45.56,298796
2012-11-19,45.55,45.56,45.55,45.56,268819
2012-11-20,45.55,45.56,45.55,45.56,130544
2012-11-21,45.55,45.56,45.55,45.55,140348
2012-11-23,45.55,45.56,45.55,45.55,106356
2012-11-26,45.55,45.56,45.55,45.56,1196115
2012-11-27,45.55,45.56,45.55,45.55,428682
2012-11-28,45.55,45.56,45.55,45.55,128627
2012-11-29,45.56,45.56,45.55,45.55,2366905
2012-11-30,45.56,45.56,45.55,45.55,1410617
2012-12-03,45.55,45.56,45.55,45.55,1395841
2012-12-04,45.56,45.56,45.55,45.55,436715
2012-12-05,45.55,45.56,45.55,45.55,285051
2012-12-06,45.55,45.56,45.55,45.55,275934
2012-12-07,45.56,45.56,45.55,45.55,757097
2012-12-10,45.55,45.56,45.55,45.55,716992
2012-12-11,45.55,45.56,45.55,45.55,621123
2012-12-12,45.55,45.56,45.55,45.55,542966
2012-12-13,45.55,45.56,45.55,45.55,305042
2012-12-14,45.56,45.56,45.55,45.55,328537
2012-12-17,45.56,45.56,45.55,45.55,1338104
2012-12-18,45.56,45.56,45.55,45.56,511255
2012-12-19,45.55,45.56,45.55,45.55,302768
2012-12-20,45.55,45.56,45.55,45.55,381268
2012-12-21,45.55,45.56,45.55,45.55,308510
2012-12-24,45.56,45.56,45.55,45.55,216121
2012-12-26,45.55,45.56,45.55,45.55,170896
2012-12-27,45.56,45.56,45.55,45.56,124829
2012-12-28,45.55,45.56,45.55,45.56,428891
2012-12-31,45.56,45.56,45.55,45.55,751634
2013-01-02,45.55,45.56,45.55,45.55,2570380
2013-01-03,45.56,45.56,45.55,45.55,592321
2013-01-04,45.55,45.56,45.55,45.56,387551
2013-01-07,45.54,45.55,45.54,45.54,361290
2013-01-08,45.54,45.55,45.54,45.54,214421
2013-01-09,45.54,45.55,45.54,45.54,397020
2013-01-10,45.54,45.55,45.54,45.54,163078
2013-01-11,45.55,45.55,45.54,45.54,118105
2013-01-14,45.55,45.55,45.54,45.54,103527
2013-01-15,45.54,45.55,45.54,45.54,145595
2013-01-16,45.54,45.55,45.54,45.54,839822
2013-01-17,45.54,45.55,45.54,45.55,1487484
2013-01-18,45.55,45.55,45.54,45.54,572759
2013-01-22,45.54,45.55,45.54,45.54,280534
2013-01-23,45.54,45.55,45.54,45.54,302172
2013-01-24,45.54,45.55,45.54,45.55,5144838
2013-01-25,45.54,45.55,45.54,45.54,379659
2013-01-28,45.55,45.55,45.54,45.54,574159
2013-01-29,45.54,45.55,45.54,45.54,171488
2013-01-30,45.54,45.55,45.54,45.54,323281
2013-01-31,45.55,45.55,45.54,45.55,338747
2013-02-01,45.54,45.55,45.54,45.54,345169
2013-02-04,45.54,45.55,45.54,45.54,226305
2013-02-05,45.54,45.55,45.54,45.55,332820
2013-02-06,45.55,45.55,45.54,45.55,568230
2013-02-07,45.54,45.55,45.54,45.55,102350
2013-02-08,45.55,45.55,45.54,45.55,1166037
2013-02-11,45.54,45.55,45.54,45.55,412252
2013-02-12,45.54,45.55,45.54,45.55,393382
2013-02-13,45.55,45.55,45.54,45.54,197691
2013-02-14,45.54,45.55,45.54,45.55,234289
2013-02-15,45.55,45.55,45.54,45.54,104368
2013-02-19,45.55,45.55,45.54,45.54,179359
2013-02-20,45.55,45.55,45.54,45.55,222093
2013-02-21,45.55,45.55,45.54,45.54,584926
2013-02-22,45.54,45.55,45.54,45.55,142344
2013-02-25,45.55,45.55,45.54,45.54,252197
2013-02-26,45.54,45.55,45.54,45.54,292152
2013-02-27,45.54,45.55,45.54,45.55,204261
2013-02-28,45.55,45.55,45.54,45.55,660701
2013-03-01,45.55,45.55,45.54,45.55,135741
2013-03-04,45.55,45.55,45.54,45.54,174342
2013-03-05,45.54,45.55,45.54,45.55,268862
2013-03-06,45.54,45.55,45.54,45.54,375655
2013-03-07,45.54,45.55,45.54,45.55,117083
2013-03-08,45.55,45.55,45.54,45.54,586051
2013-03-11,45.54,45.55,45.54,45.55,254764
2013-03-12,45.54,45.55,45.54,45.54,321701
2013-03-13,45.54,45.55,45.54,45.55,324340
2013-03-14,45.55,45.55,45.54,45.55,211350
2013-03-15,45.54,45.55,45.54,45.55,355540
2013-03-18,45.55,45.55,45.54,45.54,4503429
2013-03-19,45.54,45.55,45.54,45.54,188089
2013-03-20,45.54,45.55,45.54,45.54,283226
2013-03-21,45.54,45.55,45.54,45.54,123921
2013-03-22,45.54,45.55,45.54,45.55,168727
2013-03-25,45.54,45.55,45.54,45.54,680940
2013-03-26,45.55,45.55,45.54,45.55,239512
2013-03-27,45.54,45.55,45.54,45.54,528699
2013-03-28,45.54,45.55,45.54,45.55,196652
2013-04-01,45.55,45.55,45.54,45.54,366188
2013-04-02,45.55,45.55,45.54,45.55,281301
2013-04-03,45.55,45.55,45.54,45.54,288321
2013-04-04,45.54,45.55,45.54,45.54,184553
2013-04-05,45.54,45.55,45.54,45.55,366557
2013-04-08,45.55,45.55,45.54,45.55,229035
2013-04-09,45.55,45.55,45.54,45.55,165512
2013-04-10,45.55,45.55,45.54,45.55,149309
2013-04-11,45.55,45.55,45.54,45.54,566947
2013-04-12,45.55,45.55,45.54,45.55,184262
2013-04-15,45.54,45.55,45.54,45.54,293719
2013-04-16,45.55,45.55,45.54,45.55,181690
2013-04-17,45.54,45.55,45.54,45.55,147696
2013-04-18,45.54,45.55,45.54,45.54,496942
2013-04-19,45.55,45.55,45.54,45.55,181621
2013-04-22,45.54,45.55,45.54,45.55,115056
2013-04-23,45.54,45.55,45.54,45.55,715049
2013-04-24,45.55,45.55,45.54,45.55,321613
2013-04-25,45.54,45.55,45.54,45.54,210678
2013-04-26,45.54,45.55,45.54,45.54,163833
2013-04-29,45.55,45.55,45.54,45.54,236958
2013-04-30,45.55,45.55,45.54,45.54,370935
2013-05-01,45.54,45.55,45.54,45.54,1417473
2013-05-02,45.55,45.55,45.54,45.55,144372
2013-05-03,45.55,45.55,45.54,45.54,530128
2013-05-06,45.54,45.55,45.54,45.54,235933
2013-05-07,45.55,45.55,45.54,45.54,103047
2013-05-08,45.54,45.55,45.54,45.55,375560
2013-05-09,45.54,45.55,45.54,45.55,120200
2013-05-10,45.54,45.55,45.54,45.54,155156
2013-05-13,45.55,45.55,45.54,45.55,182391
2013-05-14,45.55,45.55,45.54,45.54,888496
2013-05-15,45.54,45.55,45.54,45.54,221485
2013-05-16,45.55,45.55,45.54,45.54,329089
2013-05-17,45.54,45.55,45.54,45.55,365215
2013-05-20,45.54,45.55,45.54,45.54,480825
2013-05-21,45.55,45.55,45.54,45.55,227417
2013-05-22,45.54,45.55,45.54,45.55,243307
2013-05-23,45.55,45.55,45.54,45.55,873565
2013-05-24,45.55,45.55,45.54,45.55,111031
2013-05-28,45.54,45.55,45.54,45.54,221776
2013-05-29,45.55,45.55,45.54,45.55,464068
2013-05-30,45.54,45.55,45.54,45.54,185921
2013-05-31,45.54,45.55,45.54,45.55,2073841
2013-06-03,45.54,45.55,45.54,45.55,911988
2013-06-04,45.54,45.55,45.54,45.55,295987
2013-06-05,45.54,45.55,45.54,45.55,247619
2013-06-06,45.55,45.55,45.53,45.54,5715975
2013-06-07,45.53,45.55,45.53,45.55,553138
2013-06-10,45.55,45.55,45.54,45.54,428023
2013-06-11,45.55,45.55,45.54,45.55,322486
2013-06-12,45.55,45.55,45.54,45.54,985650
2013-06-13,45.54,45.55,45.54,45.55,4290655
2013-06-14,45.54,45.55,45.54,45.54,704667
2013-06-17,45.54,45.55,45.54,45.54,211447
2013-06-18,45.54,45.55,45.54,45.54,341260
2013-06-19,45.55,45.55,45.54,45.54,233724
2013-06-20,45.55,45.55,45.54,45.54,3058107
2013-06-21,45.55,45.55,45.54,45.55,893195
2013-06-24,45.54,45.55,45.54,45.55,773349
2013-06-25,45.54,45.55,45.54,45.55,6453561
2013-06-26,45.54,45.55,45.54,45.55,952540
2013-06-27,45.55,45.55,45.54,45.54,372558
2013-06-28,45.55,45.55,45.53,45.54,2857663
2013-07-01,45.54,45.55,45.54,45.55,879387
2013-07-02,45.55,45.55,45.54,45.54,760888
2013-07-03,45.55,45.55,45.54,45.55,418550
2013-07-05,45.55,45.55,45.54,45.55,688439
2013-07-08,45.54,45.55,45.53,45.53,306256
2013-07-09,45.53,45.55,45.53,45.53,1270397
2013-07-10,45.53,45.54,45.53,45.53,481419
2013-07-11,45.53,45.54,45.53,45.53,1589048
2013-07-12,45.53,45.54,45.53,45.53,512001
2013-07-15,45.53,45.54,45.53,45.53,600739
2013-07-16,45.54,45.54,45.53,45.53,293709
2013-07-17,45.54,45.54,45.53,45.53,314930
2013-07-18,45.54,45.54,45.53,45.54,339254
2013-07-19,45.53,45.54,45.53,45.54,171991
2013-07-22,45.54,45.54,45.53,45.54,847845
2013-07-23,45.53,45.54,45.53,45.54,186838
2013-07-24,45.54,45.55,45.53,45.55,1502929
2013-07-25,45.54,45.55,45.53,45.53,300777
2013-07-26,45.55,45.55,45.53,45.54,761418
2013-07-29,45.53,45.54,45.53,45.54,323058
2013-07-30,45.53,45.54,45.53,45.53,346812
2013-07-31,45.54,45.54,45.53,45.54,480279
2013-08-01,45.53,45.54,45.53,45.53,417286
2013-08-02,45.53,45.54,45.53,45.54,550761
2013-08-05,45.54,45.54,45.53,45.54,301473
2013-08-06,45.54,45.54,45.53,45.54,179604
2013-08-07,45.54,45.54,45.53,45.53,195296
2013-08-08,45.53,45.54,45.53,45.53,225347
2013-08-09,45.53,45.54,45.53,45.53,347319
2013-08-12,45.54,45.54,45.53,45.54,238424
2013-08-13,45.54,45.54,45.53,45.54,121682
2013-08-14,45.53,45.54,45.53,45.54,264252
2013-08-15,45.54,45.54,45.53,45.54,1344618
2013-08-16,45.54,45.54,45.53,45.54,989521
2013-08-19,45.54,45.54,45.53,45.53,469902
2013-08-20,45.54,45.54,45.53,45.54,417697
2013-08-21,45.53,45.54,45.53,45.54,491401
2013-08-22,45.54,45.54,45.53,45.53,484491
2013-08-23,45.53,45.54,45.53,45.54,173052
2013-08-26,45.53,45.54,45.53,45.53,502447
2013-08-27,45.54,45.54,45.53,45.53,465117
2013-08-28,45.53,45.54,45.53,45.53,156832
2013-08-29,45.54,45.54,45.53,45.54,269403
2013-08-30,45.53,45.54,45.53,45.54,1007517
2013-09-03,45.53,45.54,45.53,45.54,746061
2013-09-04,45.53,45.54,45.53,45.54,415365
2013-09-05,45.53,45.54,45.53,45.54,1060023
2013-09-06,45.53,45.54,45.53,45.54,534034
2013-09-09,45.54,45.54,45.52,45.53,1816655
2013-09-10,45.54,45.54,45.53,45.53,555061
2013-09-11,45.54,45.54,45.53,45.53,839207
2013-09-12,45.54,45.54,45.53,45.53,195394
2013-09-13,45.54,45.54,45.53,45.54,714603
2013-09-16,45.53,45.54,45.53,45.53,372458
2013-09-17,45.53,45.54,45.53,45.53,317908
2013-09-18,45.53,45.54,45.53,45.54,594838
2013-09-19,45.53,45.54,45.53,45.54,414729
2013-09-20,45.54,45.54,45.53,45.53,1302538
2013-09-23,45.53,45.54,45.53,45.53,384739
2013-09-24,45.54,45.54,45.53,45.53,323035
2013-09-25,45.53,45.54,45.53,45.53,167239
2013-09-26,45.54,45.54,45.53,45.53,205311
2013-09-27,45.53,45.54,45.53,45.53,497463
2013-09-30,45.53,45.54,45.53,45.53,967416
2013-10-01,45.54,45.54,45.52,45.54,4708827
2013-10-02,45.54,45.54,45.53,45.54,372145
2013-10-03,45.54,45.54,45.53,45.54,2495283
2013-10-04,45.53,45.54,45.53,45.54,570805
2013-10-07,45.54,45.54,45.53,45.54,408266
2013-10-08,45.53,45.54,45.53,45.54,434194
2013-10-09,45.52,45.53,45.52,45.52,653958
2013-10-10,45.52,45.53,45.52,45.52,1889940
2013-10-11,45.53,45.53,45.51,45.51,12806201
2013-10-14,45.51,45.52,45.51,45.51,302682
2013-10-15,45.52,45.52,45.51,45.51,1131698
2013-10-16,45.51,45.53,45.51,45.52,1901758
2013-10-17,45.53,45.53,45.52,45.52,282333
2013-10-18,45.52,45.53,45.52,45.53,397131
2013-10-21,45.53,45.53,45.52,45.53,433566
2013-10-22,45.52,45.53,45.52,45.52,201525
2013-10-23,45.53,45.53,45.52,45.53,522913
2013-10-24,45.52,45.53,45.52,45.52,299750
2013-10-25,45.52,45.53,45.52,45.53,140088
2013-10-28,45.52,45.53,45.52,45.53,177838
2013-10-29,45.52,45.53,45.52,45.52,1757363
2013-10-30,45.53,45.53,45.52,45.52,803461
2013-10-31,45.53,45.53,45.52,45.52,289443
2013-11-01,45.53,45.53,45.52,45.52,1085612
2013-11-04,45.52,45.53,45.52,45.52,277745
2013-11-05,45.52,45.53,45.52,45.52,171221
2013-11-06,45.53,45.53,45.52,45.53,1011345
2013-11-07,45.52,45.53,45.52,45.52,314480
2013-11-08,45.53,45.53,45.52,45.52,595336
2013-11-11,45.52,45.53,45.52,45.53,252397
2013-11-12,45.53,45.53,45.52,45.53,260648
2013-11-13,45.52,45.53,45.52,45.53,236304
2013-11-14,45.53,45.53,45.52,45.52,315166
2013-11-15,45.53,45.53,45.52,45.52,184914
2013-11-18,45.52,45.53,45.52,45.52,362490
2013-11-19,45.52,45.53,45.52,45.52,188592
2013-11-20,45.53,45.53,45.52,45.52,217881
2013-11-21,45.53,45.53,45.52,45.53,578824
2013-11-22,45.52,45.53,45.52,45.52,774385
2013-11-25,45.53,45.53,45.52,45.52,1268908
2013-11-26,45.52,45.53,45.52,45.52,125763
2013-11-27,45.53,45.53,45.52,45.53,293493
2013-11-29,45.53,45.53,45.51,45.51,936858
2013-12-02,45.52,45.53,45.52,45.52,377707
2013-12-03,45.52,45.53,45.52,45.53,629305
2013-12-04,45.53,45.53,45.52,45.53,662392
2013-12-05,45.53,45.53,45.52,45.53,281165
2013-12-06,45.53,45.53,45.52,45.53,379556
2013-12-09,45.52,45.53,45.52,45.53,451168
2013-12-10,45.52,45.53,45.52,45.52,133595
2013-12-11,45.52,45.53,45.52,45.53,191112
2013-12-12,45.53,45.53,45.52,45.53,2262127
2013-12-13,45.53,45.53,45.52,45.52,152556
2013-12-16,45.53,45.53,45.52,45.52,829901
2013-12-17,45.52,45.53,45.52,45.52,226042
2013-12-18,45.52,45.53,45.52,45.53,230067
2013-12-19,45.52,45.53,45.52,45.53,2728982
2013-12-20,45.53,45.53,45.51,45.52,1439776
2013-12-23,45.52,45.53,45.52,45.52,572616
2013-12-24,45.51,45.52,45.51,45.52,223919
2013-12-26,45.53,45.53,45.52,45.52,163565
2013-12-27,45.53,45.53,45.52,45.53,302919
2013-12-30,45.53,45.53,45.52,45.53,168210
2013-12-31,45.51,45.53,45.51,45.51,420955
2014-01-02,45.51,45.52,45.51,45.51,534798
2014-01-03,45.52,45.52,45.51,45.52,172682
2014-01-06,45.51,45.52,45.51,45.51,334333
2014-01-07,45.51,45.52,45.51,45.52,431834
2014-01-08,45.52,45.52,45.51,45.52,242519
2014-01-09,45.51,45.52,45.51,45.51,282968
2014-01-10,45.52,45.52,45.51,45.52,201244
2014-01-13,45.52,45.52,45.51,45.52,349038
2014-01-14,45.51,45.52,45.51,45.52,379115
2014-01-15,45.51,45.52,45.51,45.52,244367
2014-01-16,45.52,45.52,45.51,45.52,354508
2014-01-17,45.52,45.52,45.51,45.51,1207652
2014-01-21,45.51,45.52,45.51,45.52,435195
2014-01-22,45.51,45.52,45.51,45.52,310583
2014-01-23,45.51,45.52,45.51,45.52,351187
2014-01-24,45.51,45.52,45.51,45.51,284972
2014-01-27,45.51,45.52,45.51,45.51,669240
2014-01-28,45.52,45.52,45.51,45.51,965810
2014-01-29,45.51,45.52,45.51,45.52,294415
2014-01-30,45.52,45.52,45.51,45.52,342054
2014-01-31,45.52,45.52,45.51,45.51,676284
2014-02-03,45.52,45.52,45.51,45.51,2374406
2014-02-04,45.52,45.52,45.51,45.52,2659742
2014-02-05,45.52,45.52,45.51,45.51,317062
2014-02-06,45.51,45.52,45.51,45.51,509190
2014-02-07,45.51,45.52,45.51,45.52,873589
2014-02-10,45.51,45.52,45.5,45.51,2753884
2014-02-11,45.5,45.52,45.5,45.51,1840906
2014-02-12,45.51,45.52,45.51,45.52,297773
2014-02-13,45.51,45.52,45.51,45.52,948666
2014-02-14,45.51,45.52,45.51,45.52,280853
2014-02-18,45.52,45.52,45.51,45.51,610551
2014-02-19,45.52,45.52,45.51,45.52,281766
2014-02-20,45.51,45.52,45.51,45.52,484293
2014-02-21,45.51,45.52,45.51,45.51,599510
2014-02-24,45.51,45.52,45.51,45.52,1234383
2014-02-25,45.52,45.52,45.51,45.52,358034
2014-02-26,45.51,45.52,45.51,45.52,176426
2014-02-27,45.51,45.52,45.51,45.51,191715
2014-02-28,45.51,45.52,45.51,45.52,336655
2014-03-03,45.51,45.52,45.51,45.52,1726743
2014-03-04,45.51,45.52,45.51,45.51,985839
2014-03-05,45.51,45.52,45.51,45.52,329057
2014-03-06,45.51,45.52,45.51,45.52,320968
2014-03-07,45.51,45.52,45.51,45.51,182162
2014-03-10,45.51,45.52,45.51,45.51,590273
2014-03-11,45.51,45.52,45.51,45.51,84999
2014-03-12,45.51,45.52,45.51,45.51,231447
2014-03-13,45.51,45.52,45.51,45.51,150309
2014-03-14,45.51,45.52,45.51,45.51,2365521
2014-03-17,45.51,45.52,45.51,45.51,1015249
2014-03-18,45.51,45.52,45.51,45.51,214028
2014-03-19,45.51,45.52,45.51,45.52,197022
2014-03-20,45.52,45.52,45.51,45.51,144087
2014-03-21,45.52,45.52,45.51,45.52,278011
2014-03-24,45.51,45.52,45.51,45.52,511566
2014-03-25,45.52,45.52,45.51,45.52,148039
2014-03-26,45.51,45.52,45.51,45.51,1758577
2014-03-27,45.51,45.52,45.51,45.51,132944
2014-03-28,45.51,45.52,45.51,45.51,393263
2014-03-31,45.52,45.52,45.51,45.51,856680
2014-04-01,45.51,45.52,45.51,45.51,2573303
2014-04-02,45.51,45.52,45.51,45.51,915630
2014-04-03,45.51,45.52,45.51,45.52,264970
2014-04-04,45.51,45.52,45.51,45.51,162376
2014-04-07,45.51,45.52,45.51,45.51,2607400
2014-04-08,45.52,45.52,45.51,45.51,808662
2014-04-09,45.51,45.52,45.51,45.51,200368
2014-04-10,45.51,45.52,45.51,45.51,132741
2014-04-11,45.51,45.52,45.51,45.51,335107
2014-04-14,45.51,45.52,45.51,45.51,602649
2014-04-15,45.51,45.52,45.51,45.51,456239
2014-04-16,45.51,45.52,45.51,45.51,177738
2014-04-17,45.51,45.52,45.51,45.52,275261
2014-04-21,45.5,45.51,45.5,45.51,255542
2014-04-22,45.5,45.51,45.5,45.5,186128
2014-04-23,45.51,45.51,45.5,45.51,379137
2014-04-24,45.5,45.51,45.5,45.51,527493
2014-04-25,45.5,45.51,45.5,45.51,223073
2014-04-28,45.51,45.52,45.51,45.51,163132
2014-04-29,45.52,45.52,45.51,45.51,203301
2014-04-30,45.51,45.52,45.51,45.51,463813
2014-05-01,45.51,45.51,45.5,45.5,307624
2014-05-02,45.5,45.51,45.5,45.51,144533
2014-05-05,45.5,45.51,45.5,45.51,331074
2014-05-06,45.51,45.51,45.5,45.5,150467
2014-05-07,45.5,45.51,45.5,45.5,152674
2014-05-08,45.51,45.51,45.5,45.5,252065
2014-05-09,45.5,45.51,45.5,45.51,144162
2014-05-12,45.5,45.51,45.5,45.5,1802708
2014-05-13,45.5,45.51,45.5,45.51,348846
2014-05-14,45.5,45.51,45.5,45.51,438244
2014-05-15,45.5,45.51,45.5,45.51,388176
2014-05-16,45.5,45.51,45.5,45.51,125797
2014-05-19,45.5,45.51,45.5,45.51,534514
2014-05-20,45.5,45.51,45.5,45.51,190802
2014-05-21,45.51,45.51,45.5,45.5,131649
2014-05-22,45.5,45.51,45.5,45.5,263402
2014-05-23,45.51,45.51,45.5,45.51,204143
2014-05-27,45.5,45.51,45.5,45.5,174951
2014-05-28,45.51,45.51,45.5,45.51,179579
2014-05-29,45.51,45.51,45.5,45.5,181374
2014-05-30,45.5,45.51,45.5,45.51,428399
2014-06-02,45.5,45.51,45.5,45.5,132727
2014-06-03,45.5,45.51,45.5,45.5,273443
2014-06-04,45.5,45.51,45.5,45.5,317797
2014-06-05,45.51,45.51,45.5,45.5,297646
2014-06-06,45.51,45.51,45.5,45.5,287512
2014-06-09,45.5,45.51,45.5,45.51,162172
2014-06-10,45.5,45.51,45.5,45.51,309296
2014-06-11,45.51,45.51,45.5,45.5,128882
2014-06-12,45.5,45.51,45.5,45.51,193810
2014-06-13,45.49,45.5,45.49,45.5,769679
2014-06-16,45.49,45.51,45.49,45.51,1208935
2014-06-17,45.5,45.51,45.5,45.5,218202
2014-06-18,45.5,45.51,45.5,45.51,414274
2014-06-19,45.5,45.51,45.5,45.51,152246
2014-06-20,45.51,45.51,45.5,45.51,235032
2014-06-23,45.5,45.51,45.5,45.51,288418
2014-06-24,45.51,45.51,45.5,45.51,174809
2014-06-25,45.5,45.51,45.5,45.5,114249
2014-06-26,45.51,45.51,45.5,45.5,242577
2014-06-27,45.51,45.51,45.5,45.51,423498
2014-06-30,45.5,45.51,45.5,45.5,179628
2014-07-01,45.5,45.51,45.5,45.51,292919
2014-07-02,45.5,45.51,45.5,45.51,437985
2014-07-03,45.5,45.51,45.5,45.5,149061
2014-07-07,45.5,45.51,45.5,45.51,718489
2014-07-08,45.51,45.51,45.5,45.51,464476
2014-07-09,45.51,45.51,45.5,45.5,169274
2014-07-10,45.5,45.51,45.5,45.5,893887
2014-07-11,45.5,45.51,45.49,45.5,127389
2014-07-14,45.5,45.5,45.49,45.5,276492
2014-07-15,45.5,45.5,45.49,45.5,245663
2014-07-16,45.49,45.5,45.49,45.5,179538
2014-07-17,45.49,45.5,45.49,45.5,139686
2014-07-18,45.5,45.5,45.49,45.49,199483
2014-07-21,45.49,45.5,45.49,45.5,382802
2014-07-22,45.5,45.5,45.49,45.49,699003
2014-07-23,45.49,45.5,45.49,45.5,336698
2014-07-24,45.5,45.5,45.49,45.5,887126
2014-07-25,45.49,45.5,45.49,45.5,147174
2014-07-28,45.49,45.5,45.49,45.5,147128
2014-07-29,45.5,45.5,45.49,45.5,249176
2014-07-30,45.5,45.5,45.49,45.5,97580
2014-07-31,45.5,45.5,45.49,45.49,372200
2014-08-01,45.5,45.5,45.49,45.5,1628543
2014-08-04,45.49,45.5,45.49,45.5,775921
2014-08-05,45.5,45.5,45.49,45.49,352729
2014-08-06,45.49,45.5,45.49,45.49,218356
2014-08-07,45.49,45.5,45.49,45.5,232439
2014-08-08,45.5,45.5,45.49,45.49,707206
2014-08-11,45.5,45.5,45.49,45.49,956841
2014-08-12,45.49,45.5,45.49,45.49,209105
2014-08-13,45.49,45.5,45.49,45.5,472109
2014-08-14,45.5,45.5,45.49,45.49,932719
2014-08-15,45.5,45.5,45.49,45.5,448521
2014-08-18,45.49,45.5,45.49,45.49,1059689
2014-08-19,45.49,45.5,45.49,45.5,1010850
2014-08-20,45.49,45.5,45.49,45.49,128029
2014-08-21,45.49,45.5,45.49,45.5,431862
2014-08-22,45.5,45.5,45.49,45.5,169097
2014-08-25,45.49,45.5,45.49,45.5,1181260
2014-08-26,45.49,45.5,45.49,45.5,201854
2014-08-27,45.49,45.5,45.49,45.49,700094
2014-08-28,45.49,45.5,45.49,45.5,291810
2014-08-29,45.49,45.5,45.49,45.5,134678
2014-09-02,45.49,45.5,45.49,45.49,1203592
2014-09-03,45.49,45.5,45.49,45.5,79352
2014-09-04,45.49,45.5,45.49,45.49,211723
2014-09-05,45.5,45.5,45.49,45.5,211619
2014-09-08,45.5,45.5,45.49,45.49,234736
2014-09-09,45.49,45.5,45.49,45.49,129937
2014-09-10,45.49,45.5,45.49,45.49,157562
2014-09-11,45.49,45.5,45.49,45.49,141645
2014-09-12,45.49,45.5,45.49,45.49,329350
2014-09-15,45.49,45.5,45.49,45.49,288101
2014-09-16,45.5,45.5,45.49,45.49,232126
2014-09-17,45.5,45.5,45.49,45.49,722749
2014-09-18,45.49,45.5,45.49,45.5,185210
2014-09-19,45.49,45.5,45.49,45.5,293812
2014-09-22,45.49,45.5,45.49,45.5,2039122
2014-09-23,45.49,45.5,45.49,45.5,225452
2014-09-24,45.5,45.5,45.49,45.5,131057
2014-09-25,45.49,45.5,45.49,45.5,220665
2014-09-26,45.49,45.5,45.49,45.5,110088
2014-09-29,45.5,45.5,45.49,45.49,280815
2014-09-30,45.49,45.5,45.49,45.5,505155
2014-10-01,45.5,45.5,45.49,45.5,1334441
2014-10-02,45.49,45.5,45.49,45.5,542900
2014-10-03,45.5,45.5,45.48,45.48,1307647
2014-10-06,45.49,45.49,45.48,45.48,476857
2014-10-07,45.49,45.49,45.48,45.49,269795
2014-10-08,45.49,45.49,45.48,45.49,296811
2014-10-09,45.48,45.49,45.48,45.49,1967696
2014-10-10,45.49,45.49,45.48,45.49,1168787
2014-10-13,45.49,45.49,45.48,45.49,1452750
2014-10-14,45.48,45.49,45.48,45.48,853130
2014-10-15,45.48,45.49,45.48,45.48,743380
2014-10-16,45.49,45.49,45.48,45.49,1209036
2014-10-17,45.49,45.49,45.48,45.49,1374452
2014-10-20,45.49,45.5,45.48,45.49,9165238
2014-10-21,45.49,45.49,45.48,45.48,4176899
2014-10-22,45.48,45.49,45.48,45.49,2536656
2014-10-23,45.48,45.49,45.48,45.48,438706
2014-10-24,45.48,45.49,45.48,45.48,396604
2014-10-27,45.48,45.49,45.48,45.48,3340697
2014-10-28,45.48,45.49,45.48,45.48,5100980
2014-10-29,45.48,45.49,45.48,45.49,1460185
2014-10-30,45.48,45.49,45.48,45.48,573108
2014-10-31,45.48,45.49,45.48,45.49,2279320
2014-11-03,45.49,45.49,45.48,45.48,19110785
2014-11-04,45.48,45.49,45.48,45.49,648342
2014-11-05,45.48,45.49,45.48,45.48,1333759
2014-11-06,45.49,45.49,45.48,45.49,819087
2014-11-07,45.49,45.49,45.48,45.48,229325
2014-11-10,45.49,45.49,45.48,45.49,373231
2014-11-11,45.48,45.49,45.48,45.49,258255
2014-11-12,45.49,45.49,45.48,45.49,1297331
2014-11-13,45.49,45.49,45.48,45.48,493303
2014-11-14,45.48,45.49,45.48,45.48,466417
2014-11-17,45.49,45.49,45.48,45.49,254442
2014-11-18,45.48,45.49,45.48,45.48,1598418
2014-11-19,45.49,45.49,45.48,45.48,548577
2014-11-20,45.49,45.49,45.48,45.48,555127
2014-11-21,45.48,45.49,45.48,45.48,588757
2014-11-24,45.48,45.49,45.48,45.49,1793263
2014-11-25,45.48,45.49,45.48,45.49,420342
2014-11-26,45.48,45.49,45.48,45.48,1804419
2014-11-28,45.48,45.49,45.48,45.49,770815
2014-12-01,45.48,45.49,45.48,45.48,854042
2014-12-02,45.49,45.49,45.48,45.48,360310
2014-12-03,45.48,45.49,45.48,45.48,1379571
2014-12-04,45.48,45.48,45.47,45.48,600706
2014-12-05,45.48,45.49,45.47,45.49,1087545
2014-12-08,45.49,45.49,45.48,45.49,1028795
2014-12-09,45.48,45.49,45.48,45.48,1351933
2014-12-10,45.48,45.49,45.48,45.48,2499761
2014-12-11,45.48,45.49,45.48,45.48,823497
2014-12-12,45.48,45.49,45.47,45.49,3435652
2014-12-15,45.49,45.49,45.47,45.47,3793958
2014-12-16,45.48,45.48,45.47,45.47,3585276
2014-12-17,45.49,45.49,45.47,45.47,4264099
2014-12-18,45.47,45.48,45.47,45.48,6833250
2014-12-19,45.47,45.48,45.47,45.47,1392439
2014-12-22,45.48,45.48,45.47,45.47,11485589
2014-12-23,45.48,45.48,45.47,45.47,3114456
2014-12-24,45.48,45.48,45.47,45.48,1546834
2014-12-26,45.47,45.48,45.47,45.47,296700
2014-12-29,45.47,45.48,45.47,45.47,2763696
2014-12-30,45.47,45.48,45.47,45.47,2852046
2014-12-31,45.48,45.48,45.47,45.48,700191
2015-01-02,45.47,45.48,45.47,45.47,685856
2015-01-05,45.48,45.48,45.47,45.48,5065395
2015-01-06,45.47,45.48,45.47,45.47,1088677
2015-01-07,45.47,45.48,45.47,45.47,309377
2015-01-08,45.47,45.48,45.47,45.47,475563
2015-01-09,45.47,45.48,45.47,45.47,220596
2015-01-12,45.47,45.48,45.47,45.47,444569
2015-01-13,45.48,45.48,45.47,45.47,1040487
2015-01-14,45.47,45.48,45.47,45.47,115608
2015-01-15,45.47,45.48,45.47,45.47,543425
2015-01-16,45.48,45.48,45.47,45.47,1486319
2015-01-20,45.47,45.48,45.47,45.47,1265949
2015-01-21,45.47,45.48,45.47,45.48,1915644
2015-01-22,45.47,45.48,45.47,45.47,2878276
2015-01-23,45.47,45.48,45.47,45.48,1021797
2015-01-26,45.47,45.48,45.47,45.48,644890
2015-01-27,45.47,45.48,45.47,45.48,385028
2015-01-28,45.47,45.48,45.47,45.47,427698
2015-01-29,45.46,45.48,45.46,45.47,1115433
2015-01-30,45.47,45.48,45.47,45.47,413745
2015-02-02,45.48,45.48,45.47,45.47,7155572
2015-02-03,45.47,45.48,45.47,45.48,535204
2015-02-04,45.47,45.48,45.47,45.47,430800
2015-02-05,45.48,45.48,45.47,45.47,834319
2015-02-06,45.48,45.48,45.47,45.47,586807
2015-02-09,45.47,45.47,45.46,45.46,295815
2015-02-10,45.47,45.47,45.46,45.47,342843
2015-02-11,45.46,45.47,45.46,45.46,992014
2015-02-12,45.47,45.47,45.46,45.46,175215
2015-02-13,45.46,45.47,45.46,45.47,770617
2015-02-17,45.46,45.47,45.46,45.47,809441
2015-02-18,45.46,45.47,45.46,45.47,287754
2015-02-19,45.46,45.47,45.46,45.47,336319
2015-02-20,45.46,45.47,45.46,45.46,292578
2015-02-23,45.47,45.47,45.46,45.47,1222280
2015-02-24,45.46,45.47,45.46,45.46,664318
2015-02-25,45.47,45.47,45.46,45.47,1051684
2015-02-26,45.46,45.47,45.46,45.46,335937
2015-02-27,45.47,45.47,45.46,45.47,403182
2015-03-02,45.46,45.47,45.46,45.46,930478
2015-03-03,45.46,45.47,45.46,45.47,1012042
2015-03-04,45.46,45.47,45.46,45.47,250321
2015-03-05,45.46,45.47,45.46,45.47,262289
2015-03-06,45.46,45.47,45.46,45.46,527995
2015-03-09,45.47,45.47,45.46,45.47,1984156
2015-03-10,45.47,45.47,45.46,45.47,466950
2015-03-11,45.47,45.47,45.46,45.47,341942
2015-03-12,45.47,45.47,45.46,45.46,1633870
2015-03-13,45.47,45.47,45.46,45.47,835943
2015-03-16,45.47,45.47,45.46,45.47,988307
2015-03-17,45.46,45.47,45.46,45.47,863498
2015-03-18,45.46,45.47,45.46,45.46,1352774
2015-03-19,45.46,45.47,45.46,45.47,924646
2015-03-20,45.46,45.47,45.46,45.47,368894
2015-03-23,45.47,45.47,45.46,45.46,1111107
2015-03-24,45.46,45.47,45.46,45.47,1187540
2015-03-25,45.46,45.47,45.46,45.46,1977721
2015-03-26,45.46,45.47,45.46,45.46,1574734
2015-03-27,45.46,45.47,45.46,45.46,511501
2015-03-30,45.47,45.47,45.45,45.45,1304101
2015-03-31,45.45,45.47,45.45,45.47,1416819
2015-04-01,45.46,45.46,45.45,45.45,1202825
2015-04-02,45.46,45.46,45.45,45.46,254444
2015-04-06,45.46,45.46,45.45,45.46,608451
2015-04-07,45.46,45.47,45.46,45.47,257670
2015-04-08,45.47,45.47,45.46,45.47,492596
2015-04-09,45.47,45.47,45.45,45.46,518407
2015-04-10,45.45,45.46,45.45,45.46,321423
2015-04-13,45.45,45.46,45.45,45.45,169963
2015-04-14,45.46,45.46,45.45,45.46,145830
2015-04-15,45.46,45.46,45.45,45.45,213093
2015-04-16,45.45,45.46,45.45,45.46,377033
2015-04-17,45.45,45.46,45.45,45.45,367183
2015-04-20,45.46,45.46,45.45,45.45,262492
2015-04-21,45.45,45.46,45.45,45.46,253109
2015-04-22,45.46,45.46,45.45,45.45,374862
2015-04-23,45.46,45.46,45.45,45.45,265808
2015-04-24,45.45,45.46,45.45,45.45,240555
2015-04-27,45.45,45.46,45.45,45.46,159808
2015-04-28,45.46,45.46,45.45,45.46,160220
2015-04-29,45.46,45.46,45.45,45.46,367284
2015-04-30,45.45,45.46,45.45,45.46,781635
2015-05-01,45.45,45.46,45.45,45.45,735474
2015-05-04,45.46,45.46,45.45,45.46,595779
2015-05-05,45.46,45.46,45.45,45.46,657129
2015-05-06,45.45,45.46,45.45,45.46,890175
2015-05-07,45.46,45.46,45.45,45.45,227017
2015-05-08,45.46,45.46,45.45,45.46,582807
2015-05-11,45.45,45.46,45.45,45.45,3105823
2015-05-12,45.45,45.46,45.45,45.46,145698
2015-05-13,45.45,45.46,45.45,45.46,349207
2015-05-14,45.45,45.46,45.45,45.45,353808
2015-05-15,45.45,45.46,45.45,45.45,204501
2015-05-18,45.46,45.46,45.45,45.45,271569
2015-05-19,45.45,45.46,45.45,45.45,945897
2015-05-20,45.45,45.46,45.45,45.45,239441
2015-05-21,45.45,45.46,45.45,45.46,1310837
2015-05-22,45.46,45.46,45.45,45.46,306338
2015-05-26,45.46,45.46,45.45,45.46,1012944
2015-05-27,45.45,45.46,45.45,45.46,706407
2015-05-28,45.46,45.46,45.45,45.45,299609
2015-05-29,45.46,45.46,45.45,45.45,364168
2015-06-01,45.45,45.46,45.45,45.45,708251
2015-06-02,45.46,45.46,45.45,45.46,341307
2015-06-03,45.46,45.46,45.45,45.46,5884686
2015-06-04,45.45,45.46,45.45,45.45,485455
2015-06-05,45.46,45.46,45.44,45.45,725516
2015-06-08,45.45,45.45,45.44,45.44,420687
2015-06-09,45.45,45.45,45.44,45.44,289389
2015-06-10,45.44,45.45,45.44,45.45,1336339
2015-06-11,45.46,45.46,45.45,45.46,663922
2015-06-12,45.46,45.46,45.45,45.45,134463
2015-06-15,45.46,45.46,45.45,45.46,343448
2015-06-16,45.45,45.45,45.44,45.44,357428
2015-06-17,45.45,45.46,45.45,45.46,634702
2015-06-18,45.45,45.46,45.44,45.44,418273
2015-06-19,45.45,45.45,45.44,45.44,118772
2015-06-22,45.45,45.45,45.44,45.45,509992
2015-06-23,45.44,45.45,45.44,45.44,852382
2015-06-24,45.45,45.45,45.44,45.44,122091
2015-06-25,45.45,45.45,45.44,45.45,482739
2015-06-26,45.45,45.46,45.44,45.44,228092
2015-06-29,45.44,45.45,45.44,45.45,4059331
2015-06-30,45.45,45.45,45.44,45.45,730117
2015-07-01,45.45,45.45,45.44,45.45,1117642
2015-07-02,45.44,45.45,45.44,45.45,1253712
2015-07-06,45.45,45.45,45.44,45.45,358734
2015-07-07,45.45,45.45,45.44,45.44,865410
2015-07-08,45.44,45.45,45.44,45.44,820858
2015-07-09,45.44,45.45,45.44,45.44,460312
2015-07-10,45.44,45.45,45.44,45.44,419580
2015-07-13,45.44,45.45,45.44,45.44,881400
2015-07-14,45.45,45.45,45.44,45.45,971332
2015-07-15,45.45,45.45,45.44,45.44,155370
2015-07-16,45.45,45.45,45.44,45.44,1367660
2015-07-17,45.45,45.45,45.44,45.45,698263
2015-07-20,45.44,45.45,45.44,45.44,602118
2015-07-21,45.44,45.45,45.44,45.45,1067054
2015-07-22,45.44,45.45,45.44,45.44,1892636
2015-07-23,45.45,45.45,45.44,45.44,223366
2015-07-24,45.44,45.45,45.44,45.45,298192
2015-07-27,45.44,45.45,45.44,45.44,878684
2015-07-28,45.45,45.45,45.44,45.44,949185
2015-07-29,45.45,45.45,45.44,45.45,531816
2015-07-30,45.44,45.45,45.44,45.45,252432
2015-07-31,45.44,45.45,45.44,45.45,1586702
2015-08-03,45.45,45.45,45.44,45.45,1009180
2015-08-04,45.44,45.45,45.44,45.44,5118138
2015-08-05,45.44,45.45,45.44,45.44,474091
2015-08-06,45.45,45.45,45.44,45.44,297110
2015-08-07,45.45,45.45,45.44,45.44,174289
2015-08-10,45.44,45.45,45.44,45.45,797022
2015-08-11,45.44,45.45,45.44,45.44,62523
2015-08-12,45.45,45.45,45.44,45.44,519446
2015-08-13,45.45,45.45,45.44,45.44,115557
2015-08-14,45.44,45.44,45.43,45.43,553541
2015-08-17,45.43,45.44,45.43,45.43,400169
2015-08-18,45.43,45.45,45.43,45.44,395643
2015-08-19,45.44,45.45,45.44,45.45,440803
2015-08-20,45.43,45.44,45.43,45.44,235534
2015-08-21,45.45,45.45,45.44,45.44,2657981
2015-08-24,45.45,45.46,45.44,45.44,7891223
2015-08-25,45.44,45.45,45.44,45.44,7948396
2015-08-26,45.44,45.45,45.44,45.45,2775046
2015-08-27,45.45,45.45,45.44,45.44,610162
2015-08-28,45.45,45.45,45.44,45.45,5927832
2015-08-31,45.45,45.45,45.44,45.45,5582572
2015-09-01,45.45,45.45,45.44,45.45,2752315
2015-09-02,45.44,45.45,45.44,45.44,1228268
2015-09-03,45.45,45.45,45.44,45.45,630576
2015-09-04,45.44,45.45,45.44,45.44,928367
2015-09-08,45.44,45.45,45.44,45.44,3814141
2015-09-09,45.44,45.45,45.44,45.44,449451
2015-09-10,45.44,45.45,45.43,45.43,870454
2015-09-11,45.43,45.44,45.43,45.44,549919
2015-09-14,45.43,45.44,45.43,45.44,919215
2015-09-15,45.45,45.45,45.43,45.43,406204
2015-09-16,45.43,45.44,45.43,45.43,646467
2015-09-17,45.43,45.44,45.43,45.43,854874
2015-09-18,45.44,45.44,45.43,45.43,785356
2015-09-21,45.43,45.44,45.43,45.44,566012
2015-09-22,45.44,45.44,45.43,45.44,363661
2015-09-23,45.44,45.44,45.43,45.43,449559
2015-09-24,45.44,45.44,45.43,45.43,930807
2015-09-25,45.43,45.44,45.43,45.43,1115327
2015-09-28,45.44,45.44,45.43,45.44,537228
2015-09-29,45.43,45.44,45.43,45.44,2704043
2015-09-30,45.44,45.44,45.43,45.43,995147
2015-10-01,45.43,45.44,45.43,45.44,5403859
2015-10-02,45.44,45.44,45.43,45.44,4743815
2015-10-05,45.43,45.44,45.43,45.43,1401663
2015-10-06,45.43,45.44,45.43,45.43,2730895
2015-10-07,45.43,45.44,45.43,45.43,1441292
2015-10-08,45.43,45.44,45.43,45.43,553240
2015-10-09,45.43,45.44,45.43,45.43,1558641
2015-10-12,45.44,45.44,45.42,45.43,6469291
2015-10-13,45.43,45.43,45.42,45.43,1481105
2015-10-14,45.42,45.43,45.42,45.43,745228
2015-10-15,45.44,45.44,45.43,45.43,305432
2015-10-16,45.44,45.44,45.43,45.43,1162495
2015-10-19,45.43,45.44,45.42,45.43,1844824
2015-10-20,45.43,45.43,45.42,45.42,1099640
2015-10-21,45.42,45.43,45.42,45.43,557260
2015-10-22,45.43,45.43,45.42,45.43,657831
2015-10-23,45.42,45.43,45.42,45.43,1495485
2015-10-26,45.43,45.43,45.42,45.42,3161637
2015-10-27,45.42,45.43,45.42,45.42,465440
2015-10-28,45.42,45.43,45.42,45.42,1645134
2015-10-29,45.43,45.43,45.42,45.42,862796
2015-10-30,45.42,45.43,45.42,45.42,1403663
2015-11-02,45.42,45.43,45.41,45.42,17828018
2015-11-03,45.43,45.43,45.42,45.43,1070494
2015-11-04,45.42,45.43,45.42,45.42,2611007
2015-11-05,45.42,45.43,45.42,45.42,313681
2015-11-06,45.42,45.43,45.42,45.42,1922810
2015-11-09,45.42,45.43,45.42,45.43,687206
2015-11-10,45.43,45.43,45.42,45.42,2551177
2015-11-11,45.42,45.43,45.42,45.43,539864
2015-11-12,45.42,45.43,45.42,45.43,215723
2015-11-13,45.43,45.43,45.42,45.42,719381
2015-11-16,45.43,45.43,45.42,45.43,3529625
2015-11-17,45.42,45.43,45.42,45.42,462826
2015-11-18,45.42,45.43,45.42,45.42,913281
2015-11-19,45.43,45.43,45.42,45.43,233526
2015-11-20,45.43,45.43,45.42,45.42,1078520
2015-11-23,45.42,45.43,45.42,45.43,2261933
2015-11-24,45.42,45.43,45.42,45.42,1380935
2015-11-25,45.42,45.43,45.42,45.42,1399339
2015-11-27,45.42,45.43,45.42,45.43,7262806
2015-11-30,45.43,45.43,45.42,45.43,308751
2015-12-01,45.43,45.43,45.42,45.42,369612
2015-12-02,45.43,45.43,45.42,45.42,1047519
2015-12-03,45.43,45.43,45.42,45.43,1064672
2015-12-04,45.43,45.43,45.42,45.43,802151
2015-12-07,45.42,45.43,45.42,45.43,482237
2015-12-08,45.43,45.43,45.42,45.42,203408
2015-12-09,45.42,45.42,45.41,45.41,828098
2015-12-10,45.43,45.43,45.42,45.42,1169937
2015-12-11,45.42,45.43,45.42,45.43,1354183
2015-12-14,45.42,45.43,45.42,45.43,9754460
2015-12-15,45.42,45.43,45.42,45.42,5129805
2015-12-16,45.43,45.43,45.42,45.43,1253812
2015-12-17,45.42,45.43,45.42,45.42,2282047
2015-12-18,45.42,45.43,45.42,45.43,1765014
2015-12-21,45.42,45.43,45.42,45.42,3207095
2015-12-22,45.42,45.43,45.42,45.42,1988095
2015-12-23,45.43,45.43,45.42,45.42,498630
2015-12-24,45.42,45.43,45.42,45.425,1048092
2015-12-28,45.43,45.43,45.42,45.42,490236
2015-12-29,45.43,45.43,45.42,45.42,348108
2015-12-30,45.43,45.43,45.42,45.43,595328
2015-12-31,45.43,45.43,45.42,45.42,900716
2016-01-04,45.43,45.43,45.42,45.43,2143736
2016-01-05,45.42,45.43,45.42,45.43,9812540
2016-01-06,45.42,45.42,45.41,45.41,759130
2016-01-07,45.43,45.43,45.42,45.42,1310117
2016-01-08,45.42,45.43,45.42,45.42,1177964
2016-01-11,45.42,45.43,45.42,45.42,2931732
2016-01-12,45.41,45.43,45.41,45.43,888849
2016-01-13,45.42,45.43,45.41,45.42,4086130
2016-01-14,45.43,45.43,45.41,45.41,3534913
2016-01-15,45.41,45.42,45.41,45.41,1209810
2016-01-19,45.42,45.42,45.41,45.42,8899291
2016-01-20,45.42,45.43,45.42,45.42,1485796
2016-01-21,45.42,45.43,45.42,45.43,2596046
2016-01-22,45.43,45.43,45.41,45.41,2020198
2016-01-25,45.42,45.42,45.41,45.42,1217454
2016-01-26,45.42,45.42,45.41,45.41,627110
2016-01-27,45.42,45.42,45.41,45.42,3355674
2016-01-28,45.41,45.42,45.41,45.42,329453
2016-01-29,45.41,45.43,45.41,45.43,1595472
2016-02-01,45.42,45.43,45.41,45.41,1699441
2016-02-02,45.41,45.42,45.41,45.41,3273139
2016-02-03,45.42,45.43,45.41,45.42,4818627
2016-02-04,45.42,45.43,45.42,45.43,554083
2016-02-05,45.43,45.43,45.42,45.43,652119
2016-02-08,45.43,45.43,45.42,45.425,1203132
2016-02-09,45.425,45.43,45.42,45.43,1748997
2016-02-10,45.42,45.43,45.42,45.42,1228868
2016-02-11,45.43,45.43,45.42,45.425,934470
2016-02-12,45.43,45.43,45.42,45.42,882671
2016-02-16,45.43,45.43,45.42,45.42,789797
2016-02-17,45.43,45.43,45.42,45.42,2579123
2016-02-18,45.43,45.43,45.42,45.43,1432668
2016-02-19,45.43,45.43,45.42,45.43,1832651
2016-02-22,45.43,45.43,45.42,45.43,405457
2016-02-23,45.43,45.43,45.42,45.42,2012296
2016-02-24,45.43,45.43,45.42,45.43,1337501
2016-02-25,45.42,45.43,45.42,45.42,2500603
2016-02-26,45.42,45.43,45.42,45.42,1776556
2016-02-29,45.43,45.43,45.42,45.43,3244825
2016-03-01,45.42,45.43,45.42,45.425,1260320
2016-03-02,45.43,45.43,45.42,45.42,3761269
2016-03-03,45.42,45.43,45.42,45.43,2608714
2016-03-04,45.43,45.43,45.42,45.43,4436254
2016-03-07,45.43,45.43,45.42,45.43,1827731
2016-03-08,45.42,45.43,45.42,45.42,1090555
2016-03-09,45.42,45.43,45.42,45.43,1330329
2016-03-10,45.42,45.43,45.42,45.43,399280
2016-03-11,45.42,45.43,45.42,45.42,771621
2016-03-14,45.42,45.43,45.42,45.42,588694
2016-03-15,45.43,45.43,45.42,45.42,5369098
2016-03-16,45.42,45.43,45.42,45.43,616005
2016-03-17,45.43,45.44,45.42,45.42,401224
2016-03-18,45.43,45.43,45.42,45.42,1204462
2016-03-21,45.42,45.43,45.42,45.43,3038405
2016-03-22,45.42,45.43,45.42,45.425,576585
2016-03-23,45.42,45.43,45.42,45.42,523747
2016-03-24,45.42,45.43,45.42,45.43,1430785
2016-03-28,45.43,45.44,45.43,45.43,699881
2016-03-29,45.43,45.44,45.43,45.43,1068609
2016-03-30,45.44,45.44,45.43,45.43,531016
2016-03-31,45.43,45.44,45.43,45.43,5947313
2016-04-01,45.43,45.44,45.43,45.43,1895732
2016-04-04,45.43,45.44,45.43,45.43,3256880
2016-04-05,45.44,45.44,45.43,45.44,3680788
2016-04-06,45.43,45.44,45.43,45.44,2175896
2016-04-07,45.43,45.44,45.43,45.43,2628894
2016-04-08,45.43,45.44,45.43,45.44,386129
2016-04-11,45.43,45.44,45.43,45.43,1181006
2016-04-12,45.435,45.44,45.43,45.43,341144
2016-04-13,45.43,45.44,45.43,45.44,366857
2016-04-14,45.43,45.44,45.43,45.44,289549
2016-04-15,45.44,45.44,45.43,45.43,440523
2016-04-18,45.43,45.44,45.43,45.44,3966598
2016-04-19,45.43,45.44,45.43,45.44,278385
2016-04-20,45.44,45.44,45.43,45.44,400950
2016-04-21,45.44,45.44,45.43,45.43,897697
2016-04-22,45.44,45.44,45.43,45.44,781290
2016-04-25,45.43,45.44,45.43,45.43,1236671
2016-04-26,45.43,45.44,45.43,45.44,502815
2016-04-27,45.44,45.44,45.43,45.44,209323
2016-04-28,45.43,45.44,45.43,45.44,551496
2016-04-29,45.44,45.45,45.44,45.45,1452455
2016-05-02,45.45,45.45,45.44,45.44,744278
2016-05-03,45.44,45.45,45.44,45.45,1339328
2016-05-04,45.44,45.45,45.44,45.44,1408833
2016-05-05,45.44,45.45,45.44,45.44,1163598
2016-05-06,45.44,45.45,45.44,45.45,4338967
2016-05-09,45.45,45.45,45.44,45.45,218980
2016-05-10,45.44,45.45,45.44,45.45,1760080
2016-05-11,45.44,45.44,45.43,45.43,315378
2016-05-12,45.44,45.44,45.43,45.43,381971
2016-05-13,45.43,45.44,45.43,45.43,1031589
2016-05-16,45.43,45.44,45.43,45.43,371149
2016-05-17,45.44,45.44,45.43,45.43,825081
2016-05-18,45.44,45.45,45.435,45.44,2654434
2016-05-19,45.43,45.44,45.43,45.43,245710
2016-05-20,45.44,45.45,45.43,45.44,783266
2016-05-23,45.44,45.45,45.43,45.45,1664277
2016-05-24,45.44,45.45,45.43,45.43,1232617
2016-05-25,45.44,45.44,45.43,45.44,486933
2016-05-26,45.44,45.45,45.43,45.44,571521
2016-05-27,45.44,45.45,45.44,45.45,543791
2016-05-31,45.45,45.45,45.43,45.45,1003336
2016-06-01,45.44,45.45,45.44,45.45,1163386
2016-06-02,45.44,45.45,45.44,45.44,353245
2016-06-03,45.45,45.46,45.44,45.455,1479732
2016-06-06,45.45,45.46,45.45,45.46,735241
2016-06-07,45.45,45.46,45.45,45.46,310973
2016-06-08,45.45,45.46,45.45,45.46,503938
2016-06-09,45.46,45.46,45.44,45.44,3554582
2016-06-10,45.44,45.45,45.44,45.44,559338
2016-06-13,45.45,45.45,45.44,45.44,319970
2016-06-14,45.44,45.45,45.44,45.44,1551373
2016-06-15,45.45,45.45,45.44,45.44,1374024
2016-06-16,45.45,45.46,45.44,45.45,1762843
2016-06-17,45.45,45.46,45.44,45.44,931801
2016-06-20,45.44,45.45,45.44,45.445,263330
2016-06-21,45.45,45.46,45.44,45.45,1942467
2016-06-22,45.45,45.45,45.44,45.45,344447
2016-06-23,45.44,45.45,45.44,45.45,2479431
2016-06-24,45.44,45.45,45.44,45.44,1283755
2016-06-27,45.44,45.46,45.44,45.44,6278546
2016-06-28,45.45,45.46,45.44,45.44,1597168
2016-06-29,45.46,45.46,45.44,45.44,3354138
2016-06-30,45.45,45.46,45.45,45.455,1332738
2016-07-01,45.45,45.46,45.44,45.46,1028973
2016-07-05,45.45,45.46,45.44,45.46,2271293
2016-07-06,45.46,45.46,45.44,45.45,1464734
2016-07-07,45.45,45.46,45.45,45.46,402213
2016-07-08,45.46,45.46,45.44,45.45,1456620
2016-07-11,45.46,45.46,45.44,45.455,1164307
2016-07-12,45.45,45.45,45.44,45.44,2329625
2016-07-13,45.44,45.45,45.44,45.45,849822
2016-07-14,45.45,45.46,45.44,45.46,4111785
2016-07-15,45.45,45.46,45.45,45.45,187835
2016-07-18,45.45,45.458,45.45,45.45,336094
2016-07-19,45.45,45.46,45.45,45.46,899870
2016-07-20,45.45,45.46,45.45,45.46,336892
2016-07-21,45.45,45.46,45.45,45.46,234735
2016-07-22,45.45,45.46,45.45,45.46,362951
2016-07-25,45.45,45.46,45.45,45.45,259604
2016-07-26,45.45,45.46,45.45,45.45,363446
2016-07-27,45.46,45.46,45.45,45.46,443133
2016-07-28,45.45,45.46,45.45,45.45,274972
2016-07-29,45.455,45.46,45.45,45.45,151992
2016-08-01,45.45,45.46,45.45,45.45,195098
2016-08-02,45.451,45.46,45.45,45.46,537274
2016-08-03,45.45,45.46,45.45,45.45,1325546
2016-08-04,45.45,45.46,45.45,45.45,259012
2016-08-05,45.45,45.46,45.45,45.45,386629
2016-08-08,45.45,45.46,45.45,45.45,324654
2016-08-09,45.46,45.46,45.45,45.45,2310736
2016-08-10,45.45,45.46,45.45,45.45,202005
2016-08-11,45.45,45.46,45.45,45.45,198949
2016-08-12,45.46,45.46,45.45,45.45,203429
2016-08-15,45.45,45.46,45.45,45.45,596683
2016-08-16,45.45,45.46,45.45,45.45,203106
2016-08-17,45.45,45.46,45.45,45.45,689527
2016-08-18,45.45,45.46,45.45,45.46,219970
2016-08-19,45.45,45.46,45.45,45.45,241783
2016-08-22,45.45,45.46,45.45,45.45,2949146
2016-08-23,45.46,45.46,45.45,45.45,249944
2016-08-24,45.45,45.46,45.45,45.46,171156
2016-08-25,45.46,45.46,45.45,45.45,309895
2016-08-26,45.45,45.46,45.45,45.45,366209
2016-08-29,45.46,45.47,45.45,45.46,664508
2016-08-30,45.46,45.47,45.454,45.46,594314
2016-08-31,45.46,45.47,45.45,45.46,382192
2016-09-01,45.46,45.47,45.45,45.46,330781
2016-09-02,45.46,45.47,45.46,45.47,609475
2016-09-06,45.46,45.47,45.46,45.465,656514
2016-09-07,45.47,45.47,45.46,45.46,1590364
2016-09-08,45.46,45.47,45.45,45.46,995414
2016-09-09,45.47,45.47,45.46,45.47,689557
2016-09-12,45.47,45.47,45.46,45.46,1449204
2016-09-13,45.47,45.47,45.45,45.46,532274
2016-09-14,45.47,45.47,45.46,45.46,407376
2016-09-15,45.46,45.47,45.45,45.46,748701
2016-09-16,45.47,45.47,45.46,45.46,856805
2016-09-19,45.47,45.47,45.46,45.46,2553633
2016-09-20,45.46,45.47,45.46,45.46,1421630
2016-09-21,45.46,45.47,45.46,45.46,1078429
2016-09-22,45.47,45.47,45.46,45.47,1035346
2016-09-23,45.47,45.48,45.46,45.47,742704
2016-09-26,45.46,45.47,45.46,45.47,871752
2016-09-27,45.47,45.47,45.46,45.46,912754
2016-09-28,45.46,45.47,45.46,45.46,967896
2016-09-29,45.46,45.47,45.46,45.46,1766255
2016-09-30,45.46,45.47,45.46,45.47,921937
2016-10-03,45.47,45.47,45.46,45.46,466231
2016-10-04,45.46,45.47,45.46,45.47,789326
2016-10-05,45.46,45.47,45.46,45.47,1042881
2016-10-06,45.47,45.47,45.46,45.47,389908
2016-10-07,45.47,45.47,45.46,45.47,280720
2016-10-10,45.47,45.47,45.46,45.47,134829
2016-10-11,45.47,45.47,45.46,45.46,754060
2016-10-12,45.46,45.47,45.46,45.47,827794
2016-10-13,45.47,45.47,45.46,45.46,310562
2016-10-14,45.46,45.47,45.46,45.46,261665
2016-10-17,45.47,45.47,45.46,45.46,478314
2016-10-18,45.46,45.47,45.46,45.46,362789
2016-10-19,45.46,45.47,45.46,45.47,277830
2016-10-20,45.47,45.47,45.46,45.46,526760
2016-10-21,45.46,45.47,45.46,45.46,853112
2016-10-24,45.47,45.47,45.46,45.46,214853
2016-10-25,45.47,45.47,45.46,45.46,352743
2016-10-26,45.46,45.47,45.46,45.47,404057
2016-10-27,45.47,45.47,45.46,45.46,370523
2016-10-28,45.48,45.48,45.46,45.47,1099369
2016-10-31,45.47,45.48,45.47,45.48,1479261
2016-11-01,45.48,45.48,45.47,45.47,2430991
2016-11-02,45.48,45.48,45.47,45.48,1005180
2016-11-03,45.48,45.48,45.47,45.47,427249
2016-11-04,45.47,45.48,45.47,45.48,1094452
2016-11-07,45.48,45.48,45.47,45.47,2257235
2016-11-08,45.47,45.48,45.47,45.48,725034
2016-11-09,45.47,45.48,45.46,45.46,1199953
2016-11-10,45.46,45.47,45.46,45.46,1901689
2016-11-11,45.47,45.47,45.44,45.44,2341809
2016-11-14,45.46,45.47,45.46,45.46,1479419
2016-11-15,45.47,45.47,45.46,45.47,2890612
2016-11-16,45.47,45.47,45.46,45.47,1230682
2016-11-17,45.47,45.48,45.46,45.48,1823642
2016-11-18,45.47,45.48,45.47,45.47,1115416
2016-11-21,45.48,45.48,45.46,45.46,472258
2016-11-22,45.47,45.47,45.46,45.46,2218005
2016-11-23,45.46,45.47,45.46,45.46,915054
2016-11-25,45.47,45.47,45.46,45.47,344608
2016-11-28,45.48,45.48,45.46,45.46,247156
2016-11-29,45.47,45.48,45.46,45.46,246275
2016-11-30,45.46,45.47,45.46,45.46,1012016
2016-12-01,45.461,45.481,45.461,45.481,4297474
2016-12-02,45.481,45.481,45.471,45.471,827567
2016-12-05,45.481,45.481,45.471,45.471,1803586
2016-12-06,45.471,45.481,45.471,45.481,560641
2016-12-07,45.471,45.481,45.471,45.481,867389
2016-12-08,45.471,45.481,45.471,45.481,932258
2016-12-09,45.481,45.481,45.471,45.481,784044
2016-12-12,45.471,45.481,45.471,45.471,427893
2016-12-13,45.461,45.481,45.461,45.481,1069194
2016-12-14,45.481,45.481,45.471,45.481,440584
2016-12-15,45.481,45.481,45.471,45.481,445999
2016-12-16,45.481,45.481,45.471,45.471,444120
2016-12-19,45.471,45.481,45.471,45.481,379397
2016-12-20,45.471,45.481,45.471,45.471,619455
2016-12-21,45.481,45.481,45.471,45.481,435900
2016-12-22,45.481,45.481,45.471,45.471,528885
2016-12-23,45.471,45.481,45.471,45.471,478475
2016-12-27,45.471,45.481,45.471,45.481,466164
2016-12-28,45.48,45.48,45.47,45.48,382341
2016-12-29,45.49,45.49,45.47,45.49,576224
2016-12-30,45.48,45.48,45.47,45.47,314787
2017-01-03,45.49,45.49,45.48,45.49,3556873
2017-01-04,45.49,45.49,45.48,45.49,1050745
2017-01-05,45.49,45.49,45.48,45.48,1261350
2017-01-06,45.49,45.49,45.48,45.49,646380
2017-01-09,45.48,45.49,45.48,45.49,399171
2017-01-10,45.49,45.49,45.48,45.48,279382
2017-01-11,45.48,45.49,45.48,45.49,1421642
2017-01-12,45.48,45.49,45.48,45.49,444978
2017-01-13,45.48,45.49,45.48,45.49,321208
2017-01-17,45.48,45.49,45.48,45.49,710039
2017-01-18,45.48,45.49,45.48,45.48,473151
2017-01-19,45.49,45.49,45.48,45.48,379318
2017-01-20,45.48,45.49,45.48,45.49,308809
2017-01-23,45.48,45.49,45.48,45.48,1019490
2017-01-24,45.48,45.49,45.48,45.48,1182532
2017-01-25,45.48,45.49,45.48,45.49,884624
2017-01-26,45.49,45.5,45.48,45.5,718294
2017-01-27,45.49,45.5,45.48,45.48,458300
2017-01-30,45.48,45.5,45.48,45.5,548067
2017-01-31,45.49,45.5,45.49,45.49,349304
2017-02-01,45.483,45.503,45.483,45.493,530566
2017-02-02,45.483,45.503,45.483,45.493,578781
2017-02-03,45.493,45.503,45.483,45.483,833310
2017-02-06,45.493,45.503,45.483,45.503,415115
2017-02-07,45.503,45.503,45.493,45.503,897922
2017-02-08,45.493,45.503,45.493,45.503,532707
2017-02-09,45.493,45.503,45.493,45.498,676272
2017-02-10,45.503,45.503,45.493,45.493,1137504
2017-02-13,45.493,45.503,45.493,45.493,383807
2017-02-14,45.503,45.503,45.493,45.503,250211
2017-02-15,45.503,45.503,45.493,45.493,752272
2017-02-16,45.493,45.503,45.493,45.493,245918
2017-02-17,45.503,45.503,45.493,45.503,310091
2017-02-21,45.493,45.503,45.493,45.493,596826
2017-02-22,45.493,45.503,45.493,45.493,543259
2017-02-23,45.493,45.503,45.493,45.493,808534
2017-02-24,45.503,45.513,45.493,45.493,1457816
2017-02-27,45.493,45.513,45.493,45.493,356990
2017-02-28,45.513,45.513,45.503,45.513,336105
2017-03-01,45.495,45.505,45.495,45.495,461206
2017-03-02,45.495,45.505,45.495,45.495,373374
2017-03-03,45.505,45.505,45.495,45.505,667108
2017-03-06,45.495,45.515,45.495,45.515,389678
2017-03-07,45.515,45.515,45.495,45.495,192058
2017-03-08,45.505,45.505,45.495,45.495,361511
2017-03-09,45.495,45.505,45.495,45.495,599074
2017-03-10,45.505,45.505,45.495,45.505,851436
2017-03-13,45.505,45.505,45.495,45.495,604682
2017-03-14,45.495,45.505,45.495,45.495,704505
2017-03-15,45.495,45.505,45.495,45.505,1487318
2017-03-16,45.495,45.515,45.495,45.515,599277
2017-03-17,45.495,45.515,45.495,45.515,367511
2017-03-20,45.495,45.515,45.495,45.505,295705
2017-03-21,45.515,45.515,45.495,45.515,1306419
2017-03-22,45.495,45.515,45.495,45.515,1116114
2017-03-23,45.515,45.515,45.505,45.505,682149
2017-03-24,45.505,45.515,45.505,45.515,371152
2017-03-27,45.495,45.515,45.495,45.515,777155
2017-03-28,45.515,45.515,45.505,45.515,1796740
2017-03-29,45.515,45.515,45.505,45.515,167529
2017-03-30,45.515,45.515,45.505,45.515,1083655
2017-03-31,45.525,45.525,45.505,45.505,1057988
2017-04-03,45.499,45.519,45.499,45.509,4213350
2017-04-04,45.509,45.519,45.509,45.509,1434957
2017-04-05,45.519,45.519,45.509,45.509,1168326
2017-04-06,45.509,45.519,45.509,45.509,495158
2017-04-07,45.519,45.519,45.509,45.509,259714
2017-04-10,45.529,45.529,45.509,45.509,861729
2017-04-11,45.519,45.519,45.509,45.519,323409
2017-04-12,45.529,45.529,45.509,45.509,543261
2017-04-13,45.509,45.529,45.509,45.519,1914615
2017-04-17,45.509,45.529,45.509,45.519,1512644
2017-04-18,45.519,45.529,45.519,45.529,201713
2017-04-19,45.519,45.529,45.519,45.529,228516
2017-04-20,45.519,45.529,45.519,45.529,489535
2017-04-21,45.529,45.539,45.529,45.529,503455
2017-04-24,45.529,45.529,45.519,45.519,962287
2017-04-25,45.529,45.529,45.519,45.519,814905
2017-04-26,45.519,45.529,45.519,45.529,713893
2017-04-27,45.519,45.529,45.519,45.519,756922
2017-04-28,45.524,45.539,45.519,45.539,426482
2017-05-01,45.546,45.546,45.526,45.536,783532
2017-05-02,45.526,45.536,45.526,45.526,142337
2017-05-03,45.526,45.536,45.526,45.526,454751
2017-05-04,45.526,45.536,45.526,45.536,328150
2017-05-05,45.526,45.536,45.526,45.526,510062
2017-05-08,45.531,45.546,45.526,45.536,436701
2017-05-09,45.546,45.546,45.536,45.536,990572
2017-05-10,45.546,45.546,45.536,45.546,621259
2017-05-11,45.536,45.556,45.536,45.546,797379
2017-05-12,45.546,45.556,45.536,45.536,259498
2017-05-15,45.546,45.556,45.546,45.546,756071
2017-05-16,45.546,45.556,45.546,45.546,333649
2017-05-17,45.546,45.556,45.546,45.556,2801284
2017-05-18,45.546,45.556,45.546,45.556,2780394
2017-05-19,45.546,45.556,45.546,45.546,214179
2017-05-22,45.546,45.556,45.546,45.556,128329
2017-05-23,45.546,45.556,45.546,45.556,391840
2017-05-24,45.546,45.556,45.546,45.546,616307
2017-05-25,45.546,45.556,45.546,45.556,273708
2017-05-26,45.546,45.566,45.546,45.566,288370
2017-05-30,45.556,45.566,45.546,45.546,382314
2017-05-31,45.556,45.556,45.546,45.546,641591
2017-06-01,45.553,45.563,45.553,45.563,451687
2017-06-02,45.553,45.563,45.553,45.553,838474
2017-06-05,45.553,45.563,45.553,45.563,553358
2017-06-06,45.553,45.563,45.553,45.553,273554
2017-06-07,45.553,45.573,45.553,45.573,517241
2017-06-08,45.573,45.573,45.563,45.563,506593
2017-06-09,45.563,45.573,45.563,45.573,370558
2017-06-12,45.573,45.573,45.563,45.563,400451
2017-06-13,45.563,45.573,45.563,45.573,1108700
2017-06-14,45.573,45.583,45.563,45.563,131153
2017-06-15,45.563,45.573,45.563,45.563,766070
2017-06-16,45.563,45.583,45.563,45.583,1008668
2017-06-19,45.573,45.583,45.573,45.573,581283
2017-06-20,45.583,45.583,45.573,45.573,242872
2017-06-21,45.583,45.583,45.573,45.583,282098
2017-06-22,45.583,45.593,45.573,45.593,294961
2017-06-23,45.593,45.593,45.583,45.583,135023
2017-06-26,45.573,45.593,45.573,45.573,597577
2017-06-27,45.583,45.583,45.573,45.573,250813
2017-06-28,45.583,45.593,45.573,45.593,359571
2017-06-29,45.573,45.593,45.573,45.583,935234
2017-06-30,45.583,45.603,45.583,45.593,1234596
2017-07-03,45.588,45.598,45.588,45.598,373206
2017-07-05,45.598,45.598,45.588,45.588,740738
2017-07-06,45.588,45.598,45.588,45.598,893365
2017-07-07,45.588,45.598,45.588,45.598,282673
2017-07-10,45.588,45.598,45.588,45.598,372159
2017-07-11,45.598,45.598,45.588,45.598,274506
2017-07-12,45.588,45.598,45.588,45.588,808511
2017-07-13,45.598,45.608,45.588,45.588,275299
2017-07-14,45.588,45.608,45.588,45.608,513284
2017-07-17,45.598,45.608,45.598,45.598,1180972
2017-07-18,45.598,45.608,45.598,45.598,122649
2017-07-19,45.598,45.608,45.598,45.598,199203
2017-07-20,45.598,45.608,45.598,45.598,144308
2017-07-21,45.598,45.608,45.598,45.598,423089
2017-07-24,45.598,45.608,45.598,45.598,281906
2017-07-25,45.598,45.618,45.598,45.598,533162
2017-07-26,45.598,45.618,45.598,45.608,465417
2017-07-27,45.618,45.618,45.608,45.618,444539
2017-07-28,45.608,45.618,45.608,45.608,320090
2017-07-31,45.628,45.628,45.608,45.608,901588
2017-08-01,45.61,45.62,45.61,45.62,632423
2017-08-02,45.62,45.63,45.61,45.63,528680
2017-08-03,45.61,45.63,45.61,45.63,317411
2017-08-04,45.621,45.63,45.61,45.63,696084
2017-08-07,45.61,45.63,45.61,45.63,261341
2017-08-08,45.63,45.63,45.62,45.63,620868
2017-08-09,45.63,45.63,45.62,45.63,284949
2017-08-10,45.62,45.63,45.62,45.63,222752
2017-08-11,45.63,45.64,45.621,45.64,423559
2017-08-14,45.64,45.64,45.63,45.63,663619
2017-08-15,45.63,45.64,45.63,45.64,385920
2017-08-16,45.64,45.64,45.63,45.63,283090
2017-08-17,45.63,45.64,45.63,45.64,727512
2017-08-18,45.64,45.64,45.63,45.63,462682
2017-08-21,45.64,45.65,45.64,45.64,969530
2017-08-22,45.64,45.65,45.64,45.65,418384
2017-08-23,45.65,45.65,45.64,45.65,586641
2017-08-24,45.64,45.65,45.64,45.65,2115115
2017-08-25,45.64,45.65,45.64,45.64,622300
2017-08-28,45.65,45.65,45.64,45.65,204490
2017-08-29,45.65,45.66,45.64,45.65,261454
2017-08-30,45.65,45.66,45.65,45.65,583411
2017-08-31,45.65,45.66,45.65,45.66,2430437
2017-09-01,45.66,45.66,45.65,45.66,747900
2017-09-05,45.66,45.66,45.64,45.64,876807
2017-09-06,45.65,45.66,45.65,45.66,1858226
2017-09-07,45.66,45.66,45.65,45.66,318519
2017-09-08,45.65,45.66,45.65,45.65,1030412
2017-09-11,45.66,45.66,45.65,45.65,262255
2017-09-12,45.65,45.67,45.65,45.665,516911
2017-09-13,45.66,45.67,45.66,45.67,877531
2017-09-14,45.66,45.67,45.66,45.66,478266
2017-09-15,45.67,45.67,45.66,45.66,193342
2017-09-18,45.67,45.68,45.66,45.66,553533
2017-09-19,45.67,45.68,45.66,45.68,122769
2017-09-20,45.68,45.68,45.67,45.68,259130
2017-09-21,45.67,45.68,45.67,45.68,216281
2017-09-22,45.68,45.68,45.67,45.68,266994
2017-09-25,45.68,45.68,45.67,45.68,316806
2017-09-26,45.67,45.68,45.67,45.68,512305
2017-09-27,45.68,45.68,45.67,45.68,459173
2017-09-28,45.67,45.68,45.67,45.67,150923
2017-09-29,45.675,45.69,45.67,45.69,346702
2017-10-02,45.69,45.69,45.68,45.69,317783
2017-10-03,45.68,45.69,45.68,45.69,859030
2017-10-04,45.68,45.69,45.68,45.68,2240264
2017-10-05,45.68,45.69,45.68,45.69,372786
2017-10-06,45.69,45.69,45.68,45.68,411100
2017-10-09,45.68,45.69,45.68,45.68,282694
2017-10-10,45.68,45.69,45.68,45.68,528466
2017-10-11,45.69,45.69,45.68,45.68,296809
2017-10-12,45.69,45.7,45.68,45.7,489269
2017-10-13,45.7,45.7,45.69,45.7,156958
2017-10-16,45.69,45.7,45.69,45.69,380071
2017-10-17,45.69,45.71,45.69,45.7,455294
2017-10-18,45.7,45.71,45.7,45.7,128400
2017-10-19,45.7,45.71,45.69,45.7,399945
2017-10-20,45.7,45.71,45.7,45.71,114363
2017-10-23,45.71,45.71,45.7,45.7,270231
2017-10-24,45.705,45.72,45.7,45.72,306642
2017-10-25,45.71,45.72,45.71,45.72,588218
2017-10-26,45.71,45.72,45.71,45.72,602535
2017-10-27,45.71,45.72,45.71,45.72,2128367
2017-10-30,45.71,45.72,45.71,45.71,574251
2017-10-31,45.71,45.72,45.71,45.72,860391
2017-11-01,45.72,45.72,45.71,45.72,1172175
2017-11-02,45.72,45.72,45.71,45.71,274811
2017-11-03,45.71,45.72,45.71,45.71,445064
2017-11-06,45.71,45.72,45.71,45.72,190455
2017-11-07,45.7168,45.72,45.71,45.72,179929
2017-11-08,45.72,45.72,45.71,45.72,477543
2017-11-09,45.72,45.72,45.71,45.71,1036071
2017-11-10,45.72,45.73,45.71,45.72,555963
