Date,Open,High,Low,Close,Volume
2007-04-10,62.209,62.369,62.154,62.352,42050
2007-04-11,62.284,62.395,62.176,62.183,105965
2007-04-12,62.201,62.218,62.12,62.176,93833
2007-04-13,62.183,62.209,62.027,62.078,21626
2007-04-16,62.145,62.145,62.105,62.138,63313
2007-04-17,62.284,62.291,62.236,62.291,30757
2007-04-18,62.361,62.426,62.361,62.413,36522
2007-04-19,62.454,62.454,62.361,62.386,71721
2007-04-20,62.404,62.42,62.326,62.369,38686
2007-04-23,62.386,62.512,62.336,62.454,51903
2007-04-24,62.478,62.57,62.267,62.553,93111
2007-04-25,62.512,62.611,62.478,62.503,317410
2007-04-26,62.47,62.47,62.361,62.369,82181
2007-04-27,62.386,62.395,62.326,62.352,53820
2007-04-30,62.503,62.563,62.478,62.563,43133
2007-05-01,62.463,62.478,62.326,62.42,65839
2007-05-02,62.463,62.495,62.395,62.426,34717
2007-05-03,62.426,62.426,62.201,62.386,40609
2007-05-04,62.47,62.503,62.404,62.436,23063
2007-05-07,62.454,62.587,62.436,62.478,162786
2007-05-08,62.553,62.563,62.426,62.487,40846
2007-05-09,62.544,62.544,62.395,62.413,60309
2007-05-10,62.413,62.47,62.413,62.47,50457
2007-05-11,62.544,62.544,62.369,62.386,45896
2007-05-14,62.404,62.404,62.299,62.345,686245
2007-05-15,62.395,62.404,62.299,62.317,37963
2007-05-16,62.317,62.377,62.291,62.345,67998
2007-05-17,62.284,62.299,62.227,62.249,51298
2007-05-18,62.218,62.218,62.096,62.105,74728
2007-05-21,62.112,62.191,62.052,62.183,59351
2007-05-22,62.183,62.191,62.061,62.087,59833
2007-05-23,62.105,62.12,61.97,62.035,56706
2007-05-24,62.012,62.044,61.895,62.027,46372
2007-05-25,61.996,62.044,61.989,62.035,25349
2007-05-29,61.962,61.989,61.895,61.954,33519
2007-05-30,62.052,62.069,61.98,62.012,42290
2007-05-31,62.012,62.012,61.877,61.962,62714
2007-06-01,61.68,61.68,61.586,61.604,101995
2007-06-04,61.647,61.68,61.595,61.672,34240
2007-06-05,61.629,61.663,61.529,61.57,44934
2007-06-06,61.547,61.647,61.538,61.629,223335
2007-06-07,61.403,61.403,61.104,61.195,90710
2007-06-08,61.113,61.201,61.022,61.187,75326
2007-06-11,61.121,61.195,61.079,61.121,92633
2007-06-12,60.997,60.997,60.794,60.829,487053
2007-06-13,60.845,60.988,60.777,60.962,112695
2007-06-14,60.945,61.022,60.877,60.877,131912
2007-06-15,61.052,61.187,61.029,61.187,130470
2007-06-18,61.18,61.268,61.096,61.121,72444
2007-06-19,61.335,61.488,61.268,61.411,88182
2007-06-20,61.342,61.351,61.113,61.113,84458
2007-06-21,61.26,61.268,61.096,61.148,46255
2007-06-22,61.096,61.319,61.062,61.236,67034
2007-06-25,61.403,61.47,61.294,61.403,102718
2007-06-26,61.436,61.47,61.342,61.376,195950
2007-06-27,61.547,61.547,61.403,61.428,254696
2007-06-28,61.454,61.454,61.268,61.342,89266
2007-06-29,61.454,61.555,61.428,61.555,467587
2007-07-02,61.403,61.529,61.302,61.512,89979
2007-07-03,61.547,61.595,61.369,61.385,26308
2007-07-05,61.26,61.26,61.113,61.139,51776
2007-07-06,61.052,61.062,60.988,61.013,66559
2007-07-09,61.088,61.104,61.029,61.079,41931
2007-07-10,61.285,61.394,61.227,61.394,132633
2007-07-11,61.36,61.394,61.173,61.244,44813
2007-07-12,61.342,61.342,61.079,61.164,33764
2007-07-13,61.236,61.302,61.096,61.26,103799
2007-07-16,61.244,61.436,61.244,61.428,80138
2007-07-17,61.369,61.394,61.227,61.351,45050
2007-07-18,61.394,61.529,61.335,61.454,61874
2007-07-19,61.335,61.428,61.302,61.428,28238
2007-07-20,61.506,61.672,61.506,61.604,55628
2007-07-23,61.563,61.595,61.462,61.586,44093
2007-07-24,61.638,61.647,61.529,61.612,37726
2007-07-25,61.656,61.699,61.629,61.672,32317
2007-07-26,61.859,61.937,61.726,61.913,64876
2007-07-27,61.819,61.904,61.743,61.859,57420
2007-07-30,61.802,61.913,61.751,61.802,40371
2007-07-31,61.735,61.929,61.604,61.929,29194
2007-08-01,61.699,61.726,61.538,61.647,39167
2007-08-02,61.663,61.768,61.512,61.751,48899
2007-08-03,61.827,61.989,61.802,61.962,142849
2007-08-06,61.989,61.989,61.726,61.784,40971
2007-08-07,61.842,61.913,61.656,61.777,53339
2007-08-08,61.68,61.708,61.512,61.62,49135
2007-08-09,61.834,61.904,61.595,61.759,53940
2007-08-10,61.895,61.895,61.577,61.647,40726
2007-08-13,61.538,61.751,61.529,61.699,425419
2007-08-14,61.663,61.859,61.629,61.851,46732
2007-08-15,61.92,61.92,61.577,61.859,40371
2007-08-16,61.885,62.112,61.751,61.851,51776
2007-08-17,61.945,62.061,61.895,62.044,44813
2007-08-20,62.13,62.209,61.904,61.913,79890
2007-08-21,62.267,62.284,62.13,62.13,29914
2007-08-22,62.069,62.191,62.035,62.13,46732
2007-08-23,62.087,62.209,62.061,62.13,55982
2007-08-24,62.176,62.209,62.061,62.183,65239
2007-08-27,62.096,62.413,62.096,62.413,98753
2007-08-28,62.454,62.604,62.436,62.587,66559
2007-08-29,62.52,62.587,62.386,62.445,110766
2007-08-30,62.544,62.587,62.487,62.553,53462
2007-08-31,62.395,65.033,62.395,62.595,28353
2007-09-04,62.395,62.42,62.191,62.308,102718
2007-09-05,62.436,62.563,62.345,62.553,68244
2007-09-06,62.52,62.544,62.377,62.436,55863
2007-09-07,62.791,62.871,62.626,62.819,54907
2007-09-10,62.938,63.094,62.904,63.001,113899
2007-09-11,62.954,62.992,62.852,62.852,43731
2007-09-12,62.835,62.835,62.727,62.749,88783
2007-09-13,62.651,62.676,62.544,62.604,93465
2007-09-14,62.844,62.844,62.52,62.611,55022
2007-09-17,62.635,62.659,62.527,62.659,47213
2007-09-18,62.635,62.912,62.527,62.827,89745
2007-09-19,62.81,62.81,62.642,62.736,112451
2007-09-20,62.611,62.635,62.267,62.284,135394
2007-09-21,62.463,62.553,62.336,62.553,280885
2007-09-24,62.487,62.535,62.445,62.512,145972
2007-09-25,62.718,62.742,62.535,62.553,93111
2007-09-26,62.47,62.626,62.436,62.57,208562
2007-09-27,62.57,62.727,62.563,62.701,43612
2007-09-28,62.871,62.871,62.618,62.727,155223
2007-10-01,62.386,62.544,62.386,62.454,295545
2007-10-02,62.544,62.676,62.478,62.676,257460
2007-10-03,62.718,62.727,62.527,62.642,119299
2007-10-04,62.626,62.708,62.57,62.708,564904
2007-10-05,62.487,62.512,62.361,62.445,96713
2007-10-08,62.604,62.651,62.47,62.626,52381
2007-10-09,62.487,62.527,62.377,62.42,80728
2007-10-10,62.426,62.535,62.395,62.487,83979
2007-10-11,62.361,62.553,62.326,62.544,150292
2007-10-12,62.42,62.553,62.395,62.445,73523
2007-10-15,62.369,62.57,62.352,62.395,473949
2007-10-16,62.512,62.535,62.463,62.527,128676
2007-10-17,62.595,62.835,62.527,62.835,108363
2007-10-18,62.887,62.938,62.852,62.92,110533
2007-10-19,63.027,63.217,63.009,63.217,140926
2007-10-22,63.141,63.202,63.086,63.174,108363
2007-10-23,63.111,63.224,63.094,63.159,101881
2007-10-24,63.335,63.486,63.291,63.412,249053
2007-10-25,63.395,63.436,63.309,63.361,106448
2007-10-26,63.24,63.37,63.159,63.266,185377
2007-10-29,63.217,63.309,63.184,63.275,65476
2007-10-30,63.249,63.291,63.21,63.291,104280
2007-10-31,63.202,63.266,62.976,63.06,139479
2007-11-01,62.928,63.193,62.928,63.184,169637
2007-11-02,63.053,63.318,63.053,63.258,127106
2007-11-05,63.335,63.335,63.019,63.078,76185
2007-11-06,63.141,63.141,62.938,62.976,66980
2007-11-07,63.159,63.159,62.928,63.069,106451
2007-11-08,63.258,63.258,63.069,63.141,663704
2007-11-09,63.402,63.402,63.102,63.224,43180
2007-11-12,62.976,63.37,62.976,63.37,57295
2007-11-13,63.24,63.266,63.134,63.174,80371
2007-11-14,63.12,63.174,63.044,63.174,79406
2007-11-15,63.275,63.412,63.202,63.402,113419
2007-11-16,63.395,63.459,63.344,63.378,119435
2007-11-19,63.353,63.69,63.353,63.56,173072
2007-11-20,63.642,63.642,63.378,63.421,107529
2007-11-21,63.675,63.818,63.586,63.809,59236
2007-11-23,63.724,63.724,63.542,63.684,17930
2007-11-26,64.256,64.256,63.552,64.183,205451
2007-11-27,63.972,64.223,63.651,63.844,72081
2007-11-28,63.844,63.854,63.66,63.775,87821
2007-11-29,64.077,64.133,59.13,64.06,143453
2007-11-30,63.793,64.098,63.793,64.06,128911
2007-12-03,64.018,64.115,63.938,64.115,94546
2007-12-04,64.165,64.165,63.901,64.084,107282
2007-12-05,63.933,64.069,63.887,63.938,89503
2007-12-06,63.716,63.87,63.595,63.608,90641
2007-12-07,63.395,63.608,63.249,63.402,162776
2007-12-10,63.436,63.459,63.167,63.284,101639
2007-12-11,63.509,63.766,63.284,63.709,116712
2007-12-12,63.335,63.668,63.284,63.586,160453
2007-12-13,63.353,63.436,63.193,63.258,74829
2007-12-14,63.102,63.233,63.053,63.12,318629
2007-12-17,63.224,63.385,63.202,63.385,173848
2007-12-18,63.249,63.586,63.249,63.534,87223
2007-12-19,63.668,63.87,63.395,63.802,127169
2007-12-20,63.917,63.938,63.724,63.809,65733
2007-12-21,63.844,63.844,63.344,63.385,4219113
2007-12-24,63.258,63.275,63.134,63.202,109274
2007-12-26,63.174,63.249,62.976,63.009,157143
2007-12-27,63.275,63.524,63.044,63.258,120983
2007-12-28,63.518,63.6,63.309,63.577,118853
2007-12-31,63.741,64.124,63.642,64.124,168740
2008-01-02,64.851,64.851,63.732,64.107,3271736
2008-01-03,64.673,64.673,63.917,64.192,337997
2008-01-04,64.423,64.423,64.209,64.264,277587
2008-01-07,64.39,64.39,64.115,64.282,223813
2008-01-08,64.551,64.551,64.107,64.352,173005
2008-01-09,64.14,64.493,64.14,64.273,234766
2008-01-10,64.476,64.476,64.107,64.248,92944
2008-01-11,64.851,64.851,64.282,64.449,167203
2008-01-14,64.606,64.606,64.398,64.535,205944
2008-01-15,64.783,64.783,64.398,64.758,245943
2008-01-16,64.575,64.81,64.551,64.64,208682
2008-01-17,64.59,64.899,64.59,64.899,158127
2008-01-18,64.64,64.974,64.64,64.866,120634
2008-01-22,65.141,65.273,64.842,65.273,247030
2008-01-23,65.681,65.757,64.993,65.165,316503
2008-01-24,64.949,65.074,64.64,64.739,163573
2008-01-25,64.398,65.173,64.3,65.173,202706
2008-01-28,65.057,65.057,64.817,64.941,206688
2008-01-29,64.673,64.899,64.664,64.851,233069
2008-01-30,64.64,64.984,64.64,64.874,145909
2008-01-31,65.141,65.156,64.874,64.924,145042
2008-02-01,65.0,65.05,64.758,64.899,151976
2008-02-04,64.801,64.801,64.526,64.656,218295
2008-02-05,64.801,64.949,64.673,64.833,172280
2008-02-06,64.64,64.842,64.64,64.7,178947
2008-02-07,64.758,64.765,64.192,64.308,162250
2008-02-08,64.476,64.566,64.36,64.501,105617
2008-02-11,64.598,64.7,64.51,64.64,112248
2008-02-12,64.501,64.566,64.248,64.535,135731
2008-02-13,64.39,64.493,64.183,64.183,148372
2008-02-14,64.06,64.115,63.802,63.887,174059
2008-02-15,64.165,64.165,63.854,63.981,193376
2008-02-19,64.084,64.084,63.395,63.395,724014
2008-02-20,63.3,63.615,63.3,63.444,236573
2008-02-21,63.793,64.084,63.633,63.972,246333
2008-02-22,63.955,64.157,63.793,63.818,210650
2008-02-25,63.642,63.766,63.421,63.501,217243
2008-02-26,63.568,63.835,63.518,63.741,326129
2008-02-27,63.981,63.981,63.732,63.861,266568
2008-02-28,64.092,64.383,64.092,64.334,176447
2008-02-29,64.449,64.866,64.449,64.73,195928
2008-03-03,64.308,64.526,64.192,64.343,140926
2008-03-04,64.318,64.334,63.917,64.034,275992
2008-03-05,64.051,64.084,63.6,63.615,190902
2008-03-06,63.766,63.775,63.534,63.568,225279
2008-03-07,63.758,63.917,63.395,63.741,171552
2008-03-10,63.893,64.008,63.709,63.933,85390
2008-03-11,63.741,63.749,63.402,63.568,103132
2008-03-12,63.577,64.165,63.577,64.157,79494
2008-03-13,63.955,64.165,63.675,63.879,248646
2008-03-14,64.107,64.56,64.008,64.149,143968
2008-03-17,64.334,64.682,63.809,64.367,100526
2008-03-18,66.155,66.155,64.3,64.423,103467
2008-03-19,64.566,64.758,64.414,64.476,173835
2008-03-20,64.915,64.915,64.367,64.64,92943
2008-03-24,65.476,65.476,64.165,64.291,361114
2008-03-25,64.924,64.924,64.223,64.414,162022
2008-03-26,64.86,64.86,64.343,64.476,141042
2008-03-27,64.264,64.582,64.264,64.484,104041
2008-03-28,65.173,65.173,64.39,64.535,94775
2008-03-31,64.949,64.949,64.36,64.748,122066
2008-04-01,64.44,64.833,63.56,63.835,2345382
2008-04-02,63.818,64.018,63.625,63.749,204350
2008-04-03,63.938,64.06,63.675,63.724,335099
2008-04-04,64.39,64.39,64.034,64.318,353894
2008-04-07,64.248,64.248,63.854,64.069,126774
2008-04-08,64.223,64.223,63.955,64.098,116715
2008-04-09,64.24,64.406,64.084,64.352,94281
2008-04-10,64.367,64.406,64.06,64.157,141873
2008-04-11,64.192,64.535,64.192,64.535,209641
2008-04-14,64.748,64.748,64.248,64.318,140383
2008-04-15,64.264,64.264,63.991,64.098,184938
2008-04-16,64.39,64.39,63.651,63.758,341715
2008-04-17,63.893,63.893,63.477,63.7,475948
2008-04-18,63.615,63.861,63.353,63.749,303912
2008-04-21,63.784,63.938,63.642,63.861,127353
2008-04-22,63.893,64.034,63.861,63.999,133793
2008-04-23,63.933,63.981,63.741,63.938,142461
2008-04-24,63.642,63.766,63.428,63.668,151368
2008-04-25,63.534,63.615,63.428,63.586,161292
2008-04-28,63.608,63.809,63.518,63.809,155701
2008-04-29,63.946,63.981,63.766,63.766,255777
2008-04-30,63.964,64.282,63.775,64.282,231853
2008-05-01,64.115,64.14,63.758,64.043,410728
2008-05-02,63.818,64.06,63.615,63.887,336879
2008-05-05,64.077,64.077,63.844,64.008,185432
2008-05-06,64.124,64.133,63.675,63.775,159465
2008-05-07,63.766,63.981,63.684,63.87,319394
2008-05-08,64.06,64.223,63.972,64.183,117524
2008-05-09,64.291,64.326,64.043,64.14,127671
2008-05-12,64.133,64.232,63.946,64.077,121312
2008-05-13,64.248,64.248,63.709,63.741,188462
2008-05-14,63.955,63.955,63.509,63.784,157255
2008-05-15,63.844,64.124,63.766,64.124,119217
2008-05-16,64.077,64.24,63.809,63.999,133262
2008-05-19,64.14,64.183,63.91,64.174,659063
2008-05-20,64.334,64.352,64.14,64.149,186304
2008-05-21,64.107,64.2,64.018,64.133,133814
2008-05-22,63.827,63.991,63.625,63.879,585966
2008-05-23,63.809,64.217,63.809,64.149,710210
2008-05-27,63.933,63.938,63.724,63.793,175428
2008-05-28,63.716,63.716,63.395,63.459,202837
2008-05-29,63.328,63.353,63.111,63.353,281540
2008-05-30,63.174,63.518,63.174,63.395,226440
2008-06-02,62.992,63.6,62.765,63.468,443284
2008-06-03,63.06,63.716,62.969,63.716,151737
2008-06-04,63.486,63.6,63.258,63.412,217677
2008-06-05,63.151,63.275,62.976,63.12,129922
2008-06-06,63.141,63.468,63.141,63.444,224776
2008-06-09,63.009,63.24,62.887,62.92,153052
2008-06-10,62.878,62.969,62.57,62.57,155107
2008-06-11,62.749,63.027,62.693,62.928,136953
2008-06-12,62.611,62.651,62.244,62.244,176223
2008-06-13,62.47,62.604,62.169,62.299,159100
2008-06-16,62.317,62.527,62.276,62.361,202414
2008-06-17,62.395,62.642,62.236,62.563,239546
2008-06-18,62.553,62.844,62.553,62.773,132228
2008-06-19,62.742,62.801,62.57,62.618,156197
2008-06-20,62.844,62.844,62.635,62.742,175271
2008-06-23,62.819,62.819,62.527,62.527,119104
2008-06-24,62.736,62.835,62.611,62.782,233104
2008-06-25,62.871,62.871,62.487,62.81,130787
2008-06-26,62.618,63.019,62.618,62.81,120667
2008-06-27,63.428,63.428,62.791,62.976,148057
2008-06-30,63.217,63.217,62.96,63.184,217227
2008-07-01,62.844,63.126,62.604,62.896,307101
2008-07-02,62.852,62.852,62.57,62.684,142126
2008-07-03,62.765,62.835,62.495,62.736,364012
2008-07-07,62.736,62.938,62.369,62.765,260321
2008-07-08,62.871,63.174,62.81,63.12,110920
2008-07-09,63.21,63.266,62.969,63.126,975895
2008-07-10,63.159,63.318,63.06,63.3,306952
2008-07-11,63.509,63.509,62.896,62.904,247565
2008-07-14,63.009,63.361,63.001,63.24,232749
2008-07-15,63.159,63.361,63.159,63.3,284807
2008-07-16,63.027,63.06,62.684,62.773,182611
2008-07-17,62.749,62.835,62.395,62.495,121734
2008-07-18,62.577,62.693,62.276,62.395,132611
2008-07-21,62.404,62.527,62.276,62.527,101187
2008-07-22,62.463,62.512,62.218,62.336,141746
2008-07-23,62.291,62.42,62.176,62.361,196210
2008-07-24,62.563,62.861,62.52,62.801,159049
2008-07-25,62.668,62.727,62.369,62.413,152872
2008-07-28,62.801,62.887,62.626,62.819,134107
2008-07-29,62.782,62.782,62.577,62.727,108232
2008-07-30,62.642,62.81,62.445,62.742,92876
2008-07-31,62.969,62.976,62.852,62.954,144456
2008-08-01,63.078,63.078,62.651,62.81,472111
2008-08-04,62.659,62.835,62.587,62.701,229279
2008-08-05,62.604,62.651,62.413,62.445,189803
2008-08-06,62.317,62.404,62.154,62.361,280222
2008-08-07,62.413,62.773,62.352,62.749,294294
2008-08-08,62.618,62.749,62.527,62.736,277520
2008-08-11,62.749,62.749,62.308,62.47,241720
2008-08-12,62.535,62.773,62.535,62.749,235742
2008-08-13,62.701,62.782,62.503,62.587,162248
2008-08-14,62.727,62.765,62.587,62.742,182117
2008-08-15,62.92,62.976,62.81,62.938,113437
2008-08-18,62.946,63.102,62.896,63.102,93161
2008-08-19,63.027,63.027,62.861,62.984,131591
2008-08-20,62.912,63.184,62.912,63.126,145128
2008-08-21,63.027,63.167,62.904,63.111,126574
2008-08-22,62.96,62.976,62.765,62.976,175447
2008-08-25,62.976,63.159,62.976,63.151,111659
2008-08-26,63.159,63.284,63.027,63.233,703416
2008-08-27,63.036,63.275,62.992,63.249,470776
2008-08-28,63.224,63.495,63.134,63.309,410094
2008-08-29,63.651,63.651,63.134,63.224,133192
2008-09-02,63.258,63.258,62.773,63.193,179011
2008-09-03,63.202,63.328,63.111,63.275,206103
2008-09-04,63.385,63.542,63.275,63.309,221541
2008-09-05,63.518,63.625,63.309,63.361,209113
2008-09-08,63.668,63.809,63.291,63.809,178837
2008-09-09,63.784,64.008,63.716,63.924,270327
2008-09-10,63.684,63.946,63.651,63.924,162066
2008-09-11,64.034,64.069,63.793,63.887,220351
2008-09-12,63.917,63.999,63.524,63.675,160523
2008-09-15,64.673,64.673,63.741,64.157,142370
2008-09-16,64.501,64.649,63.534,63.534,200017
2008-09-17,63.495,63.87,63.395,63.615,353635
2008-09-18,63.615,63.775,62.618,62.718,431455
2008-09-19,64.248,64.248,62.587,63.486,267663
2008-09-22,62.765,63.353,62.57,63.318,206334
2008-09-23,63.126,63.642,63.019,63.518,234286
2008-09-24,63.66,63.893,63.053,63.509,4094443
2008-09-25,63.809,64.192,63.069,63.716,240306
2008-09-26,63.477,63.495,63.069,63.078,383746
2008-09-29,63.802,63.802,62.749,63.385,554453
2008-09-30,63.809,63.809,62.47,62.668,288923
2008-10-01,62.369,63.044,61.913,62.112,413696
2008-10-02,62.701,63.595,62.201,63.318,361288
2008-10-03,63.134,63.134,62.326,62.969,251794
2008-10-06,62.984,63.184,62.154,62.47,392643
2008-10-07,62.563,62.976,62.154,62.651,302683
2008-10-08,62.693,62.92,61.672,61.717,386553
2008-10-09,61.672,62.154,59.443,59.793,439595
2008-10-10,58.215,59.317,55.52,57.974,778472
2008-10-13,59.256,60.573,58.009,60.391,400430
2008-10-14,61.462,61.708,60.182,61.164,442798
2008-10-15,60.547,60.845,59.819,60.785,275910
2008-10-16,60.837,60.86,60.072,60.777,243658
2008-10-17,60.615,61.173,60.088,61.113,366064
2008-10-20,60.697,61.479,60.664,61.079,264086
2008-10-21,61.809,62.191,61.236,62.13,699930
2008-10-22,61.97,62.512,61.784,62.413,500774
2008-10-23,62.487,62.487,61.708,62.12,207156
2008-10-24,62.249,62.249,60.655,61.403,340840
2008-10-27,61.351,61.604,60.697,61.071,291582
2008-10-28,61.276,61.276,60.497,60.605,223229
2008-10-29,60.845,61.656,60.638,61.036,879687
2008-10-30,61.104,61.104,60.269,60.638,217521
2008-10-31,60.647,61.052,60.207,60.597,339051
2008-11-03,60.63,60.837,60.497,60.829,370898
2008-11-04,60.742,61.444,60.497,61.436,1514392
2008-11-05,61.52,62.096,61.403,61.904,399041
2008-11-06,61.656,62.012,61.454,61.954,286386
2008-11-07,61.819,61.937,61.563,61.819,267793
2008-11-10,61.777,62.061,61.428,61.819,159518
2008-11-11,61.403,62.154,61.319,61.98,200872
2008-11-12,62.112,62.112,61.251,61.777,192928
2008-11-13,61.411,62.087,61.369,61.777,267356
2008-11-14,61.885,62.069,61.577,61.996,357297
2008-11-17,61.777,61.97,61.595,61.834,188512
2008-11-18,61.692,61.989,61.692,61.877,246599
2008-11-19,61.629,62.145,61.629,62.096,185996
2008-11-20,61.802,62.463,61.802,62.044,270547
2008-11-21,61.595,62.191,61.462,61.735,323060
2008-11-24,61.319,62.069,61.121,61.47,492723
2008-11-25,61.612,62.749,61.57,62.535,408661
2008-11-26,62.236,62.928,62.227,62.92,254066
2008-11-28,62.595,62.727,62.227,62.727,116694
2008-12-01,62.749,63.193,62.57,62.844,283738
2008-12-02,62.835,63.318,62.595,63.224,311785
2008-12-03,62.976,63.309,62.659,62.928,268046
2008-12-04,62.976,63.309,62.708,63.202,313880
2008-12-05,62.861,63.217,62.577,62.742,452459
2008-12-08,62.782,63.001,62.404,62.47,216884
2008-12-09,62.563,63.266,62.563,62.791,417206
2008-12-10,62.946,62.946,62.611,62.693,359495
2008-12-11,62.976,63.421,62.701,63.361,352375
2008-12-12,63.134,63.577,62.773,63.027,652130
2008-12-15,63.193,63.69,63.193,63.69,384132
2008-12-16,63.595,64.223,63.224,64.223,365424
2008-12-17,64.598,64.64,64.115,64.24,283203
2008-12-18,64.431,64.775,64.406,64.692,241568
2008-12-19,64.457,64.64,64.282,64.282,310476
2008-12-22,64.543,64.86,64.431,64.833,313804
2008-12-23,64.326,65.122,64.326,65.074,407144
2008-12-24,64.423,65.009,64.367,64.775,224859
2008-12-26,64.518,64.974,64.44,64.826,166600
2008-12-29,64.606,65.365,64.518,65.232,334018
2008-12-30,64.842,65.382,64.775,65.358,351294
2008-12-31,65.009,65.645,65.009,65.443,458612
2009-01-02,64.984,65.598,64.941,65.199,324056
2009-01-05,65.025,65.34,64.56,64.924,778678
2009-01-06,64.826,64.826,64.217,64.518,540204
2009-01-07,64.817,64.817,64.318,64.706,601099
2009-01-08,64.706,64.706,64.06,64.606,367198
2009-01-09,64.7,64.941,64.623,64.833,244639
2009-01-12,64.673,64.958,64.44,64.582,482918
2009-01-13,64.606,64.941,64.493,64.924,282973
2009-01-14,64.984,65.165,64.623,65.165,277026
2009-01-15,65.333,65.333,64.765,64.89,381408
2009-01-16,64.706,65.017,64.431,64.984,307692
2009-01-20,64.64,64.722,63.999,64.7,450258
2009-01-21,64.64,64.739,64.149,64.256,421033
2009-01-22,64.326,64.501,63.946,64.398,448820
2009-01-23,64.326,64.326,64.008,64.273,312373
2009-01-26,64.248,64.467,63.933,64.06,319004
2009-01-27,64.069,64.614,64.034,64.449,459313
2009-01-28,64.476,64.56,64.232,64.484,340759
2009-01-29,64.264,64.383,63.818,64.051,484949
2009-01-30,63.844,64.192,63.835,64.084,405236
2009-02-02,63.861,64.383,63.827,64.06,489624
2009-02-03,64.084,64.084,63.24,63.395,470098
2009-02-04,63.266,63.642,63.141,63.509,405815
2009-02-05,63.651,63.793,63.37,63.651,441470
2009-02-06,63.684,63.684,63.353,63.642,413205
2009-02-09,63.917,63.917,63.501,63.66,316879
2009-02-10,63.91,64.06,63.6,64.008,350628
2009-02-11,63.741,64.264,63.709,64.24,300252
2009-02-12,64.209,64.308,63.991,64.077,285953
2009-02-13,63.893,64.008,63.775,63.775,361248
2009-02-17,63.955,64.273,63.946,64.192,364136
2009-02-18,64.157,64.264,63.854,63.938,465357
2009-02-19,63.784,63.87,63.477,63.668,421843
2009-02-20,63.924,63.955,63.758,63.784,503747
2009-02-23,63.793,63.893,63.586,63.893,502545
2009-02-24,63.784,63.991,63.6,63.844,678550
2009-02-25,63.732,63.766,63.436,63.518,664719
2009-02-26,63.402,63.468,63.249,63.402,735216
2009-02-27,63.402,63.486,63.217,63.468,659114
2009-03-02,63.217,63.468,63.141,63.344,912041
2009-03-03,63.193,63.378,63.009,63.126,1073567
2009-03-04,62.954,63.151,62.938,63.12,644692
2009-03-05,63.094,63.459,63.036,63.412,816567
2009-03-06,63.328,63.468,63.141,63.141,829860
2009-03-09,63.249,63.266,62.827,62.912,905925
2009-03-10,62.835,63.134,62.749,62.976,763336
2009-03-11,63.094,63.217,62.938,63.111,655820
2009-03-12,63.224,63.395,63.001,63.249,526511
2009-03-13,63.275,63.385,63.044,63.202,488860
2009-03-16,63.102,63.291,63.009,63.159,507774
2009-03-17,63.275,63.275,62.928,63.019,720775
2009-03-18,63.193,64.64,63.086,64.14,482054
2009-03-19,64.133,64.518,63.938,64.098,451488
2009-03-20,63.938,64.133,63.69,63.809,595579
2009-03-23,63.893,63.946,63.651,63.66,402515
2009-03-24,63.495,63.835,63.412,63.625,571214
2009-03-25,63.69,63.69,63.395,63.412,688658
2009-03-26,63.495,63.741,63.436,63.625,363033
2009-03-27,63.809,63.887,63.66,63.784,494801
2009-03-30,63.879,63.991,63.625,63.91,430297
2009-03-31,63.91,64.06,63.835,63.933,478957
2009-04-01,63.879,63.933,63.69,63.835,626661
2009-04-02,63.861,63.901,63.524,63.709,682190
2009-04-03,63.684,63.775,63.361,63.37,656919
2009-04-06,63.568,63.633,63.412,63.436,649879
2009-04-07,63.6,63.684,63.451,63.56,329234
2009-04-08,63.675,63.861,63.6,63.861,313056
2009-04-09,63.668,63.879,63.552,63.784,594700
2009-04-13,63.835,63.946,63.568,63.887,452522
2009-04-14,63.991,64.092,63.861,64.051,379635
2009-04-15,64.069,64.183,63.893,64.14,767647
2009-04-16,63.887,64.06,63.887,64.018,524686
2009-04-17,63.946,64.026,63.552,63.675,731934
2009-04-20,63.775,64.06,63.775,63.991,297552
2009-04-21,64.043,64.043,63.741,63.87,490064
2009-04-22,63.955,63.991,63.758,63.981,455742
2009-04-23,64.034,64.06,63.766,64.034,449536
2009-04-24,63.917,64.034,63.802,63.999,328102
2009-04-27,63.91,64.14,63.901,64.14,487383
2009-04-28,64.165,64.165,63.784,63.91,518279
2009-04-29,64.008,64.084,63.724,63.818,450220
2009-04-30,63.854,64.018,63.827,63.999,585691
2009-05-01,63.625,63.69,63.524,63.668,496879
2009-05-04,63.668,63.835,63.642,63.716,540118
2009-05-05,63.827,63.887,63.709,63.709,409646
2009-05-06,63.749,64.051,63.749,63.981,661849
2009-05-07,63.87,63.964,63.66,63.758,622506
2009-05-08,63.917,63.964,63.724,63.917,515454
2009-05-11,63.91,64.217,63.854,64.183,403734
2009-05-12,64.14,64.256,64.084,64.157,428225
2009-05-13,64.223,64.39,64.174,64.352,359143
2009-05-14,64.343,64.449,64.24,64.326,476017
2009-05-15,64.291,64.383,64.232,64.308,643741
2009-05-18,64.383,64.423,64.026,64.115,609044
2009-05-19,64.157,64.273,64.026,64.256,435305
2009-05-20,64.352,64.526,64.209,64.449,853683
2009-05-21,64.493,64.543,64.018,64.115,351613
2009-05-22,64.098,64.209,63.981,64.098,618716
2009-05-26,64.2,64.2,63.964,63.964,359030
2009-05-27,63.955,63.991,63.495,63.586,569017
2009-05-28,63.615,63.784,63.421,63.749,395008
2009-05-29,63.716,64.273,63.684,64.209,432808
2009-06-01,63.917,64.069,63.495,63.552,613294
2009-06-02,63.716,63.793,63.534,63.793,501475
2009-06-03,63.917,64.051,63.758,64.008,504634
2009-06-04,63.964,63.964,63.56,63.608,549308
2009-06-05,63.412,63.451,63.12,63.174,656423
2009-06-08,63.258,63.37,62.984,63.044,401347
2009-06-09,62.976,63.335,62.976,63.217,551312
2009-06-10,63.21,63.3,62.976,63.06,456240
2009-06-11,62.946,63.428,62.946,63.37,455535
2009-06-12,63.477,63.608,63.266,63.534,347388
2009-06-15,63.459,63.732,63.459,63.66,418573
2009-06-16,63.7,63.964,63.66,63.955,458741
2009-06-17,64.008,64.223,63.91,63.924,450140
2009-06-18,63.809,63.818,63.402,63.451,603733
2009-06-19,63.486,63.608,63.412,63.6,618400
2009-06-22,63.917,63.933,63.749,63.749,403803
2009-06-23,63.809,64.051,63.766,64.043,400024
2009-06-24,64.018,64.217,63.835,63.901,437717
2009-06-25,64.051,64.343,63.854,64.343,540083
2009-06-26,64.423,64.431,64.308,64.376,460628
2009-06-29,64.501,64.51,64.291,64.493,471492
2009-06-30,64.376,64.484,64.223,64.383,528070
2009-07-01,63.991,64.232,63.924,64.124,516973
2009-07-02,64.06,64.256,64.034,64.149,448031
2009-07-06,64.165,64.209,64.026,64.098,288700
2009-07-07,64.223,64.376,64.157,64.232,337768
2009-07-08,64.383,64.7,64.264,64.664,405025
2009-07-09,64.56,64.59,64.326,64.484,555418
2009-07-10,64.467,64.706,64.467,64.706,528672
2009-07-13,64.722,64.792,64.551,64.606,947798
2009-07-14,64.51,64.526,64.248,64.414,449576
2009-07-15,64.24,64.3,64.06,64.092,1305954
2009-07-16,64.431,64.431,64.192,64.376,635983
2009-07-17,64.291,64.318,64.133,64.209,691740
2009-07-20,64.291,64.449,64.209,64.414,568403
2009-07-21,64.36,64.833,64.264,64.801,526899
2009-07-22,64.833,64.842,64.598,64.656,730775
2009-07-23,64.692,64.73,64.282,64.449,598411
2009-07-24,64.467,64.543,64.308,64.476,502013
2009-07-27,64.308,64.39,64.223,64.39,717675
2009-07-28,64.431,64.623,64.232,64.457,824806
2009-07-29,64.623,64.623,64.308,64.431,504740
2009-07-30,64.383,64.713,64.343,64.713,498860
2009-07-31,64.86,65.033,64.713,65.0,578087
2009-08-03,64.748,64.783,64.484,64.582,717238
2009-08-04,64.801,64.882,64.39,64.526,583698
2009-08-05,64.423,64.518,64.308,64.376,582840
2009-08-06,64.423,64.484,64.326,64.414,398601
2009-08-07,64.026,64.217,63.887,63.964,1184615
2009-08-10,64.192,64.51,64.084,64.493,579026
2009-08-11,64.614,64.649,64.449,64.606,534081
2009-08-12,64.598,64.64,64.273,64.575,503910
2009-08-13,64.59,64.866,64.467,64.73,675373
2009-08-14,64.941,65.05,64.775,64.933,769832
2009-08-17,65.149,65.149,64.842,65.113,581239
2009-08-18,65.113,65.141,64.851,65.025,560556
2009-08-19,65.241,65.241,64.915,65.097,461852
2009-08-20,64.906,65.191,64.906,65.191,585823
2009-08-21,65.132,65.241,64.874,64.984,847585
2009-08-24,64.967,65.257,64.842,65.105,913635
2009-08-25,65.132,65.224,64.949,65.215,666637
2009-08-26,65.249,65.34,65.149,65.257,615012
2009-08-27,65.182,65.241,65.05,65.182,483315
2009-08-28,65.105,65.315,65.033,65.315,760477
2009-08-31,65.34,65.451,65.156,65.443,506539
2009-09-01,65.182,65.349,65.074,65.298,785451
2009-09-02,65.282,65.516,65.205,65.443,469324
2009-09-03,65.451,65.459,65.282,65.324,532471
2009-09-04,65.443,65.451,65.173,65.257,508372
2009-09-08,65.29,65.333,65.165,65.224,594379
2009-09-09,65.232,65.333,65.057,65.333,629406
2009-09-10,65.416,65.654,65.333,65.58,588882
2009-09-11,65.639,65.739,65.492,65.614,444503
2009-09-14,65.572,65.572,65.324,65.365,516333
2009-09-15,65.399,65.459,65.306,65.416,454164
2009-09-16,65.382,65.476,65.257,65.433,643674
2009-09-17,65.459,65.622,65.358,65.622,1056667
2009-09-18,65.614,65.622,65.424,65.547,519958
2009-09-21,65.547,65.565,65.407,65.501,498078
2009-09-22,65.501,65.538,65.39,65.416,770500
2009-09-23,65.51,65.614,65.399,65.606,649527
2009-09-24,65.664,65.705,65.565,65.639,938450
2009-09-25,65.696,65.883,65.639,65.848,529048
2009-09-28,65.808,65.892,65.681,65.883,557123
2009-09-29,65.765,65.901,65.722,65.883,903919
2009-09-30,65.832,65.925,65.8,65.883,691419
2009-10-01,65.8,65.975,65.696,65.966,2993631
2009-10-02,66.139,66.139,65.739,65.773,945537
2009-10-05,65.975,65.975,65.817,65.874,559193
2009-10-06,65.91,65.975,65.8,65.949,924725
2009-10-07,66.0,66.013,65.91,65.983,964336
2009-10-08,66.053,66.053,65.757,65.957,1332827
2009-10-09,65.824,65.824,65.468,65.476,1621022
2009-10-12,65.501,65.713,65.399,65.696,421329
2009-10-13,65.824,65.824,65.58,65.748,895777
2009-10-14,65.572,65.664,65.424,65.468,1307392
2009-10-15,65.433,65.538,65.315,65.484,885038
2009-10-16,65.523,65.547,65.382,65.51,1031355
2009-10-19,65.598,65.614,65.39,65.598,1169377
2009-10-20,65.713,65.748,65.63,65.73,640358
2009-10-21,65.681,65.73,65.523,65.722,545001
2009-10-22,65.598,65.722,65.556,65.664,419435
2009-10-23,65.572,65.614,65.416,65.468,663905
2009-10-26,65.468,65.523,65.324,65.382,469380
2009-10-27,65.501,65.664,65.333,65.614,378757
2009-10-28,65.606,65.705,65.373,65.547,921077
2009-10-29,65.523,65.645,65.433,65.58,429975
2009-10-30,65.713,65.857,65.58,65.857,515037
2009-11-02,65.705,65.73,65.51,65.59,631488
2009-11-03,65.606,65.606,65.424,65.476,732644
2009-11-04,65.476,65.556,65.34,65.459,536630
2009-11-05,65.459,65.556,65.373,65.516,546115
2009-11-06,65.58,65.622,65.451,65.531,496715
2009-11-09,65.622,65.672,65.572,65.664,402649
2009-11-10,65.765,65.782,65.598,65.69,519791
2009-11-11,65.73,65.918,65.713,65.857,818889
2009-11-12,65.748,65.949,65.69,65.934,577030
2009-11-13,65.874,65.892,65.757,65.892,478121
2009-11-16,65.992,66.104,65.934,66.053,587064
2009-11-17,66.069,66.104,65.966,66.037,876006
2009-11-18,66.113,66.113,65.983,66.053,793794
2009-11-19,66.164,66.197,66.053,66.104,840755
2009-11-20,66.104,66.147,66.037,66.069,572921
2009-11-23,66.104,66.164,65.983,66.122,621628
2009-11-24,66.182,66.297,66.131,66.291,705019
2009-11-25,66.24,66.424,66.216,66.424,696569
2009-11-27,66.527,66.527,66.391,66.527,141305
2009-11-30,66.563,66.563,66.48,66.496,448769
2009-12-01,66.35,66.383,66.207,66.207,643737
2009-12-02,66.256,66.256,66.062,66.113,556666
2009-12-03,66.043,66.053,65.966,66.043,546282
2009-12-04,65.765,65.848,65.681,65.773,742360
2009-12-07,65.848,65.983,65.791,65.949,579286
2009-12-08,66.077,66.155,66.053,66.053,465208
2009-12-09,66.147,66.147,65.934,65.992,697433
2009-12-10,65.975,65.975,65.791,65.901,750228
2009-12-11,65.765,65.848,65.664,65.824,336534
2009-12-14,65.841,65.865,65.69,65.765,473101
2009-12-15,65.59,65.765,65.59,65.705,621261
2009-12-16,65.748,65.841,65.722,65.739,852186
2009-12-17,65.857,65.957,65.832,65.925,617528
2009-12-18,65.925,65.966,65.841,65.91,419215
2009-12-21,65.782,65.808,65.598,65.598,786586
2009-12-22,65.538,65.547,65.382,65.459,724608
2009-12-23,65.468,65.531,65.407,65.451,816918
2009-12-24,65.232,65.257,65.141,65.182,682257
2009-12-28,64.993,65.141,64.933,65.041,3202540
2009-12-29,64.949,65.081,64.924,65.081,891057
2009-12-30,65.141,65.224,65.057,65.173,719535
2009-12-31,65.081,65.165,64.906,65.122,485679
2010-01-04,65.132,65.241,65.081,65.199,1319247
2010-01-05,65.373,65.468,65.29,65.39,978627
2010-01-06,65.443,65.451,65.215,65.365,1178908
2010-01-07,65.232,65.358,65.232,65.315,794912
2010-01-08,65.365,65.433,65.273,65.382,1525765
2010-01-11,65.399,65.433,65.324,65.407,2687552
2010-01-12,65.556,65.654,65.531,65.654,843456
2010-01-13,65.59,65.664,65.451,65.51,553231
2010-01-14,65.614,65.696,65.572,65.664,934223
2010-01-15,65.757,65.824,65.69,65.705,895353
2010-01-19,65.748,65.791,65.654,65.672,939425
2010-01-20,65.824,65.857,65.773,65.832,501302
2010-01-21,65.874,65.983,65.824,65.91,777573
2010-01-22,65.966,66.013,65.883,65.883,484312
2010-01-25,65.949,65.949,65.757,65.791,832401
2010-01-26,65.957,65.992,65.848,65.949,593895
2010-01-27,65.992,66.013,65.824,65.857,718164
2010-01-28,65.722,65.925,65.722,65.883,836290
2010-01-29,65.832,66.0,65.8,65.966,563905
2010-02-01,65.8,65.808,65.664,65.713,525367
2010-02-02,65.696,65.782,65.622,65.757,688331
2010-02-03,65.664,65.73,65.606,65.713,534211
2010-02-04,65.773,65.901,65.773,65.841,515306
2010-02-05,65.949,66.053,65.832,65.949,1085803
2010-02-08,65.992,65.992,65.848,65.957,493881
2010-02-09,65.918,65.957,65.773,65.824,830861
2010-02-10,65.841,65.848,65.614,65.672,545058
2010-02-11,65.622,65.639,65.443,65.565,607014
2010-02-12,65.705,65.791,65.63,65.654,465991
2010-02-16,65.63,65.773,65.598,65.739,1496964
2010-02-17,65.713,65.73,65.501,65.59,793015
2010-02-18,65.664,65.664,65.416,65.501,613428
2010-02-19,65.476,65.501,65.365,65.501,611853
2010-02-22,65.538,65.538,65.416,65.476,582233
2010-02-23,65.572,65.73,65.547,65.722,620044
2010-02-24,65.791,65.857,65.722,65.808,454842
2010-02-25,65.901,65.901,65.782,65.901,1030959
2010-02-26,65.892,66.062,65.892,65.975,1124759
2010-03-01,65.91,65.91,65.765,65.848,678722
2010-03-02,65.841,65.918,65.8,65.901,852637
2010-03-03,65.883,65.918,65.808,65.91,879238
2010-03-04,65.892,65.975,65.832,65.957,554079
2010-03-05,65.857,65.874,65.73,65.857,1081471
2010-03-08,65.748,65.773,65.713,65.748,865138
2010-03-09,65.791,65.817,65.713,65.791,693512
2010-03-10,65.705,65.739,65.63,65.739,1378984
2010-03-11,65.705,65.757,65.654,65.73,405572
2010-03-12,65.664,65.824,65.639,65.757,666639
2010-03-15,65.832,65.857,65.765,65.848,552088
2010-03-16,65.817,65.966,65.791,65.966,629293
2010-03-17,65.957,65.983,65.925,65.983,457075
2010-03-18,66.0,66.013,65.832,65.865,713525
2010-03-19,65.857,65.975,65.857,65.918,409985
2010-03-22,65.943,65.992,65.925,65.983,581421
2010-03-23,66.006,66.043,65.949,65.983,647158
2010-03-24,65.773,65.857,65.58,65.645,785679
2010-03-25,65.622,65.639,65.333,65.443,1200011
2010-03-26,65.492,65.614,65.424,65.58,1036988
2010-03-29,65.565,65.614,65.443,65.443,1024950
2010-03-30,65.538,65.58,65.451,65.572,559332
2010-03-31,65.654,65.696,65.572,65.63,556153
2010-04-01,65.451,65.451,65.333,65.407,727033
2010-04-05,65.199,65.205,64.967,65.025,981546
2010-04-06,65.074,65.122,65.05,65.074,586106
2010-04-07,65.132,65.365,65.132,65.324,632929
2010-04-08,65.443,65.451,65.273,65.29,804428
2010-04-09,65.349,65.451,65.29,65.416,406089
2010-04-12,65.416,65.538,65.407,65.484,728586
2010-04-13,65.614,65.63,65.523,65.614,558156
2010-04-14,65.622,65.672,65.523,65.565,726779
2010-04-15,65.538,65.69,65.443,65.664,855607
2010-04-16,65.722,65.817,65.672,65.808,578944
2010-04-19,65.848,65.848,65.681,65.722,524478
2010-04-20,65.782,65.791,65.696,65.791,469822
2010-04-21,65.8,65.883,65.765,65.841,846859
2010-04-22,65.883,65.957,65.765,65.8,572265
2010-04-23,65.75,65.776,65.647,65.75,640661
2010-04-26,65.841,65.841,65.696,65.713,537247
2010-04-27,65.841,66.006,65.8,65.957,719006
2010-04-28,65.934,65.957,65.817,65.918,880685
2010-04-29,65.949,66.013,65.874,65.943,828031
2010-04-30,66.029,66.173,65.966,66.131,619939
2010-05-03,65.841,65.91,65.773,65.901,641220
2010-05-04,66.053,66.122,65.983,66.086,562614
2010-05-05,66.189,66.291,66.086,66.122,606522
2010-05-06,66.139,67.404,65.358,66.383,1876064
2010-05-07,66.415,66.715,66.216,66.216,922054
2010-05-10,66.062,66.282,66.053,66.139,621481
2010-05-11,66.225,66.24,66.069,66.232,683202
2010-05-12,66.225,66.248,66.037,66.043,2675386
2010-05-13,66.256,66.256,66.053,66.173,496438
2010-05-14,66.332,66.504,66.275,66.398,839151
2010-05-17,66.48,66.605,66.359,66.407,457541
2010-05-18,66.488,66.689,66.341,66.648,904845
2010-05-19,66.572,66.741,66.555,66.664,551889
2010-05-20,66.831,66.874,66.622,66.78,962599
2010-05-21,67.044,67.104,66.798,66.874,1198161
2010-05-24,66.874,66.932,66.824,66.865,1004788
2010-05-25,66.969,67.069,66.707,66.882,1287982
2010-05-26,66.773,66.807,66.596,66.798,841202
2010-05-27,66.631,66.631,66.449,66.536,1045963
2010-05-28,66.58,66.707,66.536,66.673,614904
2010-06-01,66.496,66.596,66.415,66.519,715367
2010-06-02,66.496,66.555,66.415,66.472,3202159
2010-06-03,66.297,66.456,66.297,66.398,1427978
2010-06-04,66.555,66.68,66.496,66.572,2458315
2010-06-07,66.545,66.798,66.545,66.78,568227
2010-06-08,66.707,66.824,66.707,66.757,647131
2010-06-09,66.673,66.78,66.588,66.757,536133
2010-06-10,66.588,66.664,66.464,66.488,1016067
2010-06-11,66.572,66.68,66.496,66.588,746398
2010-06-14,66.536,66.622,66.464,66.605,648238
2010-06-15,66.655,66.68,66.464,66.496,970822
2010-06-16,66.588,66.655,66.527,66.648,795255
2010-06-17,66.68,66.89,66.673,66.831,943340
2010-06-18,66.849,66.874,66.773,66.807,1083705
2010-06-21,66.673,66.858,66.673,66.824,750229
2010-06-22,66.874,67.009,66.824,66.977,596890
2010-06-23,67.035,67.206,66.969,67.147,701013
2010-06-24,67.215,67.223,66.984,67.052,542306
2010-06-25,67.052,67.198,67.035,67.138,539836
2010-06-28,67.215,67.315,67.171,67.264,1477859
2010-06-29,67.282,67.429,67.282,67.421,1427596
2010-06-30,67.449,67.49,67.317,67.434,1545753
2010-07-01,67.339,67.396,67.215,67.282,1959893
2010-07-02,67.255,67.315,67.147,67.239,769355
2010-07-06,67.239,67.421,67.223,67.404,946573
2010-07-07,67.429,67.438,67.296,67.322,706486
2010-07-08,67.215,67.332,67.147,67.273,744206
2010-07-09,67.215,67.223,67.121,67.198,699581
2010-07-12,67.239,67.296,67.171,67.223,511395
2010-07-13,67.18,67.18,67.052,67.104,617630
2010-07-14,67.198,67.315,67.13,67.282,955991
2010-07-15,67.322,67.451,67.264,67.347,3513279
2010-07-16,67.438,67.605,67.364,67.569,421424
2010-07-19,67.605,67.631,67.484,67.493,547347
2010-07-20,67.614,67.648,67.484,67.484,3100803
2010-07-21,67.526,67.782,67.526,67.731,950406
2010-07-22,67.722,67.722,67.614,67.656,569323
2010-07-23,67.656,67.664,67.493,67.535,857174
2010-07-26,67.553,67.587,67.451,67.569,685224
2010-07-27,67.444,67.587,67.444,67.535,979635
2010-07-28,67.493,67.681,67.493,67.656,616980
2010-07-29,67.656,67.747,67.569,67.731,609210
2010-07-30,67.894,67.92,67.791,67.831,1814807
2010-08-02,67.631,67.648,67.544,67.623,2665460
2010-08-03,67.747,67.814,67.623,67.808,1480701
2010-08-04,67.764,67.782,67.638,67.672,1873445
2010-08-05,67.747,67.791,67.689,67.782,905106
2010-08-06,67.886,67.975,67.814,67.975,3036043
2010-08-09,67.933,67.95,67.837,67.894,512911
2010-08-10,67.886,68.045,67.831,68.036,1349358
2010-08-11,68.072,68.123,68.01,68.089,1039206
2010-08-12,68.01,68.106,67.933,67.958,580094
2010-08-13,68.045,68.162,67.958,68.157,805344
2010-08-16,68.384,68.443,68.318,68.4,703333
2010-08-17,68.35,68.358,68.248,68.31,989495
2010-08-18,68.358,68.384,68.248,68.272,601007
2010-08-19,68.189,68.443,68.189,68.416,589009
2010-08-20,68.434,68.443,68.318,68.333,752558
2010-08-23,68.564,68.714,68.564,68.679,479527
2010-08-24,68.834,68.943,68.783,68.92,652247
2010-08-25,68.977,69.073,68.762,68.824,1249573
2010-08-26,68.842,68.92,68.783,68.884,551990
2010-08-27,68.815,68.943,68.555,68.572,867132
2010-08-30,68.729,68.877,68.67,68.877,600261
2010-08-31,68.928,69.021,68.92,68.995,665285
2010-09-01,68.738,68.752,68.453,68.59,658136
2010-09-02,68.511,68.547,68.408,68.453,764932
2010-09-03,68.28,68.358,68.157,68.326,949977
2010-09-07,68.495,68.638,68.4,68.624,903314
2010-09-08,68.495,68.52,68.408,68.425,600430
2010-09-09,68.318,68.35,68.15,68.172,703990
2010-09-10,68.115,68.157,68.019,68.089,481315
2010-09-13,68.072,68.31,68.053,68.264,879861
2010-09-14,68.257,68.416,68.257,68.358,815423
2010-09-15,68.318,68.4,68.264,68.295,563818
2010-09-16,68.212,68.257,68.098,68.189,589352
2010-09-17,68.248,68.358,68.231,68.257,623561
2010-09-20,68.239,68.326,68.212,68.304,612994
2010-09-21,68.31,68.606,68.31,68.555,694023
2010-09-22,68.631,68.729,68.58,68.616,597874
2010-09-23,68.738,68.745,68.59,68.631,822050
2010-09-24,68.598,68.598,68.453,68.469,628781
2010-09-27,68.631,68.783,68.572,68.762,944128
2010-09-28,68.762,68.943,68.762,68.91,982921
2010-09-29,68.901,68.91,68.801,68.834,517232
2010-09-30,68.785,68.837,68.582,68.803,925453
2010-10-01,68.58,68.616,68.434,68.564,1022986
2010-10-04,68.638,68.745,68.58,68.738,686755
2010-10-05,68.714,68.783,68.679,68.752,911604
2010-10-06,68.961,68.994,68.884,68.91,545343
2010-10-07,68.994,69.045,68.943,69.029,672476
2010-10-08,69.089,69.137,68.943,68.943,1050876
2010-10-11,69.045,69.055,68.91,68.92,531272
2010-10-12,69.011,69.029,68.851,68.851,518229
2010-10-13,68.877,68.969,68.801,68.961,735812
2010-10-14,68.868,68.952,68.689,68.696,1113505
2010-10-15,68.598,68.705,68.539,68.539,978839
2010-10-18,68.689,68.815,68.638,68.792,584915
2010-10-19,68.67,68.92,68.67,68.893,565504
2010-10-20,68.868,68.986,68.807,68.868,724036
2010-10-21,68.877,68.91,68.792,68.807,809555
2010-10-22,68.783,68.86,68.762,68.768,623835
2010-10-25,68.91,68.943,68.768,68.807,1698663
2010-10-26,68.67,68.738,68.598,68.624,464400
2010-10-27,68.539,68.598,68.453,68.478,2378915
2010-10-28,68.606,68.714,68.564,68.714,841521
2010-10-29,68.757,68.839,68.732,68.831,523530
2010-11-01,68.783,68.815,68.58,68.646,779270
2010-11-02,68.776,68.776,68.714,68.762,1045547
2010-11-03,68.901,69.02,68.689,68.834,1734557
2010-11-04,68.977,69.089,68.952,69.055,1006865
2010-11-05,68.884,68.969,68.762,68.762,1414934
2010-11-08,68.807,68.851,68.762,68.776,668984
2010-11-09,68.776,68.792,68.408,68.425,603397
2010-11-10,68.416,68.478,68.141,68.4,1061967
2010-11-11,68.462,68.469,68.304,68.425,303804
2010-11-12,68.326,68.408,68.098,68.123,896995
2010-11-15,67.984,68.072,67.747,67.8,2166861
2010-11-16,67.86,68.019,67.638,68.019,1254896
2010-11-17,68.053,68.172,67.966,68.036,609420
2010-11-18,67.984,68.036,67.86,68.036,671079
2010-11-19,68.027,68.123,67.975,68.053,1536668
2010-11-22,68.162,68.257,68.162,68.257,781456
2010-11-23,68.326,68.425,68.272,68.272,874575
2010-11-24,68.141,68.172,67.92,67.941,647971
2010-11-26,68.098,68.106,67.924,68.106,391127
2010-11-29,68.222,68.222,68.062,68.157,448217
2010-11-30,68.354,68.37,68.152,68.183,621687
2010-12-01,67.722,67.814,67.553,67.578,1406260
2010-12-02,67.544,67.689,67.501,67.518,865349
2010-12-03,67.731,67.8,67.569,67.631,629502
2010-12-06,67.731,67.853,67.697,67.853,1273741
2010-12-07,67.623,67.648,67.239,67.364,1189646
2010-12-08,67.113,67.138,66.798,67.009,1161113
2010-12-09,67.121,67.189,66.96,67.069,951381
2010-12-10,67.019,67.044,66.858,66.858,1044574
2010-12-13,66.79,67.077,66.741,67.028,1232899
2010-12-14,66.865,66.946,66.511,66.605,1567894
2010-12-15,66.504,66.733,66.35,66.398,1112979
2010-12-16,66.357,66.579,66.247,66.544,1341875
2010-12-17,66.588,66.984,66.588,66.954,990272
2010-12-20,67.019,67.171,66.907,66.994,768313
2010-12-21,67.044,67.087,66.907,67.069,1801632
2010-12-22,67.069,67.104,66.946,66.994,656733
2010-12-23,66.946,66.946,66.858,66.924,573034
2010-12-27,66.456,66.622,66.341,66.622,618418
2010-12-28,66.536,66.563,66.189,66.189,827234
2010-12-29,66.225,66.651,66.206,66.583,771423
2010-12-30,66.567,66.609,66.41,66.592,805856
2010-12-31,66.658,66.851,66.658,66.815,564710
2011-01-03,66.614,66.78,66.555,66.733,1125101
2011-01-04,66.773,66.865,66.655,66.741,2143360
2011-01-05,66.527,66.572,66.324,66.449,1005904
2011-01-06,66.504,66.555,66.398,66.504,709957
2011-01-07,66.588,66.84,66.536,66.757,993255
2011-01-10,66.831,66.916,66.765,66.916,612467
2011-01-11,66.907,66.916,66.707,66.78,1178158
2011-01-12,66.673,66.798,66.588,66.741,621722
2011-01-13,66.68,66.946,66.68,66.946,1232499
2011-01-14,66.984,67.035,66.84,66.84,1278691
2011-01-18,66.798,66.84,66.673,66.79,920399
2011-01-19,66.807,66.898,66.757,66.874,867631
2011-01-20,66.749,66.773,66.527,66.622,1215805
2011-01-21,66.596,66.757,66.572,66.757,663921
2011-01-24,66.757,66.849,66.733,66.749,699192
2011-01-25,66.815,66.984,66.715,66.924,1658816
2011-01-26,66.824,66.874,66.689,66.689,1326429
2011-01-27,66.749,66.882,66.689,66.824,529898
2011-01-28,66.715,67.002,66.698,66.96,1066622
2011-01-31,66.936,66.965,66.807,66.876,1274922
2011-02-01,66.58,66.631,66.456,66.555,1425915
2011-02-02,66.631,66.64,66.415,66.48,973614
2011-02-03,66.341,66.432,66.256,66.256,1022989
2011-02-04,66.189,66.24,65.992,66.029,1048072
2011-02-07,65.966,66.086,65.934,66.037,1468407
2011-02-08,66.037,66.069,65.817,65.832,1194280
2011-02-09,65.857,66.086,65.773,65.992,1504499
2011-02-10,65.901,65.992,65.773,65.782,623523
2011-02-11,66.006,66.095,65.925,66.006,884640
2011-02-14,65.992,66.216,65.957,66.077,671921
2011-02-15,66.062,66.197,66.037,66.173,568723
2011-02-16,66.173,66.291,66.104,66.197,763262
2011-02-18,66.207,66.324,66.173,66.297,648332
2011-02-22,66.374,66.572,66.359,66.545,1944709
2011-02-23,66.614,66.68,66.511,66.536,767223
2011-02-24,66.596,66.707,66.572,66.605,1128439
2011-02-25,66.648,66.79,66.64,66.79,1199087
2011-02-28,66.787,66.88,66.755,66.88,2202619
2011-03-01,66.697,66.874,66.654,66.849,669117
2011-03-02,66.824,66.917,66.697,66.715,713158
2011-03-03,66.553,66.586,66.413,66.446,1007303
2011-03-04,66.544,66.698,66.526,66.673,1150291
2011-03-07,66.595,66.78,66.579,66.663,531904
2011-03-08,66.639,66.673,66.562,66.604,598639
2011-03-09,66.663,66.824,66.587,66.724,854079
2011-03-10,66.89,67.045,66.789,67.029,662658
2011-03-11,67.053,67.087,66.984,67.035,867666
2011-03-14,67.121,67.216,67.096,67.105,681555
2011-03-15,67.297,67.34,67.139,67.148,720175
2011-03-16,67.324,67.733,67.256,67.46,1049325
2011-03-17,67.343,67.426,67.225,67.369,647114
2011-03-18,67.249,67.367,67.217,67.358,639294
2011-03-21,67.24,67.307,67.096,67.166,975058
2011-03-22,67.105,67.166,67.07,67.139,1197346
2011-03-23,67.283,67.283,67.087,67.114,1257512
2011-03-24,67.087,67.114,66.984,67.003,778793
2011-03-25,67.079,67.088,66.865,66.917,871581
2011-03-28,66.815,66.925,66.797,66.858,971368
2011-03-29,66.849,66.925,66.706,66.74,778263
2011-03-30,66.789,66.882,66.748,66.858,894964
2011-03-31,66.942,66.958,66.764,66.779,859487
2011-04-01,66.68,66.898,66.672,66.865,1139017
2011-04-04,66.94,67.029,66.898,66.946,722831
2011-04-05,66.898,66.933,66.78,66.797,1183850
2011-04-06,66.765,66.78,66.697,66.697,569422
2011-04-07,66.731,66.772,66.62,66.679,812066
2011-04-08,66.586,66.68,66.57,66.638,821321
2011-04-11,66.638,66.715,66.595,66.647,530415
2011-04-12,66.764,66.916,66.764,66.882,929753
2011-04-13,66.84,67.029,66.824,67.003,614642
2011-04-14,67.029,67.079,66.955,66.97,671584
2011-04-15,67.115,67.192,67.089,67.182,1249627
2011-04-18,67.167,67.335,67.115,67.257,950505
2011-04-19,67.342,67.407,67.308,67.367,634685
2011-04-20,67.317,67.376,67.257,67.276,754069
2011-04-21,67.286,67.359,67.277,67.327,678771
2011-04-25,67.335,67.407,67.299,67.367,859538
2011-04-26,67.441,67.584,67.426,67.575,643049
2011-04-27,67.449,67.566,67.417,67.541,908789
2011-04-28,67.621,67.688,67.575,67.67,1250475
2011-04-29,67.633,67.79,67.633,67.762,628228
2011-05-02,67.781,67.859,67.72,67.781,977886
2011-05-03,67.845,67.879,67.774,67.854,826192
2011-05-04,67.859,67.976,67.837,67.933,978935
2011-05-05,67.995,68.128,67.969,68.093,692861
2011-05-06,68.002,68.225,67.967,68.143,717972
2011-05-09,68.183,68.234,68.143,68.201,648549
2011-05-10,68.125,68.158,68.002,68.02,766864
2011-05-11,67.995,68.159,67.96,68.11,680240
2011-05-12,68.073,68.152,67.976,68.037,1184106
2011-05-13,68.117,68.282,68.117,68.143,829458
2011-05-16,68.201,68.306,68.143,68.298,1515029
2011-05-17,68.37,68.43,68.345,68.404,849703
2011-05-18,68.37,68.388,68.209,68.215,840447
2011-05-19,68.028,68.225,68.011,68.192,905379
2011-05-20,68.202,68.308,68.202,68.254,896828
2011-05-23,68.421,68.421,68.291,68.291,643866
2011-05-24,68.291,68.354,68.243,68.328,1194507
2011-05-25,68.388,68.413,68.298,68.354,579336
2011-05-26,68.388,68.535,68.354,68.449,1710992
2011-05-27,68.477,68.502,68.433,68.477,923008
2011-05-31,68.443,68.61,68.363,68.557,1510738
2011-06-01,68.681,68.889,68.672,68.889,1257502
2011-06-02,68.74,68.786,68.617,68.617,1059968
2011-06-03,68.863,68.863,68.625,68.731,887943
2011-06-06,68.639,68.748,68.632,68.691,1000326
2011-06-07,68.638,68.778,68.579,68.769,1090515
2011-06-08,68.81,68.982,68.794,68.906,980425
2011-06-09,68.896,68.914,68.697,68.747,1271239
2011-06-10,68.819,68.897,68.748,68.828,1159614
2011-06-13,68.731,68.872,68.716,68.765,1003052
2011-06-14,68.599,68.599,68.477,68.477,1021946
2011-06-15,68.555,68.819,68.511,68.755,1191174
2011-06-16,68.833,68.903,68.76,68.791,1051818
2011-06-17,68.763,68.88,68.747,68.862,1490138
2011-06-20,68.88,68.897,68.731,68.779,956089
2011-06-21,68.707,68.863,68.707,68.795,832104
2011-06-22,68.855,68.932,68.74,68.811,809276
2011-06-23,68.931,69.042,68.923,68.982,1099299
2011-06-24,68.948,69.128,68.938,69.051,861406
2011-06-27,69.042,69.042,68.81,68.845,836482
2011-06-28,68.763,68.769,68.493,68.597,2673023
2011-06-29,68.547,68.59,68.39,68.442,1709783
2011-06-30,68.509,68.537,68.176,68.303,2148764
2011-07-01,68.378,68.448,68.248,68.327,1093451
2011-07-05,68.429,68.577,68.429,68.561,876748
2011-07-06,68.566,68.659,68.532,68.602,1356196
2011-07-07,68.438,68.473,68.327,68.457,1085338
2011-07-08,68.722,68.88,68.704,68.809,1264148
2011-07-11,68.965,69.078,68.923,69.016,701731
2011-07-12,69.104,69.128,68.938,69.087,1045876
2011-07-13,69.016,69.178,68.982,69.178,1236747
2011-07-14,69.042,69.136,68.914,68.914,1183258
2011-07-15,68.836,69.087,68.826,69.042,680252
2011-07-18,69.06,69.078,68.948,68.948,946999
2011-07-19,68.885,69.143,68.878,69.134,946852
2011-07-20,69.095,69.128,68.991,69.026,974224
2011-07-21,68.948,68.982,68.778,68.871,778325
2011-07-22,68.947,69.06,68.93,69.06,1097362
2011-07-25,68.862,69.026,68.794,68.827,945176
2011-07-26,68.921,69.077,68.878,68.997,717992
2011-07-27,68.906,69.016,68.827,68.854,1002907
2011-07-28,68.971,69.094,68.937,69.059,1954135
2011-07-29,69.163,69.442,69.078,69.413,2321571
2011-08-01,69.447,69.692,69.394,69.634,1542574
2011-08-02,69.692,70.02,69.627,69.933,1531104
2011-08-03,70.01,70.181,69.968,69.985,1641856
2011-08-04,70.084,70.416,70.036,70.406,1300710
2011-08-05,70.172,70.368,69.851,69.95,1600230
2011-08-08,69.903,70.376,69.903,70.272,5897610
2011-08-09,70.265,71.054,69.994,70.524,2742910
2011-08-10,70.87,71.101,70.714,71.08,2916000
2011-08-11,70.661,70.833,70.341,70.394,2202847
2011-08-12,70.517,70.772,70.475,70.62,1348170
2011-08-15,70.63,70.714,70.492,70.501,1659921
2011-08-16,70.484,70.765,70.441,70.714,1516882
2011-08-17,70.733,70.897,70.613,70.842,1133094
2011-08-18,71.094,71.283,70.981,70.997,2873219
2011-08-19,71.01,71.097,70.926,71.066,1829429
2011-08-22,70.932,70.99,70.815,70.906,1223680
2011-08-23,70.8,70.906,70.652,70.687,1962611
2011-08-24,70.642,70.642,70.272,70.281,1731321
2011-08-25,70.404,70.517,70.323,70.484,2570363
2011-08-26,70.623,70.681,70.416,70.568,1147688
2011-08-29,70.404,70.422,70.257,70.394,1928921
2011-08-30,70.59,70.706,70.422,70.652,981541
2011-08-31,70.753,70.762,70.519,70.568,2680077
2011-09-01,70.672,70.864,70.452,70.864,2242683
2011-09-02,71.039,71.158,70.942,71.039,1249865
2011-09-06,71.197,71.224,71.069,71.161,1462798
2011-09-07,71.069,71.086,70.939,71.004,1456444
2011-09-08,71.144,71.144,70.955,71.094,1147734
2011-09-09,71.066,71.254,71.041,71.149,1072346
2011-09-12,71.105,71.121,70.864,70.945,2877787
2011-09-13,70.986,70.986,70.776,70.864,1173323
2011-09-14,70.827,71.018,70.827,71.018,1231730
2011-09-15,70.883,70.945,70.811,70.883,1351415
2011-09-16,70.797,70.92,70.693,70.858,1427906
2011-09-19,71.131,71.228,71.066,71.075,1224920
2011-09-20,71.157,71.203,71.084,71.167,831673
2011-09-21,71.184,71.4,71.131,71.365,1690416
2011-09-22,71.584,71.746,71.507,71.532,1217829
2011-09-23,71.579,71.579,71.248,71.299,946631
2011-09-26,71.22,71.311,71.041,71.075,1163019
2011-09-27,70.936,70.977,70.794,70.936,2291496
2011-09-28,70.917,70.945,70.742,70.776,2464854
2011-09-29,70.708,70.874,70.691,70.767,1419673
2011-09-30,70.953,71.085,70.872,71.034,1512508
2011-10-03,71.207,71.447,71.1,71.438,2444402
2011-10-04,71.448,71.483,71.134,71.153,1797408
2011-10-05,71.078,71.094,70.813,70.848,4691210
2011-10-06,70.885,70.92,70.761,70.804,1363141
2011-10-07,70.648,70.797,70.561,70.648,5820456
2011-10-10,70.626,70.693,70.344,70.553,1261067
2011-10-11,70.596,70.603,70.505,70.522,1147864
2011-10-12,70.362,70.553,70.344,70.505,2389744
2011-10-13,70.603,70.684,70.505,70.586,1987828
2011-10-14,70.396,70.543,70.369,70.461,1012873
2011-10-17,70.545,70.711,70.463,70.703,1976283
2011-10-18,70.738,70.814,70.596,70.626,993168
2011-10-19,70.648,70.895,70.603,70.814,2281930
2011-10-20,70.778,70.939,70.684,70.778,2168545
2011-10-21,70.796,70.858,70.665,70.665,2217436
2011-10-24,70.769,70.769,70.648,70.72,1482751
2011-10-25,70.712,71.103,70.712,71.089,1899981
2011-10-26,70.98,71.125,70.895,70.913,1044023
2011-10-27,70.83,70.849,70.505,70.545,1865083
2011-10-28,70.633,70.848,70.594,70.796,770018
2011-10-31,70.978,71.135,70.926,71.108,1440972
2011-11-01,71.338,71.646,71.295,71.637,1963581
2011-11-02,71.465,71.641,71.43,71.596,1052756
2011-11-03,71.452,71.593,71.434,71.461,1158442
2011-11-04,71.404,71.548,71.386,71.52,2226445
2011-11-07,71.458,71.711,71.421,71.538,2424641
2011-11-08,71.513,71.571,71.3,71.316,2218368
2011-11-09,71.559,71.559,71.338,71.41,1579656
2011-11-10,71.287,71.425,71.147,71.32,2917604
2011-11-11,71.291,71.308,71.198,71.267,818763
2011-11-14,71.326,71.343,71.161,71.276,1500858
2011-11-15,71.308,71.379,71.188,71.232,1551975
2011-11-16,71.37,71.37,71.267,71.37,2000303
2011-11-17,71.276,71.406,71.207,71.335,1346235
2011-11-18,71.355,71.365,71.089,71.295,1211175
2011-11-21,71.335,71.387,71.258,71.276,2435158
2011-11-22,71.3,71.387,71.198,71.351,1427833
2011-11-23,71.276,71.473,71.249,71.43,1789128
2011-11-25,71.295,71.443,71.295,71.33,1704523
2011-11-28,71.061,71.387,71.004,71.326,1818271
2011-11-29,71.232,71.361,71.094,71.224,872943
2011-11-30,71.178,71.187,70.894,71.073,2305048
2011-12-01,71.022,71.111,70.789,71.047,1837683
2011-12-02,71.007,71.295,70.966,71.28,2746033
2011-12-05,71.119,71.304,71.022,71.287,2792095
2011-12-06,71.158,71.274,71.091,71.195,1004292
2011-12-07,71.236,71.386,71.158,71.289,1634576
2011-12-08,71.281,71.496,71.281,71.457,1258873
2011-12-09,71.429,71.513,71.255,71.281,1389474
2011-12-12,71.382,71.443,71.338,71.355,984448
2011-12-13,71.287,71.593,71.287,71.533,2443020
2011-12-14,71.566,71.706,71.508,71.672,2336310
2011-12-15,71.609,71.68,71.576,71.637,3031452
2011-12-16,71.722,71.842,71.722,71.833,1586433
2011-12-19,71.851,71.964,71.789,71.807,1540150
2011-12-20,71.886,71.886,71.662,71.662,1503980
2011-12-21,71.697,71.706,71.468,71.468,1246123
2011-12-22,71.581,71.642,71.548,71.597,1005887
2011-12-23,71.482,71.771,71.457,71.695,1150455
2011-12-27,71.572,71.659,71.342,71.52,1959593
2011-12-28,71.548,71.815,71.465,71.796,1645862
2011-12-29,71.796,71.92,71.722,71.859,1234039
2011-12-30,71.967,72.01,71.844,71.914,1783280
2012-01-03,71.815,71.815,71.597,71.685,2651710
2012-01-04,71.722,71.755,71.624,71.722,2587640
2012-01-05,71.703,71.796,71.634,71.695,1387959
2012-01-06,71.713,71.833,71.695,71.737,1223265
2012-01-09,71.737,71.92,71.737,71.796,968591
2012-01-10,71.805,71.877,71.737,71.761,1119975
2012-01-11,71.887,71.957,71.835,71.939,991352
2012-01-12,72.008,72.008,71.764,71.835,2379065
2012-01-13,72.046,72.118,71.955,72.046,1032872
2012-01-17,72.097,72.149,71.977,71.986,1020069
2012-01-18,72.134,72.142,71.971,71.971,2212058
2012-01-19,71.971,72.029,71.85,71.903,2072301
2012-01-20,71.92,71.928,71.651,71.761,1323574
2012-01-23,71.722,71.778,71.634,71.678,1028661
2012-01-24,71.771,71.771,71.659,71.695,1228654
2012-01-25,71.746,72.108,71.713,71.903,1279294
2012-01-26,71.996,72.108,71.955,72.09,2435744
2012-01-27,72.153,72.231,72.067,72.223,1984356
2012-01-30,72.374,72.428,72.228,72.307,1912655
2012-01-31,72.327,72.362,72.222,72.362,4415949
2012-02-01,72.35,72.407,72.257,72.292,3370675
2012-02-02,72.35,72.509,72.301,72.407,2669888
2012-02-03,72.265,72.318,72.214,72.311,1536685
2012-02-06,72.301,72.388,72.248,72.342,2971884
2012-02-07,72.287,72.306,72.149,72.252,1734013
2012-02-08,72.243,72.261,72.14,72.165,1261119
2012-02-09,72.183,72.183,72.081,72.174,1086398
2012-02-10,72.24,72.301,72.179,72.214,1163024
2012-02-13,72.248,72.275,72.161,72.214,1081576
2012-02-14,72.318,72.423,72.265,72.311,1104853
2012-02-15,72.342,72.378,72.214,72.214,1495168
2012-02-16,72.231,72.292,72.144,72.223,1131178
2012-02-17,72.093,72.12,71.983,72.059,1358960
2012-02-21,72.077,72.086,71.999,72.015,1043378
2012-02-22,72.111,72.275,72.067,72.257,2141170
2012-02-23,72.231,72.326,72.161,72.292,1149115
2012-02-24,72.33,72.364,72.287,72.34,1478912
2012-02-27,72.5,72.5,72.43,72.475,1124422
2012-02-28,72.542,72.56,72.439,72.466,1872434
2012-02-29,72.514,72.521,72.339,72.402,1307277
2012-03-01,72.21,72.34,72.183,72.279,1802528
2012-03-02,72.293,72.47,72.285,72.426,1242189
2012-03-05,72.419,72.454,72.252,72.279,1397187
2012-03-06,72.432,72.477,72.38,72.4,814837
2012-03-07,72.409,72.461,72.362,72.409,729517
2012-03-08,72.4,72.417,72.267,72.303,979234
2012-03-09,72.27,72.27,72.156,72.235,1447235
2012-03-12,72.355,72.374,72.279,72.287,1266323
2012-03-13,72.235,72.252,72.072,72.072,1556645
2012-03-14,72.011,72.011,71.63,71.647,1236539
2012-03-15,71.62,71.76,71.611,71.664,864604
2012-03-16,71.524,71.709,71.486,71.656,1679973
2012-03-19,71.647,71.674,71.433,71.468,1093541
2012-03-20,71.524,71.552,71.433,71.486,1122827
2012-03-21,71.647,71.76,71.577,71.691,1757942
2012-03-22,71.829,71.829,71.743,71.793,1351722
2012-03-23,71.834,71.939,71.797,71.921,1331482
2012-03-26,71.874,71.952,71.811,71.917,1315375
2012-03-27,71.935,72.088,71.935,72.036,1266628
2012-03-28,72.036,72.106,71.969,72.019,738794
2012-03-29,72.123,72.183,72.053,72.174,1203506
2012-03-30,72.198,72.225,71.97,72.029,1681459
2012-04-02,72.068,72.198,71.966,72.024,2139562
2012-04-03,72.127,72.144,71.72,71.753,1109322
2012-04-04,71.981,71.981,71.753,71.955,1204330
2012-04-05,72.11,72.11,71.988,72.075,744339
2012-04-09,72.409,72.487,72.337,72.344,1276107
2012-04-10,72.477,72.621,72.442,72.553,1393937
2012-04-11,72.461,72.47,72.371,72.451,1172947
2012-04-12,72.477,72.511,72.409,72.461,1009647
2012-04-13,72.597,72.666,72.528,72.64,2864364
2012-04-16,72.657,72.72,72.605,72.64,1424139
2012-04-17,72.652,72.652,72.556,72.634,965901
2012-04-18,72.694,72.701,72.613,72.685,836859
2012-04-19,72.744,72.744,72.657,72.666,765384
2012-04-20,72.649,72.685,72.572,72.657,683223
2012-04-23,72.796,72.796,72.694,72.744,972158
2012-04-24,72.71,72.744,72.631,72.657,1272883
2012-04-25,72.631,72.685,72.52,72.64,1043051
2012-04-26,72.762,72.787,72.701,72.736,865851
2012-04-27,72.744,72.796,72.694,72.779,969812
2012-04-30,72.824,72.844,72.789,72.824,1051696
2012-05-01,72.905,72.905,72.697,72.722,2292320
2012-05-02,72.787,72.868,72.779,72.832,883337
2012-05-03,72.757,72.932,72.757,72.932,1447063
2012-05-04,72.972,73.023,72.928,73.005,728281
2012-05-07,73.032,73.032,72.981,72.981,1206342
2012-05-08,73.023,73.146,73.023,73.051,875246
2012-05-09,73.055,73.096,72.976,73.009,1833966
2012-05-10,72.932,73.009,72.855,72.967,1897794
2012-05-11,73.076,73.084,72.99,73.013,1994413
2012-05-14,73.127,73.18,73.084,73.146,873130
2012-05-15,73.165,73.18,73.069,73.165,1688930
2012-05-16,73.06,73.165,73.013,73.119,1576259
2012-05-17,73.119,73.239,73.013,73.18,1523164
2012-05-18,73.101,73.221,73.069,73.137,1197177
2012-05-21,73.172,73.189,73.119,73.146,2619564
2012-05-22,73.084,73.084,72.944,73.023,1831759
2012-05-23,73.101,73.165,73.076,73.076,1400665
2012-05-24,73.069,73.091,72.998,72.998,886201
2012-05-25,73.055,73.114,73.046,73.087,849288
2012-05-29,73.127,73.165,73.069,73.084,1554007
2012-05-30,73.257,73.378,73.239,73.36,797690
2012-05-31,73.485,73.607,73.422,73.503,1677570
2012-06-01,73.738,73.802,73.628,73.757,1900988
2012-06-04,73.602,73.655,73.526,73.575,1951188
2012-06-05,73.515,73.543,73.407,73.424,2373869
2012-06-06,73.479,73.479,73.241,73.283,3212494
2012-06-07,73.291,73.362,73.223,73.31,2668218
2012-06-08,73.436,73.482,73.278,73.356,1803643
2012-06-11,73.339,73.482,73.323,73.419,1348561
2012-06-12,73.384,73.401,73.278,73.304,1370254
2012-06-13,73.349,73.482,73.278,73.464,1391387
2012-06-14,73.474,73.474,73.349,73.419,824627
2012-06-15,73.518,73.594,73.499,73.584,909975
2012-06-18,73.602,73.62,73.499,73.594,970414
2012-06-19,73.536,73.545,73.445,73.499,1042717
2012-06-20,73.384,73.482,73.27,73.356,1461640
2012-06-21,73.455,73.562,73.419,73.482,1115896
2012-06-22,73.462,73.471,73.31,73.327,2546683
2012-06-25,73.508,73.536,73.445,73.526,1097060
2012-06-26,73.464,73.545,73.436,73.445,1337996
2012-06-27,73.545,73.554,73.455,73.526,767636
2012-06-28,73.611,73.655,73.575,73.602,1051216
2012-06-29,73.469,73.565,73.421,73.559,2345976
2012-07-02,73.608,73.774,73.582,73.701,1424063
2012-07-03,73.741,73.741,73.586,73.604,1982196
2012-07-05,73.665,73.805,73.63,73.805,1469356
2012-07-06,73.844,73.935,73.826,73.878,985801
2012-07-09,73.935,74.031,73.906,74.022,915703
2012-07-10,74.04,74.104,73.995,74.086,906071
2012-07-11,74.04,74.15,73.98,73.988,1554032
2012-07-12,74.104,74.121,74.047,74.121,2317184
2012-07-13,74.083,74.128,74.036,74.128,805312
2012-07-16,74.255,74.316,74.166,74.175,2158449
2012-07-17,74.19,74.209,74.13,74.149,1198183
2012-07-18,74.246,74.325,74.237,74.273,721779
2012-07-19,74.255,74.35,74.246,74.255,989094
2012-07-20,74.376,74.429,74.348,74.394,1009251
2012-07-23,74.501,74.501,74.397,74.432,1044136
2012-07-24,74.407,74.56,74.369,74.519,850684
2012-07-25,74.536,74.568,74.491,74.568,553242
2012-07-26,74.545,74.56,74.501,74.518,804291
2012-07-27,74.339,74.376,74.128,74.234,1095914
2012-07-30,74.291,74.416,74.209,74.378,2029348
2012-07-31,74.479,74.503,74.361,74.46,863933
2012-08-01,74.429,74.481,74.339,74.366,1812716
2012-08-02,74.528,74.606,74.477,74.51,1027293
2012-08-03,74.366,74.376,74.225,74.234,2190796
2012-08-06,74.357,74.366,74.271,74.304,1411679
2012-08-07,74.149,74.149,74.039,74.112,2002912
2012-08-08,74.147,74.188,74.066,74.092,1083293
2012-08-09,74.018,74.101,73.931,74.051,1914940
2012-08-10,74.225,74.225,74.083,74.137,1025939
2012-08-13,74.155,74.215,74.137,74.147,1041418
2012-08-14,74.0,74.018,73.921,73.967,1278745
2012-08-15,73.858,73.858,73.687,73.697,891355
2012-08-16,73.75,73.76,73.547,73.623,826708
2012-08-17,73.68,73.797,73.68,73.743,912692
2012-08-20,73.723,73.796,73.687,73.705,846429
2012-08-21,73.75,73.841,73.649,73.841,755462
2012-08-22,73.958,74.163,73.95,74.137,1419596
2012-08-23,74.215,74.244,74.172,74.172,1285359
2012-08-24,74.299,74.299,74.149,74.174,4414483
2012-08-27,74.244,74.296,74.225,74.288,817340
2012-08-28,74.288,74.348,74.271,74.314,1235395
2012-08-29,74.291,74.299,74.2,74.255,974958
2012-08-30,74.333,74.369,74.291,74.316,654610
2012-08-31,74.358,74.578,74.323,74.578,1343700
2012-09-04,74.541,74.573,74.48,74.532,2366483
2012-09-05,74.523,74.581,74.496,74.532,1195882
2012-09-06,74.411,74.411,74.268,74.354,2678745
2012-09-07,74.519,74.553,74.35,74.35,1057940
2012-09-10,74.35,74.378,74.273,74.369,1128784
2012-09-11,74.369,74.369,74.273,74.273,1039710
2012-09-12,74.182,74.2,74.121,74.166,921474
2012-09-13,74.237,74.325,73.97,74.316,1538755
2012-09-14,74.16,74.16,73.936,73.954,2424673
2012-09-17,74.002,74.13,74.002,74.053,971951
2012-09-18,74.2,74.264,74.112,74.14,3928709
2012-09-19,74.264,74.325,74.228,74.237,1291895
2012-09-20,74.36,74.369,74.209,74.255,1081073
2012-09-21,74.258,74.373,74.212,74.336,1441404
2012-09-24,74.388,74.439,74.36,74.416,1934399
2012-09-25,74.459,74.569,74.407,74.56,1408108
2012-09-26,74.667,74.73,74.599,74.686,1419823
2012-09-27,74.653,74.704,74.628,74.643,1097919
2012-09-28,74.704,74.74,74.608,74.704,1625618
2012-10-01,74.687,74.777,74.668,74.767,1131436
2012-10-02,74.721,74.775,74.704,74.767,876912
2012-10-03,74.704,74.801,74.686,74.739,1854119
2012-10-04,74.711,74.749,74.618,74.618,758016
2012-10-05,74.573,74.573,74.496,74.541,756377
2012-10-08,74.591,74.668,74.514,74.639,669694
2012-10-09,74.514,74.591,74.504,74.504,1266534
2012-10-10,74.523,74.639,74.462,74.619,719908
2012-10-11,74.556,74.678,74.523,74.678,934748
2012-10-12,74.732,74.759,74.696,74.732,2733878
2012-10-15,74.712,74.74,74.678,74.705,913270
2012-10-16,74.678,74.678,74.556,74.556,1487607
2012-10-17,74.514,74.523,74.293,74.373,6412827
2012-10-18,74.427,74.427,74.276,74.336,1554975
2012-10-19,74.309,74.503,74.309,74.451,1273990
2012-10-22,74.443,74.453,74.319,74.345,669241
2012-10-23,74.457,74.518,74.405,74.509,1080245
2012-10-24,74.462,74.514,74.453,74.471,736977
2012-10-25,74.319,74.42,74.293,74.354,740273
2012-10-26,74.418,74.539,74.389,74.503,663936
2012-10-31,74.63,74.689,74.55,74.63,1172499
2012-11-01,74.653,74.695,74.58,74.677,1179293
2012-11-02,74.618,74.711,74.521,74.704,1256976
2012-11-05,74.739,74.838,74.73,74.819,1726041
2012-11-06,74.701,74.764,74.545,74.578,1219389
2012-11-07,74.889,74.906,74.737,74.755,1176808
2012-11-08,74.755,74.933,74.727,74.87,757876
2012-11-09,74.785,74.873,74.73,74.801,1740097
2012-11-12,74.873,74.926,74.81,74.917,955866
2012-11-13,74.892,74.98,74.856,74.908,4222786
2012-11-14,74.819,74.908,74.775,74.892,920162
2012-11-15,74.81,74.917,74.785,74.882,1186429
2012-11-16,74.87,74.933,74.816,74.844,1306831
2012-11-19,74.801,74.856,74.758,74.847,1241838
2012-11-20,74.819,74.838,74.704,74.73,874385
2012-11-21,74.667,74.686,74.628,74.653,729987
2012-11-23,74.615,74.692,74.586,74.665,753798
2012-11-26,74.767,74.775,74.653,74.653,1079485
2012-11-27,74.721,74.819,74.711,74.801,991052
2012-11-28,74.828,74.892,74.801,74.847,923002
2012-11-29,74.819,74.908,74.81,74.892,1045909
2012-11-30,74.938,74.948,74.83,74.83,1108085
2012-12-03,74.773,74.914,74.727,74.897,3023621
2012-12-04,74.942,74.971,74.906,74.961,1039784
2012-12-05,74.914,75.031,74.914,75.013,1198700
2012-12-06,75.039,75.074,74.988,75.013,874262
2012-12-07,74.88,74.962,74.844,74.87,1403657
2012-12-10,74.914,74.942,74.87,74.914,1561538
2012-12-11,74.799,74.889,74.799,74.854,2360149
2012-12-12,74.861,74.88,74.692,74.737,1252513
2012-12-13,74.649,74.709,74.586,74.586,1369119
2012-12-14,74.634,74.701,74.605,74.634,3266320
2012-12-17,74.673,74.673,74.5,74.5,1526971
2012-12-18,74.437,74.49,74.323,74.332,2007841
2012-12-19,74.385,74.545,74.385,74.49,2553777
2012-12-20,74.568,74.615,74.509,74.509,1265457
2012-12-21,74.615,74.658,74.586,74.615,1486985
2012-12-24,74.607,74.659,74.588,74.642,933499
2012-12-26,74.642,74.73,74.642,74.694,1135514
2012-12-27,74.686,74.839,74.617,74.767,1085533
2012-12-28,74.82,74.829,74.721,74.786,1830487
2012-12-31,74.795,74.821,74.642,74.704,2360751
2013-01-02,74.492,74.636,74.492,74.597,2088797
2013-01-03,74.607,74.627,74.377,74.377,2146439
2013-01-04,74.339,74.492,74.314,74.492,2049954
2013-01-07,74.448,74.476,74.386,74.438,2099316
2013-01-08,74.466,74.554,74.448,74.51,1337178
2013-01-09,74.481,74.507,74.402,74.481,1619092
2013-01-10,74.465,74.507,74.393,74.481,1348146
2013-01-11,74.396,74.554,74.396,74.537,1557672
2013-01-14,74.56,74.627,74.537,74.537,1005285
2013-01-15,74.627,74.686,74.607,74.636,1443190
2013-01-16,74.676,74.704,74.579,74.627,1278180
2013-01-17,74.547,74.56,74.458,74.501,1173792
2013-01-18,74.499,74.614,74.499,74.614,1034693
2013-01-22,74.501,74.607,74.492,74.547,2309771
2013-01-23,74.6,74.662,74.6,74.655,1437557
2013-01-24,74.588,74.617,74.537,74.554,1194010
2013-01-25,74.393,74.429,74.293,74.311,1656568
2013-01-28,74.121,74.257,74.121,74.22,1605011
2013-01-29,74.211,74.285,74.112,74.14,1217549
2013-01-30,74.095,74.121,74.019,74.06,1829450
2013-01-31,74.176,74.193,74.085,74.193,1833974
2013-02-01,74.337,74.337,73.992,73.992,2065782
2013-02-04,74.14,74.267,74.112,74.248,1955940
2013-02-05,74.178,74.206,74.099,74.126,2677596
2013-02-06,74.225,74.325,74.187,74.297,2711949
2013-02-07,74.297,74.369,74.262,74.306,1175398
2013-02-08,74.29,74.315,74.171,74.29,1001294
2013-02-11,74.22,74.276,74.192,74.202,2530845
2013-02-12,74.22,74.24,74.159,74.22,1257449
2013-02-13,74.131,74.176,74.085,74.121,1295832
2013-02-14,74.121,74.24,74.121,74.23,1061215
2013-02-15,74.197,74.235,74.116,74.171,2895199
2013-02-19,74.211,74.23,74.112,74.14,1185006
2013-02-20,74.099,74.235,74.099,74.197,1060215
2013-02-21,74.285,74.302,74.22,74.267,901295
2013-02-22,74.297,74.315,74.262,74.297,931027
2013-02-25,74.267,74.577,74.22,74.544,1142279
2013-02-26,74.499,74.658,74.499,74.577,1201542
2013-02-27,74.655,74.655,74.484,74.556,776056
2013-02-28,74.586,74.606,74.526,74.586,705270
2013-03-01,74.639,74.679,74.563,74.639,940761
2013-03-04,74.67,74.679,74.62,74.62,1024743
2013-03-05,74.617,74.627,74.553,74.57,1130941
2013-03-06,74.518,74.547,74.447,74.447,1030171
2013-03-07,74.404,74.424,74.312,74.339,856838
2013-03-08,74.184,74.212,73.992,74.132,7109297
2013-03-11,74.116,74.206,74.099,74.099,1869684
2013-03-12,74.145,74.245,74.145,74.245,1360091
2013-03-13,74.178,74.245,74.136,74.154,1442574
2013-03-14,74.145,74.235,74.116,74.178,1944369
2013-03-15,74.177,74.303,74.177,74.268,1001517
2013-03-18,74.369,74.433,74.35,74.417,1317622
2013-03-19,74.46,74.573,74.441,74.46,2530598
2013-03-20,74.437,74.475,74.385,74.385,917666
2013-03-21,74.483,74.483,74.385,74.404,1139296
2013-03-22,74.437,74.491,74.394,74.475,809838
2013-03-25,74.424,74.51,74.404,74.466,1200413
2013-03-26,74.437,74.51,74.394,74.491,734327
2013-03-27,74.528,74.642,74.518,74.642,1228429
2013-03-28,74.617,74.667,74.57,74.652,1016015
2013-04-01,74.457,74.597,74.457,74.57,1181231
2013-04-02,74.519,74.579,74.491,74.579,2242478
2013-04-03,74.588,74.722,74.579,74.627,1447180
2013-04-04,74.722,74.867,74.722,74.841,877368
2013-04-05,75.073,75.091,75.019,75.046,1164966
2013-04-08,75.046,75.099,74.977,75.011,1217732
2013-04-09,74.969,75.029,74.903,74.929,1627846
2013-04-10,74.887,74.887,74.768,74.788,966428
2013-04-11,74.795,74.831,74.777,74.821,1288848
2013-04-12,74.851,75.004,74.851,75.004,1241791
2013-04-15,74.969,75.091,74.969,75.082,1605875
2013-04-16,75.029,75.091,75.003,75.063,999573
2013-04-17,75.075,75.17,75.039,75.101,1024793
2013-04-18,75.109,75.16,75.082,75.141,832902
2013-04-19,75.143,75.152,75.075,75.083,1364291
2013-04-22,75.152,75.179,75.125,75.179,975954
2013-04-23,75.179,75.252,75.092,75.162,1005558
2013-04-24,75.12,75.189,75.101,75.143,952376
2013-04-25,75.143,75.143,75.083,75.101,978932
2013-04-26,75.17,75.244,75.152,75.198,819274
2013-04-29,75.268,75.315,75.244,75.26,780517
2013-04-30,75.181,75.328,75.181,75.262,886440
2013-05-01,75.334,75.388,75.315,75.388,973710
2013-05-02,75.376,75.414,75.34,75.405,895203
2013-05-03,75.225,75.235,75.047,75.047,998067
2013-05-06,75.065,75.075,74.97,75.039,1230069
2013-05-07,74.967,75.009,74.938,74.967,1310538
2013-05-08,74.984,75.054,74.967,75.037,884107
2013-05-09,75.009,75.062,74.91,74.919,926707
2013-05-10,74.904,74.904,74.66,74.732,898469
2013-05-13,74.637,74.677,74.618,74.653,1074462
2013-05-14,74.643,74.687,74.484,74.51,1211860
2013-05-15,74.547,74.618,74.476,74.598,1445601
2013-05-16,74.643,74.778,74.643,74.705,1526012
2013-05-17,74.674,74.684,74.525,74.544,1028040
2013-05-20,74.608,74.653,74.457,74.529,2134310
2013-05-21,74.484,74.637,74.438,74.598,845606
2013-05-22,74.618,74.712,74.321,74.347,1473560
2013-05-23,74.424,74.457,74.286,74.339,1461292
2013-05-24,74.352,74.453,74.308,74.343,1050557
2013-05-28,74.292,74.299,73.905,73.944,1052947
2013-05-29,73.905,74.004,73.849,73.996,1622245
2013-05-30,73.962,74.049,73.935,73.944,1778505
2013-05-31,73.999,74.028,73.628,73.808,1552852
2013-06-03,73.684,73.859,73.635,73.739,3104442
2013-06-04,73.749,73.787,73.661,73.712,1535796
2013-06-05,73.694,73.805,73.678,73.684,1363717
2013-06-06,73.739,73.962,73.661,73.787,1227024
2013-06-07,73.684,73.832,73.565,73.6,1330864
2013-06-10,73.467,73.53,73.401,73.411,1110175
2013-06-11,73.212,73.447,73.153,73.447,2279259
2013-06-12,73.365,73.447,73.249,73.301,1399082
2013-06-13,73.401,73.654,73.355,73.627,1783044
2013-06-14,73.684,73.768,73.653,73.702,1257476
2013-06-17,73.721,73.759,73.608,73.654,1145995
2013-06-18,73.492,73.626,73.483,73.589,1479980
2013-06-19,73.608,73.654,72.999,73.163,1735607
2013-06-20,72.62,72.773,72.488,72.497,1676913
2013-06-21,72.565,72.608,72.177,72.196,1879839
2013-06-24,71.751,72.11,71.614,71.849,3895256
2013-06-25,72.06,72.096,71.882,72.016,7002833
2013-06-26,72.423,72.423,72.106,72.267,2629874
2013-06-27,72.413,72.555,72.385,72.555,997249
2013-06-28,72.918,73.146,72.816,73.064,1180029
2013-07-01,72.546,72.744,72.538,72.719,1574252
2013-07-02,72.74,72.802,72.696,72.731,971660
2013-07-03,72.742,72.813,72.67,72.68,625139
2013-07-05,72.08,72.134,71.847,71.873,1737697
2013-07-08,72.008,72.249,72.008,72.196,2196381
2013-07-09,72.276,72.33,72.24,72.276,1503760
2013-07-10,72.295,72.321,72.096,72.096,3414246
2013-07-11,72.439,72.582,72.366,72.582,1144693
2013-07-12,72.617,72.682,72.405,72.486,1549569
2013-07-15,72.546,72.692,72.529,72.682,2549575
2013-07-16,72.731,72.793,72.704,72.784,2144807
2013-07-17,72.969,73.033,72.889,72.951,1792504
2013-07-18,72.97,72.98,72.78,72.835,1525378
2013-07-19,72.85,73.02,72.85,73.02,1569867
2013-07-22,72.989,73.113,72.989,73.07,1157587
2013-07-23,72.98,73.077,72.942,73.052,1746280
2013-07-24,72.873,72.891,72.701,72.815,1302022
2013-07-25,72.664,72.844,72.654,72.788,864232
2013-07-26,72.85,72.887,72.776,72.84,1127279
2013-07-29,72.825,72.844,72.735,72.835,1708744
2013-07-30,72.793,72.85,72.696,72.784,1433970
2013-07-31,72.489,72.869,72.489,72.869,1557145
2013-08-01,72.644,72.717,72.436,72.518,1608598
2013-08-02,72.65,72.793,72.65,72.749,1157344
2013-08-05,72.749,72.793,72.65,72.776,1667811
2013-08-06,72.699,72.742,72.652,72.733,915241
2013-08-07,72.749,72.85,72.74,72.84,1026472
2013-08-08,72.879,72.966,72.86,72.879,811784
2013-08-09,72.811,72.976,72.793,72.966,828712
2013-08-12,72.957,73.001,72.802,72.83,1149718
2013-08-13,72.668,72.668,72.516,72.58,999475
2013-08-14,72.56,72.604,72.516,72.542,897800
2013-08-15,72.325,72.418,72.227,72.281,1014016
2013-08-16,72.29,72.317,71.992,72.092,902947
2013-08-19,72.002,72.036,71.858,71.885,850495
2013-08-20,71.985,72.092,71.958,72.092,1091906
2013-08-21,72.002,72.064,71.812,71.812,818051
2013-08-22,71.821,71.913,71.74,71.885,833779
2013-08-23,71.831,72.129,71.792,72.092,1810113
2013-08-26,72.21,72.237,72.137,72.219,760096
2013-08-27,72.291,72.436,72.245,72.402,811648
2013-08-28,72.319,72.327,72.21,72.273,852988
2013-08-29,72.12,72.382,72.12,72.344,948686
2013-08-30,72.807,72.884,72.709,72.719,1341340
2013-09-03,72.154,72.173,71.922,72.085,1781213
2013-09-04,72.137,72.164,71.941,71.993,896893
2013-09-05,71.775,71.821,71.481,71.496,1813246
2013-09-06,71.802,71.913,71.74,71.766,1056343
2013-09-09,71.967,71.985,71.905,71.949,1095895
2013-09-10,71.885,71.932,71.75,71.792,1240909
2013-09-11,71.895,71.993,71.802,71.993,1632224
2013-09-12,72.065,72.12,71.949,71.976,838105
2013-09-13,72.003,72.101,71.985,72.092,1181328
2013-09-16,72.446,72.456,72.137,72.181,908987
2013-09-17,72.254,72.263,72.164,72.245,1054861
2013-09-18,72.245,72.898,72.111,72.823,1222108
2013-09-19,72.951,72.951,72.699,72.742,1162793
2013-09-20,72.725,72.77,72.652,72.733,621037
2013-09-23,72.699,72.823,72.699,72.787,922307
2013-09-24,72.889,72.997,72.843,72.942,1165736
2013-09-25,72.979,73.113,72.951,73.094,872817
2013-09-26,72.979,73.023,72.951,72.988,751827
2013-09-27,72.979,73.077,72.96,73.004,540485
2013-09-30,73.483,73.541,73.4,73.531,1340376
2013-10-01,72.999,73.035,72.906,72.962,1266503
2013-10-02,73.005,73.115,72.999,73.045,1087678
2013-10-03,72.982,73.096,72.972,73.08,6707261
2013-10-04,72.972,73.025,72.952,72.999,827570
2013-10-07,73.164,73.171,73.035,73.054,928031
2013-10-08,73.005,73.096,72.991,73.025,929982
2013-10-09,73.045,73.063,72.935,72.982,1234524
2013-10-10,72.883,73.025,72.855,72.999,994041
2013-10-11,73.088,73.154,73.005,73.025,842562
2013-10-14,73.025,73.045,72.835,72.883,537637
2013-10-15,72.982,72.999,72.865,72.865,1038075
2013-10-16,72.883,73.171,72.845,73.171,1034394
2013-10-17,73.293,73.441,73.268,73.422,792877
2013-10-18,73.479,73.545,73.441,73.506,890186
2013-10-21,73.496,73.496,73.404,73.414,1052844
2013-10-22,73.604,73.699,73.604,73.65,843965
2013-10-23,73.719,73.793,73.674,73.68,818760
2013-10-24,73.785,73.793,73.659,73.68,780562
2013-10-25,73.727,73.775,73.69,73.766,776771
2013-10-28,73.709,73.785,73.69,73.699,1041998
2013-10-29,73.674,73.756,73.659,73.746,755328
2013-10-30,73.802,73.847,73.604,73.674,1002186
2013-10-31,74.063,74.116,73.921,74.002,1777029
2013-11-01,73.624,73.651,73.479,73.479,1113454
2013-11-04,73.535,73.577,73.497,73.526,772908
2013-11-05,73.479,73.479,73.303,73.303,2379391
2013-11-06,73.422,73.471,73.387,73.431,1434475
2013-11-07,73.517,73.586,73.471,73.577,925239
2013-11-08,73.197,73.204,73.079,73.096,2636440
2013-11-11,73.105,73.105,73.024,73.034,1868823
2013-11-12,72.981,73.062,72.961,72.999,1970416
2013-11-13,73.163,73.222,73.115,73.197,1516711
2013-11-14,73.293,73.422,73.26,73.404,1295671
2013-11-15,73.414,73.441,73.358,73.431,902931
2013-11-18,73.451,73.586,73.451,73.568,965146
2013-11-19,73.507,73.535,73.368,73.422,904119
2013-11-20,73.387,73.517,73.188,73.222,1129921
2013-11-21,73.179,73.267,73.087,73.222,3495037
2013-11-22,73.276,73.387,73.267,73.387,2180228
2013-11-25,73.387,73.471,73.377,73.441,1751326
2013-11-26,73.461,73.535,73.451,73.451,1298410
2013-11-27,73.497,73.507,73.331,73.422,1731938
2013-11-29,73.466,73.637,73.466,73.619,1164454
2013-12-02,73.326,73.372,73.183,73.183,1427253
2013-12-03,73.264,73.336,73.227,73.255,1148014
2013-12-04,73.084,73.167,73.039,73.148,1998276
2013-12-05,73.09,73.138,73.009,73.019,2413133
2013-12-06,73.058,73.158,73.009,73.128,1784917
2013-12-09,73.2,73.236,73.158,73.2,1056850
2013-12-10,73.345,73.382,73.272,73.353,1053180
2013-12-11,73.318,73.336,73.2,73.227,1459713
2013-12-12,73.109,73.158,73.029,73.039,2109329
2013-12-13,73.119,73.158,73.076,73.119,1229235
2013-12-16,73.183,73.227,73.109,73.148,2051624
2013-12-17,73.174,73.288,73.148,73.281,2409504
2013-12-18,73.208,73.4,73.109,73.255,1965730
2013-12-19,73.058,73.158,73.009,73.119,1750522
2013-12-20,73.174,73.264,73.128,73.255,1249385
2013-12-23,73.236,73.281,73.128,73.167,3760812
2013-12-24,72.93,72.93,72.849,72.849,631959
2013-12-26,72.819,72.849,72.737,72.737,2293799
2013-12-27,72.72,72.791,72.694,72.737,2180053
2013-12-30,72.819,72.877,72.791,72.858,3097674
2013-12-31,72.838,72.902,72.765,72.828,1795615
2014-01-02,72.877,72.947,72.829,72.894,1553400
2014-01-03,72.858,72.976,72.839,72.901,1733733
2014-01-06,72.966,73.02,72.92,72.966,1415037
2014-01-07,73.03,73.059,72.986,73.059,2989287
2014-01-08,72.91,72.93,72.819,72.819,3817073
2014-01-09,72.92,72.986,72.858,72.956,1147371
2014-01-10,73.201,73.309,73.175,73.309,1511253
2014-01-13,73.354,73.478,73.327,73.411,862146
2014-01-14,73.411,73.428,73.289,73.299,877851
2014-01-15,73.228,73.299,73.193,73.256,858023
2014-01-16,73.373,73.42,73.354,73.42,1086212
2014-01-17,73.411,73.503,73.364,73.503,734783
2014-01-21,73.458,73.561,73.448,73.503,2825211
2014-01-22,73.42,73.458,73.364,73.373,1800331
2014-01-23,73.494,73.68,73.494,73.574,1706738
2014-01-24,73.689,73.792,73.68,73.764,1294637
2014-01-27,73.754,73.801,73.611,73.629,9452587
2014-01-28,73.698,73.725,73.621,73.689,4485984
2014-01-29,73.792,73.913,73.735,73.856,3566938
2014-01-30,73.801,73.856,73.735,73.856,2422491
2014-01-31,73.894,73.995,73.894,73.96,3700759
2014-02-03,73.962,74.192,73.904,74.192,4517434
2014-02-04,74.119,74.139,74.043,74.073,2110031
2014-02-05,74.043,74.082,73.924,73.924,1484916
2014-02-06,73.895,73.924,73.83,73.895,2546202
2014-02-07,73.924,74.034,73.895,73.989,1020938
2014-02-10,73.989,74.043,73.953,74.034,1428344
2014-02-11,73.876,73.914,73.821,73.876,5925044
2014-02-12,73.802,73.802,73.666,73.745,3353511
2014-02-13,73.866,73.944,73.857,73.934,3801956
2014-02-14,73.953,73.962,73.885,73.904,4613734
2014-02-18,73.944,74.05,73.924,74.005,3035897
2014-02-19,74.082,74.166,73.924,73.944,2177842
2014-02-20,73.895,73.944,73.812,73.934,1183990
2014-02-21,73.847,73.989,73.83,73.989,649995
2014-02-24,73.981,73.989,73.924,73.972,3441871
2014-02-25,74.057,74.139,74.025,74.111,1562201
2014-02-26,74.092,74.278,74.092,74.269,1082721
2014-02-27,74.359,74.359,74.278,74.359,735669
2014-02-28,74.295,74.304,74.202,74.304,2682628
2014-03-03,74.41,74.489,74.333,74.464,1531662
2014-03-04,74.342,74.351,74.194,74.203,1185768
2014-03-05,74.185,74.306,74.131,74.306,1777006
2014-03-06,74.131,74.168,74.075,74.121,1903430
2014-03-07,73.896,73.963,73.877,73.905,2108127
2014-03-10,73.915,73.963,73.896,73.954,2196001
2014-03-11,73.954,73.982,73.896,73.945,2477573
2014-03-12,74.059,74.112,74.016,74.094,2521416
2014-03-13,74.016,74.333,74.016,74.315,2412468
2014-03-14,74.38,74.4,74.261,74.271,2008750
2014-03-17,74.243,74.271,74.151,74.168,2948320
2014-03-18,74.185,74.271,74.168,74.252,1629032
2014-03-19,74.233,74.243,73.867,73.905,2580093
2014-03-20,73.915,73.925,73.831,73.841,904827
2014-03-21,73.905,74.059,73.877,74.051,1258347
2014-03-24,73.963,74.103,73.935,74.059,4904158
2014-03-25,74.035,74.131,74.006,74.044,1616862
2014-03-26,74.121,74.271,74.094,74.243,4077195
2014-03-27,74.213,74.342,74.185,74.315,3213152
2014-03-28,74.342,74.342,74.131,74.177,1518296
2014-03-31,74.094,74.203,74.059,74.177,3055746
2014-04-01,74.121,74.151,74.066,74.094,3083741
2014-04-02,74.043,74.066,73.914,73.953,3340087
2014-04-03,73.989,74.058,73.953,74.015,2160900
2014-04-04,74.121,74.279,74.121,74.233,1022641
2014-04-07,74.261,74.41,74.261,74.371,1200546
2014-04-08,74.39,74.454,74.325,74.427,736155
2014-04-09,74.351,74.474,74.297,74.41,4263398
2014-04-10,74.509,74.699,74.474,74.639,1202707
2014-04-11,74.726,74.745,74.629,74.68,1715161
2014-04-14,74.67,74.716,74.629,74.67,2661102
2014-04-15,74.645,74.791,74.599,74.708,2423679
2014-04-16,74.609,74.69,74.589,74.662,3158510
2014-04-17,74.68,74.699,74.41,74.474,1151524
2014-04-21,74.482,74.561,74.454,74.49,3756295
2014-04-22,74.42,74.5,74.4,74.49,1718016
2014-04-23,74.554,74.645,74.547,74.609,1957500
2014-04-24,74.537,74.629,74.5,74.629,889220
2014-04-25,74.67,74.755,74.645,74.655,1590267
2014-04-28,74.629,74.67,74.547,74.571,930185
2014-04-29,74.49,74.619,74.49,74.609,917799
2014-04-30,74.67,74.773,74.619,74.773,2032093
2014-05-01,74.798,74.978,74.781,74.959,1933040
2014-05-02,74.807,75.076,74.771,75.039,1653906
2014-05-05,75.056,75.066,74.92,74.959,1975704
2014-05-06,74.986,75.048,74.969,75.031,1420843
2014-05-07,75.031,75.128,74.986,75.066,1166870
2014-05-08,75.128,75.211,75.048,75.103,2111374
2014-05-09,75.056,75.085,75.004,75.012,1660199
2014-05-12,74.978,74.986,74.884,74.939,1086139
2014-05-13,75.004,75.085,75.004,75.076,1690647
2014-05-14,75.173,75.333,75.173,75.266,1379432
2014-05-15,75.35,75.518,75.35,75.407,1213062
2014-05-16,75.397,75.453,75.36,75.407,821781
2014-05-19,75.48,75.508,75.35,75.378,1276196
2014-05-20,75.314,75.472,75.314,75.417,1408702
2014-05-21,75.296,75.36,75.266,75.35,1295887
2014-05-22,75.333,75.35,75.258,75.304,537480
2014-05-23,75.35,75.388,75.314,75.378,917349
2014-05-27,75.388,75.463,75.314,75.453,963371
2014-05-28,75.553,75.726,75.553,75.698,771818
2014-05-29,75.716,75.809,75.622,75.632,1540355
2014-05-30,75.572,75.622,75.536,75.562,1593664
2014-06-02,75.478,75.543,75.358,75.376,1164519
2014-06-03,75.312,75.332,75.181,75.191,709592
2014-06-04,75.238,75.247,75.126,75.2,1594338
2014-06-05,75.181,75.312,75.171,75.284,664956
2014-06-06,75.443,75.443,75.256,75.274,1130489
2014-06-09,75.256,75.256,75.153,75.209,1310529
2014-06-10,75.12,75.144,75.054,75.063,1636717
2014-06-11,75.153,75.171,75.073,75.091,1789572
2014-06-12,75.144,75.322,75.1,75.284,1841156
2014-06-13,75.126,75.294,75.12,75.265,908495
2014-06-16,75.238,75.302,75.2,75.247,3842163
2014-06-17,75.163,75.181,75.073,75.073,666377
2014-06-18,75.153,75.284,75.11,75.265,1626383
2014-06-19,75.386,75.395,75.135,75.2,3637206
2014-06-20,75.144,75.256,75.144,75.247,3113430
2014-06-23,75.332,75.34,75.2,75.218,1236012
2014-06-24,75.322,75.376,75.238,75.358,1419650
2014-06-25,75.526,75.543,75.415,75.461,2096189
2014-06-26,75.526,75.605,75.488,75.561,579686
2014-06-27,75.605,75.64,75.543,75.561,689212
2014-06-30,75.605,75.631,75.543,75.621,983792
2014-07-01,75.508,75.563,75.463,75.48,1397545
2014-07-02,75.397,75.397,75.265,75.275,1065191
2014-07-03,75.163,75.248,75.12,75.182,723772
2014-07-07,75.248,75.295,75.238,75.275,1797649
2014-07-08,75.417,75.472,75.378,75.417,1516319
2014-07-09,75.407,75.518,75.35,75.49,1384192
2014-07-10,75.592,75.623,75.49,75.508,721870
2014-07-11,75.607,75.671,75.573,75.616,1040042
2014-07-14,75.573,75.582,75.48,75.508,1079173
2014-07-15,75.445,75.563,75.388,75.453,3390817
2014-07-16,75.48,75.508,75.437,75.48,832331
2014-07-17,75.592,75.735,75.563,75.679,913195
2014-07-18,75.717,75.717,75.599,75.679,1243996
2014-07-21,75.699,75.784,75.679,75.679,2525458
2014-07-22,75.735,75.784,75.662,75.784,842644
2014-07-23,75.819,75.848,75.735,75.745,1477371
2014-07-24,75.671,75.671,75.563,75.599,868992
2014-07-25,75.699,75.745,75.662,75.735,1534695
2014-07-28,75.764,75.784,75.662,75.717,1356034
2014-07-29,75.794,75.829,75.689,75.784,1379286
2014-07-30,75.642,75.642,75.445,75.499,2077468
2014-07-31,75.368,75.508,75.35,75.417,3378163
2014-08-01,75.537,75.701,75.429,75.664,3843802
2014-08-04,75.71,75.822,75.672,75.766,4427954
2014-08-05,75.71,75.757,75.618,75.664,4289386
2014-08-06,75.804,75.812,75.719,75.747,3167722
2014-08-07,75.796,75.927,75.728,75.917,2389992
2014-08-08,75.947,76.046,75.851,75.861,1741412
2014-08-11,75.908,75.956,75.841,75.898,1005689
2014-08-12,75.908,75.908,75.812,75.832,2560786
2014-08-13,75.898,76.0,75.851,75.974,1022125
2014-08-14,76.081,76.089,75.937,76.046,2840711
2014-08-15,76.098,76.331,76.064,76.181,7444022
2014-08-18,76.116,76.133,76.018,76.027,4343514
2014-08-19,76.106,76.116,75.965,76.018,1813382
2014-08-20,75.982,76.01,75.861,75.908,5611410
2014-08-21,75.947,76.027,75.937,75.991,3858013
2014-08-22,75.991,76.046,75.861,75.991,1291659
2014-08-25,76.046,76.055,75.982,76.018,2054259
2014-08-26,76.089,76.098,76.018,76.055,1426018
2014-08-27,76.116,76.189,76.073,76.172,1150725
2014-08-28,76.294,76.313,76.217,76.276,742185
2014-08-29,76.237,76.322,76.227,76.276,1170693
2014-09-02,76.131,76.131,76.008,76.016,1308381
2014-09-03,75.989,76.141,75.963,76.141,1050953
2014-09-04,76.104,76.114,75.98,76.016,2033808
2014-09-05,76.053,76.097,75.945,75.989,2023179
2014-09-08,76.08,76.104,75.915,75.935,2960835
2014-09-09,75.849,75.878,75.784,75.803,1392053
2014-09-10,75.716,75.716,75.661,75.661,2937399
2014-09-11,75.764,75.774,75.606,75.606,2732131
2014-09-12,75.535,75.562,75.452,75.489,2076075
2014-09-15,75.535,75.562,75.489,75.526,2755342
2014-09-16,75.535,75.606,75.489,75.498,1164237
2014-09-17,75.581,75.615,75.406,75.406,2815864
2014-09-18,75.416,75.426,75.358,75.416,1947716
2014-09-19,75.452,75.572,75.406,75.572,1338382
2014-09-22,75.622,75.688,75.599,75.661,689624
2014-09-23,75.698,75.716,75.641,75.698,1066174
2014-09-24,75.708,75.744,75.622,75.651,3837864
2014-09-25,75.734,75.849,75.726,75.84,3405695
2014-09-26,75.764,75.82,75.688,75.764,3781406
2014-09-29,75.869,75.888,75.82,75.859,10557539
2014-09-30,75.84,75.925,75.811,75.84,9221577
2014-10-01,76.027,76.172,76.018,76.162,5492822
2014-10-02,76.218,76.268,76.089,76.106,2945123
2014-10-03,76.036,76.116,75.981,76.064,3802656
2014-10-06,76.143,76.286,76.098,76.238,3930889
2014-10-07,76.342,76.472,76.295,76.436,3247917
2014-10-08,76.511,76.635,76.323,76.635,1710878
2014-10-09,76.597,76.616,76.481,76.52,2329843
2014-10-10,76.52,76.597,76.501,76.58,1658424
2014-10-13,76.69,76.832,76.672,76.804,1270579
2014-10-14,76.89,76.909,76.785,76.909,5825128
2014-10-15,77.518,77.974,76.994,77.08,5888396
2014-10-16,77.307,77.324,76.9,76.956,3989080
2014-10-17,76.909,76.984,76.804,76.9,2310983
2014-10-20,77.001,77.027,76.909,76.965,1487197
2014-10-21,76.9,76.956,76.832,76.851,1776516
2014-10-22,76.738,76.871,76.738,76.832,2471626
2014-10-23,76.768,76.768,76.553,76.597,7134638
2014-10-24,76.653,76.748,76.607,76.662,2374313
2014-10-27,76.662,76.71,76.607,76.635,2646065
2014-10-28,76.644,76.672,76.58,76.587,2373267
2014-10-29,76.561,76.571,76.368,76.463,2393491
2014-10-30,76.561,76.597,76.491,76.52,5112642
2014-10-31,76.463,76.491,76.368,76.387,4958192
2014-11-03,76.4,76.439,76.25,76.351,3296266
2014-11-04,76.4,76.475,76.335,76.335,3476455
2014-11-05,76.361,76.439,76.315,76.429,2761476
2014-11-06,76.307,76.371,76.22,76.25,2349316
2014-11-07,76.345,76.522,76.325,76.514,1906989
2014-11-10,76.538,76.546,76.345,76.351,2679699
2014-11-11,76.307,76.439,76.297,76.39,1186168
2014-11-12,76.475,76.514,76.361,76.381,871333
2014-11-13,76.39,76.484,76.381,76.439,1791764
2014-11-14,76.39,76.514,76.351,76.459,1634492
2014-11-17,76.574,76.574,76.429,76.459,1922700
2014-11-18,76.53,76.564,76.494,76.564,1729599
2014-11-19,76.39,76.53,76.351,76.371,1472491
2014-11-20,76.556,76.583,76.41,76.466,984365
2014-11-21,76.504,76.638,76.504,76.628,3535733
2014-11-24,76.564,76.665,76.538,76.638,1203240
2014-11-25,76.583,76.817,76.583,76.78,1087559
2014-11-26,76.885,76.941,76.865,76.894,1236936
2014-11-28,76.978,77.047,76.969,77.021,781424
2014-12-01,77.109,77.135,76.9,76.909,3953706
2014-12-02,76.832,76.832,76.728,76.737,5589924
2014-12-03,76.709,76.757,76.671,76.719,4163185
2014-12-04,76.747,76.9,76.728,76.851,1673285
2014-12-05,76.737,76.737,76.534,76.624,3968368
2014-12-08,76.643,76.832,76.596,76.785,3047623
2014-12-09,76.861,76.946,76.776,76.813,4002850
2014-12-10,76.851,77.043,76.832,77.017,4383014
2014-12-11,76.929,76.984,76.842,76.946,3522599
2014-12-12,77.117,77.279,77.017,77.203,6692730
2014-12-15,77.145,77.193,77.027,77.062,5917969
2014-12-16,77.279,77.279,77.101,77.242,7014726
2014-12-17,77.213,77.259,77.001,77.053,4233266
2014-12-18,76.937,76.984,76.871,76.937,1745458
2014-12-19,76.929,77.101,76.909,77.101,2367467
2014-12-22,77.017,77.101,77.001,77.062,2316186
2014-12-23,76.834,76.863,76.561,76.571,6555858
2014-12-24,76.553,76.598,76.425,76.598,2442153
2014-12-26,76.663,76.739,76.608,76.663,1393129
2014-12-29,76.806,76.893,76.711,76.796,2924460
2014-12-30,76.977,77.012,76.834,76.853,6270410
2014-12-31,76.94,76.987,76.893,76.912,1830273
2015-01-02,76.968,77.206,76.958,77.167,2376395
2015-01-05,77.254,77.426,77.216,77.397,6233340
2015-01-06,77.523,77.855,77.523,77.616,4163660
2015-01-07,77.625,77.759,77.541,77.663,2606235
2015-01-08,77.596,77.596,77.469,77.541,2006473
2015-01-09,77.505,77.769,77.498,77.673,1763022
2015-01-12,77.739,77.807,77.683,77.779,4710201
2015-01-13,77.788,77.937,77.711,77.855,2381289
2015-01-14,78.11,78.168,78.01,78.028,2657387
2015-01-15,78.01,78.394,78.01,78.377,4513512
2015-01-16,78.256,78.293,78.036,78.139,3889094
2015-01-20,78.148,78.273,78.028,78.054,3244656
2015-01-21,78.236,78.246,77.902,77.91,2649542
2015-01-22,78.083,78.083,77.846,77.928,2310632
2015-01-23,78.091,78.216,78.064,78.178,6699166
2015-01-26,78.178,78.198,78.036,78.083,8365089
2015-01-27,78.303,78.33,78.083,78.13,1236064
2015-01-28,78.091,78.513,78.073,78.413,1833062
2015-01-29,78.377,78.403,78.206,78.33,1661403
2015-01-30,78.616,78.759,78.531,78.759,11218121
2015-02-02,78.54,78.759,78.504,78.664,6488417
2015-02-03,78.531,78.577,78.376,78.421,1322415
2015-02-04,78.263,78.46,78.177,78.45,3148493
2015-02-05,78.329,78.366,78.225,78.282,2274670
2015-02-06,78.043,78.043,77.757,77.777,3107925
2015-02-09,77.909,77.927,77.709,77.747,1479884
2015-02-10,77.651,77.689,77.557,77.604,1547605
2015-02-11,77.651,77.699,77.548,77.604,2035092
2015-02-12,77.641,77.747,77.614,77.641,4983918
2015-02-13,77.681,77.681,77.467,77.467,2012601
2015-02-17,77.452,77.467,77.125,77.154,5645130
2015-02-18,77.27,77.486,77.174,77.376,4075504
2015-02-19,77.395,77.476,77.28,77.309,1413801
2015-02-20,77.423,77.539,77.213,77.327,3362405
2015-02-23,77.467,77.548,77.423,77.486,4224882
2015-02-24,77.486,77.862,77.356,77.805,2717171
2015-02-25,77.786,77.9,77.728,77.881,5274382
2015-02-26,77.767,77.881,77.651,77.661,2338151
2015-02-27,77.681,77.757,77.586,77.728,4376336
2015-03-02,77.788,77.807,77.461,77.477,2641414
2015-03-03,77.461,77.532,77.367,77.386,2824791
2015-03-04,77.433,77.487,77.348,77.386,1520565
2015-03-05,77.405,77.504,77.338,77.433,1430210
2015-03-06,77.155,77.155,76.899,76.983,1685489
2015-03-09,77.126,77.146,77.036,77.071,2114644
2015-03-10,77.328,77.386,77.271,77.376,4017541
2015-03-11,77.376,77.513,77.348,77.461,5152151
2015-03-12,77.683,77.701,77.477,77.513,8983651
2015-03-13,77.443,77.588,77.414,77.443,2255675
2015-03-16,77.606,77.683,77.496,77.588,1284064
2015-03-17,77.596,77.653,77.559,77.653,1569426
2015-03-18,77.739,78.132,77.588,78.132,5903795
2015-03-19,78.085,78.102,77.855,77.902,1288653
2015-03-20,78.028,78.112,77.947,78.102,1078607
2015-03-23,78.15,78.15,78.011,78.141,1677592
2015-03-24,78.18,78.323,78.112,78.275,2453983
2015-03-25,78.369,78.369,78.132,78.15,1663937
2015-03-26,78.038,78.046,77.826,77.902,2498895
2015-03-27,77.974,78.075,77.928,77.974,6978985
2015-03-30,78.085,78.102,78.001,78.066,1743946
2015-03-31,78.085,78.218,78.028,78.15,2129265
2015-04-01,78.175,78.347,78.155,78.31,3340845
2015-04-02,78.337,78.347,78.175,78.204,843768
2015-04-06,78.357,78.401,78.195,78.27,1886325
2015-04-07,78.204,78.337,78.136,78.319,1042392
2015-04-08,78.319,78.337,78.145,78.261,3701304
2015-04-09,78.28,78.28,78.016,78.089,1093476
2015-04-10,78.155,78.185,78.016,78.051,4575148
2015-04-13,78.08,78.155,78.016,78.07,6448146
2015-04-14,78.327,78.384,78.204,78.213,1490887
2015-04-15,78.366,78.374,78.261,78.29,1090373
2015-04-16,78.31,78.357,78.185,78.27,1375571
2015-04-17,78.253,78.448,78.204,78.401,1806341
2015-04-20,78.347,78.384,78.223,78.319,2627330
2015-04-21,78.3,78.319,78.165,78.223,1906830
2015-04-22,78.195,78.204,77.933,77.933,1601066
2015-04-23,78.006,78.175,77.961,78.08,5884635
2015-04-24,78.185,78.28,78.136,78.204,1704062
2015-04-27,78.243,78.243,78.089,78.145,1697136
2015-04-28,78.08,78.097,77.888,77.907,1298645
2015-04-29,77.668,77.754,77.564,77.658,2031789
2015-04-30,77.536,77.744,77.428,77.744,4510948
2015-05-01,77.562,77.629,77.436,77.506,7635159
2015-05-04,77.572,77.6,77.379,77.398,1266639
2015-05-05,77.436,77.436,77.168,77.274,4444511
2015-05-06,77.227,77.227,76.995,77.055,4192532
2015-05-07,77.129,77.274,77.112,77.217,3834966
2015-05-08,77.49,77.553,77.37,77.426,1847586
2015-05-11,77.274,77.341,76.966,77.018,988934
2015-05-12,76.9,77.064,76.804,76.93,2277349
2015-05-13,77.139,77.187,76.851,76.891,2524754
2015-05-14,76.995,77.093,76.947,77.038,1580849
2015-05-15,77.187,77.389,77.168,77.351,1493081
2015-05-18,77.284,77.284,77.055,77.064,3989074
2015-05-19,76.851,77.01,76.813,76.9,5169297
2015-05-20,76.93,77.002,76.832,76.9,4361234
2015-05-21,77.038,77.187,76.995,77.139,2463130
2015-05-22,77.093,77.121,76.957,77.093,869085
2015-05-26,77.093,77.331,77.064,77.284,1254226
2015-05-27,77.304,77.36,77.168,77.321,2729654
2015-05-28,77.351,77.398,77.274,77.331,1142465
2015-05-29,77.436,77.47,77.313,77.36,2654828
2015-06-01,77.376,77.376,77.06,77.099,1447608
2015-06-02,77.007,77.034,76.818,76.886,1603973
2015-06-03,76.742,76.752,76.462,76.543,1476636
2015-06-04,76.648,76.828,76.628,76.732,1180477
2015-06-05,76.509,76.581,76.347,76.434,4371375
2015-06-08,76.509,76.572,76.471,76.527,5262925
2015-06-09,76.395,76.444,76.264,76.302,3062795
2015-06-10,76.177,76.254,76.091,76.137,1298923
2015-06-11,76.254,76.509,76.195,76.499,1928931
2015-06-12,76.415,76.648,76.366,76.444,1896118
2015-06-15,76.609,76.656,76.434,76.454,2212561
2015-06-16,76.572,76.648,76.471,76.648,2390700
2015-06-17,76.609,76.694,76.347,76.675,919593
2015-06-18,76.599,76.656,76.444,76.618,1285538
2015-06-19,76.771,76.866,76.732,76.837,1249842
2015-06-22,76.648,76.714,76.454,76.471,1083389
2015-06-23,76.292,76.471,76.254,76.292,1164245
2015-06-24,76.395,76.471,76.33,76.434,7262401
2015-06-25,76.405,76.444,76.292,76.33,3074583
2015-06-26,76.195,76.234,76.108,76.186,1022949
2015-06-29,76.434,76.628,76.33,76.572,2303386
2015-06-30,76.499,76.704,76.479,76.499,1644177
2015-07-01,76.286,76.437,76.247,76.314,5371585
2015-07-02,76.464,76.576,76.464,76.502,1123722
2015-07-06,76.822,76.822,76.613,76.766,2343593
2015-07-07,77.056,77.13,76.841,76.841,4434565
2015-07-08,77.011,77.122,76.937,77.056,2086094
2015-07-09,76.937,76.956,76.766,76.803,1771241
2015-07-10,76.427,76.557,76.359,76.447,2160724
2015-07-13,76.276,76.418,76.257,76.267,3017509
2015-07-14,76.408,76.473,76.369,76.408,1661900
2015-07-15,76.418,76.652,76.388,76.622,2789113
2015-07-16,76.473,76.67,76.457,76.622,1127009
2015-07-17,76.642,76.708,76.593,76.632,856466
2015-07-20,76.584,76.613,76.482,76.53,1088525
2015-07-21,76.52,76.718,76.502,76.67,1508330
2015-07-22,76.708,76.812,76.688,76.698,1721731
2015-07-23,76.736,76.919,76.679,76.88,1249134
2015-07-24,76.965,76.984,76.88,76.929,852547
2015-07-27,77.056,77.084,76.994,77.074,2144400
2015-07-28,76.984,77.011,76.937,76.946,1520946
2015-07-29,76.946,76.956,76.822,76.88,1081846
2015-07-30,76.86,76.965,76.822,76.909,835369
2015-07-31,77.14,77.188,77.084,77.169,1684523
2015-08-03,77.227,77.37,77.168,77.351,2206604
2015-08-04,77.284,77.304,77.064,77.083,1065545
2015-08-05,76.992,77.009,76.858,76.963,2218472
2015-08-06,76.982,77.083,76.963,77.009,1240998
2015-08-07,77.129,77.237,77.083,77.168,1876552
2015-08-10,77.112,77.139,76.963,77.009,1241160
2015-08-11,77.264,77.408,77.237,77.304,1506694
2015-08-12,77.436,77.537,77.255,77.274,1089349
2015-08-13,77.197,77.274,77.083,77.112,894372
2015-08-14,77.083,77.197,77.045,77.083,2411862
2015-08-17,77.264,77.304,77.187,77.227,869404
2015-08-18,77.129,77.187,77.055,77.083,1146687
2015-08-19,77.009,77.389,76.963,77.36,1435077
2015-08-20,77.389,77.482,77.36,77.426,1625927
2015-08-21,77.482,77.594,77.389,77.546,3659479
2015-08-24,77.794,77.917,77.446,77.528,5027021
2015-08-25,77.436,77.436,77.129,77.274,5633995
2015-08-26,77.073,77.264,76.898,76.944,2901366
2015-08-27,76.917,77.148,76.898,77.045,2825728
2015-08-28,77.217,77.264,77.045,77.083,2881583
2015-08-31,77.207,77.227,76.972,76.982,3283385
2015-09-01,77.092,77.236,77.044,77.167,2721382
2015-09-02,77.092,77.196,77.036,77.111,2042435
2015-09-03,77.216,77.263,77.102,77.167,2642408
2015-09-04,77.303,77.388,77.177,77.359,1281456
2015-09-08,77.216,77.216,77.111,77.167,1261184
2015-09-09,76.935,77.263,76.915,77.147,4503147
2015-09-10,77.128,77.128,76.99,76.99,1994322
2015-09-11,77.186,77.226,77.12,77.147,1490070
2015-09-14,77.245,77.254,77.138,77.167,956288
2015-09-15,77.092,77.102,76.781,76.847,1791799
2015-09-16,76.79,76.856,76.724,76.799,1666904
2015-09-17,76.762,77.236,76.742,77.236,1935363
2015-09-18,77.321,77.464,77.283,77.454,1731200
2015-09-21,77.312,77.359,77.111,77.167,985851
2015-09-22,77.293,77.464,77.273,77.312,1524487
2015-09-23,77.35,77.388,77.245,77.312,748497
2015-09-24,77.519,77.537,77.321,77.34,1535464
2015-09-25,77.293,77.321,77.196,77.196,1197103
2015-09-28,77.321,77.454,77.236,77.397,1377710
2015-09-29,77.407,77.556,77.388,77.454,1326534
2015-09-30,77.472,77.613,77.435,77.603,4678934
2015-10-01,77.722,77.79,77.635,77.644,2132112
2015-10-02,77.99,78.147,77.828,77.942,1865335
2015-10-05,77.848,77.848,77.635,77.635,4425068
2015-10-06,77.731,77.818,77.635,77.741,2028540
2015-10-07,77.702,77.799,77.635,77.741,1971305
2015-10-08,77.751,77.799,77.579,77.617,1178054
2015-10-09,77.522,77.674,77.522,77.607,1261608
2015-10-12,77.674,77.799,77.635,77.741,910425
2015-10-13,77.771,77.828,77.692,77.79,1023805
2015-10-14,77.904,78.071,77.866,78.071,828359
2015-10-15,77.97,78.034,77.885,77.923,2385717
2015-10-16,77.885,77.97,77.866,77.894,1307862
2015-10-19,77.904,77.942,77.809,77.894,885111
2015-10-20,77.771,77.809,77.731,77.771,1420494
2015-10-21,77.913,77.998,77.856,77.913,994093
2015-10-22,77.913,78.099,77.913,78.042,1160248
2015-10-23,77.904,77.904,77.828,77.848,1440411
2015-10-26,77.961,78.017,77.932,77.932,1593289
2015-10-27,78.071,78.09,77.951,77.951,979134
2015-10-28,77.998,77.998,77.722,77.731,2757646
2015-10-29,77.635,77.635,77.42,77.458,993673
2015-10-30,77.458,77.626,77.439,77.626,1553041
2015-11-02,77.457,77.549,77.428,77.475,3090425
2015-11-03,77.419,77.457,77.286,77.343,4202750
2015-11-04,77.41,77.457,77.256,77.391,3779300
2015-11-05,77.372,77.391,77.139,77.247,1803535
2015-11-06,77.017,77.055,76.877,76.944,1260256
2015-11-09,76.819,76.971,76.8,76.877,2479576
2015-11-10,76.971,77.073,76.887,76.962,1494095
2015-11-11,76.971,77.009,76.916,76.971,1370447
2015-11-12,77.073,77.093,76.981,76.981,1328915
2015-11-13,77.045,77.148,77.045,77.121,1664643
2015-11-16,77.148,77.228,77.083,77.121,997923
2015-11-17,77.064,77.266,77.001,77.208,1215571
2015-11-18,77.158,77.218,77.103,77.168,992559
2015-11-19,77.306,77.323,77.256,77.276,1141337
2015-11-20,77.343,77.343,77.228,77.256,1339324
2015-11-23,77.238,77.333,77.178,77.286,1732036
2015-11-24,77.314,77.372,77.276,77.314,1431957
2015-11-25,77.353,77.381,77.296,77.323,951134
2015-11-27,77.391,77.41,77.333,77.362,542439
2015-11-30,77.353,77.4,77.286,77.323,6608404
2015-12-01,77.359,77.623,77.33,77.614,1867923
2015-12-02,77.575,77.585,77.464,77.519,1483351
2015-12-03,77.34,77.34,76.893,76.922,2634335
2015-12-04,77.07,77.235,76.997,77.225,4003950
2015-12-07,77.253,77.472,77.235,77.359,1619249
2015-12-08,77.435,77.454,77.303,77.378,1770460
2015-12-09,77.303,77.445,77.165,77.35,2179251
2015-12-10,77.407,77.407,77.321,77.34,2103178
2015-12-11,77.546,77.595,77.454,77.546,2092686
2015-12-14,77.388,77.445,77.175,77.185,3119234
2015-12-15,77.079,77.155,77.023,77.099,1895314
2015-12-16,77.07,77.195,76.902,77.014,2447553
2015-12-17,77.118,77.215,77.089,77.175,2403381
2015-12-18,77.283,77.359,77.215,77.35,3369764
2015-12-21,77.378,77.416,77.235,77.263,3313839
2015-12-22,77.225,77.235,77.136,77.155,2464294
2015-12-23,77.051,77.165,77.023,77.165,2656035
2015-12-24,77.175,77.253,77.126,77.225,1424722
2015-12-28,77.136,77.302,77.136,77.225,1653754
2015-12-29,77.155,77.155,76.948,76.986,2706410
2015-12-30,76.967,77.079,76.911,77.033,2454478
2015-12-31,77.155,77.235,77.07,77.185,2531753
2016-01-04,77.215,77.355,77.126,77.15,2877826
2016-01-05,77.185,77.316,77.126,77.244,1583656
2016-01-06,77.446,77.586,77.398,77.586,2501823
2016-01-07,77.529,77.601,77.389,77.596,2922159
2016-01-08,77.547,77.722,77.51,77.692,1470167
2016-01-11,77.52,77.57,77.37,77.37,2246510
2016-01-12,77.493,77.731,77.417,77.566,1721481
2016-01-13,77.605,77.848,77.566,77.761,3021498
2016-01-14,77.741,77.866,77.624,77.683,4756323
2016-01-15,77.894,77.913,77.761,77.809,1845535
2016-01-19,77.799,77.799,77.633,77.702,4035164
2016-01-20,77.923,77.998,77.702,77.79,8157859
2016-01-21,77.923,77.951,77.731,77.741,3204365
2016-01-22,77.722,77.751,77.605,77.712,3143210
2016-01-25,77.799,77.823,77.702,77.731,2265107
2016-01-26,77.809,77.863,77.722,77.828,2782232
2016-01-27,77.751,77.891,77.654,77.828,1814704
2016-01-28,77.809,77.92,77.771,77.885,1548498
2016-01-29,78.141,78.18,78.035,78.112,3802603
2016-02-01,78.077,78.185,77.903,77.955,2354695
2016-02-02,78.224,78.271,78.133,78.224,2667190
2016-02-03,78.214,78.473,78.116,78.281,3380918
2016-02-04,78.291,78.4,78.244,78.338,1231190
2016-02-05,78.254,78.348,78.155,78.262,2464201
2016-02-08,78.464,78.673,78.391,78.61,2630543
2016-02-09,78.741,78.75,78.509,78.585,2458309
2016-02-10,78.635,78.76,78.466,78.75,2666394
2016-02-11,79.016,79.092,78.75,78.799,1970779
2016-02-12,78.692,78.731,78.435,78.537,1539636
2016-02-16,78.435,78.473,78.348,78.425,1554407
2016-02-17,78.358,78.425,78.214,78.405,2253256
2016-02-18,78.405,78.682,78.405,78.673,1899460
2016-02-19,78.595,78.682,78.537,78.565,1944681
2016-02-22,78.585,78.625,78.509,78.585,1667270
2016-02-23,78.482,78.76,78.444,78.635,2342543
2016-02-24,78.77,79.008,78.644,78.692,2541768
2016-02-25,78.77,78.914,78.76,78.808,2513652
2016-02-26,78.653,78.741,78.565,78.731,1700127
2016-02-29,78.663,78.845,78.663,78.779,1908334
2016-03-01,78.861,78.861,78.44,78.514,2653373
2016-03-02,78.459,78.514,78.363,78.468,2226989
2016-03-03,78.486,78.64,78.449,78.504,2865893
2016-03-04,78.551,78.57,78.363,78.468,1195886
2016-03-07,78.42,78.486,78.382,78.449,1357872
2016-03-08,78.765,78.824,78.697,78.707,1784958
2016-03-09,78.59,78.697,78.541,78.57,2094432
2016-03-10,78.658,78.72,78.468,78.532,1860583
2016-03-11,78.6,78.6,78.43,78.43,1481956
2016-03-14,78.532,78.666,78.504,78.6,1598579
2016-03-15,78.678,78.707,78.495,78.524,1948689
2016-03-16,78.468,78.833,78.42,78.833,1461771
2016-03-17,78.9,79.021,78.871,79.004,1636909
2016-03-18,79.069,79.139,79.004,79.069,1270551
2016-03-21,78.984,78.984,78.9,78.93,1681366
2016-03-22,79.069,79.099,78.88,78.91,2240544
2016-03-23,78.959,79.089,78.92,79.079,1286652
2016-03-24,79.197,79.197,78.9,78.984,1825869
2016-03-28,78.976,79.119,78.967,79.021,2469081
2016-03-29,79.129,79.409,79.099,79.351,1919127
2016-03-30,79.304,79.409,79.216,79.322,1692499
2016-03-31,79.39,79.579,79.36,79.469,3165028
2016-04-01,79.485,79.622,79.373,79.562,3147851
2016-04-04,79.602,79.689,79.532,79.562,1510154
2016-04-05,79.787,79.815,79.707,79.707,2234743
2016-04-06,79.727,79.747,79.632,79.67,1906064
2016-04-07,79.903,79.966,79.825,79.931,1594377
2016-04-08,79.883,79.892,79.795,79.863,1457901
2016-04-11,79.815,79.893,79.757,79.853,1262245
2016-04-12,79.747,79.805,79.651,79.727,2483124
2016-04-13,79.698,79.825,79.632,79.777,1818977
2016-04-14,79.777,79.805,79.679,79.707,1681620
2016-04-15,79.815,79.959,79.787,79.893,1228029
2016-04-18,79.843,79.863,79.787,79.863,1450878
2016-04-19,79.863,79.913,79.765,79.913,1209947
2016-04-20,79.931,79.966,79.689,79.689,2483679
2016-04-21,79.632,79.689,79.51,79.592,1750865
2016-04-22,79.651,79.707,79.542,79.562,5318883
2016-04-25,79.552,79.601,79.459,79.467,2582143
2016-04-26,79.504,79.504,79.286,79.354,1756800
2016-04-27,79.45,79.641,79.396,79.632,1514302
2016-04-28,79.612,79.795,79.569,79.737,1690508
2016-04-29,79.698,79.805,79.651,79.795,2970577
2016-05-02,79.771,79.771,79.626,79.655,2535918
2016-05-03,79.935,79.935,79.829,79.877,1832230
2016-05-04,79.926,79.989,79.819,79.907,2976734
2016-05-05,79.944,80.078,79.857,80.048,1318613
2016-05-06,80.048,80.078,79.954,80.009,1578088
2016-05-09,80.088,80.117,80.009,80.058,1425010
2016-05-10,80.068,80.137,80.009,80.068,1960604
2016-05-11,80.117,80.232,80.048,80.088,2470868
2016-05-12,80.078,80.155,80.038,80.098,1715657
2016-05-13,80.137,80.212,80.063,80.182,1450132
2016-05-16,80.127,80.127,79.994,80.009,3250194
2016-05-17,80.108,80.108,79.926,79.935,1801379
2016-05-18,79.907,79.907,79.516,79.576,1749519
2016-05-19,79.626,79.681,79.586,79.665,1519227
2016-05-20,79.655,79.761,79.616,79.665,2121080
2016-05-23,79.721,79.761,79.629,79.683,1360192
2016-05-24,79.683,79.692,79.556,79.645,2757174
2016-05-25,79.665,79.692,79.586,79.616,1530478
2016-05-26,79.711,79.809,79.665,79.751,1631062
2016-05-27,79.79,79.795,79.645,79.721,2122763
2016-05-31,79.655,79.877,79.596,79.804,1412793
2016-06-01,79.896,79.934,79.76,79.818,1683455
2016-06-02,79.906,80.038,79.886,79.97,1556892
2016-06-03,80.359,80.502,80.311,80.472,2029841
2016-06-06,80.369,80.389,80.271,80.349,1660165
2016-06-07,80.418,80.436,80.339,80.359,1328851
2016-06-08,80.436,80.462,80.387,80.454,1423437
2016-06-09,80.599,80.599,80.502,80.531,1668584
2016-06-10,80.617,80.701,80.56,80.609,1631389
2016-06-13,80.686,80.705,80.609,80.627,1741425
2016-06-14,80.745,80.745,80.599,80.617,1578504
2016-06-15,80.686,80.872,80.666,80.803,1393000
2016-06-16,80.937,81.023,80.813,80.891,1151159
2016-06-17,80.833,80.866,80.715,80.774,1927089
2016-06-20,80.609,80.657,80.57,80.59,2431107
2016-06-21,80.609,80.627,80.462,80.482,1848733
2016-06-22,80.511,80.551,80.454,80.511,1385308
2016-06-23,80.408,80.502,80.362,80.369,1193815
2016-06-24,80.954,80.964,80.794,80.823,2102645
2016-06-27,81.267,81.277,81.12,81.227,2553921
2016-06-28,81.354,81.354,81.227,81.325,3077643
2016-06-29,81.42,81.43,81.237,81.296,2512140
2016-06-30,81.316,81.506,81.296,81.43,3482118
2016-07-01,81.697,81.734,81.505,81.627,2616636
2016-07-05,81.851,81.955,81.744,81.908,3301062
2016-07-06,81.985,82.052,81.879,82.047,2001873
2016-07-07,81.918,82.014,81.833,81.918,2100770
2016-07-08,82.042,82.159,81.924,82.13,1806737
2016-07-11,82.052,82.082,81.86,81.889,2705089
2016-07-12,81.783,81.783,81.491,81.558,1835028
2016-07-13,81.764,81.783,81.687,81.705,1397936
2016-07-14,81.558,81.647,81.501,81.578,1675937
2016-07-15,81.521,81.521,81.271,81.32,2308962
2016-07-18,81.461,81.471,81.271,81.348,2228315
2016-07-19,81.434,81.491,81.377,81.471,1612083
2016-07-20,81.424,81.424,81.32,81.386,1744794
2016-07-21,81.32,81.491,81.222,81.481,2145797
2016-07-22,81.405,81.54,81.358,81.491,1666133
2016-07-25,81.491,81.539,81.405,81.442,1245085
2016-07-26,81.53,81.53,81.376,81.434,2465523
2016-07-27,81.481,81.677,81.461,81.677,1628286
2016-07-28,81.617,81.705,81.534,81.627,1466628
2016-07-29,81.744,81.889,81.697,81.889,2850762
2016-08-01,81.672,81.856,81.622,81.682,3822695
2016-08-02,81.603,81.672,81.476,81.553,4720233
2016-08-03,81.553,81.603,81.409,81.553,3582005
2016-08-04,81.692,81.798,81.666,81.701,1239976
2016-08-05,81.672,81.672,81.409,81.429,2081187
2016-08-08,81.39,81.496,81.314,81.438,1901304
2016-08-09,81.486,81.672,81.476,81.672,2334132
2016-08-10,81.729,81.808,81.673,81.778,1725042
2016-08-11,81.808,81.808,81.506,81.563,1815724
2016-08-12,81.828,81.884,81.733,81.749,1656672
2016-08-15,81.642,81.739,81.603,81.613,2003396
2016-08-16,81.642,81.652,81.535,81.563,2231535
2016-08-17,81.613,81.756,81.57,81.701,2088491
2016-08-18,81.739,81.828,81.662,81.788,1806283
2016-08-19,81.642,81.682,81.506,81.622,2058133
2016-08-22,81.709,81.768,81.652,81.739,1431966
2016-08-23,81.856,81.864,81.739,81.778,1720997
2016-08-24,81.847,81.864,81.739,81.768,2149097
2016-08-25,81.739,81.798,81.672,81.682,1792725
2016-08-26,81.798,81.901,81.476,81.476,2965263
2016-08-29,81.652,81.759,81.603,81.759,1491852
2016-08-30,81.778,81.778,81.652,81.692,4900683
2016-08-31,81.719,81.768,81.636,81.642,1972297
2016-09-01,81.492,81.774,81.492,81.745,3200414
2016-09-02,81.715,81.715,81.531,81.628,1850596
2016-09-06,81.688,81.929,81.609,81.87,4443689
2016-09-07,81.978,81.978,81.861,81.88,1904156
2016-09-08,81.755,81.794,81.462,81.551,3578638
2016-09-09,81.309,81.404,81.172,81.211,2974268
2016-09-12,81.152,81.28,81.113,81.24,3285230
2016-09-13,81.366,81.366,80.9,81.036,2749027
2016-09-14,81.026,81.201,81.006,81.113,2187314
2016-09-15,81.074,81.211,81.006,81.182,1870928
2016-09-16,81.25,81.289,81.152,81.25,1346552
2016-09-19,81.24,81.27,81.162,81.192,1604099
2016-09-20,81.26,81.356,81.206,81.211,1298194
2016-09-21,81.152,81.443,81.133,81.443,2038472
2016-09-22,81.531,81.688,81.502,81.609,1517445
2016-09-23,81.618,81.668,81.569,81.589,1484100
2016-09-26,81.668,81.755,81.638,81.725,1759723
2016-09-27,81.843,81.852,81.719,81.824,2530930
2016-09-28,81.824,81.88,81.765,81.824,2352091
2016-09-29,81.725,81.89,81.694,81.834,2971495
2016-09-30,81.834,81.861,81.609,81.725,1712801
2016-10-03,81.698,81.756,81.591,81.638,1550953
2016-10-04,81.589,81.599,81.357,81.366,1865808
2016-10-05,81.414,81.419,81.201,81.23,2739612
2016-10-06,81.221,81.319,81.141,81.201,1180328
2016-10-07,81.28,81.289,81.073,81.27,1832444
2016-10-10,81.141,81.191,81.073,81.181,1464808
2016-10-11,81.141,81.191,81.045,81.055,1517473
2016-10-12,81.065,81.121,80.996,81.102,1322034
2016-10-13,81.28,81.299,81.191,81.201,1670729
2016-10-14,81.102,81.221,81.025,81.035,1417957
2016-10-17,81.092,81.23,81.045,81.211,1036691
2016-10-18,81.141,81.328,81.132,81.319,1199496
2016-10-19,81.27,81.376,81.256,81.376,1589072
2016-10-20,81.385,81.429,81.289,81.328,1318619
2016-10-21,81.357,81.404,81.289,81.394,1046941
2016-10-24,81.404,81.404,81.211,81.28,1494049
2016-10-25,81.24,81.357,81.221,81.28,1502426
2016-10-26,81.151,81.211,81.102,81.132,1176076
2016-10-27,80.937,80.965,80.793,80.909,1899220
2016-10-28,80.861,80.946,80.841,80.871,1617815
2016-10-31,80.975,80.995,80.909,80.955,1710609
2016-11-01,80.824,80.998,80.765,80.93,1665150
2016-11-02,80.988,81.121,80.93,81.008,3218803
2016-11-03,80.988,81.058,80.939,80.958,2395432
2016-11-04,81.008,81.164,81.008,81.105,1074098
2016-11-07,81.085,81.085,80.988,80.998,1323165
2016-11-08,81.048,81.058,80.834,80.853,2573262
2016-11-09,80.443,80.551,79.969,80.053,3537098
2016-11-10,79.945,80.053,79.701,79.711,2908549
2016-11-11,79.683,79.79,79.536,79.565,1620873
2016-11-14,79.409,79.467,79.19,79.263,2132545
2016-11-15,79.4,79.495,79.341,79.37,2151781
2016-11-16,79.439,79.545,79.393,79.535,1670962
2016-11-17,79.409,79.448,79.196,79.215,1806855
2016-11-18,79.253,79.319,78.979,79.019,1601702
2016-11-21,79.077,79.127,78.979,79.009,2127080
2016-11-22,79.166,79.196,79.047,79.077,1914601
2016-11-23,78.873,78.979,78.688,78.873,1685191
2016-11-25,78.892,78.971,78.805,78.902,966777
2016-11-28,78.989,79.112,78.979,79.087,1387221
2016-11-29,78.989,79.215,78.979,79.147,1624073
2016-11-30,78.912,79.019,78.785,78.873,2432859
2016-12-01,78.63,78.669,78.423,78.58,3068738
2016-12-02,78.766,79.01,78.756,78.863,1997373
2016-12-05,78.746,79.048,78.688,78.961,2537839
2016-12-06,78.99,79.02,78.912,78.952,2392873
2016-12-07,79.068,79.197,79.034,79.138,4373657
2016-12-08,79.029,79.038,78.922,78.98,2377662
2016-12-09,78.942,78.99,78.676,78.746,2760469
2016-12-12,78.649,78.737,78.58,78.659,3546386
2016-12-13,78.795,78.843,78.63,78.746,4475534
2016-12-14,78.902,78.922,78.335,78.345,3041656
2016-12-15,78.355,78.413,78.22,78.23,2713636
2016-12-16,78.307,78.423,78.191,78.297,3152581
2016-12-19,78.492,78.551,78.393,78.501,3006330
2016-12-20,78.384,78.521,78.355,78.511,5991156
2016-12-21,78.59,78.649,78.541,78.63,2809284
2016-12-22,78.526,78.635,78.526,78.575,2911132
2016-12-23,78.714,78.714,78.61,78.615,2140752
2016-12-27,78.487,78.556,78.478,78.556,2223964
2016-12-28,78.595,78.821,78.536,78.752,4182791
2016-12-29,78.888,78.996,78.834,78.967,3181390
2016-12-30,78.977,79.174,78.967,79.135,2387160
2017-01-03,78.898,79.184,78.849,79.145,3381905
2017-01-04,79.184,79.222,79.095,79.203,3159796
2017-01-05,79.32,79.615,79.241,79.605,3971777
2017-01-06,79.438,79.466,79.291,79.291,2335869
2017-01-09,79.505,79.515,79.428,79.486,1823283
2017-01-10,79.476,79.515,79.398,79.466,2297793
2017-01-11,79.476,79.761,79.398,79.505,2376357
2017-01-12,79.701,79.751,79.486,79.525,3043632
2017-01-13,79.457,79.486,79.255,79.398,2475730
2017-01-17,79.673,79.731,79.545,79.644,2233506
2017-01-18,79.545,79.545,79.218,79.232,2022704
2017-01-19,79.125,79.184,78.986,79.095,2165695
2017-01-20,79.016,79.194,78.967,79.155,1874710
2017-01-23,79.164,79.525,79.164,79.368,1521346
2017-01-24,79.311,79.388,79.161,79.251,2180744
2017-01-25,79.085,79.132,78.967,79.016,1937541
2017-01-26,78.967,79.075,78.869,79.045,2431471
2017-01-27,79.085,79.184,79.085,79.135,1805679
2017-01-30,79.125,79.227,79.095,79.115,2756015
2017-01-31,79.145,79.358,79.145,79.281,2916969
2017-02-01,79.073,79.254,79.013,79.143,2356957
2017-02-02,79.299,79.356,79.182,79.192,1778259
2017-02-03,79.366,79.445,79.123,79.211,2444035
2017-02-06,79.464,79.514,79.309,79.455,3298976
2017-02-07,79.464,79.653,79.406,79.584,5337869
2017-02-08,79.672,79.847,79.663,79.799,2213589
2017-02-09,79.643,79.72,79.534,79.584,3474910
2017-02-10,79.455,79.593,79.445,79.564,2049756
2017-02-13,79.484,79.514,79.386,79.474,1898047
2017-02-14,79.445,79.474,79.172,79.309,2219298
2017-02-15,79.123,79.23,79.113,79.182,1532010
2017-02-16,79.249,79.445,79.239,79.328,3352586
2017-02-17,79.504,79.554,79.464,79.514,1548610
2017-02-21,79.445,79.584,79.406,79.504,1845350
2017-02-22,79.672,79.672,79.386,79.554,2002795
2017-02-23,79.672,79.7,79.634,79.7,1620433
2017-02-24,79.857,80.015,79.819,79.995,1735880
2017-02-27,79.955,79.96,79.79,79.829,2043370
2017-02-28,79.829,79.902,79.76,79.77,2012887
2017-03-01,79.443,79.472,79.374,79.443,3004057
2017-03-02,79.374,79.379,79.208,79.296,2112249
2017-03-03,79.306,79.355,79.199,79.355,2280487
2017-03-06,79.384,79.384,79.236,79.306,1912568
2017-03-07,79.266,79.271,79.16,79.16,1672501
2017-03-08,78.912,79.02,78.882,78.971,2209601
2017-03-09,78.834,78.853,78.697,78.727,2807707
2017-03-10,78.814,78.902,78.774,78.882,3488655
2017-03-13,78.794,78.882,78.707,78.727,2201037
2017-03-14,78.707,78.814,78.697,78.717,3681613
2017-03-15,78.834,79.218,78.804,79.208,2319747
2017-03-16,79.15,79.199,79.08,79.09,2661808
2017-03-17,79.14,79.276,79.14,79.246,1314741
2017-03-20,79.256,79.414,79.236,79.404,1536325
2017-03-21,79.364,79.592,79.325,79.592,2113939
2017-03-22,79.661,79.765,79.615,79.699,1362106
2017-03-23,79.728,79.758,79.555,79.661,1820482
2017-03-24,79.602,79.728,79.592,79.641,3799543
2017-03-27,79.856,79.876,79.748,79.807,1901981
2017-03-28,79.886,79.886,79.622,79.661,2024315
2017-03-29,79.708,79.817,79.685,79.817,1379638
2017-03-30,79.758,79.768,79.632,79.69,1427149
2017-03-31,79.67,79.758,79.67,79.738,2439823
2017-04-03,79.801,80.028,79.742,80.028,2174096
2017-04-04,80.008,80.008,79.91,79.939,2012273
2017-04-05,79.9,80.068,79.845,80.008,2080844
2017-04-06,80.008,80.058,79.89,80.038,1882443
2017-04-07,80.127,80.185,79.84,79.86,1631730
2017-04-10,79.948,80.018,79.9,79.939,1503440
2017-04-11,80.068,80.235,80.058,80.195,1360153
2017-04-12,80.185,80.383,80.157,80.383,1827943
2017-04-13,80.431,80.55,80.343,80.501,1413930
2017-04-17,80.511,80.551,80.363,80.451,1516528
2017-04-18,80.541,80.784,80.539,80.738,1809131
2017-04-19,80.649,80.649,80.541,80.591,1458105
2017-04-20,80.561,80.561,80.405,80.481,1446589
2017-04-21,80.551,80.61,80.476,80.501,1259852
2017-04-24,80.304,80.412,80.255,80.393,2704721
2017-04-25,80.235,80.281,80.098,80.146,1695392
2017-04-26,80.117,80.245,80.088,80.225,1903708
2017-04-27,80.245,80.348,80.2,80.284,1565729
2017-04-28,80.225,80.412,80.185,80.373,2130758
2017-05-01,80.331,80.4,80.134,80.223,1496718
2017-05-02,80.233,80.371,80.193,80.361,1685188
2017-05-03,80.391,80.439,80.208,80.272,2985448
2017-05-04,80.134,80.193,80.085,80.183,1231352
2017-05-05,80.193,80.233,80.099,80.233,1679750
2017-05-08,80.183,80.203,80.055,80.095,1855268
2017-05-09,80.045,80.095,79.995,80.055,2563980
2017-05-10,80.134,80.193,80.005,80.045,1868710
2017-05-11,79.995,80.105,79.926,80.105,1439372
2017-05-12,80.282,80.371,80.243,80.341,1529277
2017-05-15,80.292,80.381,80.292,80.321,1825925
2017-05-16,80.351,80.499,80.351,80.4,1782679
2017-05-17,80.617,80.855,80.617,80.835,2012060
2017-05-18,80.855,80.877,80.727,80.766,1905469
2017-05-19,80.796,80.819,80.687,80.815,1412194
2017-05-22,80.786,80.786,80.727,80.747,1590442
2017-05-23,80.825,80.825,80.569,80.579,1700623
2017-05-24,80.617,80.756,80.569,80.747,1588441
2017-05-25,80.756,80.776,80.674,80.747,1122288
2017-05-26,80.756,80.796,80.717,80.786,964628
2017-05-30,80.855,80.903,80.81,80.903,1299441
2017-05-31,80.903,80.993,80.884,80.943,2318250
2017-06-01,80.867,80.975,80.847,80.965,1728738
2017-06-02,81.144,81.263,81.124,81.233,1813779
2017-06-05,81.134,81.164,81.084,81.104,1936202
2017-06-06,81.263,81.302,81.204,81.253,3296531
2017-06-07,81.233,81.253,81.124,81.144,1761670
2017-06-08,81.124,81.124,80.968,81.084,1847220
2017-06-09,80.955,81.065,80.925,81.015,1419166
2017-06-12,80.945,81.104,80.926,80.995,2075350
2017-06-13,80.965,81.045,80.945,81.015,1530904
2017-06-14,81.361,81.48,81.233,81.312,2498744
2017-06-15,81.283,81.283,81.184,81.224,2084884
2017-06-16,81.233,81.322,81.224,81.312,1390761
2017-06-19,81.253,81.292,81.159,81.194,1795378
2017-06-20,81.263,81.361,81.233,81.312,1883626
2017-06-21,81.302,81.38,81.253,81.352,1262636
2017-06-22,81.39,81.42,81.312,81.38,1207603
2017-06-23,81.38,81.43,81.342,81.4,1370206
2017-06-26,81.5,81.54,81.46,81.49,4714184
2017-06-27,81.342,81.342,81.194,81.214,2398911
2017-06-28,81.233,81.253,81.104,81.214,1621081
2017-06-29,80.995,81.124,80.94,81.045,1564429
2017-06-30,81.025,81.055,80.915,80.985,1998869
2017-07-03,80.985,80.995,80.758,80.827,1101626
2017-07-05,80.817,80.904,80.778,80.877,1933042
2017-07-06,80.738,80.758,80.628,80.688,1842739
2017-07-07,80.688,80.718,80.638,80.668,2461934
2017-07-10,80.738,80.778,80.688,80.708,2247401
2017-07-11,80.748,80.827,80.698,80.788,1947690
2017-07-12,81.025,81.045,80.935,80.975,1390321
2017-07-13,80.965,80.977,80.827,80.945,1332396
2017-07-14,81.104,81.174,80.959,80.975,1211753
2017-07-17,81.045,81.114,80.985,81.084,1444583
2017-07-18,81.224,81.293,81.194,81.274,1620723
2017-07-19,81.293,81.323,81.254,81.284,1602328
2017-07-20,81.343,81.411,81.293,81.333,1660495
2017-07-21,81.381,81.481,81.381,81.421,1958375
2017-07-24,81.411,81.421,81.323,81.381,1429181
2017-07-25,81.224,81.224,81.065,81.074,1396576
2017-07-26,81.084,81.323,81.055,81.274,1596245
2017-07-27,81.174,81.224,81.114,81.174,1234167
2017-07-28,81.164,81.323,81.164,81.323,1882879
2017-07-31,81.284,81.323,81.234,81.313,2583337
2017-08-01,81.254,81.481,81.239,81.471,1794777
2017-08-02,81.461,81.521,81.421,81.421,1344973
2017-08-03,81.531,81.651,81.491,81.591,1916740
2017-08-04,81.491,81.491,81.348,81.461,1053235
2017-08-07,81.451,81.498,81.401,81.491,1265798
2017-08-08,81.481,81.481,81.333,81.381,1941068
2017-08-09,81.581,81.591,81.441,81.441,1819942
2017-08-10,81.471,81.571,81.431,81.561,1385290
2017-08-11,81.461,81.641,81.441,81.631,1160389
2017-08-14,81.581,81.631,81.521,81.571,2095026
2017-08-15,81.391,81.481,81.372,81.431,1428527
2017-08-16,81.411,81.621,81.379,81.551,1603559
2017-08-17,81.541,81.701,81.501,81.701,1734336
2017-08-18,81.751,81.79,81.596,81.661,1673489
2017-08-21,81.711,81.746,81.661,81.701,1266239
2017-08-22,81.681,81.681,81.591,81.601,1164675
2017-08-23,81.721,81.84,81.691,81.84,1245496
2017-08-24,81.721,81.81,81.701,81.721,1549857
2017-08-25,81.731,81.84,81.701,81.82,1462150
2017-08-28,81.82,81.878,81.771,81.859,1416139
2017-08-29,82.008,82.068,81.878,81.948,2067086
2017-08-30,81.928,81.948,81.878,81.938,1157852
2017-08-31,81.968,82.048,81.938,82.008,1707270
2017-09-01,81.968,81.988,81.808,81.868,1477370
2017-09-05,82.108,82.248,82.038,82.208,2016800
2017-09-06,82.238,82.278,82.053,82.068,1593114
2017-09-07,82.188,82.366,82.168,82.327,1907050
2017-09-08,82.327,82.327,82.208,82.238,2713430
2017-09-11,82.078,82.128,81.958,81.988,1429071
2017-09-12,81.918,81.978,81.81,81.868,1610240
2017-09-13,81.849,81.868,81.76,81.77,1600727
2017-09-14,81.74,81.84,81.74,81.82,1331216
2017-09-15,81.859,81.908,81.77,81.83,1542415
2017-09-18,81.78,81.8,81.7,81.77,1763886
2017-09-19,81.77,81.8,81.705,81.71,1225041
2017-09-20,81.79,81.799,81.55,81.64,1679420
2017-09-21,81.67,81.746,81.6,81.62,1173036
2017-09-22,81.77,81.78,81.67,81.7,1399947
2017-09-25,81.73,81.887,81.71,81.878,2637454
2017-09-26,81.83,81.84,81.75,81.84,1452485
2017-09-27,81.58,81.64,81.52,81.59,1518205
2017-09-28,81.51,81.61,81.455,81.61,1203596
2017-09-29,81.61,81.63,81.495,81.62,3013743
2017-10-02,81.58,81.63,81.52,81.59,3650177
2017-10-03,81.55,81.65,81.54,81.63,2757796
2017-10-04,81.7,81.71,81.57,81.63,2622192
2017-10-05,81.65,81.65,81.513,81.57,2865735
2017-10-06,81.42,81.55,81.352,81.48,1863921
2017-10-09,81.49,81.57,81.48,81.56,989825
2017-10-10,81.58,81.636,81.55,81.6,4729360
2017-10-11,81.61,81.65,81.59,81.64,1252150
2017-10-12,81.69,81.72,81.6,81.71,1726354
2017-10-13,81.84,81.889,81.76,81.879,1776472
2017-10-16,81.83,81.849,81.74,81.8,1474461
2017-10-17,81.73,81.827,81.72,81.81,1384283
2017-10-18,81.65,81.69,81.62,81.68,1526092
2017-10-19,81.74,81.836,81.68,81.72,1518998
2017-10-20,81.57,81.58,81.47,81.52,1939851
2017-10-23,81.56,81.645,81.56,81.59,2655209
2017-10-24,81.46,81.51,81.42,81.45,2292098
2017-10-25,81.341,81.39,81.291,81.38,1580033
2017-10-26,81.42,81.43,81.261,81.281,1919868
2017-10-27,81.351,81.46,81.31,81.46,1738008
2017-10-30,81.59,81.67,81.54,81.65,1545792
2017-10-31,81.67,81.68,81.6,81.6,1981235
2017-11-01,81.59,81.72,81.52,81.65,1595958
2017-11-02,81.73,81.8,81.69,81.73,2373161
2017-11-03,81.77,81.8,81.65,81.8,1370466
2017-11-06,81.86,81.89,81.8,81.86,1336668
2017-11-07,81.84,81.89,81.82,81.89,2450779
2017-11-08,81.86,81.9,81.8,81.83,2312749
2017-11-09,81.75,81.7866,81.671,81.75,2115752
2017-11-10,81.53,81.55,81.42,81.42,1724449
