Date,Open,High,Low,Close,Volume
2006-02-03,22.6,23.26,22.36,22.97,1080700
2006-02-06,23.02,23.12,22.6,22.69,771500
2006-02-07,22.55,22.69,21.99,22.04,674400
2006-02-08,22.03,22.2,21.88,21.94,335400
2006-02-09,22.09,22.34,22.05,22.15,705900
2006-02-10,22.18,22.21,21.66,21.75,276700
2006-02-13,21.75,21.75,21.35,21.41,237600
2006-02-14,21.38,21.41,21.2,21.23,256400
2006-02-15,21.29,21.31,20.85,20.92,404800
2006-02-16,20.94,21.21,20.86,21.17,463600
2006-02-17,21.3,21.49,21.27,21.47,467700
2006-02-21,21.9,21.94,21.66,21.83,714100
2006-02-22,21.71,21.85,21.43,21.47,543900
2006-02-23,21.43,21.66,21.23,21.4,380400
2006-02-24,21.75,21.99,21.57,21.98,535300
2006-02-27,21.75,21.8,21.49,21.55,664500
2006-02-28,21.61,21.85,21.44,21.84,579700
2006-03-01,21.83,21.83,21.61,21.79,270500
2006-03-02,21.9,22.24,21.82,22.19,885900
2006-03-03,22.29,22.4,22.09,22.39,362900
2006-03-06,22.27,22.27,21.8,22.04,588300
2006-03-07,21.84,21.89,21.54,21.65,341300
2006-03-08,21.36,21.47,21.13,21.3,243700
2006-03-09,21.43,21.56,21.31,21.52,413100
2006-03-10,21.31,21.51,21.13,21.43,398800
2006-03-13,21.43,21.72,21.28,21.71,328800
2006-03-14,21.7,22.06,21.64,22.03,331700
2006-03-15,22.01,22.07,21.72,21.78,566900
2006-03-16,21.78,22.02,21.65,21.97,642100
2006-03-17,22.01,22.05,21.8,21.87,324200
2006-03-20,21.77,21.9,21.34,21.42,495500
2006-03-21,21.38,21.6,21.24,21.49,412200
2006-03-22,21.57,21.61,21.34,21.45,283800
2006-03-23,21.52,21.82,21.38,21.82,224500
2006-03-24,21.77,21.93,21.69,21.77,310800
2006-03-27,21.83,21.97,21.75,21.9,147300
2006-03-28,21.93,22.2,21.93,22.19,355200
2006-03-29,22.15,22.34,22.08,22.34,319600
2006-03-30,22.34,22.67,22.34,22.61,603700
2006-03-31,22.45,22.57,22.22,22.45,402600
2006-04-03,22.67,22.82,22.5,22.55,406400
2006-04-04,22.45,22.5,22.27,22.43,201400
2006-04-05,22.5,22.69,22.46,22.57,297300
2006-04-06,22.81,23.03,22.81,22.97,619900
2006-04-07,22.83,22.91,22.65,22.87,415600
2006-04-10,23.15,23.3,22.98,23.29,497100
2006-04-11,23.3,23.4,23.07,23.39,537900
2006-04-12,23.37,23.52,23.21,23.34,517700
2006-04-13,23.21,23.49,23.11,23.49,233200
2006-04-17,23.63,23.77,23.52,23.74,526600
2006-04-18,23.8,24.11,23.73,24.05,886800
2006-04-19,24.09,24.38,23.96,24.29,558500
2006-04-20,24.27,24.27,23.72,24.01,640100
2006-04-21,24.07,24.58,23.92,24.51,559000
2006-04-24,24.37,24.46,23.97,24.02,481900
2006-04-25,24.22,24.29,23.93,24.1,550700
2006-04-26,24.13,24.29,23.96,24.01,493900
2006-04-27,23.86,23.92,23.56,23.63,427100
2006-04-28,23.86,24.16,23.78,24.02,453800
2006-05-01,24.14,24.43,24.07,24.29,571700
2006-05-02,24.51,24.61,24.36,24.57,516300
2006-05-03,24.56,24.59,24.01,24.13,422000
2006-05-04,24.0,24.19,23.68,23.84,445500
2006-05-05,24.03,24.16,23.91,24.1,377300
2006-05-08,23.82,24.03,23.58,24.03,342900
2006-05-09,24.23,24.57,24.19,24.41,1164700
2006-05-10,24.5,25.02,24.41,25.02,757600
2006-05-11,25.48,25.48,25.14,25.26,1037600
2006-05-12,25.32,25.46,25.06,25.18,1040100
2006-05-15,24.49,24.58,24.19,24.32,685200
2006-05-16,24.33,24.65,24.2,24.4,602500
2006-05-17,24.61,24.61,24.03,24.36,785100
2006-05-18,24.28,24.38,24.13,24.37,263100
2006-05-19,23.96,24.01,23.63,23.84,724900
2006-05-22,23.54,24.03,23.54,24.02,863900
2006-05-23,24.31,24.63,24.24,24.4,855100
2006-05-24,24.13,24.2,23.68,23.78,402700
2006-05-25,23.86,24.19,23.78,24.19,324200
2006-05-26,24.26,24.57,24.14,24.43,333400
2006-05-30,24.5,24.54,24.16,24.3,429400
2006-05-31,24.15,24.23,23.66,23.93,337500
2006-06-01,23.63,23.93,23.35,23.64,584800
2006-06-02,23.82,24.25,23.72,24.11,349300
2006-06-05,24.16,24.31,23.96,24.04,492100
2006-06-06,23.82,23.91,23.63,23.84,329000
2006-06-07,23.72,23.77,23.54,23.68,176800
2006-06-08,23.45,23.5,23.16,23.42,722700
2006-06-09,23.58,23.72,23.44,23.46,343800
2006-06-12,23.61,23.71,23.11,23.18,362400
2006-06-13,22.79,23.02,22.5,22.55,900600
2006-06-14,22.55,22.74,22.5,22.54,265700
2006-06-15,22.79,22.91,22.66,22.79,289100
2006-06-16,22.7,22.83,22.5,22.83,202400
2006-06-19,22.59,22.66,22.35,22.41,178200
2006-06-20,22.51,22.64,22.41,22.6,318000
2006-06-21,22.55,22.97,22.48,22.93,302100
2006-06-22,22.91,23.0,22.8,22.92,171900
2006-06-23,22.71,22.97,22.71,22.87,151400
2006-06-26,22.88,23.16,22.69,23.12,150400
2006-06-27,23.14,23.32,22.99,23.21,227800
2006-06-28,23.13,23.23,22.91,23.11,205500
2006-06-29,23.22,23.62,23.19,23.62,346300
2006-06-30,23.71,23.86,23.71,23.72,405600
2006-07-03,24.05,24.37,23.84,24.35,144500
2006-07-05,23.96,24.18,23.91,24.16,998200
2006-07-06,24.16,24.32,24.01,24.32,675800
2006-07-07,24.32,24.32,24.05,24.15,391300
2006-07-10,24.05,24.16,23.87,23.98,204700
2006-07-11,24.37,24.55,24.25,24.5,232800
2006-07-12,24.66,24.76,24.33,24.75,395000
2006-07-13,24.78,24.88,24.63,24.74,418000
2006-07-14,25.04,25.07,24.69,24.85,462800
2006-07-17,24.68,24.84,24.2,24.29,191500
2006-07-18,24.46,24.62,23.96,24.14,206100
2006-07-19,24.07,24.22,23.68,24.22,236400
2006-07-20,24.37,24.47,23.86,23.97,293100
2006-07-21,24.1,24.1,23.71,23.9,151700
2006-07-24,23.79,24.01,23.55,24.01,214300
2006-07-25,24.09,24.14,23.63,23.8,428100
2006-07-26,23.66,23.99,23.61,23.64,225200
2006-07-27,24.1,24.17,23.91,24.1,155900
2006-07-28,24.1,24.15,23.68,24.01,180700
2006-07-31,24.1,24.26,23.86,24.25,241400
2006-08-01,24.29,24.43,24.16,24.36,200300
2006-08-02,24.52,24.76,24.49,24.69,641900
2006-08-03,24.38,24.48,24.21,24.46,181000
2006-08-04,24.52,24.54,24.2,24.43,136900
2006-08-07,24.51,24.81,24.51,24.81,293200
2006-08-08,24.55,24.66,24.33,24.46,243800
2006-08-09,24.5,24.7,24.38,24.5,217000
2006-08-10,24.35,24.36,23.98,24.18,347100
2006-08-11,24.28,24.31,23.77,23.95,179500
2006-08-14,23.68,23.76,23.52,23.72,123400
2006-08-15,23.73,23.81,23.6,23.76,247200
2006-08-16,23.72,23.75,23.45,23.51,228200
2006-08-17,23.29,23.4,22.97,23.14,617000
2006-08-18,23.28,23.3,23.03,23.26,180900
2006-08-21,23.28,23.45,23.22,23.45,259800
2006-08-22,23.42,23.46,23.3,23.41,281500
2006-08-23,23.37,23.37,23.1,23.17,322600
2006-08-24,23.28,23.51,23.23,23.51,241700
2006-08-25,23.65,23.72,23.46,23.5,145700
2006-08-28,23.39,23.47,23.04,23.13,354700
2006-08-29,23.09,23.16,22.97,23.1,230700
2006-08-30,23.11,23.44,22.94,23.44,122500
2006-08-31,23.42,23.54,23.21,23.44,158200
2006-09-01,23.47,23.5,23.23,23.4,240500
2006-09-05,23.32,23.54,23.2,23.36,264700
2006-09-06,23.26,23.42,23.07,23.26,147000
2006-09-07,23.16,23.25,23.02,23.16,97400
2006-09-08,23.1,23.12,22.88,22.97,197400
2006-09-11,22.52,22.63,22.32,22.44,541600
2006-09-12,22.32,22.41,21.89,22.08,318300
2006-09-13,22.05,22.22,21.91,22.03,383900
2006-09-14,22.2,22.2,21.74,21.9,288700
2006-09-15,21.85,22.04,21.63,21.85,616300
2006-09-18,21.99,22.22,21.87,22.09,345600
2006-09-19,22.13,22.2,21.68,21.76,490700
2006-09-20,21.75,21.75,21.44,21.63,511000
2006-09-21,21.59,22.04,21.59,22.01,422000
2006-09-22,22.03,22.03,21.69,21.75,296500
2006-09-25,21.47,21.91,21.45,21.8,1036900
2006-09-26,21.85,22.04,21.71,21.9,195200
2006-09-27,21.94,22.22,21.68,22.22,296900
2006-09-28,22.31,22.55,22.17,22.4,185800
2006-09-29,22.36,22.47,22.09,22.46,884300
2006-10-02,22.5,22.61,22.13,22.21,170700
2006-10-03,22.05,22.05,21.74,21.85,193100
2006-10-04,21.72,22.05,21.41,22.01,872600
2006-10-05,22.27,22.31,21.92,22.13,353500
2006-10-06,22.13,22.22,21.88,22.21,360200
2006-10-09,22.31,22.96,22.31,22.96,396900
2006-10-10,22.22,22.5,21.97,22.22,396700
2006-10-11,22.04,22.27,21.85,21.92,424000
2006-10-12,21.85,22.37,21.85,22.17,284100
2006-10-13,22.39,22.88,22.34,22.65,285200
2006-10-16,22.77,22.88,22.46,22.88,578600
2006-10-17,23.2,23.2,22.67,22.86,598600
2006-10-18,22.83,22.96,22.32,22.5,345300
2006-10-19,22.66,22.95,22.53,22.87,187300
2006-10-20,22.88,22.88,22.32,22.55,514900
2006-10-23,22.33,22.65,22.18,22.6,645800
2006-10-24,22.56,22.8,22.32,22.76,226500
2006-10-25,22.76,23.21,22.66,23.16,200300
2006-10-26,23.14,23.17,22.82,23.0,243800
2006-10-27,23.16,23.16,22.8,23.07,380900
2006-10-30,23.02,23.06,22.74,22.82,393100
2006-10-31,22.74,22.75,22.46,22.68,127200
2006-11-01,22.65,23.02,22.51,22.97,160400
2006-11-02,22.96,23.16,22.74,22.8,640300
2006-11-03,23.01,23.21,22.87,23.17,195900
2006-11-06,23.16,23.51,23.11,23.49,282500
2006-11-07,23.53,23.53,23.27,23.43,170800
2006-11-08,23.35,23.53,23.22,23.41,257400
2006-11-09,23.82,23.82,23.44,23.71,393900
2006-11-10,23.52,23.55,23.09,23.22,194400
2006-11-13,23.11,23.14,22.97,23.05,222600
2006-11-14,23.03,23.26,23.02,23.11,189900
2006-11-15,23.03,23.4,23.03,23.29,235500
2006-11-16,23.29,23.41,22.65,22.71,315300
2006-11-17,22.61,23.0,22.5,22.99,217200
2006-11-20,22.99,23.16,22.76,22.91,413200
2006-11-21,23.07,23.21,23.01,23.12,263500
2006-11-22,23.3,23.38,22.9,23.21,170700
2006-11-24,23.3,23.53,23.27,23.53,63700
2006-11-27,23.58,23.71,23.43,23.59,165700
2006-11-28,23.56,23.67,23.5,23.66,156800
2006-11-29,23.46,23.98,23.44,23.96,422700
2006-11-30,24.13,24.29,24.01,24.17,347000
2006-12-01,24.24,24.33,24.04,24.16,295800
2006-12-04,24.19,24.19,23.83,24.05,249000
2006-12-05,24.18,24.27,23.83,24.13,161900
2006-12-06,23.86,23.99,23.72,23.81,227700
2006-12-07,23.71,23.8,23.52,23.72,137000
2006-12-08,23.82,23.91,23.54,23.54,231100
2006-12-11,23.54,23.69,23.42,23.57,321000
2006-12-12,23.56,23.71,23.44,23.54,114500
2006-12-13,23.44,23.56,23.4,23.55,126400
2006-12-14,23.77,23.96,23.68,23.82,190500
2006-12-15,23.91,23.93,23.68,23.93,233700
2006-12-18,23.66,23.69,23.3,23.51,250200
2006-12-19,23.43,23.81,23.24,23.79,294800
2006-12-20,23.8,23.9,23.71,23.83,313500
2006-12-21,23.87,23.87,23.51,23.59,285100
2006-12-22,23.69,23.92,23.61,23.78,202900
2006-12-26,23.85,23.9,23.35,23.41,210500
2006-12-27,23.54,23.59,23.34,23.34,152200
2006-12-28,23.51,23.61,23.37,23.52,319600
2006-12-29,23.46,23.67,23.3,23.61,276300
2007-01-03,23.32,23.38,22.73,22.86,746800
2007-01-04,22.62,22.77,22.15,22.27,428900
2007-01-05,22.14,22.43,21.95,22.29,369800
2007-01-08,22.58,22.63,22.09,22.31,275200
2007-01-09,21.76,22.23,21.6,22.11,675600
2007-01-10,21.93,22.04,21.73,21.79,285900
2007-01-11,21.71,22.1,21.42,21.76,496300
2007-01-12,21.76,22.29,21.62,22.27,328400
2007-01-16,22.14,22.19,21.47,21.76,467900
2007-01-17,21.66,22.02,21.48,21.95,291200
2007-01-18,22.05,22.13,21.52,21.72,609700
2007-01-19,22.0,22.08,21.52,22.05,226700
2007-01-22,22.17,22.38,21.81,22.07,303300
2007-01-23,22.29,22.77,22.15,22.77,483800
2007-01-24,22.62,22.7,22.27,22.58,279000
2007-01-25,22.66,22.77,22.36,22.37,366200
2007-01-26,22.56,22.67,22.43,22.65,313600
2007-01-29,22.48,22.53,22.09,22.19,367400
2007-01-30,22.19,22.82,22.14,22.81,347000
2007-01-31,22.77,23.07,22.58,23.05,298400
2007-02-01,23.2,23.34,22.87,22.96,410000
2007-02-02,22.9,23.26,22.75,23.26,211600
2007-02-05,23.41,23.44,23.06,23.18,271500
2007-02-06,23.29,23.3,22.93,23.07,473500
2007-02-07,23.01,23.15,22.68,22.79,179500
2007-02-08,22.72,23.34,22.72,23.32,178200
2007-02-09,23.44,23.57,23.29,23.46,164000
2007-02-12,23.25,23.32,22.91,23.02,209200
2007-02-13,23.19,23.51,23.15,23.44,205800
2007-02-14,23.42,23.5,23.01,23.12,383800
2007-02-15,23.18,23.18,22.86,23.12,191400
2007-02-16,23.13,23.54,23.07,23.53,155700
2007-02-20,23.18,23.28,22.94,23.27,201100
2007-02-21,23.32,23.85,23.2,23.77,332500
2007-02-22,23.87,24.16,23.8,24.09,260500
2007-02-23,24.29,24.42,24.15,24.25,527700
2007-02-26,24.4,24.49,24.21,24.31,555440
2007-02-27,24.05,24.34,23.79,23.85,192300
2007-02-28,24.03,24.3,23.8,24.3,324900
2007-03-01,24.12,24.18,23.91,24.05,169100
2007-03-02,23.9,24.07,23.67,23.82,295700
2007-03-05,23.31,23.61,23.21,23.47,658500
2007-03-06,23.69,23.78,23.51,23.69,143300
2007-03-07,23.8,24.06,23.72,24.02,533600
2007-03-08,24.17,24.18,23.92,24.06,261400
2007-03-09,24.09,24.1,23.63,23.74,261700
2007-03-12,23.62,23.63,23.38,23.52,143700
2007-03-13,23.6,23.73,23.23,23.33,248600
2007-03-14,23.27,23.38,23.09,23.38,179100
2007-03-15,23.5,23.5,23.15,23.24,165300
2007-03-16,23.3,23.6,23.09,23.3,242300
2007-03-19,23.31,23.44,23.26,23.41,148000
2007-03-20,23.34,23.48,23.25,23.44,217900
2007-03-21,23.33,23.5,23.2,23.48,156200
2007-03-22,23.51,23.86,23.51,23.86,252300
2007-03-23,23.87,23.99,23.74,23.87,190000
2007-03-26,23.94,24.02,23.82,23.98,182800
2007-03-27,23.92,24.05,23.82,24.05,418400
2007-03-28,24.35,24.4,24.17,24.28,261300
2007-03-29,24.41,24.8,24.27,24.75,348800
2007-03-30,24.69,24.69,24.3,24.38,171000
2007-04-02,24.03,24.37,23.88,24.14,296700
2007-04-03,24.18,24.18,23.87,24.05,370600
2007-04-04,24.01,24.36,23.93,24.31,122000
2007-04-05,24.38,24.43,24.24,24.36,219100
2007-04-09,24.55,24.63,24.02,24.11,301000
2007-04-10,24.32,24.51,24.1,24.45,231300
2007-04-11,24.44,24.55,23.82,24.41,340600
2007-04-12,24.47,24.57,24.27,24.55,100400
2007-04-13,24.72,24.79,24.53,24.69,230500
2007-04-16,24.72,24.73,24.4,24.5,161100
2007-04-17,24.56,24.67,24.13,24.25,196900
2007-04-18,24.09,24.32,24.05,24.26,173400
2007-04-19,24.21,24.3,24.06,24.19,271500
2007-04-20,24.29,24.53,24.2,24.53,199400
2007-04-23,24.3,24.69,24.26,24.69,252700
2007-04-24,24.58,24.64,24.21,24.35,204700
2007-04-25,24.45,24.93,24.45,24.83,207000
2007-04-26,24.67,24.87,24.48,24.66,635300
2007-04-27,24.46,24.79,24.46,24.79,216900
2007-04-30,24.64,24.79,24.5,24.56,172200
2007-05-01,24.59,24.73,24.45,24.61,178400
2007-05-02,24.62,24.62,24.22,24.42,303600
2007-05-03,24.42,24.54,24.26,24.54,213100
2007-05-04,24.55,24.69,24.32,24.49,166800
2007-05-07,24.3,24.46,24.19,24.37,226100
2007-05-08,24.07,24.22,24.02,24.22,189100
2007-05-09,24.09,24.16,23.82,24.09,252300
2007-05-10,24.11,24.12,23.88,24.0,245400
2007-05-11,24.03,24.36,24.0,24.35,204600
2007-05-14,24.33,24.37,24.16,24.27,443700
2007-05-15,24.09,24.53,24.06,24.51,448800
2007-05-16,24.41,24.41,24.07,24.27,287400
2007-05-17,24.27,24.49,24.2,24.47,197800
2007-05-18,24.49,24.55,24.33,24.43,186600
2007-05-21,24.45,24.73,24.32,24.67,269400
2007-05-22,24.54,24.54,24.26,24.31,181200
2007-05-23,24.36,24.44,24.19,24.43,251500
2007-05-24,24.41,24.55,24.2,24.3,258000
2007-05-25,24.41,24.6,24.31,24.59,162600
2007-05-29,24.26,24.37,23.94,24.06,211600
2007-05-30,24.02,24.34,24.02,24.29,292800
2007-05-31,24.33,24.52,24.24,24.51,323700
2007-06-01,24.43,24.77,24.39,24.69,294500
2007-06-04,24.75,24.98,24.74,24.91,408200
2007-06-05,24.75,24.96,24.73,24.81,325000
2007-06-06,24.83,24.87,24.6,24.8,208200
2007-06-07,24.69,25.04,24.69,24.93,291800
2007-06-08,24.65,24.73,24.39,24.49,909800
2007-06-11,24.73,25.01,24.55,24.96,138100
2007-06-12,24.82,24.9,24.72,24.89,124400
2007-06-13,24.7,25.26,24.68,25.21,395000
2007-06-14,25.37,25.54,25.26,25.45,2681200
2007-06-15,25.4,25.6,25.35,25.6,321500
2007-06-18,25.68,25.68,25.46,25.6,259600
2007-06-19,25.55,25.64,25.27,25.35,347400
2007-06-20,25.28,25.38,25.15,25.38,247600
2007-06-21,25.43,25.48,25.04,25.27,238100
2007-06-22,25.23,25.28,24.98,25.21,783200
2007-06-25,24.9,25.16,24.77,25.11,397300
2007-06-26,24.94,24.98,24.71,24.82,283000
2007-06-27,24.79,24.92,24.58,24.79,219300
2007-06-28,24.83,24.85,24.65,24.71,280700
2007-06-29,24.74,25.04,24.64,24.69,258100
2007-07-02,25.03,25.03,24.55,24.84,810100
2007-07-03,25.02,25.02,24.79,24.87,185500
2007-07-05,25.0,25.12,24.83,25.1,250500
2007-07-06,25.26,25.31,25.08,25.31,332500
2007-07-09,25.25,25.33,25.15,25.26,156000
2007-07-10,25.17,25.48,25.16,25.44,228400
2007-07-11,25.3,25.58,25.29,25.5,194400
2007-07-12,25.58,25.66,25.34,25.56,282400
2007-07-13,25.56,25.6,25.44,25.6,168200
2007-07-16,25.48,25.48,25.06,25.15,316800
2007-07-17,25.21,25.29,24.86,25.0,423200
2007-07-18,25.01,25.3,24.95,25.28,230600
2007-07-19,25.29,25.45,25.25,25.37,107600
2007-07-20,25.36,25.47,25.26,25.36,252200
2007-07-23,25.24,25.25,25.04,25.25,220300
2007-07-24,25.09,25.25,24.98,25.05,189600
2007-07-25,25.11,25.28,24.85,25.28,274200
2007-07-26,25.28,25.36,24.8,25.01,227400
2007-07-27,25.01,25.26,24.92,25.25,283200
2007-07-30,25.12,25.2,24.85,24.96,181900
2007-07-31,25.18,25.41,25.06,25.16,388600
2007-08-01,25.16,25.28,24.8,25.12,465000
2007-08-02,25.12,25.27,25.02,25.16,188500
2007-08-03,25.17,25.17,24.88,24.88,141400
2007-08-06,24.67,24.72,24.29,24.54,267900
2007-08-07,24.4,24.73,24.36,24.67,181500
2007-08-08,24.59,24.83,24.54,24.63,174000
2007-08-09,24.47,24.74,24.33,24.44,287500
2007-08-10,24.13,24.54,24.0,24.53,462400
2007-08-13,24.65,24.69,24.29,24.35,162200
2007-08-14,24.98,25.29,24.26,24.43,169800
2007-08-15,24.57,24.79,24.4,24.61,313100
2007-08-16,24.08,24.19,23.66,24.19,455900
2007-08-17,23.33,24.35,22.69,24.17,375000
2007-08-20,24.04,24.25,23.96,24.24,269900
2007-08-21,24.16,24.41,24.05,24.2,315800
2007-08-22,24.21,24.32,24.07,24.26,190200
2007-08-23,24.5,24.55,24.19,24.33,281600
2007-08-24,24.35,24.62,24.31,24.62,175100
2007-08-27,24.32,24.68,24.26,24.65,102300
2007-08-28,24.61,24.61,24.27,24.39,112200
2007-08-29,24.39,24.63,24.39,24.62,264700
2007-08-30,25.35,25.35,24.44,24.67,182500
2007-08-31,24.98,24.98,24.55,24.68,122500
2007-09-04,24.78,25.06,24.68,24.96,305200
2007-09-05,24.96,25.07,24.79,25.01,222100
2007-09-06,24.89,25.03,24.79,24.91,214500
2007-09-07,24.97,25.08,24.86,25.07,149200
2007-09-10,25.0,25.28,24.79,25.25,154200
2007-09-11,25.13,25.32,24.96,25.3,117200
2007-09-12,25.29,25.61,25.24,25.57,207600
2007-09-13,25.51,25.63,25.28,25.38,468600
2007-09-14,25.35,25.55,25.29,25.4,191900
2007-09-17,25.52,25.7,25.43,25.7,124300
2007-09-18,25.51,25.84,25.44,25.79,229600
2007-09-19,25.88,26.01,25.75,26.01,243600
2007-09-20,26.08,26.42,26.01,26.42,519300
2007-09-21,26.5,26.6,26.33,26.6,255500
2007-09-24,26.54,26.7,26.43,26.55,181800
2007-09-25,26.24,26.47,26.21,26.36,177500
2007-09-26,26.46,26.51,26.1,26.4,217500
2007-09-27,27.08,27.09,26.55,27.09,249200
2007-09-28,27.14,27.16,26.79,27.0,467400
2007-10-01,27.85,27.85,26.55,26.73,196500
2007-10-02,26.48,26.54,26.07,26.19,218300
2007-10-03,26.56,26.56,26.04,26.22,159400
2007-10-04,26.2,26.59,26.03,26.58,273800
2007-10-05,26.46,26.67,26.37,26.66,167800
2007-10-08,27.37,27.37,25.94,26.1,193100
2007-10-09,26.0,26.44,26.0,26.28,242600
2007-10-10,26.43,26.6,26.27,26.59,307200
2007-10-11,27.54,27.54,26.46,26.89,204300
2007-10-12,26.9,27.06,26.79,27.01,164900
2007-10-15,27.23,27.48,27.14,27.48,156700
2007-10-16,27.26,27.51,27.22,27.5,290400
2007-10-17,27.55,27.55,27.26,27.36,254100
2007-10-18,27.47,27.89,27.47,27.85,337500
2007-10-19,27.8,27.87,27.64,27.77,228600
2007-10-22,27.52,27.78,27.35,27.7,293700
2007-10-23,27.8,27.82,27.37,27.5,1101600
2007-10-24,27.38,27.72,27.38,27.6,212900
2007-10-25,27.81,28.24,27.74,28.24,332500
2007-10-26,28.53,28.7,28.4,28.68,633700
2007-10-29,28.82,29.15,28.76,29.15,435700
2007-10-30,28.82,28.86,28.41,28.49,283000
2007-10-31,28.71,29.3,28.61,29.3,402000
2007-11-01,29.09,29.09,28.66,28.93,378300
2007-11-02,29.13,29.55,29.01,29.55,205100
2007-11-05,30.02,30.04,28.95,29.36,368765
2007-11-06,30.28,30.28,29.56,30.13,447510
2007-11-07,31.7,31.7,29.59,29.97,510100
2007-11-08,30.4,30.4,29.72,29.9,471701
2007-11-09,29.3,30.11,29.3,29.89,371240
2007-11-12,29.3,29.69,29.04,29.23,981100
2007-11-13,29.23,29.25,28.54,28.68,3017410
2007-11-14,28.76,29.39,28.76,29.32,260300
2007-11-15,29.18,29.18,28.79,29.03,340216
2007-11-16,29.44,29.44,29.02,29.13,179534
2007-11-19,29.11,29.39,29.02,29.35,527550
2007-11-20,29.61,30.11,29.47,30.08,569087
2007-11-21,29.59,30.14,29.59,30.12,734500
2007-11-23,30.34,30.42,29.92,30.4,499454
2007-11-26,30.31,30.53,30.02,30.02,400745
2007-11-27,30.45,30.45,29.63,29.78,370540
2007-11-28,29.75,30.29,29.13,29.42,766240
2007-11-29,29.53,29.68,29.3,29.48,195721
2007-11-30,29.06,29.51,29.0,29.12,352242
2007-12-03,29.19,29.36,28.84,29.33,320820
2007-12-04,29.29,29.46,29.15,29.46,494138
2007-12-05,29.65,29.72,29.12,29.24,437784
2007-12-06,29.02,29.77,29.02,29.77,293200
2007-12-07,30.45,30.45,29.31,29.68,401059
2007-12-10,29.81,29.96,29.48,29.66,539460
2007-12-11,29.78,30.05,29.68,29.92,275100
2007-12-12,30.26,30.91,30.02,30.73,444500
2007-12-13,30.81,30.81,30.24,30.41,274900
2007-12-14,30.33,30.36,30.06,30.19,294300
2007-12-17,31.06,31.06,29.77,30.05,293930
2007-12-18,30.12,30.4,29.64,29.92,311147
2007-12-19,30.0,30.36,29.95,30.2,269600
2007-12-20,30.12,30.23,29.94,30.08,334900
2007-12-21,30.12,30.51,30.09,30.43,283900
2007-12-24,29.75,30.66,29.59,30.66,472000
2007-12-26,30.76,31.07,30.67,31.02,188500
2007-12-27,30.91,31.24,30.91,31.13,880700
2007-12-28,31.15,31.39,30.93,31.03,264300
2007-12-31,31.15,31.15,30.76,31.07,244000
2008-01-02,31.56,31.95,31.44,31.93,718900
2008-01-03,32.24,32.28,31.91,32.17,1108400
2008-01-04,32.06,32.06,31.58,31.99,581200
2008-01-07,31.73,31.94,31.17,31.4,664300
2008-01-08,31.8,31.99,31.59,31.69,429000
2008-01-09,31.83,31.87,31.31,31.38,749600
2008-01-10,31.16,31.27,30.91,31.23,452800
2008-01-11,31.17,31.61,30.91,31.51,667600
2008-01-14,31.9,32.0,31.69,31.91,835800
2008-01-15,31.67,31.74,31.28,31.51,472800
2008-01-16,31.33,31.36,30.72,31.22,1044300
2008-01-17,31.4,31.45,30.81,30.81,689800
2008-01-18,31.0,31.15,30.86,30.93,458100
2008-01-22,30.03,31.0,29.86,30.82,785500
2008-01-23,30.59,30.71,30.07,30.24,695900
2008-01-24,30.36,31.02,30.36,30.99,709700
2008-01-25,31.49,32.09,31.23,31.68,1189100
2008-01-28,31.33,31.84,31.12,31.83,593400
2008-01-29,32.01,32.09,31.76,32.09,492000
2008-01-30,32.05,32.05,31.64,31.82,564500
2008-01-31,31.72,32.13,31.42,31.98,692200
2008-02-01,32.04,32.04,31.38,31.41,643100
2008-02-04,31.58,32.01,31.5,31.97,692400
2008-02-05,31.69,31.82,31.42,31.7,787424
2008-02-06,31.84,32.03,31.5,31.55,867300
2008-02-07,31.44,31.94,31.44,31.94,859400
2008-02-08,32.21,32.89,32.03,32.89,1070300
2008-02-11,32.77,33.11,32.57,33.11,1236600
2008-02-12,32.86,32.98,32.25,32.44,760000
2008-02-13,32.35,32.7,32.16,32.7,406600
2008-02-14,33.13,33.36,32.94,33.36,1015600
2008-02-15,33.41,33.62,32.99,33.21,995300
2008-02-19,33.94,34.33,33.87,34.29,919800
2008-02-20,34.0,34.51,33.95,34.47,706500
2008-02-21,34.41,34.62,34.06,34.28,565600
2008-02-22,34.45,34.8,34.01,34.75,555500
2008-02-25,34.7,35.1,34.45,35.09,923900
2008-02-26,35.02,35.84,34.65,35.83,1029500
2008-02-27,35.22,36.32,35.11,35.79,1344400
2008-02-28,35.86,36.14,35.64,36.13,1536000
2008-02-29,36.0,36.02,35.45,35.54,1079700
2008-03-03,36.37,36.47,35.84,36.06,1311900
2008-03-04,36.27,36.28,34.85,35.93,1612000
2008-03-05,35.97,36.72,35.77,36.72,1018300
2008-03-06,36.79,37.05,36.24,37.0,1676900
2008-03-07,37.16,37.16,36.37,36.62,1497400
2008-03-10,36.43,37.4,35.76,37.31,1719546
2008-03-11,37.35,37.9,37.06,37.89,1474289
2008-03-12,37.85,38.35,37.26,38.31,1756807
2008-03-13,38.3,38.71,38.11,38.35,2624974
2008-03-14,38.44,38.66,37.66,38.3,1140221
2008-03-17,37.22,37.53,35.87,36.76,3062645
2008-03-18,37.16,37.7,36.78,37.58,1175599
2008-03-19,36.77,36.87,35.52,35.95,2186604
2008-03-20,34.33,35.38,30.27,34.51,3472403
2008-03-24,34.65,35.49,34.51,35.14,1459048
2008-03-25,35.66,35.84,35.19,35.49,1020866
2008-03-26,36.1,36.6,35.93,36.55,1394877
2008-03-27,36.43,37.05,36.27,36.96,2398237
2008-03-28,36.44,36.5,36.08,36.08,1129600
2008-03-31,36.86,37.35,34.9,35.21,1302420
2008-04-01,34.75,35.42,34.63,35.02,1282743
2008-04-02,34.57,36.09,34.57,36.06,814401
2008-04-03,35.88,36.3,35.72,36.26,552328
2008-04-04,36.24,36.65,36.04,36.51,825800
2008-04-07,37.13,37.34,36.78,36.91,1223547
2008-04-08,36.87,37.22,36.69,37.06,826882
2008-04-09,37.15,38.15,37.07,37.68,1276962
2008-04-10,38.16,38.19,37.35,37.51,1338543
2008-04-11,37.26,37.58,37.14,37.36,747886
2008-04-14,37.34,37.62,37.34,37.62,761930
2008-04-15,38.05,38.16,37.9,38.07,615612
2008-04-16,38.34,38.5,37.8,38.43,784471
2008-04-17,38.58,38.64,38.15,38.26,555968
2008-04-18,38.12,38.39,37.76,38.28,549300
2008-04-21,38.3,38.33,37.65,38.33,769234
2008-04-22,38.13,38.79,38.04,38.56,904523
2008-04-23,38.29,38.44,37.95,38.2,744215
2008-04-24,37.84,38.08,37.21,37.56,691726
2008-04-25,37.62,38.26,37.45,38.25,473677
2008-04-28,38.27,38.37,38.03,38.34,480459
2008-04-29,38.1,38.1,37.28,37.41,1231977
2008-04-30,37.41,37.57,36.86,37.34,1620783
2008-05-01,36.52,36.77,35.93,36.47,1700503
2008-05-02,36.47,37.43,36.47,37.4,1348358
2008-05-05,37.42,38.27,37.42,38.18,825436
2008-05-06,38.28,38.86,38.13,38.68,825620
2008-05-07,38.56,38.97,38.31,38.75,839573
2008-05-08,38.97,39.38,38.87,39.38,934085
2008-05-09,40.26,40.26,39.32,39.99,1034972
2008-05-12,39.99,39.99,39.18,39.31,557601
2008-05-13,39.42,39.79,39.13,39.53,700267
2008-05-14,39.64,39.64,38.89,38.89,631529
2008-05-15,39.41,39.55,38.51,39.33,723786
2008-05-16,39.81,40.08,39.43,39.9,1480081
2008-05-19,39.97,39.98,39.63,39.96,481399
2008-05-20,40.36,40.68,40.28,40.51,654250
2008-05-21,40.85,41.75,40.58,41.69,863811
2008-05-22,41.79,41.89,40.88,41.09,1280792
2008-05-23,41.53,41.56,40.89,41.17,478656
2008-05-27,40.96,40.96,40.27,40.51,1093906
2008-05-28,39.91,40.82,39.8,40.77,976507
2008-05-29,40.17,40.87,39.24,39.65,883284
2008-05-30,39.55,40.23,39.29,39.92,704753
2008-06-02,39.86,40.69,39.66,40.45,1013622
2008-06-03,40.1,40.17,39.44,39.5,684336
2008-06-04,39.29,39.43,38.89,38.91,797258
2008-06-05,38.91,40.54,38.74,40.38,1323816
2008-06-06,41.75,42.81,41.42,41.42,871570
2008-06-09,42.48,42.48,41.53,41.84,1567788
2008-06-10,42.81,42.81,41.35,41.67,868262
2008-06-11,42.16,43.57,42.15,43.21,939027
2008-06-12,42.97,43.41,42.0,43.2,1153791
2008-06-13,42.74,43.12,42.46,42.92,378583
2008-06-16,43.34,44.29,42.86,42.88,1116558
2008-06-17,43.07,43.44,42.88,43.32,669030
2008-06-18,43.67,43.91,42.96,43.91,542061
2008-06-19,43.94,43.94,42.7,42.88,1047074
2008-06-20,43.32,43.67,42.97,43.18,719511
2008-06-23,43.02,43.58,42.85,43.48,712678
2008-06-24,43.46,43.69,43.12,43.49,791738
2008-06-25,43.32,43.39,42.41,43.33,1180290
2008-06-26,43.98,44.79,43.94,44.76,959186
2008-06-27,44.97,45.24,44.65,44.88,826361
2008-06-30,45.22,45.22,44.08,44.08,1306175
2008-07-01,44.64,44.92,44.35,44.86,860569
2008-07-02,44.6,45.72,44.35,45.72,888392
2008-07-03,45.91,45.91,45.3,45.7,1058204
2008-07-07,45.1,45.2,44.22,45.08,1137152
2008-07-08,43.76,44.08,43.01,43.44,1586575
2008-07-09,43.44,43.99,41.35,43.42,2332748
2008-07-10,43.86,44.6,43.8,44.6,970838
2008-07-11,45.6,45.78,44.59,45.22,707433
2008-07-14,45.13,45.25,44.81,45.24,449084
2008-07-15,44.97,45.16,43.07,43.8,4871313
2008-07-16,43.32,43.5,42.33,43.13,1380640
2008-07-17,42.89,43.43,41.77,42.12,1860839
2008-07-18,41.92,42.14,41.15,41.4,1248917
2008-07-21,41.5,41.9,41.22,41.9,1052042
2008-07-22,41.84,41.84,40.59,40.98,1411800
2008-07-23,40.31,40.76,39.79,40.06,2755612
2008-07-24,39.93,40.18,39.65,40.09,1381036
2008-07-25,39.98,40.02,39.46,39.59,752612
2008-07-28,39.76,40.96,39.76,39.78,830164
2008-07-29,40.22,40.26,38.99,39.33,1726115
2008-07-30,38.93,40.28,38.89,40.11,1344027
2008-07-31,40.5,40.88,39.26,39.77,937775
2008-08-01,38.78,40.18,38.74,39.33,773287
2008-08-04,39.29,39.52,37.36,38.03,1633772
2008-08-05,37.73,38.26,37.5,37.76,1609240
2008-08-06,37.69,37.91,36.96,37.36,1373753
2008-08-07,37.34,37.85,37.34,37.57,949149
2008-08-08,37.06,37.18,36.29,36.51,1584696
2008-08-11,36.69,36.82,36.18,36.47,822912
2008-08-12,36.58,36.59,35.83,36.16,705223
2008-08-13,36.26,37.6,36.26,37.37,662020
2008-08-14,37.26,37.35,36.5,37.05,569782
2008-08-15,36.57,36.76,36.1,36.54,908140
2008-08-18,36.88,37.14,36.5,36.75,629162
2008-08-19,36.57,37.72,36.43,37.32,1380895
2008-08-20,37.54,37.9,36.93,37.62,885140
2008-08-21,38.47,39.49,38.47,39.23,975267
2008-08-22,38.85,38.88,37.72,37.9,448996
2008-08-25,37.89,38.13,37.55,37.69,455645
2008-08-26,37.85,38.3,37.26,37.71,788566
2008-08-27,38.3,38.68,37.6,38.06,520107
2008-08-28,38.2,38.36,37.05,37.31,540460
2008-08-29,37.61,37.81,37.07,37.17,419348
2008-09-02,35.55,36.32,35.34,36.21,1213623
2008-09-03,35.63,36.0,35.42,36.0,1391457
2008-09-04,35.85,36.18,35.31,35.49,915432
2008-09-05,35.23,35.41,34.77,35.14,664141
2008-09-08,35.36,35.56,34.69,35.06,563159
2008-09-09,34.39,34.49,33.72,33.78,1065469
2008-09-10,34.2,34.42,33.59,33.83,827697
2008-09-11,33.66,33.78,33.23,33.54,786906
2008-09-12,33.74,34.14,33.6,33.77,611734
2008-09-15,33.07,33.39,32.33,32.44,600872
2008-09-16,31.75,32.3,31.21,31.78,1162590
2008-09-17,32.11,33.23,31.68,32.73,988543
2008-09-18,33.41,33.93,32.66,32.79,966844
2008-09-19,32.88,34.22,32.88,33.88,889963
2008-09-22,34.52,35.61,34.52,35.05,1457226
2008-09-23,35.1,35.28,34.2,34.7,608967
2008-09-24,35.37,35.42,34.42,34.42,1131545
2008-09-25,34.48,35.19,34.24,35.02,879140
2008-09-26,34.35,34.75,34.21,34.6,418736
2008-09-29,33.34,33.64,32.19,32.46,684113
2008-09-30,32.85,33.36,32.66,33.36,1113511
2008-10-01,32.98,32.99,32.13,32.59,590345
2008-10-02,32.03,32.03,30.78,30.78,991974
2008-10-03,30.55,31.45,30.01,30.07,1613050
2008-10-06,29.93,30.0,28.57,28.79,2123142
2008-10-07,29.7,29.99,29.14,29.14,1593466
2008-10-08,29.26,29.96,29.1,29.56,1123045
2008-10-09,29.77,30.03,28.19,28.19,849401
2008-10-10,26.92,28.49,26.85,26.94,1859219
2008-10-13,28.53,28.64,27.95,28.43,666505
2008-10-14,29.13,29.23,27.86,27.91,1053071
2008-10-15,27.23,27.45,26.64,26.64,750470
2008-10-16,26.72,26.73,25.55,26.14,949855
2008-10-17,26.05,26.98,25.95,26.43,1005555
2008-10-20,26.65,27.19,26.25,26.96,512118
2008-10-21,26.22,26.48,25.91,26.0,442203
2008-10-22,25.35,25.42,24.51,24.77,643526
2008-10-23,24.66,25.26,24.56,24.87,820069
2008-10-24,23.5,24.37,23.43,23.87,724745
2008-10-27,23.57,24.61,23.46,23.7,712076
2008-10-28,24.6,24.71,23.87,24.35,605618
2008-10-29,25.02,25.99,24.93,25.78,931886
2008-10-30,25.69,25.72,24.47,24.72,711304
2008-10-31,24.61,26.03,24.47,25.0,1047120
2008-11-03,25.02,25.25,24.71,24.72,978940
2008-11-04,25.33,26.74,25.29,25.84,1220034
2008-11-05,26.06,26.22,25.03,25.17,756710
2008-11-06,24.8,24.92,23.99,24.07,800888
2008-11-07,24.22,24.48,24.02,24.1,1248708
2008-11-10,25.07,25.24,23.87,24.26,438105
2008-11-11,23.88,23.94,23.31,23.79,873852
2008-11-12,23.14,23.37,22.73,23.1,978068
2008-11-13,22.91,23.84,22.59,23.53,1126302
2008-11-14,23.21,23.55,23.02,23.38,486707
2008-11-17,23.16,23.59,22.72,22.85,554569
2008-11-18,22.85,23.08,22.4,22.51,1750388
2008-11-19,22.67,22.86,22.25,22.25,912777
2008-11-20,21.81,22.45,21.12,21.12,926162
2008-11-21,21.22,21.78,21.22,21.48,591207
2008-11-24,22.07,22.96,21.79,22.96,1225053
2008-11-25,22.47,22.54,21.94,22.19,731360
2008-11-26,22.47,22.9,22.11,22.9,1003892
2008-11-28,22.35,22.59,21.9,21.9,405988
2008-12-01,21.88,21.89,21.23,21.23,548539
2008-12-02,21.61,21.76,21.02,21.24,849096
2008-12-03,20.87,21.1,20.67,20.99,1077176
2008-12-04,20.67,20.87,19.85,19.89,1102090
2008-12-05,19.82,19.86,19.11,19.39,1966514
2008-12-08,20.1,20.42,19.89,20.29,1253032
2008-12-09,20.17,20.33,19.77,19.85,1201348
2008-12-10,20.18,20.55,19.79,20.45,1485749
2008-12-11,20.59,21.38,20.5,21.1,2210628
2008-12-12,20.35,22.15,20.14,21.56,1068139
2008-12-15,21.78,21.95,20.67,20.95,1382335
2008-12-16,20.99,21.45,20.71,21.25,952879
2008-12-17,21.43,21.45,20.76,20.96,1805273
2008-12-18,20.87,20.93,20.4,20.64,2647523
2008-12-19,20.48,20.66,20.25,20.5,2509615
2008-12-22,20.5,20.58,19.87,19.92,3788038
2008-12-23,19.94,20.34,19.61,20.0,1340082
2008-12-24,20.05,20.05,19.61,19.69,520503
2008-12-26,19.42,20.02,19.41,20.0,515638
2008-12-29,20.4,20.44,19.86,20.22,1247398
2008-12-30,20.24,20.46,19.9,20.34,1078872
2008-12-31,20.13,21.58,20.02,21.19,1143648
2009-01-02,21.56,22.22,21.2,21.93,808740
2009-01-05,21.76,22.24,21.4,22.16,1221830
2009-01-06,22.61,22.89,22.27,22.74,1047154
2009-01-07,22.49,22.49,21.5,21.58,991674
2009-01-08,21.56,21.68,21.21,21.66,1206985
2009-01-09,21.55,21.55,21.1,21.41,671970
2009-01-12,21.0,21.07,20.35,20.44,701489
2009-01-13,20.55,21.17,20.36,20.78,553654
2009-01-14,20.96,20.96,20.05,20.49,699950
2009-01-15,20.49,20.61,20.02,20.47,880493
2009-01-16,21.12,21.12,20.53,20.56,1184883
2009-01-20,20.3,20.41,19.65,19.92,699506
2009-01-21,19.75,20.09,19.51,20.0,956598
2009-01-22,19.85,20.05,19.55,19.74,1468912
2009-01-23,19.75,20.79,19.66,20.66,1804278
2009-01-26,20.78,21.22,20.61,20.7,1223532
2009-01-27,20.54,20.54,19.96,20.14,1016998
2009-01-28,20.35,20.74,20.1,20.62,2342257
2009-01-29,20.2,20.5,20.15,20.37,927433
2009-01-30,20.57,20.64,20.25,20.25,964825
2009-02-02,20.0,20.25,19.73,19.86,811582
2009-02-03,19.74,19.98,19.5,19.63,737204
2009-02-04,19.83,19.98,19.6,19.74,1735143
2009-02-05,19.88,20.23,19.7,20.18,998878
2009-02-06,20.07,20.54,19.81,20.33,1411352
2009-02-09,20.85,20.85,20.2,20.22,946356
2009-02-10,20.5,20.64,19.85,19.96,1183430
2009-02-11,19.91,20.06,19.73,19.84,731121
2009-02-12,19.75,19.92,19.56,19.87,731436
2009-02-13,20.17,20.17,19.41,19.51,1302083
2009-02-17,18.88,19.03,18.42,18.42,1216733
2009-02-18,18.54,18.54,18.15,18.31,864208
2009-02-19,18.38,18.79,18.22,18.76,777133
2009-02-20,18.28,18.68,18.21,18.55,1107715
2009-02-23,18.85,18.9,18.27,18.37,709333
2009-02-24,18.64,18.74,18.38,18.72,857950
2009-02-25,18.8,19.15,18.52,18.94,860030
2009-02-26,19.26,19.47,19.06,19.34,657249
2009-02-27,19.22,19.49,18.87,19.11,595631
2009-03-02,18.65,18.65,18.04,18.15,1263186
2009-03-03,18.27,18.45,17.94,18.27,1398252
2009-03-04,18.71,19.03,18.68,18.91,1010053
2009-03-05,18.77,19.1,18.5,18.75,938805
2009-03-06,19.03,19.2,18.8,19.2,1247155
2009-03-09,19.48,19.48,18.78,19.09,1624763
2009-03-10,19.24,19.43,18.96,19.04,1020191
2009-03-11,18.99,19.06,18.38,18.44,724580
2009-03-12,18.62,19.36,18.5,19.3,1256380
2009-03-13,19.43,19.54,19.08,19.13,1692807
2009-03-16,19.21,19.55,18.77,19.55,1015085
2009-03-17,19.55,19.97,19.48,19.97,1798109
2009-03-18,19.69,20.25,19.39,20.22,1501124
2009-03-19,20.88,21.03,20.49,20.64,3796379
2009-03-20,20.68,20.95,20.55,20.92,2944984
2009-03-23,20.98,21.39,20.86,21.36,3068186
2009-03-24,21.06,21.1,20.85,21.01,2188153
2009-03-25,20.72,20.97,20.54,20.69,1585617
2009-03-26,21.05,21.07,20.8,21.05,1601315
2009-03-27,20.64,20.67,20.35,20.66,1362355
2009-03-30,20.17,20.25,19.72,19.91,1630794
2009-03-31,20.01,20.28,19.64,20.0,4798747
2009-04-01,19.8,20.01,19.65,19.95,3109643
2009-04-02,20.69,20.93,20.56,20.72,4605841
2009-04-03,20.6,21.07,20.6,21.04,2334955
2009-04-06,20.79,20.86,20.44,20.78,1918639
2009-04-07,20.52,20.63,20.35,20.41,1230410
2009-04-08,20.29,20.91,20.18,20.56,1741104
2009-04-09,20.98,21.0,20.6,20.86,1843036
2009-04-13,20.36,21.36,20.27,20.95,1367982
2009-04-14,20.79,20.83,20.34,20.57,1234196
2009-04-15,20.39,20.57,20.21,20.44,1158292
2009-04-16,20.44,20.44,20.24,20.35,1574931
2009-04-17,20.51,20.51,20.2,20.2,1508384
2009-04-20,19.67,19.68,19.28,19.44,3024935
2009-04-21,19.19,19.65,19.1,19.51,1247391
2009-04-22,19.48,19.61,19.35,19.54,1270236
2009-04-23,19.6,19.8,19.49,19.8,1312735
2009-04-24,20.04,20.14,19.94,20.1,1333595
2009-04-27,19.33,19.87,19.21,19.6,1093013
2009-04-28,19.34,19.5,19.26,19.46,1567007
2009-04-29,19.7,19.95,19.63,19.91,1617397
2009-04-30,19.75,19.99,19.67,19.98,1304704
2009-05-01,20.2,20.68,20.1,20.58,2069646
2009-05-04,20.7,20.99,20.68,20.98,3068922
2009-05-05,20.82,20.91,20.59,20.68,1581491
2009-05-06,21.09,21.27,20.91,21.23,2645883
2009-05-07,21.67,21.67,21.09,21.27,3601618
2009-05-08,21.55,21.82,21.4,21.8,2875122
2009-05-11,21.58,21.7,21.43,21.62,1816388
2009-05-12,21.92,21.92,21.55,21.84,2137901
2009-05-13,21.74,21.95,21.49,21.59,2477679
2009-05-14,21.49,21.76,21.39,21.73,1957500
2009-05-15,21.6,21.68,21.08,21.18,2119032
2009-05-18,21.32,21.77,21.27,21.74,2184617
2009-05-19,21.74,21.79,21.5,21.74,2516978
2009-05-20,21.95,22.25,21.85,22.09,4038373
2009-05-21,21.81,22.02,21.58,21.91,2330675
2009-05-22,22.0,22.23,21.89,22.23,1947054
2009-05-26,21.77,22.32,21.7,22.28,3170262
2009-05-27,22.39,22.5,22.2,22.38,2329770
2009-05-28,22.49,22.88,22.39,22.79,2732679
2009-05-29,23.18,23.25,23.01,23.23,3127261
2009-06-01,23.59,23.94,23.52,23.87,4043999
2009-06-02,23.74,24.06,23.67,23.97,3385559
2009-06-03,23.77,23.79,22.93,23.17,3296474
2009-06-04,23.58,24.1,23.45,24.02,2816371
2009-06-05,23.92,23.95,23.61,23.89,3026173
2009-06-08,23.79,23.86,23.64,23.83,2457399
2009-06-09,24.05,24.11,23.85,24.06,2167915
2009-06-10,24.2,24.22,23.78,23.97,2546871
2009-06-11,24.14,24.31,24.08,24.19,2864419
2009-06-12,23.92,23.94,23.72,23.85,1954009
2009-06-15,23.62,23.62,23.22,23.39,2273440
2009-06-16,23.66,23.69,23.18,23.3,1694144
2009-06-17,23.22,23.5,23.01,23.37,1887604
2009-06-18,23.38,23.54,23.24,23.4,1843196
2009-06-19,23.49,23.52,23.05,23.2,2409307
2009-06-22,22.7,22.7,22.32,22.42,3758376
2009-06-23,22.56,22.83,22.35,22.81,4012546
2009-06-24,22.9,23.0,22.69,22.8,4231660
2009-06-25,22.92,23.05,22.77,23.0,3136686
2009-06-26,22.97,22.99,22.66,22.81,2186132
2009-06-29,23.02,23.11,22.92,23.03,2322289
2009-06-30,22.89,22.93,22.15,22.62,2892816
2009-07-01,22.88,22.89,22.33,22.53,2207951
2009-07-02,22.05,22.11,21.92,22.03,2277766
2009-07-06,21.49,21.54,21.25,21.37,2763322
2009-07-07,21.48,21.48,20.96,21.03,2690842
2009-07-08,21.0,21.01,20.61,20.77,3581238
2009-07-09,20.85,20.95,20.64,20.9,1778119
2009-07-10,20.68,20.82,20.53,20.74,1486877
2009-07-13,20.58,20.87,20.4,20.85,1536933
2009-07-14,21.0,21.02,20.72,20.85,1340236
2009-07-15,21.2,21.4,21.14,21.4,3202622
2009-07-16,21.15,21.49,21.12,21.45,1460540
2009-07-17,21.65,21.85,21.62,21.77,2220106
2009-07-20,22.09,22.17,21.86,22.13,3233634
2009-07-21,22.29,22.33,21.89,22.05,3826677
2009-07-22,21.85,22.21,21.78,22.17,2362857
2009-07-23,22.21,22.72,22.2,22.63,2376306
2009-07-24,22.76,22.81,22.56,22.65,2448728
2009-07-27,22.77,22.81,22.62,22.74,1906990
2009-07-28,22.54,22.55,22.29,22.49,1973598
2009-07-29,22.28,22.29,21.8,21.91,2307489
2009-07-30,22.28,22.73,22.19,22.59,2079641
2009-07-31,22.5,23.05,22.43,23.04,2317635
2009-08-03,23.53,23.75,23.43,23.69,2570802
2009-08-04,23.59,23.82,23.45,23.7,2254989
2009-08-05,23.99,24.0,23.66,23.95,2445836
2009-08-06,23.85,23.89,23.4,23.4,2238109
2009-08-07,23.57,23.7,23.17,23.29,2473709
2009-08-10,23.33,23.38,23.11,23.28,1588221
2009-08-11,23.17,23.18,22.87,22.93,1647715
2009-08-12,22.88,23.2,22.8,23.05,2315717
2009-08-13,23.41,23.44,23.18,23.36,2327864
2009-08-14,23.23,23.23,22.6,22.7,1761056
2009-08-17,22.25,22.39,22.05,22.36,2724305
2009-08-18,22.28,22.87,22.24,22.8,1339034
2009-08-19,22.4,23.08,22.37,22.96,1167248
2009-08-20,22.85,22.91,22.68,22.77,1505981
2009-08-21,22.99,23.09,22.84,22.94,1638601
2009-08-24,23.19,23.2,22.89,22.98,1590325
2009-08-25,22.99,23.06,22.4,22.65,1869011
2009-08-26,22.4,22.59,22.29,22.59,1853870
2009-08-27,22.43,22.78,22.27,22.78,1616284
2009-08-28,22.79,22.87,22.5,22.73,1693282
2009-08-31,22.25,22.34,21.9,22.11,1298556
2009-09-01,22.19,22.46,21.71,21.77,2174439
2009-09-02,21.74,21.88,21.56,21.82,1679288
2009-09-03,21.96,21.96,21.65,21.71,1684610
2009-09-04,21.58,21.67,21.42,21.62,1803167
2009-09-08,22.07,22.26,21.98,22.02,2798975
2009-09-09,22.15,22.32,22.02,22.11,2264552
2009-09-10,21.94,22.23,21.88,22.23,1568640
2009-09-11,22.4,22.4,21.69,21.94,1647607
2009-09-14,21.71,21.86,21.66,21.82,1505131
2009-09-15,21.89,22.38,21.75,22.33,2333586
2009-09-16,22.4,22.66,22.3,22.62,2035120
2009-09-17,22.66,22.79,22.51,22.63,1327342
2009-09-18,22.68,22.7,22.38,22.43,1552991
2009-09-21,22.16,22.16,21.82,21.94,1805377
2009-09-22,22.33,22.33,22.12,22.3,1926597
2009-09-23,22.3,22.3,21.78,21.8,1487567
2009-09-24,21.76,21.77,21.32,21.52,1982462
2009-09-25,21.42,21.56,21.22,21.35,1543081
2009-09-28,21.32,21.62,21.3,21.54,1144779
2009-09-29,21.5,21.66,21.37,21.46,1323123
2009-09-30,21.61,22.18,21.35,22.06,2136213
2009-10-01,22.24,22.24,21.8,21.92,2257738
2009-10-02,21.69,21.93,21.62,21.7,1334172
2009-10-05,21.69,22.4,21.46,22.4,1520773
2009-10-06,22.2,22.52,22.13,22.13,2322296
2009-10-07,22.27,22.37,21.92,22.17,1931989
2009-10-08,22.2,22.85,22.17,22.61,1875628
2009-10-09,22.73,22.82,22.51,22.7,1187938
2009-10-12,23.07,23.28,23.07,23.16,1798555
2009-10-13,23.31,23.48,23.14,23.42,1819982
2009-10-14,23.57,23.64,23.51,23.6,1840969
2009-10-15,23.55,23.86,23.43,23.84,2579149
2009-10-16,23.85,23.98,23.68,23.9,1767425
2009-10-19,23.92,24.31,23.86,24.24,2012608
2009-10-20,24.33,24.33,23.94,24.09,2164202
2009-10-21,24.08,24.9,24.02,24.6,2042365
2009-10-22,24.65,24.82,24.44,24.8,1799506
2009-10-23,24.92,24.96,24.57,24.71,1617133
2009-10-26,24.89,25.02,24.11,24.26,1885732
2009-10-27,24.32,24.32,23.97,24.09,3855754
2009-10-28,23.86,23.97,23.47,23.47,3014148
2009-10-29,23.75,24.27,23.75,24.2,2377740
2009-10-30,24.02,24.05,23.53,23.59,2278237
2009-11-02,23.59,24.0,23.55,24.0,2008497
2009-11-03,23.8,24.4,23.7,24.34,2420054
2009-11-04,24.48,24.61,24.28,24.32,3457168
2009-11-05,24.32,24.4,24.15,24.19,1925486
2009-11-06,23.94,24.13,23.66,23.76,2483839
2009-11-09,24.06,24.23,24.01,24.15,1809572
2009-11-10,24.26,24.3,23.79,24.03,2451655
2009-11-11,24.29,24.36,24.06,24.19,1383451
2009-11-12,24.06,24.14,23.78,23.83,2308173
2009-11-13,23.81,23.93,23.61,23.81,1058318
2009-11-16,24.06,24.64,24.01,24.5,1080849
2009-11-17,24.51,24.7,24.39,24.62,2245366
2009-11-18,24.85,24.93,24.51,24.64,3365256
2009-11-19,24.51,24.51,24.1,24.29,1484855
2009-11-20,24.11,24.35,24.05,24.26,4630072
2009-11-23,24.72,24.78,24.26,24.37,2014933
2009-11-24,24.32,24.37,23.96,24.09,2632971
2009-11-25,24.24,24.7,24.15,24.67,1799677
2009-11-27,23.79,24.46,23.73,24.39,1416166
2009-11-30,24.28,24.78,24.2,24.66,3340882
2009-12-01,24.92,25.06,24.84,24.84,2594009
2009-12-02,24.91,24.96,24.59,24.67,3084366
2009-12-03,24.71,24.86,24.59,24.65,1631898
2009-12-04,24.88,24.94,24.31,24.45,3607500
2009-12-07,24.2,24.5,24.16,24.23,2023564
2009-12-08,24.19,24.19,23.93,23.99,1906808
2009-12-09,24.0,24.08,23.39,23.69,2277724
2009-12-10,23.55,23.66,23.32,23.56,2051521
2009-12-11,23.64,23.68,23.4,23.68,2280708
2009-12-14,23.75,23.86,23.69,23.81,2782854
2009-12-15,23.81,23.89,23.7,23.7,2935367
2009-12-16,23.89,24.18,23.88,24.11,1447136
2009-12-17,23.9,23.95,23.62,23.74,1646583
2009-12-18,23.97,24.05,23.69,23.84,2142984
2009-12-21,24.01,24.07,23.61,23.61,1138235
2009-12-22,23.67,23.87,23.45,23.78,2165770
2009-12-23,23.86,24.26,23.86,24.2,1465145
2009-12-24,24.23,24.37,24.23,24.34,882838
2009-12-28,24.76,24.8,24.67,24.77,1932496
2009-12-29,24.85,24.85,24.58,24.72,2252397
2009-12-30,24.72,24.8,24.6,24.69,1420320
2009-12-31,24.89,24.89,24.6,24.62,1649522
2010-01-04,25.17,25.24,25.07,25.24,2047251
2010-01-05,25.27,25.32,25.11,25.27,2335373
2010-01-06,25.4,25.73,25.3,25.72,2262856
2010-01-07,25.63,25.65,25.4,25.4,1604025
2010-01-08,25.34,25.48,25.23,25.38,1565294
2010-01-11,25.57,25.59,25.26,25.3,1493775
2010-01-12,25.05,25.11,24.62,24.76,3256216
2010-01-13,24.63,24.81,24.33,24.78,3565105
2010-01-14,24.82,24.86,24.55,24.65,1622199
2010-01-15,24.59,24.61,24.3,24.37,1427126
2010-01-19,24.18,24.53,24.1,24.53,2316435
2010-01-20,24.21,24.22,23.94,24.07,1848427
2010-01-21,24.14,24.23,23.72,23.77,2452488
2010-01-22,23.63,23.71,23.36,23.52,3609594
2010-01-25,23.49,23.68,23.48,23.63,1718096
2010-01-26,23.27,23.55,23.25,23.37,1403060
2010-01-27,23.24,23.35,22.86,23.03,2082021
2010-01-28,23.07,23.11,22.75,22.95,1344878
2010-01-29,23.03,23.12,22.66,22.69,2810079
2010-02-01,22.83,23.24,22.75,23.24,2807513
2010-02-02,23.31,23.77,23.26,23.74,13788011
2010-02-03,23.65,23.77,23.43,23.45,4795495
2010-02-04,23.2,23.23,22.61,22.67,4453807
2010-02-05,22.6,22.68,21.83,22.38,11514326
2010-02-08,22.38,22.57,22.25,22.39,1608035
2010-02-09,22.57,22.93,22.48,22.79,2047264
2010-02-10,23.06,23.06,22.52,22.88,1842221
2010-02-11,22.92,23.24,22.76,23.15,1727001
2010-02-12,22.9,23.02,22.72,23.02,1374289
2010-02-16,23.39,23.74,23.38,23.72,1398628
2010-02-17,23.7,23.74,23.48,23.6,1526741
2010-02-18,23.69,23.84,23.59,23.81,1311898
2010-02-19,23.67,24.0,23.6,23.95,1729157
2010-02-22,23.95,23.98,23.74,23.82,1796247
2010-02-23,23.61,23.67,23.39,23.43,1832914
2010-02-24,23.47,23.68,23.36,23.62,1581112
2010-02-25,23.15,23.27,23.01,23.22,1383688
2010-02-26,23.29,23.63,23.29,23.63,1536889
2010-03-01,23.73,23.79,23.28,23.39,2366394
2010-03-02,23.48,23.79,23.46,23.64,1425786
2010-03-03,23.71,23.98,23.63,23.87,1971908
2010-03-04,23.77,23.83,23.56,23.66,1841240
2010-03-05,23.85,24.02,23.82,23.94,1383961
2010-03-08,24.04,24.04,23.75,23.91,1450781
2010-03-09,23.69,23.85,23.65,23.65,2064087
2010-03-10,23.65,23.99,23.5,23.72,1705324
2010-03-11,23.62,23.69,23.53,23.66,1440770
2010-03-12,23.74,23.77,23.42,23.52,1669208
2010-03-15,23.38,23.39,23.11,23.24,1817509
2010-03-16,23.47,23.68,23.42,23.55,1549646
2010-03-17,23.71,23.88,23.58,23.76,2185538
2010-03-18,23.74,23.78,23.61,23.71,1524841
2010-03-19,23.7,23.7,23.26,23.42,1576837
2010-03-22,23.07,23.46,22.99,23.42,3003846
2010-03-23,23.33,23.47,23.24,23.32,1647167
2010-03-24,23.05,23.16,22.98,23.06,1622677
2010-03-25,23.21,23.23,22.91,22.93,3071453
2010-03-26,23.06,23.11,22.88,22.97,1626597
2010-03-29,23.25,23.57,23.24,23.49,2449489
2010-03-30,23.52,23.58,23.4,23.54,1091285
2010-03-31,23.64,23.71,23.45,23.52,1193889
2010-04-01,23.79,24.01,23.74,23.98,1665860
2010-04-05,24.13,24.38,24.13,24.36,1723459
2010-04-06,24.31,24.45,24.25,24.34,1609404
2010-04-07,24.33,24.45,24.17,24.25,1542489
2010-04-08,24.11,24.23,24.05,24.21,1069799
2010-04-09,24.31,24.39,24.15,24.26,987883
2010-04-12,24.41,24.53,24.21,24.24,1300033
2010-04-13,24.32,24.4,24.04,24.33,860149
2010-04-14,24.49,24.71,24.39,24.61,1454481
2010-04-15,24.66,24.72,24.57,24.7,2087147
2010-04-16,24.55,24.61,24.1,24.25,1506501
2010-04-19,24.07,24.07,23.75,23.94,2749424
2010-04-20,24.07,24.23,24.03,24.13,1977867
2010-04-21,24.22,24.37,24.0,24.25,1687350
2010-04-22,24.05,24.31,23.93,24.31,1618230
2010-04-23,24.16,24.5,24.12,24.47,1137097
2010-04-26,24.52,24.57,24.33,24.35,925696
2010-04-27,24.22,24.4,23.93,23.98,1517620
2010-04-28,24.03,24.14,23.88,24.06,1623908
2010-04-29,24.29,24.37,24.22,24.25,1316622
2010-04-30,24.4,24.49,24.23,24.44,2476375
2010-05-03,24.49,24.66,24.45,24.56,2355775
2010-05-04,24.28,24.32,23.88,23.9,2435840
2010-05-05,23.18,23.58,23.11,23.36,7516882
2010-05-06,23.17,23.32,22.55,22.9,3574312
2010-05-07,22.79,22.91,22.5,22.78,3752150
2010-05-10,23.28,23.35,23.04,23.22,2334346
2010-05-11,23.02,23.28,23.02,23.18,1730342
2010-05-12,23.36,23.5,23.19,23.37,1831836
2010-05-13,23.31,23.41,23.17,23.17,1337558
2010-05-14,23.0,23.0,22.48,22.58,1702117
2010-05-17,22.42,22.5,21.87,21.94,2636081
2010-05-18,22.3,22.31,21.85,21.91,1979993
2010-05-19,21.71,21.79,21.41,21.71,4000821
2010-05-20,21.24,21.44,21.02,21.26,3071855
2010-05-21,21.19,21.65,21.13,21.48,3529198
2010-05-24,21.51,21.6,21.41,21.46,2873203
2010-05-25,20.93,21.29,20.84,21.29,2565648
2010-05-26,21.43,21.68,21.43,21.52,1614175
2010-05-27,21.79,22.17,21.78,22.15,2069497
2010-05-28,22.06,22.17,21.75,21.96,2489247
2010-06-01,21.76,22.08,21.55,21.55,3618242
2010-06-02,21.64,21.86,21.54,21.81,1395706
2010-06-03,21.8,21.95,21.61,21.93,1162832
2010-06-04,21.68,21.69,21.22,21.25,2423219
2010-06-07,21.2,21.47,21.17,21.29,1406026
2010-06-08,21.36,21.49,21.27,21.46,3121487
2010-06-09,21.66,21.75,21.54,21.56,1569938
2010-06-10,21.8,21.99,21.74,21.92,1341038
2010-06-11,21.8,21.95,21.7,21.95,2333982
2010-06-14,22.13,22.23,21.95,22.01,1647184
2010-06-15,22.16,22.43,22.09,22.38,1778552
2010-06-16,22.32,22.51,22.22,22.43,1320587
2010-06-17,22.57,22.58,22.36,22.44,1183058
2010-06-18,22.37,22.52,22.3,22.4,1929876
2010-06-21,22.74,22.77,22.24,22.31,1081082
2010-06-22,22.38,22.45,22.23,22.26,1540231
2010-06-23,22.16,22.16,21.85,21.89,1179432
2010-06-24,21.99,22.03,21.83,21.94,1195910
2010-06-25,22.14,22.39,22.04,22.34,1452680
2010-06-28,22.25,22.28,22.08,22.1,3621427
2010-06-29,21.7,21.71,21.44,21.49,1756375
2010-06-30,21.52,21.8,21.47,21.57,5303445
2010-07-01,21.47,21.48,21.08,21.24,1622645
2010-07-02,21.32,21.37,21.1,21.2,1682504
2010-07-06,21.47,21.6,21.17,21.26,1372922
2010-07-07,21.36,21.74,21.36,21.74,1319565
2010-07-08,21.83,21.97,21.64,21.94,1514131
2010-07-09,21.9,22.03,21.82,21.98,1278136
2010-07-12,21.85,21.91,21.65,21.73,702219
2010-07-13,22.04,22.13,22.0,22.08,1164322
2010-07-14,22.06,22.25,21.96,22.04,1135442
2010-07-15,22.19,22.25,21.86,22.25,1078411
2010-07-16,22.08,22.1,21.85,21.97,865909
2010-07-19,22.03,22.22,21.83,21.95,1203199
2010-07-20,21.86,22.14,21.85,22.13,2829886
2010-07-21,22.36,22.36,22.03,22.07,1532161
2010-07-22,22.4,22.57,22.37,22.51,953077
2010-07-23,22.45,22.53,22.37,22.44,922262
2010-07-26,22.44,22.5,22.36,22.42,936157
2010-07-27,22.49,22.53,22.05,22.18,1219166
2010-07-28,22.24,22.34,22.11,22.27,1408141
2010-07-29,22.52,22.68,22.43,22.59,839658
2010-07-30,22.49,22.92,22.45,22.89,1062603
2010-08-02,23.33,23.48,23.3,23.33,1583306
2010-08-03,23.39,23.47,23.29,23.41,1362650
2010-08-04,23.56,23.69,23.47,23.61,2179575
2010-08-05,23.66,23.72,23.5,23.5,1210248
2010-08-06,23.39,23.59,23.15,23.29,1406379
2010-08-09,23.35,23.44,23.28,23.37,670599
2010-08-10,22.97,23.22,22.9,23.12,2217876
2010-08-11,22.88,22.89,22.58,22.6,1301319
2010-08-12,22.49,22.66,22.39,22.43,11204042
2010-08-13,22.47,22.5,22.34,22.41,1819832
2010-08-16,22.4,22.48,22.31,22.34,957837
2010-08-17,22.57,22.76,22.54,22.66,1493506
2010-08-18,22.46,22.66,22.33,22.57,952249
2010-08-19,22.61,22.61,22.29,22.34,1005857
2010-08-20,22.21,22.24,22.11,22.2,1032359
2010-08-23,22.15,22.29,22.0,22.05,873253
2010-08-24,21.82,21.91,21.75,21.8,2209811
2010-08-25,21.72,21.91,21.63,21.91,1158700
2010-08-26,22.1,22.28,22.08,22.16,1225096
2010-08-27,22.25,22.58,22.07,22.54,1125455
2010-08-30,22.54,22.65,22.49,22.5,890563
2010-08-31,22.52,22.6,22.17,22.2,1091487
2010-09-01,22.5,22.71,22.5,22.64,1217313
2010-09-02,22.58,22.84,22.55,22.8,1633821
2010-09-03,22.89,22.97,22.65,22.92,955443
2010-09-07,22.86,23.18,22.77,23.04,988922
2010-09-08,23.07,23.24,23.07,23.09,951705
2010-09-09,23.15,23.19,22.94,22.96,1149750
2010-09-10,22.99,23.2,22.97,23.2,1171020
2010-09-13,23.36,23.43,23.29,23.37,1315192
2010-09-14,23.31,23.57,23.31,23.44,1438464
2010-09-15,23.35,23.44,23.31,23.4,1277913
2010-09-16,23.44,23.49,23.18,23.28,844283
2010-09-17,23.45,23.49,23.2,23.36,1232164
2010-09-20,23.46,23.69,23.46,23.55,1107430
2010-09-21,23.52,23.54,23.29,23.3,1400230
2010-09-22,23.5,23.54,23.31,23.44,1051904
2010-09-23,23.29,23.56,23.28,23.46,1070741
2010-09-24,23.59,23.86,23.59,23.82,1232868
2010-09-27,23.81,23.85,23.53,23.66,959818
2010-09-28,23.65,23.86,23.58,23.66,1621018
2010-09-29,23.55,23.99,23.48,23.97,1137552
2010-09-30,24.04,24.12,23.78,24.11,2265868
2010-10-01,24.28,24.38,24.08,24.16,2951473
2010-10-04,24.14,24.2,24.03,24.08,1412716
2010-10-05,24.29,24.58,24.25,24.57,2483149
2010-10-06,24.57,24.73,24.52,24.58,7914991
2010-10-07,24.79,24.79,24.27,24.33,2212775
2010-10-08,24.63,25.15,24.56,25.14,3958878
2010-10-11,25.11,25.26,25.0,25.02,1333391
2010-10-12,25.02,25.22,24.86,25.14,2043199
2010-10-13,25.29,25.4,25.23,25.26,1886543
2010-10-14,25.28,25.47,25.18,25.22,1565213
2010-10-15,25.24,25.28,24.89,24.94,1064252
2010-10-18,25.02,25.24,24.96,25.19,1174763
2010-10-19,24.68,24.87,24.42,24.45,1722296
2010-10-20,24.61,25.08,24.61,25.03,2076081
2010-10-21,25.08,25.18,24.62,24.72,1836533
2010-10-22,24.85,24.93,24.73,24.93,1061412
2010-10-25,25.19,25.26,24.91,25.06,1365045
2010-10-26,24.98,25.21,24.97,25.19,1769253
2010-10-27,24.98,25.13,24.8,25.11,1376889
2010-10-28,25.3,25.32,25.13,25.24,1776265
2010-10-29,25.14,25.23,25.02,25.18,1585642
2010-11-01,25.63,25.64,25.29,25.34,1940140
2010-11-02,25.61,25.61,25.49,25.57,1919911
2010-11-03,25.62,25.75,25.35,25.69,2448178
2010-11-04,26.15,26.34,26.07,26.3,2715006
2010-11-05,26.27,26.41,26.17,26.41,2130015
2010-11-08,26.31,26.49,26.23,26.48,1792740
2010-11-09,26.73,26.92,26.26,26.3,3435340
2010-11-10,26.55,26.66,26.33,26.58,1735436
2010-11-11,26.58,26.58,26.33,26.36,1847318
2010-11-12,25.92,25.98,25.23,25.26,1629293
2010-11-15,25.46,25.52,25.3,25.3,2162557
2010-11-16,25.06,25.07,24.51,24.55,3073350
2010-11-17,24.56,24.75,24.33,24.36,2566525
2010-11-18,24.9,25.02,24.76,25.02,2002430
2010-11-19,24.78,24.84,24.58,24.66,3325866
2010-11-22,24.62,24.76,24.43,24.74,2719070
2010-11-23,24.48,24.74,24.37,24.68,1450165
2010-11-24,24.74,25.15,24.74,25.14,1642996
2010-11-26,24.97,25.26,24.95,25.26,627850
2010-11-29,25.2,25.33,25.0,25.31,1593938
2010-11-30,25.13,25.28,25.03,25.07,1606068
2010-12-01,25.5,25.83,25.49,25.81,2078362
2010-12-02,25.77,26.05,25.77,26.03,2401350
2010-12-03,26.07,26.42,26.06,26.36,2543888
2010-12-06,26.31,26.38,26.19,26.33,1868818
2010-12-07,26.7,26.72,26.13,26.15,1710856
2010-12-08,26.26,26.39,26.03,26.35,1691291
2010-12-09,26.37,26.41,26.2,26.28,2534948
2010-12-10,26.29,26.29,26.05,26.24,1421812
2010-12-13,26.56,26.62,26.41,26.5,1330856
2010-12-14,26.48,26.6,26.38,26.43,1226407
2010-12-15,26.46,26.6,26.29,26.36,1304442
2010-12-16,26.39,26.39,26.2,26.27,1587042
2010-12-17,26.36,26.55,26.34,26.49,1248783
2010-12-20,26.61,26.78,26.43,26.71,2017386
2010-12-21,26.81,26.94,26.77,26.88,2422106
2010-12-22,26.93,27.05,26.88,27.02,1361893
2010-12-23,26.97,27.15,26.93,27.12,1367129
2010-12-27,27.04,27.14,26.96,27.07,1534520
2010-12-28,27.29,27.39,27.2,27.36,1147974
2010-12-29,27.36,27.4,27.32,27.37,1789003
2010-12-30,27.26,27.31,26.92,27.04,1612277
2010-12-31,27.12,27.67,27.11,27.55,939580
2011-01-03,27.83,27.98,27.65,27.67,2385795
2011-01-04,27.69,27.71,27.06,27.3,3117743
2011-01-05,27.03,27.59,26.96,27.59,2801698
2011-01-06,27.6,27.61,27.18,27.22,2709664
2011-01-07,27.14,27.31,26.9,27.12,2903237
2011-01-10,27.34,27.46,27.24,27.44,1532446
2011-01-11,27.65,27.79,27.53,27.75,1822772
2011-01-12,28.0,28.1,27.88,27.93,6347027
2011-01-13,27.98,28.0,27.77,27.89,3014364
2011-01-14,27.86,28.08,27.79,28.02,3259144
2011-01-18,27.88,28.12,27.85,27.99,1934527
2011-01-19,28.22,28.22,27.95,27.96,2346313
2011-01-20,27.63,27.79,27.42,27.68,3122027
2011-01-21,27.81,27.99,27.74,27.96,2521384
2011-01-24,27.89,27.99,27.69,27.72,1923042
2011-01-25,27.37,27.42,27.32,27.37,2410433
2011-01-26,27.52,28.0,27.48,27.98,3200793
2011-01-27,27.99,28.03,27.73,27.74,2182142
2011-01-28,27.85,28.21,27.82,28.09,1903406
2011-01-31,28.15,28.68,28.13,28.53,3320567
2011-02-01,28.64,28.82,28.6,28.74,3191485
2011-02-02,28.87,29.05,28.79,29.02,2706761
2011-02-03,29.04,29.08,28.72,28.83,1994007
2011-02-04,28.91,28.93,28.5,28.67,1054068
2011-02-07,28.69,28.8,28.5,28.59,1358576
2011-02-08,28.51,28.78,28.43,28.78,1557428
2011-02-09,28.77,28.96,28.68,28.92,2109213
2011-02-10,28.83,28.95,28.67,28.75,1175492
2011-02-11,28.73,28.75,28.5,28.65,1625532
2011-02-14,28.76,29.02,28.74,28.79,1804541
2011-02-15,28.71,28.77,28.27,28.42,3146486
2011-02-16,28.58,28.73,28.48,28.63,1806440
2011-02-18,28.48,28.86,28.48,28.69,2162982
2011-02-22,29.13,29.15,28.63,28.65,2474811
2011-02-23,28.81,29.31,28.79,29.29,3441610
2011-02-24,29.42,29.49,28.89,29.03,3552636
2011-02-25,29.26,29.71,29.15,29.67,1799304
2011-02-28,29.67,29.81,29.57,29.72,2586198
2011-03-01,29.9,30.18,29.82,30.17,3760806
2011-03-02,30.21,30.45,30.1,30.29,3743877
2011-03-03,30.18,30.34,30.04,30.28,2067102
2011-03-04,30.42,30.5,30.29,30.43,2162739
2011-03-07,30.64,30.67,30.25,30.29,2119995
2011-03-08,30.19,30.2,29.92,30.03,2212810
2011-03-09,30.23,30.35,29.99,30.15,1597194
2011-03-10,29.87,29.95,29.48,29.66,2338838
2011-03-11,29.26,29.57,29.22,29.49,1958196
2011-03-14,29.48,29.6,29.34,29.57,1498068
2011-03-15,28.53,28.81,28.21,28.49,3253245
2011-03-16,28.73,29.03,28.47,28.66,3500063
2011-03-17,29.12,29.65,29.08,29.55,3160080
2011-03-18,29.62,29.8,29.51,29.72,2237960
2011-03-21,29.9,29.97,29.78,29.86,2375163
2011-03-22,29.77,30.13,29.71,30.08,2356302
2011-03-23,30.2,30.31,30.09,30.14,2180230
2011-03-24,30.13,30.31,30.08,30.24,1627081
2011-03-25,30.31,30.36,30.14,30.32,1887490
2011-03-28,30.0,30.18,29.91,29.91,1498602
2011-03-29,29.9,30.16,29.83,30.08,1674491
2011-03-30,30.07,30.12,29.85,30.04,1457128
2011-03-31,30.46,30.59,30.35,30.51,1834187
2011-04-01,30.54,30.78,30.41,30.72,3428803
2011-04-04,30.89,31.09,30.83,31.0,2009701
2011-04-05,31.02,31.18,30.99,31.03,1532998
2011-04-06,31.28,31.35,31.05,31.12,1309785
2011-04-07,31.18,31.26,30.98,31.18,1809601
2011-04-08,31.42,31.92,31.4,31.92,3221719
2011-04-11,31.78,31.83,31.33,31.33,2158991
2011-04-12,31.22,31.23,30.57,30.69,2988397
2011-04-13,30.97,31.11,30.63,30.93,1497023
2011-04-14,30.75,31.03,30.71,31.01,2180907
2011-04-15,30.98,31.27,30.89,31.17,1748574
2011-04-18,31.18,31.24,30.74,30.98,1981787
2011-04-19,30.85,31.17,30.75,30.99,1376009
2011-04-20,31.31,31.65,31.28,31.48,1919786
2011-04-21,31.49,31.79,31.44,31.71,1985893
2011-04-25,31.88,31.89,31.41,31.62,2158040
2011-04-26,31.63,31.71,31.51,31.61,2900125
2011-04-27,31.64,31.82,31.34,31.8,1804264
2011-04-28,31.73,31.89,31.41,31.57,2919875
2011-04-29,31.65,31.99,31.57,31.9,2054801
2011-05-02,31.66,32.02,31.58,31.58,2687378
2011-05-03,31.62,31.65,31.13,31.25,2573851
2011-05-04,31.14,31.2,30.71,30.75,2818650
2011-05-05,30.08,30.1,28.53,28.69,8139685
2011-05-06,28.84,29.49,28.52,28.6,5644849
2011-05-09,29.03,29.7,28.93,29.65,4174264
2011-05-10,29.58,29.99,29.48,29.92,3447762
2011-05-11,29.66,29.67,28.79,28.96,4203653
2011-05-12,28.65,29.23,28.43,28.99,6812516
2011-05-13,29.07,29.23,28.65,29.04,3035088
2011-05-16,28.98,29.19,28.64,28.66,5914690
2011-05-17,28.59,28.76,28.26,28.73,3873409
2011-05-18,28.99,29.54,28.98,29.31,3241996
2011-05-19,29.37,29.43,29.03,29.08,2504465
2011-05-20,29.04,29.44,28.64,29.35,3463832
2011-05-23,28.61,29.03,28.61,28.88,2122919
2011-05-24,29.33,29.46,29.03,29.27,1651440
2011-05-25,29.37,29.86,29.35,29.8,1955731
2011-05-26,29.84,29.97,29.68,29.91,1947109
2011-05-27,30.0,30.11,29.96,30.08,1603538
2011-05-31,30.23,30.5,30.2,30.25,3431588
2011-06-01,30.26,30.27,29.84,29.87,3316767
2011-06-02,30.06,30.16,29.75,30.13,2448649
2011-06-03,29.89,30.26,29.81,30.25,1972106
2011-06-06,30.1,30.25,29.85,29.9,2928099
2011-06-07,30.05,30.34,29.92,30.18,3418187
2011-06-08,30.28,30.56,30.24,30.43,2443615
2011-06-09,30.55,30.68,30.42,30.6,1746893
2011-06-10,30.36,30.42,30.13,30.28,2663217
2011-06-13,30.24,30.4,29.86,30.08,1793898
2011-06-14,30.17,30.37,30.17,30.29,1501043
2011-06-15,30.07,30.19,29.28,29.48,2780149
2011-06-16,29.38,29.5,29.29,29.36,2566898
2011-06-17,29.2,29.38,29.04,29.23,3296901
2011-06-20,29.07,29.18,29.01,29.07,2269606
2011-06-21,29.14,29.29,28.95,29.09,2384893
2011-06-22,29.15,29.45,29.15,29.22,2407934
2011-06-23,28.51,28.65,28.17,28.6,3469366
2011-06-24,28.51,28.54,28.1,28.26,2449523
2011-06-27,28.06,28.3,27.96,28.25,2262856
2011-06-28,28.47,28.76,28.44,28.75,2107998
2011-06-29,28.92,29.36,28.75,29.27,3084895
2011-06-30,29.28,29.47,28.85,28.96,2714300
2011-07-01,28.81,29.05,28.7,29.0,3497933
2011-07-05,29.26,29.52,29.23,29.39,1529062
2011-07-06,29.32,29.43,29.2,29.38,1631675
2011-07-07,29.79,30.07,29.79,30.0,4944690
2011-07-08,29.9,30.03,29.73,29.97,1808276
2011-07-11,29.62,29.88,29.5,29.74,1790372
2011-07-12,29.63,30.13,29.63,30.0,1452495
2011-07-13,30.1,30.61,30.1,30.41,2178824
2011-07-14,30.5,30.58,30.07,30.24,1572713
2011-07-15,30.38,30.56,30.33,30.51,4930443
2011-07-18,30.36,30.36,30.04,30.34,1398327
2011-07-19,30.65,30.77,30.51,30.55,1518810
2011-07-20,30.63,30.68,30.46,30.65,1288839
2011-07-21,30.69,30.81,30.42,30.5,1247096
2011-07-22,30.55,30.79,30.52,30.75,1437426
2011-07-25,30.54,30.7,30.52,30.6,2431245
2011-07-26,30.65,30.92,30.52,30.84,1289310
2011-07-27,30.78,30.83,30.59,30.63,2352017
2011-07-28,30.64,30.7,30.46,30.53,1545608
2011-07-29,30.23,30.4,30.2,30.28,2994293
2011-08-01,30.72,30.73,29.96,30.28,3674322
2011-08-02,30.18,30.46,30.11,30.28,2368940
2011-08-03,30.1,30.14,29.74,29.83,3764271
2011-08-04,29.66,29.67,28.68,28.7,3271528
2011-08-05,28.82,28.95,28.32,28.82,6356365
2011-08-08,28.3,28.43,27.67,27.75,6396485
2011-08-09,28.02,28.22,27.48,28.02,7987735
2011-08-10,28.08,28.37,27.89,28.14,3560844
2011-08-11,28.31,28.83,28.3,28.75,4045018
2011-08-12,28.81,28.9,28.62,28.71,4533137
2011-08-15,28.84,29.08,28.78,29.07,1077119
2011-08-16,28.87,29.14,28.81,29.06,2271565
2011-08-17,29.37,29.47,29.26,29.31,2382719
2011-08-18,28.96,29.06,28.53,28.59,2723526
2011-08-19,28.71,29.17,28.71,29.1,3525445
2011-08-22,29.09,29.23,28.94,29.15,1576503
2011-08-23,29.21,29.47,29.03,29.45,1825443
2011-08-24,29.35,29.43,29.08,29.15,1226539
2011-08-25,29.28,29.41,28.95,29.28,1326245
2011-08-26,29.17,29.65,29.06,29.6,1568371
2011-08-29,29.85,29.85,29.63,29.71,1316756
2011-08-30,29.81,30.13,29.75,30.11,2290265
2011-08-31,30.1,30.26,30.05,30.16,2556263
2011-09-01,30.09,30.21,29.94,29.95,2680097
2011-09-02,29.64,29.94,29.56,29.78,1168140
2011-09-06,29.32,29.7,29.29,29.69,2387425
2011-09-07,29.75,30.03,29.71,29.96,4563794
2011-09-08,29.89,30.02,29.75,29.76,1059231
2011-09-09,29.39,29.42,29.19,29.29,2150157
2011-09-12,29.06,29.3,28.98,29.22,3913958
2011-09-13,29.17,29.26,29.02,29.13,1228962
2011-09-14,29.03,29.07,28.83,28.99,1337245
2011-09-15,29.31,29.35,29.04,29.11,1135749
2011-09-16,29.23,29.32,28.93,28.98,1680588
2011-09-19,28.67,28.67,28.2,28.49,3390525
2011-09-20,28.55,28.78,28.44,28.44,1722015
2011-09-21,28.52,28.72,28.02,28.02,1769360
2011-09-22,27.21,27.44,26.91,27.03,9572911
2011-09-23,26.75,26.95,26.42,26.55,6197739
2011-09-26,26.39,26.67,26.1,26.64,4538709
2011-09-27,27.14,27.37,27.06,27.09,3735540
2011-09-28,27.04,27.11,26.34,26.36,7995853
2011-09-29,26.76,26.87,26.5,26.67,2909397
2011-09-30,26.08,26.22,25.67,25.75,4845964
2011-10-03,25.31,25.97,25.25,25.62,10602780
2011-10-04,25.37,25.66,25.19,25.57,3455914
2011-10-05,25.65,26.0,25.52,25.93,3202270
2011-10-06,25.99,26.51,25.9,26.47,1003832
2011-10-07,26.48,26.56,26.13,26.35,2768093
2011-10-10,26.71,27.01,26.71,26.94,1416039
2011-10-11,26.65,27.27,26.6,27.14,1250647
2011-10-12,27.25,27.44,27.15,27.19,1366940
2011-10-13,27.04,27.28,26.9,27.25,1679434
2011-10-14,27.73,27.89,27.62,27.87,1135904
2011-10-17,27.47,27.69,27.4,27.47,1249112
2011-10-18,27.24,27.76,27.08,27.62,1782176
2011-10-19,27.55,27.74,27.0,27.08,1673057
2011-10-20,26.95,27.21,26.58,27.04,1171039
2011-10-21,27.42,27.55,27.12,27.18,1327480
2011-10-24,27.39,27.67,27.39,27.61,1745520
2011-10-25,27.61,27.82,27.38,27.7,2603015
2011-10-26,27.83,27.87,27.43,27.54,1075206
2011-10-27,28.1,28.45,28.01,28.27,3792346
2011-10-28,28.0,28.26,27.99,28.15,3722693
2011-10-31,27.7,27.89,27.56,27.72,2308529
2011-11-01,27.04,27.61,26.92,27.39,3061004
2011-11-02,27.73,27.9,27.45,27.56,1265995
2011-11-03,27.82,27.96,27.56,27.9,703468
2011-11-04,27.94,28.02,27.76,27.99,1220851
2011-11-07,28.23,28.42,28.12,28.4,1066451
2011-11-08,28.42,28.55,28.31,28.54,1335691
2011-11-09,28.13,28.34,27.86,27.91,1283339
2011-11-10,28.04,28.05,27.75,27.88,1880177
2011-11-11,27.95,28.15,27.93,28.15,826419
2011-11-14,28.01,28.03,27.8,27.85,700323
2011-11-15,27.98,28.1,27.85,28.05,759740
2011-11-16,27.94,28.2,27.92,27.98,1248276
2011-11-17,27.8,27.84,27.29,27.33,2092430
2011-11-18,27.4,27.5,27.13,27.29,6225318
2011-11-21,27.12,27.14,26.78,27.09,1181445
2011-11-22,27.14,27.36,27.06,27.27,2228215
2011-11-23,27.01,27.01,26.78,26.86,1752221
2011-11-25,26.69,26.95,26.6,26.64,514625
2011-11-28,27.12,27.17,26.86,26.97,1063743
2011-11-29,27.14,27.38,27.1,27.32,1410292
2011-11-30,27.65,27.84,27.6,27.64,1913536
2011-12-01,27.56,27.78,27.38,27.54,1844006
2011-12-02,27.73,27.82,27.6,27.78,1308550
2011-12-05,27.92,27.96,27.54,27.63,1503768
2011-12-06,27.57,27.86,27.5,27.78,1075503
2011-12-07,27.73,27.75,27.41,27.54,1494133
2011-12-08,27.42,27.49,27.13,27.19,2211435
2011-12-09,27.18,27.35,27.14,27.29,1114236
2011-12-12,26.98,27.0,26.82,26.94,1277747
2011-12-13,26.95,27.37,26.91,27.05,1615038
2011-12-14,26.53,26.63,26.01,26.09,1851473
2011-12-15,26.29,26.33,25.92,25.96,1639492
2011-12-16,26.06,26.2,25.95,26.17,2818398
2011-12-19,26.16,26.2,25.96,26.05,1679734
2011-12-20,26.51,26.71,26.49,26.65,1846520
2011-12-21,26.63,26.88,26.55,26.84,1802017
2011-12-22,26.89,27.01,26.83,26.87,4658290
2011-12-23,26.92,27.02,26.89,27.0,2872683
2011-12-27,26.94,27.19,26.9,27.12,2493690
2011-12-28,27.07,27.07,26.71,26.8,1930153
2011-12-29,26.81,26.9,26.64,26.88,1941221
2011-12-30,26.77,26.96,26.74,26.84,2047455
2012-01-03,27.35,27.68,27.35,27.64,5940471
2012-01-04,27.64,27.9,27.61,27.85,2438923
2012-01-05,27.71,27.72,27.43,27.47,1212412
2012-01-06,27.59,27.69,27.38,27.59,17707174
2012-01-09,27.62,27.71,27.47,27.62,2432538
2012-01-10,27.88,27.92,27.78,27.82,2119924
2012-01-11,27.77,27.8,27.56,27.74,2079418
2012-01-12,27.66,27.92,26.69,27.35,1740638
2012-01-13,27.25,27.35,27.12,27.29,3156711
2012-01-17,27.46,27.58,27.39,27.48,1910418
2012-01-18,27.49,27.55,27.35,27.49,1544089
2012-01-19,27.54,27.61,27.41,27.61,2834326
2012-01-20,27.4,27.46,27.24,27.41,1907129
2012-01-23,27.53,27.75,27.48,27.73,1767845
2012-01-24,27.53,27.78,27.53,27.78,2428019
2012-01-25,27.64,28.03,27.59,28.01,1913174
2012-01-26,28.24,28.26,28.03,28.09,2136356
2012-01-27,27.96,28.19,27.96,28.19,1828698
2012-01-30,28.0,28.06,27.82,27.9,3085557
2012-01-31,28.05,28.19,27.74,27.83,1912586
2012-02-01,28.0,28.06,27.87,27.92,1570310
2012-02-02,27.89,28.02,27.74,27.99,2079166
2012-02-03,28.18,28.33,28.04,28.32,1774759
2012-02-06,28.31,28.5,28.24,28.46,1680023
2012-02-07,28.42,28.61,28.34,28.44,2370313
2012-02-08,28.58,28.65,28.36,28.57,1152742
2012-02-09,28.7,28.81,28.63,28.72,1484823
2012-02-10,28.37,28.5,28.3,28.45,1870040
2012-02-13,28.58,28.67,28.4,28.52,2124653
2012-02-14,28.56,28.58,28.42,28.51,1376222
2012-02-15,28.61,28.66,28.49,28.61,1929315
2012-02-16,28.52,28.76,28.48,28.74,1657602
2012-02-17,28.76,28.77,28.6,28.69,1572430
2012-02-21,28.96,29.24,28.95,29.14,2446857
2012-02-22,29.16,29.44,29.12,29.41,3163511
2012-02-23,29.4,29.53,29.26,29.5,1543940
2012-02-24,29.52,29.74,29.47,29.68,4989855
2012-02-27,29.59,29.71,29.44,29.44,4821860
2012-02-28,29.57,29.63,29.35,29.43,2902149
2012-02-29,29.5,29.58,28.97,29.32,4067820
2012-03-01,29.4,29.93,29.28,29.78,5274918
2012-03-02,29.57,29.57,29.31,29.48,2213695
2012-03-05,29.36,29.43,29.2,29.34,1368875
2012-03-06,28.94,28.98,28.8,28.86,2083383
2012-03-07,28.84,29.05,28.75,28.99,1094013
2012-03-08,29.14,29.28,29.1,29.23,2202245
2012-03-09,29.14,29.43,29.09,29.31,1409868
2012-03-12,29.14,29.29,29.03,29.27,717034
2012-03-13,29.22,29.48,29.19,29.4,1347842
2012-03-14,29.31,29.44,29.14,29.2,1200746
2012-03-15,29.26,29.33,29.0,29.22,1339551
2012-03-16,29.34,29.58,29.31,29.58,1433389
2012-03-19,29.56,29.6,29.45,29.53,1386326
2012-03-20,29.26,29.26,29.07,29.17,1577147
2012-03-21,29.17,29.26,29.08,29.1,951676
2012-03-22,28.8,28.89,28.73,28.87,1641483
2012-03-23,28.97,29.39,28.97,29.15,1664149
2012-03-26,29.29,29.37,29.21,29.28,1555517
2012-03-27,29.29,29.35,29.13,29.16,1251323
2012-03-28,28.93,28.97,28.78,28.88,6060471
2012-03-29,28.82,28.88,28.35,28.48,4891153
2012-03-30,28.69,28.89,28.61,28.8,2630665
2012-04-02,28.59,29.21,28.59,29.17,1752636
2012-04-03,29.2,29.21,28.95,29.04,1325005
2012-04-04,28.79,28.85,28.52,28.59,2054892
2012-04-05,28.51,28.72,28.48,28.71,687163
2012-04-09,28.46,28.62,28.35,28.57,1476141
2012-04-10,28.53,28.56,28.15,28.19,1543816
2012-04-11,28.23,28.38,28.16,28.26,2472544
2012-04-12,28.33,28.64,28.31,28.63,908580
2012-04-13,28.5,28.52,28.3,28.34,2228022
2012-04-16,28.23,28.24,27.98,28.06,1860866
2012-04-17,28.18,28.22,28.1,28.19,1754228
2012-04-18,28.03,28.05,27.84,27.92,1801423
2012-04-19,28.04,28.11,27.87,27.93,1837761
2012-04-20,28.12,28.2,27.99,28.04,1647914
2012-04-23,27.77,28.01,27.73,27.99,1026871
2012-04-24,28.09,28.12,27.94,27.99,736802
2012-04-25,28.13,28.17,27.92,28.15,886193
2012-04-26,28.2,28.34,28.2,28.21,851532
2012-04-27,28.26,28.33,28.2,28.3,750422
2012-04-30,28.23,28.44,28.19,28.41,1377427
2012-05-01,28.32,28.5,28.29,28.41,1495425
2012-05-02,28.28,28.32,28.01,28.04,1311263
2012-05-03,27.92,27.98,27.68,27.73,1623924
2012-05-04,27.45,27.46,27.04,27.24,1968315
2012-05-07,26.99,27.21,26.93,27.18,5352346
2012-05-08,27.01,27.08,26.72,27.08,3472279
2012-05-09,26.76,26.94,26.7,26.87,3238718
2012-05-10,26.95,26.99,26.86,26.88,1631223
2012-05-11,26.72,26.91,26.67,26.68,1518823
2012-05-14,26.41,26.48,26.31,26.33,5751689
2012-05-15,26.48,26.59,26.37,26.38,8431770
2012-05-16,26.36,26.56,26.31,26.35,1589197
2012-05-17,26.45,26.48,26.27,26.29,1065051
2012-05-18,26.37,26.5,26.25,26.27,2698543
2012-05-21,26.38,26.62,26.37,26.62,851876
2012-05-22,26.45,26.55,26.17,26.24,1387209
2012-05-23,26.02,26.02,25.75,25.95,2929004
2012-05-24,26.08,26.09,25.83,25.96,3485298
2012-05-25,26.0,26.08,25.99,26.05,1126154
2012-05-29,26.18,26.25,25.87,25.94,1472881
2012-05-30,25.6,25.6,25.4,25.46,1629876
2012-05-31,25.47,25.47,25.18,25.24,2427107
2012-06-01,24.89,24.96,24.59,24.72,3989636
2012-06-04,24.7,24.89,24.63,24.86,4474253
2012-06-05,24.79,24.89,24.73,24.77,2128922
2012-06-06,25.08,25.32,25.05,25.23,4387275
2012-06-07,25.54,25.55,25.04,25.06,2158243
2012-06-08,24.86,25.14,24.78,25.14,1569589
2012-06-11,25.15,25.17,24.65,24.68,4247624
2012-06-12,24.89,24.9,24.73,24.8,2263778
2012-06-13,24.65,24.85,24.56,24.61,1510801
2012-06-14,24.66,24.95,24.59,24.9,2601115
2012-06-15,24.86,24.98,24.82,24.86,1627129
2012-06-18,24.68,24.95,24.63,24.88,1065753
2012-06-19,25.09,25.16,25.03,25.09,1738179
2012-06-20,24.99,24.99,24.66,24.68,6226280
2012-06-21,24.59,24.61,24.11,24.15,1815078
2012-06-22,24.29,24.41,24.26,24.39,2906258
2012-06-25,24.4,24.64,24.34,24.64,1296693
2012-06-26,24.7,24.85,24.56,24.81,1480334
2012-06-27,24.97,25.08,24.87,24.95,1140475
2012-06-28,24.83,24.89,24.5,24.68,997696
2012-06-29,25.31,25.86,25.23,25.75,12446539
2012-07-02,25.66,25.71,25.42,25.7,3837423
2012-07-03,26.25,26.42,26.22,26.42,1382177
2012-07-05,26.37,26.56,26.32,26.52,3286301
2012-07-06,26.13,26.15,25.9,25.91,1221823
2012-07-09,26.19,26.52,26.18,26.37,1016291
2012-07-10,26.29,26.3,25.99,26.03,1004619
2012-07-11,26.26,26.37,26.08,26.32,1200662
2012-07-12,26.09,26.44,26.0,26.38,868396
2012-07-13,26.53,26.74,26.53,26.7,970417
2012-07-16,26.9,27.08,26.8,27.03,1104000
2012-07-17,27.13,27.17,26.87,27.06,3381955
2012-07-18,27.05,27.33,27.02,27.3,1446755
2012-07-19,27.6,27.77,27.55,27.63,2532089
2012-07-20,27.56,27.65,27.46,27.63,2023441
2012-07-23,26.99,27.21,26.9,27.05,1535593
2012-07-24,26.95,26.99,26.66,26.89,3085929
2012-07-25,27.04,27.2,26.83,27.09,1176548
2012-07-26,27.32,27.36,27.05,27.14,2906668
2012-07-27,27.29,27.44,27.23,27.42,925609
2012-07-30,27.53,27.65,27.53,27.58,5830123
2012-07-31,27.6,27.61,27.25,27.25,2325381
2012-08-01,27.33,27.38,27.1,27.29,1254023
2012-08-02,27.02,27.18,26.98,27.06,1708160
2012-08-03,27.36,27.65,27.36,27.52,2597402
2012-08-06,27.45,27.72,27.42,27.68,2365868
2012-08-07,27.8,27.99,27.78,27.89,1255387
2012-08-08,27.92,28.06,27.87,27.97,2025106
2012-08-09,28.03,28.27,28.03,28.2,1634433
2012-08-10,27.97,28.11,27.92,28.05,2352162
2012-08-13,27.98,28.03,27.79,27.83,1402395
2012-08-14,27.91,27.95,27.79,27.86,1152168
2012-08-15,27.89,28.16,27.88,28.1,1643053
2012-08-16,28.16,28.32,28.07,28.21,1953667
2012-08-17,28.27,28.29,28.11,28.25,1392875
2012-08-20,28.28,28.39,28.12,28.38,1535572
2012-08-21,28.67,28.79,28.62,28.64,1497424
2012-08-22,28.65,28.82,28.61,28.79,1709644
2012-08-23,28.92,28.96,28.58,28.65,1347992
2012-08-24,28.75,28.77,28.47,28.52,3640304
2012-08-27,28.48,28.5,28.35,28.39,1913974
2012-08-28,28.39,28.45,28.3,28.41,1247764
2012-08-29,28.44,28.47,28.34,28.46,967388
2012-08-30,28.52,28.53,28.34,28.49,1634286
2012-08-31,28.61,28.84,28.43,28.79,8719387
2012-09-04,29.02,29.07,28.74,28.8,7801769
2012-09-05,28.78,28.79,28.59,28.66,3260932
2012-09-06,28.76,28.94,28.64,28.65,3166485
2012-09-07,28.79,29.02,28.66,28.97,2027124
2012-09-10,29.0,29.14,28.96,29.01,2223693
2012-09-11,29.13,29.15,29.04,29.07,1769781
2012-09-12,29.13,29.23,29.07,29.22,1264722
2012-09-13,29.36,29.46,29.06,29.42,2082430
2012-09-14,29.71,29.86,29.67,29.73,3026787
2012-09-17,29.54,29.56,28.75,28.91,3610800
2012-09-18,28.96,29.03,28.64,28.7,3701414
2012-09-19,28.6,28.62,28.19,28.28,4359767
2012-09-20,28.26,28.44,28.2,28.44,1676456
2012-09-21,28.57,28.67,28.51,28.63,2142398
2012-09-24,28.3,28.36,28.2,28.33,1786643
2012-09-25,28.54,28.59,28.33,28.36,1354356
2012-09-26,28.18,28.2,27.95,28.16,1892342
2012-09-27,28.39,28.54,28.31,28.51,1759289
2012-09-28,28.61,28.78,28.55,28.68,5470512
2012-10-01,28.83,28.95,28.59,28.72,6121989
2012-10-02,28.68,28.7,28.56,28.57,1393119
2012-10-03,28.3,28.7,28.06,28.08,2233934
2012-10-04,28.41,28.74,28.32,28.69,1253635
2012-10-05,28.65,28.65,28.39,28.54,1006501
2012-10-08,28.42,28.51,28.37,28.46,1075719
2012-10-09,28.56,28.78,28.55,28.67,1360336
2012-10-10,28.67,28.82,28.56,28.62,2340935
2012-10-11,28.86,29.0,28.76,28.95,975673
2012-10-12,28.71,28.76,28.47,28.55,1238321
2012-10-15,28.37,28.43,28.18,28.41,1350167
2012-10-16,28.42,28.49,28.34,28.43,1157624
2012-10-17,28.46,28.51,28.33,28.44,1258171
2012-10-18,28.25,28.48,28.21,28.43,1930478
2012-10-19,28.48,28.5,28.0,28.0,1623432
2012-10-22,28.09,28.13,27.8,27.87,1300955
2012-10-23,27.53,27.55,27.34,27.53,1933389
2012-10-24,27.52,27.57,27.32,27.45,1403932
2012-10-25,27.62,27.65,27.38,27.52,1268643
2012-10-26,27.52,27.63,27.46,27.58,1361458
2012-10-31,27.62,27.8,27.51,27.56,6853860
2012-11-01,27.66,27.75,27.61,27.61,3706762
2012-11-02,27.58,27.6,27.12,27.14,1252150
2012-11-05,27.13,27.39,27.08,27.37,2096778
2012-11-06,27.55,27.93,27.5,27.86,1424935
2012-11-07,27.61,27.64,27.28,27.34,1465445
2012-11-08,27.37,27.46,27.25,27.38,1124640
2012-11-09,27.33,27.66,27.31,27.6,2791154
2012-11-12,27.59,27.69,27.43,27.47,1250983
2012-11-13,27.32,27.53,27.31,27.42,1524436
2012-11-14,27.51,27.72,27.48,27.5,1166578
2012-11-15,27.63,27.67,27.33,27.39,1680864
2012-11-16,27.45,27.53,27.3,27.51,1450800
2012-11-19,27.85,28.08,27.85,28.03,2080381
2012-11-20,27.9,27.99,27.67,27.84,1147903
2012-11-21,27.89,27.96,27.74,27.96,1259337
2012-11-23,27.88,28.12,27.88,28.06,828655
2012-11-26,28.0,28.04,27.94,28.02,2169333
2012-11-27,28.01,28.08,27.88,27.98,1531638
2012-11-28,27.62,27.91,27.62,27.89,1738551
2012-11-29,28.14,28.17,28.01,28.08,1092253
2012-11-30,28.1,28.19,28.04,28.1,2625908
2012-12-03,28.36,28.38,28.13,28.17,2527476
2012-12-04,27.94,28.0,27.86,27.92,1844836
2012-12-05,27.94,27.99,27.77,27.89,1091681
2012-12-06,27.71,27.76,27.57,27.64,1621901
2012-12-07,27.65,27.7,27.52,27.61,2812572
2012-12-10,27.63,27.65,27.49,27.55,1194229
2012-12-11,27.54,27.56,27.41,27.5,1943510
2012-12-12,27.68,27.75,27.52,27.63,2672374
2012-12-13,27.44,27.49,27.3,27.38,1420833
2012-12-14,27.43,27.59,27.42,27.55,1641812
2012-12-17,27.53,27.6,27.5,27.53,1235641
2012-12-18,27.54,27.67,27.5,27.6,1583353
2012-12-19,27.64,27.75,27.6,27.7,1644520
2012-12-20,27.51,27.65,27.5,27.57,1829378
2012-12-21,27.48,27.56,27.43,27.52,1932656
2012-12-24,27.42,27.45,27.35,27.43,1091831
2012-12-26,27.71,27.81,27.62,27.71,1077810
2012-12-27,27.67,27.75,27.59,27.71,1973428
2012-12-28,27.67,27.72,27.55,27.63,1542300
2012-12-31,27.53,27.81,27.51,27.78,4334850
2013-01-02,28.11,28.12,27.85,27.88,3008888
2013-01-03,27.75,27.79,27.63,27.65,2478742
2013-01-04,27.53,27.59,27.35,27.53,3216934
2013-01-07,27.45,27.59,27.42,27.58,1727728
2013-01-08,27.64,27.66,27.53,27.65,1681846
2013-01-09,27.65,27.67,27.5,27.61,1681189
2013-01-10,27.82,27.82,27.71,27.71,1740571
2013-01-11,27.57,27.61,27.41,27.59,1492173
2013-01-14,27.7,27.78,27.56,27.77,1996536
2013-01-15,27.76,27.76,27.61,27.65,3970212
2013-01-16,27.63,27.72,27.58,27.68,3361254
2013-01-17,27.78,27.89,27.74,27.8,1419026
2013-01-18,27.88,28.02,27.78,27.98,1631592
2013-01-22,28.09,28.14,27.98,28.06,2017896
2013-01-23,28.04,28.14,28.02,28.09,1704042
2013-01-24,28.0,28.15,28.0,28.07,1554999
2013-01-25,28.07,28.09,27.94,28.01,1470210
2013-01-28,28.04,28.06,27.88,28.0,1456827
2013-01-29,28.05,28.2,28.01,28.16,1536431
2013-01-30,28.34,28.49,28.32,28.48,2555197
2013-01-31,28.36,28.5,28.31,28.47,2636071
2013-02-01,28.56,28.73,28.53,28.58,2975823
2013-02-04,28.5,28.62,28.43,28.48,1753695
2013-02-05,28.61,28.63,28.54,28.59,1421564
2013-02-06,28.4,28.58,28.39,28.55,2511345
2013-02-07,28.53,28.57,28.37,28.44,2184542
2013-02-08,28.61,28.68,28.52,28.55,1562406
2013-02-11,28.37,28.48,28.32,28.45,1981371
2013-02-12,28.48,28.5,28.4,28.5,2520801
2013-02-13,28.53,28.57,28.46,28.51,1531904
2013-02-14,28.47,28.51,28.39,28.47,1387901
2013-02-15,28.26,28.35,28.17,28.35,2420924
2013-02-19,28.22,28.26,28.1,28.24,2252506
2013-02-20,28.2,28.21,27.85,27.92,3037475
2013-02-21,27.63,27.7,27.55,27.6,2358256
2013-02-22,27.63,27.66,27.53,27.6,1897848
2013-02-25,27.75,27.78,27.47,27.47,3079175
2013-02-26,27.5,27.55,27.38,27.42,2745013
2013-02-27,27.39,27.47,27.21,27.25,2564220
2013-02-28,27.22,27.31,27.1,27.13,5327643
2013-03-01,26.88,26.97,26.82,26.94,2641114
2013-03-04,26.9,26.93,26.73,26.84,2030972
2013-03-05,26.99,27.1,26.94,27.09,3225390
2013-03-06,26.99,27.01,26.85,26.94,1621801
2013-03-07,26.98,27.12,26.97,27.12,1534590
2013-03-08,27.04,27.22,27.02,27.2,2572177
2013-03-11,27.15,27.26,27.06,27.22,6676347
2013-03-12,27.39,27.43,27.21,27.28,3456152
2013-03-13,27.35,27.37,27.08,27.14,3079900
2013-03-14,27.2,27.34,27.17,27.34,1860450
2013-03-15,27.42,27.46,27.36,27.4,1869235
2013-03-18,27.13,27.3,27.1,27.24,1485420
2013-03-19,27.22,27.29,27.01,27.04,1687086
2013-03-20,27.17,27.29,27.05,27.23,2177152
2013-03-21,27.19,27.26,27.05,27.11,1375775
2013-03-22,27.16,27.22,27.04,27.16,1133892
2013-03-25,27.28,27.38,27.13,27.18,2102902
2013-03-26,27.31,27.43,27.24,27.43,1416682
2013-03-27,27.39,27.58,27.35,27.57,2456657
2013-03-28,27.43,27.5,27.23,27.31,1560126
2013-04-01,27.18,27.4,27.16,27.31,1980624
2013-04-02,27.22,27.25,27.12,27.18,3237634
2013-04-03,27.15,27.19,26.68,26.72,2111871
2013-04-04,26.58,26.75,26.52,26.69,1327022
2013-04-05,26.62,26.67,26.52,26.67,1205204
2013-04-08,26.75,26.76,26.59,26.75,1179225
2013-04-09,26.74,26.97,26.67,26.92,1302721
2013-04-10,26.92,26.96,26.81,26.86,1260757
2013-04-11,26.8,26.87,26.67,26.75,1748711
2013-04-12,26.6,26.6,26.28,26.42,2923838
2013-04-15,25.99,26.0,25.62,25.63,3652557
2013-04-16,25.79,25.91,25.64,25.9,4928816
2013-04-17,25.68,25.71,25.49,25.52,1478886
2013-04-18,25.62,25.81,25.49,25.79,2616508
2013-04-19,25.73,25.79,25.66,25.73,1957872
2013-04-22,25.77,25.83,25.58,25.81,1996498
2013-04-23,25.66,25.74,25.59,25.65,2551850
2013-04-24,25.82,25.95,25.77,25.93,1714354
2013-04-25,25.99,26.32,25.97,26.27,2094287
2013-04-26,26.18,26.22,25.98,26.12,2222825
2013-04-29,26.24,26.51,26.21,26.47,1130965
2013-04-30,26.46,26.46,26.24,26.27,1900539
2013-05-01,25.81,25.9,25.7,25.8,1693861
2013-05-02,25.91,26.18,25.8,26.13,1538784
2013-05-03,26.37,26.52,26.31,26.42,1188237
2013-05-06,26.35,26.51,26.27,26.45,7015066
2013-05-07,26.41,26.48,26.28,26.36,1380239
2013-05-08,26.44,26.54,26.37,26.48,1423336
2013-05-09,26.39,26.58,26.37,26.47,1137835
2013-05-10,26.2,26.37,26.02,26.35,1402363
2013-05-13,26.23,26.35,26.17,26.23,1379967
2013-05-14,26.13,26.23,26.09,26.14,2765741
2013-05-15,25.94,26.1,25.77,26.08,3652117
2013-05-16,26.03,26.16,25.98,26.05,1531965
2013-05-17,26.2,26.24,26.07,26.18,1141430
2013-05-20,26.16,26.38,26.16,26.35,1530303
2013-05-21,26.28,26.33,26.14,26.2,1199876
2013-05-22,26.2,26.36,26.03,26.08,1302639
2013-05-23,25.87,26.2,25.84,26.2,2251723
2013-05-24,26.03,26.15,25.97,26.1,1968060
2013-05-28,26.45,26.46,26.32,26.34,2486811
2013-05-29,26.35,26.36,26.11,26.17,1150307
2013-05-30,26.05,26.24,26.02,26.17,1874217
2013-05-31,26.02,26.09,25.86,25.86,5156036
2013-06-03,26.12,26.26,26.08,26.18,2813729
2013-06-04,26.08,26.3,26.0,26.28,1526033
2013-06-05,26.3,26.38,26.15,26.16,2641466
2013-06-06,26.14,26.27,26.14,26.26,3320870
2013-06-07,26.11,26.4,26.08,26.32,1316848
2013-06-10,26.21,26.25,26.16,26.22,1086373
2013-06-11,25.91,26.03,25.89,25.99,1148699
2013-06-12,26.11,26.14,26.01,26.02,3855195
2013-06-13,25.99,26.22,25.96,26.19,2189542
2013-06-14,26.32,26.36,26.26,26.3,1542799
2013-06-17,26.31,26.4,26.3,26.36,2642777
2013-06-18,26.36,26.43,26.28,26.41,2653124
2013-06-19,26.46,26.6,26.43,26.45,1080108
2013-06-20,25.9,25.92,25.56,25.59,3419458
2013-06-21,25.62,25.65,25.35,25.43,3324287
2013-06-24,25.2,25.42,25.16,25.32,2212709
2013-06-25,25.49,25.49,25.31,25.34,3226017
2013-06-26,25.33,25.35,25.14,25.27,3087085
2013-06-27,25.37,25.39,25.25,25.26,1181971
2013-06-28,25.3,25.38,25.09,25.13,2842383
2013-07-01,25.34,25.5,25.21,25.29,1321493
2013-07-02,25.4,25.47,25.33,25.39,1615796
2013-07-03,25.6,25.66,25.55,25.62,1383250
2013-07-05,25.53,25.59,25.43,25.56,2626960
2013-07-08,25.63,25.77,25.62,25.69,3575346
2013-07-09,25.82,25.87,25.72,25.85,1077535
2013-07-10,26.01,26.03,25.91,25.93,3148838
2013-07-11,26.1,26.14,25.93,26.06,1427148
2013-07-12,26.16,26.17,26.09,26.16,4106217
2013-07-15,26.05,26.12,26.01,26.09,1477534
2013-07-16,26.17,26.24,26.12,26.12,1308317
2013-07-17,26.16,26.17,26.07,26.1,944189
2013-07-18,26.12,26.22,26.1,26.21,1176263
2013-07-19,26.27,26.28,26.07,26.23,1327368
2013-07-22,26.27,26.3,26.16,26.21,1807550
2013-07-23,26.24,26.28,26.21,26.25,1237665
2013-07-24,26.16,26.25,25.98,26.04,1428968
2013-07-25,25.98,26.03,25.84,26.01,1215067
2013-07-26,25.9,25.91,25.74,25.85,833508
2013-07-29,25.81,25.86,25.74,25.84,882227
2013-07-30,25.78,25.8,25.67,25.75,1729160
2013-07-31,25.61,25.97,25.57,25.93,1257708
2013-08-01,26.05,26.06,25.95,25.99,1856253
2013-08-02,25.96,26.01,25.88,25.89,1218184
2013-08-05,25.69,25.81,25.67,25.76,1031818
2013-08-06,25.69,25.69,25.5,25.55,1781352
2013-08-07,25.43,25.51,25.35,25.38,1298147
2013-08-08,25.41,25.53,25.3,25.51,1150175
2013-08-09,25.59,25.73,25.58,25.69,1063717
2013-08-12,25.81,26.02,25.76,26.0,887778
2013-08-13,26.04,26.05,25.96,25.99,917792
2013-08-14,25.99,26.2,25.98,26.2,1693218
2013-08-15,26.26,26.46,26.16,26.45,1724217
2013-08-16,26.46,26.49,26.34,26.46,1708413
2013-08-19,26.51,26.58,26.4,26.43,2371914
2013-08-20,26.31,26.53,26.3,26.38,1334773
2013-08-21,26.41,26.43,26.33,26.35,1423721
2013-08-22,26.36,26.41,26.3,26.36,1673050
2013-08-23,26.43,26.62,26.39,26.57,1386792
2013-08-26,26.71,26.78,26.62,26.72,1190999
2013-08-27,26.99,27.06,26.92,26.98,1880307
2013-08-28,27.02,27.11,26.98,27.02,2376747
2013-08-29,26.98,27.02,26.73,26.74,1251761
2013-08-30,26.73,26.79,26.55,26.66,5229612
2013-09-03,26.81,26.87,26.71,26.8,5447194
2013-09-04,26.55,26.59,26.49,26.57,12295709
2013-09-05,26.59,26.6,26.42,26.51,1297413
2013-09-06,26.67,26.75,26.61,26.66,2600510
2013-09-09,26.6,26.69,26.46,26.49,2148873
2013-09-10,26.21,26.29,26.17,26.25,1288828
2013-09-11,26.31,26.33,26.18,26.29,1521404
2013-09-12,26.25,26.45,26.22,26.42,2274340
2013-09-13,26.28,26.36,26.18,26.34,1148649
2013-09-16,26.12,26.2,26.01,26.01,1446448
2013-09-17,26.01,26.03,25.71,25.74,3673345
2013-09-18,25.84,26.33,25.81,26.3,1473745
2013-09-19,26.38,26.41,26.16,26.2,3197966
2013-09-20,26.09,26.18,25.94,25.96,1424621
2013-09-23,25.82,25.89,25.75,25.77,3697085
2013-09-24,25.69,25.82,25.61,25.76,3354782
2013-09-25,25.9,25.97,25.79,25.8,2383265
2013-09-26,25.91,26.03,25.89,26.0,1226019
2013-09-27,25.96,26.09,25.87,25.87,1619749
2013-09-30,25.82,25.89,25.72,25.76,17407352
2013-10-01,25.58,25.63,25.43,25.59,6430284
2013-10-02,25.68,25.9,25.63,25.84,2193111
2013-10-03,26.02,26.02,25.8,25.8,1212535
2013-10-04,25.94,25.96,25.8,25.88,1224467
2013-10-07,25.83,26.09,25.75,26.06,1691804
2013-10-08,26.21,26.27,26.13,26.15,1774300
2013-10-09,26.0,26.05,25.87,25.96,2811531
2013-10-10,26.09,26.33,26.06,26.29,1180628
2013-10-11,26.04,26.17,26.01,26.15,1076896
2013-10-14,26.09,26.23,26.04,26.14,1560924
2013-10-15,26.08,26.16,26.05,26.05,1346076
2013-10-16,26.17,26.38,26.15,26.25,2097674
2013-10-17,26.18,26.26,26.05,26.11,2061638
2013-10-18,26.22,26.27,26.13,26.26,1289630
2013-10-21,26.26,26.29,26.15,26.2,1468119
2013-10-22,26.28,26.34,26.12,26.17,1276049
2013-10-23,25.93,25.95,25.74,25.77,1036763
2013-10-24,25.68,25.81,25.66,25.78,1128061
2013-10-25,25.74,25.87,25.72,25.86,1197627
2013-10-28,25.9,26.02,25.85,25.96,1137862
2013-10-29,25.86,25.93,25.8,25.89,2494031
2013-10-30,25.96,26.0,25.89,25.97,1106111
2013-10-31,25.89,25.93,25.72,25.75,2375900
2013-11-01,25.56,25.56,25.36,25.43,2624026
2013-11-04,25.31,25.4,25.29,25.32,1648450
2013-11-05,25.32,25.34,25.21,25.25,1522889
2013-11-06,25.34,25.4,25.27,25.27,1703044
2013-11-07,25.18,25.24,25.05,25.09,2842877
2013-11-08,25.04,25.27,25.0,25.23,1452984
2013-11-11,25.24,25.37,25.21,25.34,1045411
2013-11-12,25.37,25.37,25.11,25.17,1606556
2013-11-13,25.28,25.32,25.18,25.28,1313669
2013-11-14,25.33,25.49,25.26,25.39,1524506
2013-11-15,25.37,25.41,25.33,25.35,1369440
2013-11-18,25.38,25.38,25.18,25.18,2611077
2013-11-19,25.17,25.29,25.12,25.14,1426354
2013-11-20,25.11,25.28,25.11,25.16,1313509
2013-11-21,25.22,25.48,25.21,25.48,2304542
2013-11-22,25.58,25.6,25.42,25.56,1999080
2013-11-25,25.46,25.61,25.4,25.53,1378242
2013-11-26,25.51,25.57,25.42,25.52,1754872
2013-11-27,25.53,25.53,25.39,25.52,1040105
2013-11-29,25.36,25.62,25.36,25.51,1029676
2013-12-02,25.43,25.61,25.41,25.48,5001002
2013-12-03,25.49,25.68,25.49,25.63,1399630
2013-12-04,25.67,25.8,25.63,25.68,2137793
2013-12-05,25.66,25.72,25.6,25.65,1673358
2013-12-06,25.74,25.76,25.68,25.74,1050031
2013-12-09,25.79,25.8,25.62,25.65,2038384
2013-12-10,25.74,25.81,25.67,25.73,1973664
2013-12-11,25.68,25.75,25.65,25.73,1965005
2013-12-12,25.66,25.66,25.44,25.49,1840162
2013-12-13,25.44,25.46,25.38,25.39,1585147
2013-12-16,25.46,25.6,25.45,25.47,3035164
2013-12-17,25.42,25.46,25.34,25.35,9614647
2013-12-18,25.42,25.54,25.39,25.4,6495644
2013-12-19,25.39,25.53,25.38,25.46,2614258
2013-12-20,25.56,25.7,25.56,25.66,2716741
2013-12-23,25.72,25.72,25.61,25.66,2961870
2013-12-24,25.71,25.77,25.66,25.74,1252592
2013-12-26,25.2,25.82,25.2,25.78,1759739
2013-12-27,25.17,25.92,25.16,25.85,1865852
2013-12-30,25.48,25.81,25.48,25.7,3367627
2013-12-31,25.55,25.69,25.54,25.66,2268156
2014-01-02,25.51,25.55,25.28,25.29,2064411
2014-01-03,25.25,25.28,25.11,25.13,1797224
2014-01-06,25.19,25.22,25.12,25.16,1790433
2014-01-07,25.13,25.18,25.1,25.14,1257211
2014-01-08,25.08,25.1,24.86,24.9,1346777
2014-01-09,24.87,24.88,24.63,24.7,1185308
2014-01-10,24.76,24.89,24.71,24.86,3678006
2014-01-13,24.86,24.92,24.83,24.85,2131142
2014-01-14,24.87,24.99,24.77,24.85,1089875
2014-01-15,24.85,25.02,24.81,24.92,1487004
2014-01-16,24.98,25.0,24.88,24.88,2372121
2014-01-17,24.95,25.01,24.9,24.91,1446602
2014-01-21,25.03,25.07,24.94,24.97,1848471
2014-01-22,25.08,25.12,25.01,25.09,1557603
2014-01-23,25.17,25.23,25.04,25.07,1164520
2014-01-24,25.08,25.13,25.01,25.08,3067448
2014-01-27,25.06,25.1,24.87,24.91,1882691
2014-01-28,25.0,25.07,24.98,25.03,1338026
2014-01-29,24.99,25.06,24.95,25.01,1534426
2014-01-30,25.06,25.07,24.91,24.91,1712220
2014-01-31,24.89,24.98,24.85,24.88,1689648
2014-02-03,24.88,24.95,24.82,24.88,2313983
2014-02-04,24.99,25.08,24.96,25.07,2000020
2014-02-05,25.09,25.15,25.01,25.12,1184542
2014-02-06,25.26,25.3,25.18,25.22,1083731
2014-02-07,25.31,25.53,25.28,25.51,1358385
2014-02-10,25.46,25.52,25.37,25.37,1901557
2014-02-11,25.44,25.52,25.34,25.5,1429562
2014-02-12,25.6,25.69,25.55,25.55,3575343
2014-02-13,25.55,25.69,25.54,25.69,3652865
2014-02-14,25.7,25.82,25.62,25.78,2148890
2014-02-18,26.01,26.18,25.97,26.15,1895350
2014-02-19,26.17,26.29,26.15,26.22,2154764
2014-02-20,26.18,26.27,26.16,26.27,4146542
2014-02-21,26.26,26.26,26.09,26.2,1027522
2014-02-24,26.2,26.34,26.19,26.31,2531457
2014-02-25,26.2,26.26,26.12,26.19,1302058
2014-02-26,26.14,26.2,26.1,26.12,1208865
2014-02-27,26.07,26.15,26.02,26.04,955592
2014-02-28,25.98,26.13,25.97,26.13,1861128
2014-03-03,26.53,26.59,26.37,26.49,5428205
2014-03-04,26.3,26.41,26.24,26.39,1283124
2014-03-05,26.4,26.4,26.16,26.17,3417217
2014-03-06,26.18,26.41,26.18,26.41,956859
2014-03-07,26.3,26.34,26.23,26.29,2120640
2014-03-10,26.12,26.17,26.05,26.07,1710335
2014-03-11,26.11,26.16,26.01,26.08,1821267
2014-03-12,25.89,26.05,25.85,26.01,1026842
2014-03-13,25.99,26.0,25.85,25.89,1182056
2014-03-14,25.96,26.06,25.94,26.03,827484
2014-03-17,25.93,25.96,25.74,25.74,1563651
2014-03-18,25.72,25.92,25.72,25.87,1091951
2014-03-19,25.74,25.94,25.71,25.86,1194605
2014-03-20,25.79,25.89,25.68,25.74,1393262
2014-03-21,25.77,25.9,25.75,25.76,1410758
2014-03-24,25.86,25.9,25.74,25.75,1573952
2014-03-25,25.9,26.02,25.87,25.92,1186338
2014-03-26,25.84,25.98,25.83,25.9,1156500
2014-03-27,26.03,26.18,26.02,26.13,742420
2014-03-28,26.2,26.25,26.14,26.14,1789906
2014-03-31,26.12,26.14,25.94,26.12,1455524
2014-04-01,26.06,26.1,25.79,25.8,1986363
2014-04-02,25.77,25.8,25.69,25.74,664265
2014-04-03,25.79,26.0,25.74,25.95,1289189
2014-04-04,26.09,26.09,26.04,26.07,824727
2014-04-07,26.02,26.12,25.91,26.01,738930
2014-04-08,26.12,26.36,26.08,26.31,790216
2014-04-09,26.34,26.43,26.3,26.38,1411090
2014-04-10,26.39,26.46,26.34,26.39,984899
2014-04-11,26.34,26.4,26.27,26.27,1679088
2014-04-14,26.44,26.55,26.4,26.51,1438509
2014-04-15,26.4,26.56,26.37,26.53,1059665
2014-04-16,26.69,26.72,26.54,26.58,1378284
2014-04-17,26.53,26.66,26.52,26.64,1295807
2014-04-21,26.58,26.58,26.49,26.55,892252
2014-04-22,26.53,26.56,26.4,26.54,2401809
2014-04-23,26.53,26.57,26.49,26.52,1073201
2014-04-24,26.65,26.71,26.61,26.68,901370
2014-04-25,26.59,26.62,26.54,26.57,660579
2014-04-28,26.6,26.6,26.41,26.48,609330
2014-04-29,26.56,26.6,26.52,26.55,1083547
2014-04-30,26.39,26.58,26.31,26.41,4399280
2014-05-01,26.2,26.24,26.11,26.21,1641113
2014-05-02,26.26,26.32,26.19,26.28,1171344
2014-05-05,26.24,26.27,26.18,26.22,4158400
2014-05-06,26.24,26.33,26.22,26.24,1001683
2014-05-07,26.24,26.33,26.14,26.31,933625
2014-05-08,26.2,26.24,26.14,26.23,3118996
2014-05-09,26.24,26.26,26.06,26.1,602986
2014-05-12,26.18,26.21,26.13,26.16,1328945
2014-05-13,26.24,26.29,26.18,26.28,689917
2014-05-14,26.38,26.42,26.32,26.4,1297107
2014-05-15,26.33,26.33,26.23,26.24,1049816
2014-05-16,26.25,26.3,26.23,26.27,847489
2014-05-19,26.34,26.39,26.25,26.25,1157680
2014-05-20,26.26,26.36,26.25,26.3,536329
2014-05-21,26.3,26.41,26.27,26.35,802590
2014-05-22,26.46,26.47,26.31,26.37,1131721
2014-05-23,26.4,26.44,26.37,26.43,554000
2014-05-27,26.25,26.32,26.21,26.21,1093324
2014-05-28,26.2,26.28,26.15,26.22,1164822
2014-05-29,26.28,26.28,26.21,26.23,706997
2014-05-30,26.11,26.15,25.99,26.03,5480756
2014-06-02,25.98,26.02,25.96,26.0,2445923
2014-06-03,25.96,26.0,25.92,25.98,1054715
2014-06-04,26.0,26.0,25.88,25.91,1605326
2014-06-05,25.87,25.97,25.8,25.94,504337
2014-06-06,25.94,26.06,25.89,26.05,625674
2014-06-09,26.12,26.16,26.09,26.16,1569303
2014-06-10,26.13,26.16,25.99,26.09,764428
2014-06-11,26.11,26.12,26.0,26.02,2716465
2014-06-12,26.25,26.41,26.17,26.39,3854466
2014-06-13,26.42,26.47,26.37,26.39,1044511
2014-06-16,26.44,26.52,26.42,26.47,971960
2014-06-17,26.46,26.56,26.45,26.5,586243
2014-06-18,26.59,26.66,26.5,26.61,960320
2014-06-19,26.75,26.92,26.75,26.87,888600
2014-06-20,26.87,26.93,26.81,26.92,2099521
2014-06-23,26.93,26.94,26.79,26.82,1299977
2014-06-24,26.78,26.9,26.78,26.86,934741
2014-06-25,26.77,26.9,26.76,26.9,938265
2014-06-26,26.85,26.85,26.73,26.79,1082211
2014-06-27,26.8,26.83,26.71,26.74,723408
2014-06-30,26.68,26.7,26.51,26.58,15876250
2014-07-01,26.5,26.53,26.45,26.5,2226252
2014-07-02,26.45,26.52,26.42,26.45,5938400
2014-07-03,26.43,26.47,26.39,26.4,824797
2014-07-07,26.31,26.32,26.15,26.19,7393701
2014-07-08,26.23,26.23,26.05,26.12,844237
2014-07-09,26.04,26.05,25.9,25.94,8581393
2014-07-10,25.98,26.02,25.91,25.98,1113265
2014-07-11,25.91,25.91,25.73,25.75,983978
2014-07-14,25.71,25.85,25.69,25.85,1005672
2014-07-15,25.69,25.7,25.56,25.61,1269821
2014-07-16,25.72,25.78,25.65,25.65,1303243
2014-07-17,25.7,25.81,25.58,25.71,650268
2014-07-18,25.67,25.69,25.52,25.54,1745712
2014-07-21,25.56,25.69,25.55,25.66,1493625
2014-07-22,25.75,25.75,25.54,25.55,1652959
2014-07-23,25.57,25.64,25.53,25.62,581218
2014-07-24,25.7,25.71,25.56,25.59,1146677
2014-07-25,25.55,25.72,25.5,25.69,857156
2014-07-28,25.65,25.71,25.57,25.64,875402
2014-07-29,25.58,25.59,25.45,25.56,1403499
2014-07-30,25.58,25.6,25.43,25.45,1519945
2014-07-31,25.43,25.47,25.3,25.32,1678930
2014-08-01,25.25,25.25,25.1,25.12,1995354
2014-08-04,25.22,25.37,25.19,25.31,2100732
2014-08-05,25.23,25.24,25.12,25.19,1915310
2014-08-06,25.24,25.39,25.24,25.35,1700242
2014-08-07,25.4,25.43,25.3,25.4,508308
2014-08-08,25.36,25.38,25.23,25.28,631506
2014-08-11,25.31,25.41,25.3,25.32,535524
2014-08-12,25.22,25.28,25.12,25.16,1048781
2014-08-13,25.17,25.19,25.03,25.14,850452
2014-08-14,25.02,25.05,24.82,24.84,949939
2014-08-15,24.88,25.0,24.76,24.94,1351069
2014-08-18,24.79,24.79,24.7,24.73,2842244
2014-08-19,24.8,24.81,24.71,24.78,792812
2014-08-20,24.87,24.91,24.76,24.85,677213
2014-08-21,24.81,24.93,24.79,24.91,727017
2014-08-22,24.9,24.95,24.83,24.87,2264963
2014-08-25,24.88,24.93,24.84,24.91,755416
2014-08-26,24.96,25.01,24.86,24.92,1029094
2014-08-27,24.97,25.01,24.86,24.96,757003
2014-08-28,25.03,25.06,24.94,24.98,544198
2014-08-29,25.06,25.07,24.98,25.03,1131831
2014-09-02,24.85,24.88,24.64,24.67,3917884
2014-09-03,24.79,24.85,24.68,24.77,882729
2014-09-04,24.81,24.84,24.62,24.67,773966
2014-09-05,24.67,24.71,24.49,24.63,712865
2014-09-08,24.42,24.52,24.4,24.51,578903
2014-09-09,24.39,24.42,24.28,24.31,1534258
2014-09-10,24.18,24.24,24.07,24.14,1476590
2014-09-11,23.97,24.05,23.86,24.02,1504200
2014-09-12,23.97,23.98,23.83,23.83,1537653
2014-09-15,23.76,23.91,23.75,23.86,1223719
2014-09-16,23.93,24.15,23.9,24.08,1033760
2014-09-17,24.09,24.09,23.96,23.98,1000302
2014-09-18,23.92,23.96,23.74,23.75,738960
2014-09-19,23.72,23.76,23.61,23.68,672051
2014-09-22,23.56,23.57,23.38,23.48,1027712
2014-09-23,23.48,23.55,23.44,23.48,886942
2014-09-24,23.43,23.62,23.34,23.58,1301092
2014-09-25,23.59,23.59,23.43,23.53,1280317
2014-09-26,23.5,23.54,23.44,23.49,761494
2014-09-29,23.47,23.67,23.47,23.63,1501031
2014-09-30,23.54,23.59,23.16,23.22,1576473
2014-10-01,23.21,23.38,23.09,23.14,1442590
2014-10-02,22.93,23.07,22.81,23.05,2061885
2014-10-03,22.91,22.92,22.76,22.83,1647330
2014-10-06,22.89,23.15,22.84,23.12,1849083
2014-10-07,23.02,23.09,22.99,23.03,1556007
2014-10-08,22.92,22.96,22.77,22.94,2886304
2014-10-09,22.86,22.9,22.62,22.67,17027463
2014-10-10,22.6,22.69,22.45,22.59,2911592
2014-10-13,22.51,22.7,22.47,22.59,1014855
2014-10-14,22.51,22.51,22.21,22.25,1909960
2014-10-15,22.15,22.25,21.92,21.97,2848537
2014-10-16,21.88,22.46,21.81,22.19,2205386
2014-10-17,22.27,22.32,22.17,22.27,2413019
2014-10-20,22.14,22.18,21.99,22.11,1068874
2014-10-21,22.23,22.31,22.16,22.29,1461578
2014-10-22,22.38,22.4,22.04,22.04,1798949
2014-10-23,22.17,22.32,22.15,22.3,3368700
2014-10-24,22.23,22.25,22.09,22.16,1545079
2014-10-27,21.93,22.15,21.89,22.1,2168101
2014-10-28,22.2,22.3,22.13,22.28,1374744
2014-10-29,22.49,22.64,22.45,22.54,1274764
2014-10-30,22.38,22.48,22.32,22.35,1232234
2014-10-31,22.11,22.33,22.06,22.32,1901040
2014-11-03,22.25,22.37,22.08,22.12,1322725
2014-11-04,21.87,21.89,21.74,21.8,1779935
2014-11-05,21.63,21.96,21.63,21.86,1581225
2014-11-06,21.77,21.91,21.7,21.88,1295587
2014-11-07,21.92,22.04,21.92,21.98,1201318
2014-11-10,22.06,22.12,21.74,21.77,1854851
2014-11-11,21.72,21.95,21.68,21.88,1082775
2014-11-12,21.92,21.99,21.79,21.81,1988569
2014-11-13,21.7,21.73,21.33,21.41,1345245
2014-11-14,21.41,21.66,21.4,21.64,2859684
2014-11-17,21.47,21.6,21.43,21.55,1517744
2014-11-18,21.48,21.52,21.38,21.44,1472982
2014-11-19,21.53,21.54,21.32,21.33,1161893
2014-11-20,21.44,21.55,21.41,21.51,1539334
2014-11-21,21.73,21.79,21.59,21.74,8061486
2014-11-24,21.64,21.72,21.54,21.55,2956750
2014-11-25,21.66,21.72,21.43,21.45,2468327
2014-11-26,21.42,21.53,21.4,21.4,2360351
2014-11-28,20.76,20.77,20.37,20.42,903146
2014-12-01,20.4,20.85,20.33,20.84,3661625
2014-12-02,20.5,20.81,20.32,20.4,3058419
2014-12-03,20.29,20.42,20.2,20.28,3379797
2014-12-04,20.17,20.29,20.14,20.22,2101889
2014-12-05,20.13,20.26,20.03,20.17,2047423
2014-12-08,20.0,20.02,19.8,19.82,3357216
2014-12-09,19.79,20.0,19.78,19.96,2689033
2014-12-10,19.8,19.8,19.49,19.65,5415943
2014-12-11,19.48,19.69,19.47,19.47,3634717
2014-12-12,19.44,19.47,19.29,19.31,3346054
2014-12-15,19.35,19.38,18.99,19.0,6392963
2014-12-16,18.82,19.07,18.77,18.89,4297594
2014-12-17,18.85,19.31,18.79,19.0,7656491
2014-12-18,19.27,19.31,18.86,18.94,4960151
2014-12-19,19.03,19.28,18.94,19.22,3617523
2014-12-22,19.05,19.05,18.84,18.87,5826748
2014-12-23,18.86,19.13,18.86,19.06,5627203
2014-12-24,18.89,18.92,18.76,18.81,2069586
2014-12-26,18.87,18.89,18.72,18.79,2913105
2014-12-29,18.89,18.94,18.51,18.61,4566254
2014-12-30,18.58,18.71,18.55,18.59,4735769
2014-12-31,18.39,18.5,18.22,18.45,21526492
2015-01-02,18.27,18.38,18.18,18.23,1967294
2015-01-05,18.15,18.15,17.94,17.97,1827461
2015-01-06,17.93,18.03,17.75,17.8,1843060
2015-01-07,17.82,17.86,17.6,17.69,1868404
2015-01-08,17.66,17.76,17.58,17.76,1409351
2015-01-09,17.71,17.78,17.54,17.73,3463555
2015-01-12,17.51,17.51,17.33,17.34,4567392
2015-01-13,17.28,17.3,17.07,17.27,2898573
2015-01-14,17.15,17.52,17.06,17.46,2774281
2015-01-15,17.6,17.63,17.21,17.22,1827752
2015-01-16,17.32,17.59,17.32,17.55,1726216
2015-01-20,17.31,17.39,17.21,17.31,2409030
2015-01-21,17.43,17.5,17.34,17.42,2282249
2015-01-22,17.51,17.53,17.32,17.4,3736663
2015-01-23,17.3,17.4,17.25,17.29,1889052
2015-01-26,17.28,17.39,17.23,17.23,1718333
2015-01-27,17.21,17.4,17.19,17.32,3261661
2015-01-28,17.21,17.28,17.06,17.07,3962554
2015-01-29,17.09,17.09,16.84,16.99,2221661
2015-01-30,16.95,17.49,16.93,17.4,3535320
2015-02-02,17.58,17.67,17.4,17.64,2878421
2015-02-03,17.91,18.39,17.86,18.13,5713105
2015-02-04,18.03,18.03,17.62,17.73,4597875
2015-02-05,17.77,18.08,17.75,17.97,2395461
2015-02-06,17.99,18.12,17.92,18.02,2735081
2015-02-09,18.14,18.3,18.08,18.2,2060712
2015-02-10,18.18,18.19,17.88,17.97,1172491
2015-02-11,17.85,17.9,17.65,17.83,3233401
2015-02-12,18.0,18.15,17.93,18.1,11000202
2015-02-13,18.29,18.37,18.24,18.3,2173808
2015-02-17,18.23,18.41,18.08,18.31,1631714
2015-02-18,18.24,18.3,18.05,18.09,2454494
2015-02-19,17.86,18.12,17.81,18.03,1131782
2015-02-20,18.09,18.1,17.93,17.96,1674645
2015-02-23,17.89,17.99,17.79,17.84,1583806
2015-02-24,17.94,18.07,17.84,17.85,1183066
2015-02-25,17.95,18.13,17.91,18.12,1861529
2015-02-26,18.03,18.11,17.88,17.97,952427
2015-02-27,18.1,18.24,18.03,18.17,964103
2015-03-02,18.07,18.12,17.85,17.91,1449300
2015-03-03,18.0,18.06,17.93,18.02,1588300
2015-03-04,17.93,17.95,17.78,17.86,1476900
2015-03-05,17.85,17.94,17.74,17.79,1244000
2015-03-06,17.72,17.73,17.53,17.57,7454700
2015-03-09,17.6,17.67,17.49,17.52,1280700
2015-03-10,17.3,17.35,17.21,17.29,1580700
2015-03-11,17.32,17.4,17.2,17.38,1390600
2015-03-12,17.5,17.5,17.24,17.3,1146100
2015-03-13,17.2,17.23,16.88,16.88,1924700
2015-03-16,16.9,16.96,16.72,16.93,1888400
2015-03-17,16.8,16.87,16.75,16.81,1370400
2015-03-18,16.74,17.28,16.71,17.27,2163100
2015-03-19,16.99,17.06,16.9,16.98,1165400
2015-03-20,17.12,17.28,17.11,17.21,1457300
2015-03-23,17.27,17.44,17.26,17.41,1469000
2015-03-24,17.35,17.35,17.25,17.27,1512700
2015-03-25,17.34,17.44,17.24,17.32,1540100
2015-03-26,17.54,17.6,17.45,17.53,1678600
2015-03-27,17.4,17.43,17.18,17.18,675400
2015-03-30,17.22,17.33,17.15,17.27,993200
2015-03-31,17.14,17.27,17.06,17.07,2302386
2015-04-01,17.13,17.48,17.09,17.38,1893100
2015-04-02,17.25,17.35,17.18,17.29,1256800
2015-04-06,17.45,17.6,17.35,17.51,1377700
2015-04-07,17.5,17.66,17.43,17.6,1274083
2015-04-08,17.56,17.56,17.19,17.26,904000
2015-04-09,17.28,17.39,17.21,17.26,1321401
2015-04-10,17.38,17.47,17.37,17.44,804200
2015-04-13,17.48,17.51,17.31,17.36,1210300
2015-04-14,17.42,17.53,17.38,17.44,1302400
2015-04-15,17.51,17.88,17.51,17.79,5697874
2015-04-16,17.85,18.07,17.79,17.98,1718200
2015-04-17,17.94,18.05,17.87,17.94,1226500
2015-04-20,17.81,17.93,17.78,17.86,1002802
2015-04-21,17.78,17.84,17.69,17.73,1305449
2015-04-22,17.75,17.83,17.71,17.79,762762
2015-04-23,17.85,18.09,17.85,18.01,1057800
2015-04-24,17.99,18.02,17.92,18.0,700567
2015-04-27,18.01,18.07,17.96,18.0,833500
2015-04-28,18.02,18.11,17.98,18.03,815535
2015-04-29,18.04,18.25,18.02,18.15,1774000
2015-04-30,18.13,18.29,18.09,18.29,1166400
2015-05-01,18.19,18.27,18.11,18.27,2015300
2015-05-04,18.2,18.26,18.17,18.26,2095200
2015-05-05,18.42,18.49,18.4,18.41,1615200
2015-05-06,18.41,18.68,18.39,18.41,2812448
2015-05-07,18.39,18.4,18.09,18.12,1007460
2015-05-08,18.19,18.26,18.02,18.22,1711500
2015-05-11,18.22,18.24,18.05,18.14,1494300
2015-05-12,18.19,18.44,18.19,18.33,1241232
2015-05-13,18.49,18.5,18.34,18.35,1246938
2015-05-14,18.44,18.5,18.36,18.46,2321900
2015-05-15,18.33,18.46,18.25,18.45,2034862
2015-05-18,18.4,18.43,18.33,18.4,1773477
2015-05-19,18.2,18.21,17.95,18.01,1463252
2015-05-20,18.02,18.05,17.95,17.97,2551101
2015-05-21,18.1,18.25,18.1,18.19,974700
2015-05-22,18.05,18.07,17.96,17.99,1452200
2015-05-26,17.78,17.81,17.58,17.64,1366939
2015-05-27,17.49,17.56,17.37,17.4,1392300
2015-05-28,17.38,17.5,17.3,17.49,3380418
2015-05-29,17.48,17.75,17.46,17.71,1347600
2015-06-01,17.68,17.76,17.6,17.67,2012975
2015-06-02,17.76,17.9,17.72,17.88,1085513
2015-06-03,17.81,17.86,17.62,17.65,1091100
2015-06-04,17.55,17.56,17.42,17.49,1296600
2015-06-05,17.3,17.58,17.28,17.57,1161400
2015-06-08,17.55,17.61,17.52,17.58,1448900
2015-06-09,17.81,17.92,17.81,17.86,1221809
2015-06-10,18.06,18.08,17.89,17.93,1223425
2015-06-11,17.88,17.88,17.73,17.77,719085
2015-06-12,17.68,17.74,17.58,17.59,3527700
2015-06-15,17.47,17.56,17.46,17.51,1343800
2015-06-16,17.51,17.59,17.46,17.56,577000
2015-06-17,17.72,17.8,17.45,17.61,693900
2015-06-18,17.65,17.69,17.59,17.61,1668400
2015-06-19,17.42,17.49,17.36,17.45,1648600
2015-06-22,17.39,17.55,17.34,17.51,1015100
2015-06-23,17.48,17.73,17.47,17.72,630542
2015-06-24,17.69,17.76,17.56,17.6,2268000
2015-06-25,17.57,17.65,17.52,17.62,887300
2015-06-26,17.69,17.76,17.59,17.7,550600
2015-06-29,17.65,17.72,17.6,17.62,2299100
2015-06-30,17.67,18.05,17.65,18.0,1582618
2015-07-01,17.86,17.89,17.71,17.78,3885300
2015-07-02,17.79,17.94,17.74,17.75,1855000
2015-07-06,17.33,17.37,17.14,17.17,2304800
2015-07-07,17.06,17.1,16.72,17.07,4409500
2015-07-08,17.03,17.12,16.9,16.99,4364000
2015-07-09,17.2,17.29,17.11,17.19,2278400
2015-07-10,17.23,17.36,17.16,17.27,1117900
2015-07-13,17.16,17.37,17.11,17.28,2425400
2015-07-14,17.2,17.29,17.14,17.22,867168
2015-07-15,17.11,17.15,17.0,17.02,914516
2015-07-16,17.2,17.2,16.93,16.94,822300
2015-07-17,16.91,16.91,16.75,16.85,938200
2015-07-20,16.68,16.73,16.58,16.58,2006100
2015-07-21,16.63,16.75,16.6,16.65,1044500
2015-07-22,16.51,16.58,16.41,16.41,2034100
2015-07-23,16.47,16.5,16.27,16.27,6627600
2015-07-24,16.2,16.23,16.06,16.14,1264700
2015-07-27,15.95,16.01,15.82,15.83,2407200
2015-07-28,15.92,16.06,15.88,15.96,2157300
2015-07-29,15.93,16.1,15.92,16.01,1239600
2015-07-30,16.0,16.07,15.92,15.95,997500
2015-07-31,16.02,16.02,15.72,15.73,1807400
2015-08-03,15.55,15.65,15.44,15.47,2939013
2015-08-04,15.57,15.62,15.5,15.56,2741300
2015-08-05,15.6,15.67,15.43,15.5,1415200
2015-08-06,15.43,15.49,15.39,15.49,1767144
2015-08-07,15.43,15.5,15.41,15.43,1940400
2015-08-10,15.5,15.82,15.49,15.76,2061600
2015-08-11,15.57,15.58,15.44,15.55,1092352
2015-08-12,15.62,15.7,15.39,15.5,1831900
2015-08-13,15.44,15.45,15.36,15.43,1304400
2015-08-14,15.39,15.47,15.33,15.33,876000
2015-08-17,15.37,15.4,15.27,15.27,1824400
2015-08-18,15.17,15.24,15.11,15.19,1641300
2015-08-19,15.21,15.25,14.97,15.02,1718400
2015-08-20,15.16,15.18,15.02,15.06,4386100
2015-08-21,14.96,14.97,14.77,14.81,2750600
2015-08-24,14.41,14.64,14.35,14.44,3776878
2015-08-25,14.68,14.71,14.47,14.5,3132600
2015-08-26,14.46,14.49,14.33,14.41,2180600
2015-08-27,14.6,14.96,14.55,14.93,2094700
2015-08-28,15.0,15.43,14.99,15.32,6212700
2015-08-31,15.15,15.79,15.0,15.69,2227600
2015-09-01,15.49,15.52,15.14,15.17,2494200
2015-09-02,15.36,15.37,14.98,15.3,3646300
2015-09-03,15.33,15.58,15.3,15.4,1687800
2015-09-04,15.31,15.36,15.19,15.21,837700
2015-09-08,15.25,15.36,15.11,15.32,1278500
2015-09-09,15.34,15.36,15.08,15.12,1918500
2015-09-10,15.13,15.3,15.1,15.25,2398227
2015-09-11,15.12,15.3,14.99,15.23,1160100
2015-09-14,15.12,15.16,15.03,15.04,803900
2015-09-15,15.05,15.1,15.0,15.09,649200
2015-09-16,15.2,15.4,15.19,15.34,1767000
2015-09-17,15.28,15.32,15.14,15.24,1326677
2015-09-18,15.12,15.15,14.93,15.01,1213700
2015-09-21,15.07,15.19,15.05,15.18,883500
2015-09-22,14.97,15.11,14.92,15.09,1021400
2015-09-23,15.19,15.29,14.96,14.97,1423666
2015-09-24,14.92,15.09,14.92,15.06,1711256
2015-09-25,15.11,15.2,15.05,15.15,1286600
2015-09-28,15.0,15.05,14.9,14.94,1424195
2015-09-29,14.97,15.09,14.95,15.04,1407400
2015-09-30,15.07,15.19,15.05,15.15,1466300
2015-10-01,15.32,15.37,15.02,15.05,2237800
2015-10-02,14.92,15.17,14.91,15.15,4613600
2015-10-05,15.31,15.36,15.28,15.35,1696136
2015-10-06,15.43,15.68,15.43,15.65,1805700
2015-10-07,15.79,15.82,15.55,15.62,1087664
2015-10-08,15.57,15.73,15.54,15.69,1294100
2015-10-09,15.8,15.86,15.69,15.76,2042900
2015-10-12,15.79,15.8,15.46,15.51,1072758
2015-10-13,15.41,15.55,15.37,15.41,1571300
2015-10-14,15.46,15.48,15.34,15.45,1495300
2015-10-15,15.36,15.44,15.25,15.41,1624400
2015-10-16,15.45,15.47,15.28,15.42,1383300
2015-10-19,15.23,15.25,15.11,15.14,1160400
2015-10-20,15.1,15.21,15.08,15.17,1591200
2015-10-21,15.06,15.11,14.96,15.04,2500800
2015-10-22,15.15,15.21,15.04,15.09,1326800
2015-10-23,15.02,15.06,14.95,15.0,1363300
2015-10-26,14.99,15.04,14.95,14.96,1226400
2015-10-27,14.89,14.95,14.86,14.89,1547000
2015-10-28,14.93,15.24,14.93,15.14,1690700
2015-10-29,15.08,15.18,15.04,15.05,1501300
2015-10-30,15.08,15.26,15.05,15.2,1446400
2015-11-02,15.1,15.18,15.07,15.12,2485489
2015-11-03,15.22,15.44,15.2,15.39,1988739
2015-11-04,15.38,15.44,15.11,15.13,1556920
2015-11-05,15.04,15.1,14.96,15.01,2661700
2015-11-06,14.91,14.96,14.84,14.92,786200
2015-11-09,14.9,14.92,14.75,14.79,2315496
2015-11-10,14.76,14.85,14.7,14.76,1055900
2015-11-11,14.82,14.83,14.57,14.61,1133800
2015-11-12,14.44,14.55,14.38,14.4,1817300
2015-11-13,14.39,14.39,14.25,14.29,1517300
2015-11-16,14.23,14.37,14.12,14.36,1107700
2015-11-17,14.25,14.28,14.14,14.14,1094800
2015-11-18,14.22,14.24,14.05,14.2,1851000
2015-11-19,14.19,14.27,14.18,14.2,2045700
2015-11-20,14.25,14.36,14.18,14.18,2169400
2015-11-23,14.16,14.37,14.16,14.29,3993500
2015-11-24,14.49,14.59,14.29,14.52,1308900
2015-11-25,14.4,14.53,14.31,14.5,1427200
2015-11-27,14.35,14.4,14.23,14.28,1606800
2015-11-30,14.32,14.4,14.18,14.19,2975400
2015-12-01,14.3,14.41,14.25,14.35,2226174
2015-12-02,14.17,14.29,14.02,14.05,2108818
2015-12-03,14.11,14.35,14.06,14.21,2703411
2015-12-04,14.15,14.27,14.11,14.19,2145000
2015-12-07,14.0,14.04,13.76,13.78,2197000
2015-12-08,13.67,13.83,13.65,13.71,3011136
2015-12-09,13.78,13.92,13.62,13.72,2688000
2015-12-10,13.68,13.77,13.67,13.67,2076600
2015-12-11,13.64,13.71,13.49,13.53,4237800
2015-12-14,13.4,13.55,13.36,13.44,2631700
2015-12-15,13.48,13.6,13.41,13.41,2862800
2015-12-16,13.36,13.42,13.27,13.35,3436900
2015-12-17,13.29,13.3,13.18,13.21,8948400
2015-12-18,13.26,13.44,13.26,13.27,2764100
2015-12-21,13.2,13.3,13.16,13.21,4462200
2015-12-22,13.22,13.26,13.13,13.15,3484305
2015-12-23,13.26,13.42,13.25,13.39,5518100
2015-12-24,13.45,13.47,13.39,13.39,1391689
2015-12-28,13.25,13.3,13.178,13.2,2958906
2015-12-29,13.38,13.46,13.37,13.42,5314700
2015-12-30,13.31,13.34,13.24,13.29,3169996
2015-12-31,13.22,13.49,13.22,13.36,2373178
2016-01-04,13.42,13.51,13.1878,13.26,2307559
2016-01-05,13.22,13.25,13.13,13.13,1210003
2016-01-06,12.96,13.06,12.88,12.92,2668634
2016-01-07,12.79,12.984,12.76,12.86,10692390
2016-01-08,12.87,12.88,12.76,12.8,2809649
2016-01-11,12.73,12.92,12.44,12.45,2629099
2016-01-12,12.51,12.54,12.26,12.37,2398288
2016-01-13,12.41,12.47,12.24,12.3,2554217
2016-01-14,12.26,12.36,12.21,12.33,1808482
2016-01-15,12.13,12.19,12.03,12.065,1952325
2016-01-19,12.09,12.12,11.95,11.97,3776800
2016-01-20,11.85,11.91,11.7,11.88,2219121
2016-01-21,11.79,12.11,11.7801,12.04,2564094
2016-01-22,12.31,12.41,12.2531,12.4,1994486
2016-01-25,12.28,12.37,12.12,12.13,1983060
2016-01-26,12.25,12.53,12.24,12.37,2018593
2016-01-27,12.37,12.61,12.29,12.52,1485174
2016-01-28,12.72,12.77,12.55,12.66,1943231
2016-01-29,12.71,12.82,12.61,12.78,2920583
2016-02-01,12.63,12.66,12.502,12.54,1724621
2016-02-02,12.3,12.4,12.23,12.32,5602483
2016-02-03,12.48,12.64,12.311,12.63,3102306
2016-02-04,12.73,12.79,12.56,12.61,2606409
2016-02-05,12.58,12.63,12.48,12.53,1709196
2016-02-08,12.59,12.615,12.46,12.46,1685762
2016-02-09,12.37,12.425,12.1,12.15,2762879
2016-02-10,12.14,12.28,12.1049,12.17,3157085
2016-02-11,12.18,12.34,12.15,12.32,1966679
2016-02-12,12.38,12.57,12.34,12.5,3251397
2016-02-16,12.55,12.55,12.32,12.36,3558856
2016-02-17,12.41,12.67,12.39,12.62,1704303
2016-02-18,12.7,12.71,12.52,12.55,1945344
2016-02-19,12.47,12.48,12.38,12.44,835454
2016-02-22,12.57,12.65,12.57,12.63,719034
2016-02-23,12.58,12.58,12.4,12.46,1496750
2016-02-24,12.37,12.665,12.36,12.62,2438942
2016-02-25,12.57,12.7,12.445,12.61,3589434
2016-02-26,12.78,12.81,12.55,12.59,1686545
2016-02-29,12.66,12.76,12.62,12.75,1813965
2016-03-01,12.74,12.8,12.645,12.76,2144553
2016-03-02,12.73,12.87,12.7,12.83,4519730
2016-03-03,12.79,12.9199,12.76,12.9,1597034
2016-03-04,12.96,13.16,12.94,13.15,2063861
2016-03-07,13.2,13.43,13.17,13.39,2785526
2016-03-08,13.39,13.39,13.21,13.21,2116396
2016-03-09,13.3,13.43,13.27,13.41,2552678
2016-03-10,13.33,13.43,13.285,13.39,2836660
2016-03-11,13.5,13.53,13.4,13.44,1010876
2016-03-14,13.34,13.35,13.23,13.32,1062867
2016-03-15,13.25,13.25,13.13,13.21,1619163
2016-03-16,13.24,13.45,13.24,13.44,2430959
2016-03-17,13.52,13.62,13.48,13.59,1000439
2016-03-18,13.63,13.68,13.525,13.58,1791070
2016-03-21,13.57,13.64,13.51,13.62,9810500
2016-03-22,13.61,13.73,13.59,13.72,1498785
2016-03-23,13.53,13.56,13.41,13.43,3167112
2016-03-24,13.24,13.41,13.23,13.35,1838669
2016-03-28,13.35,13.3999,13.301,13.39,1000269
2016-03-29,13.26,13.37,13.21,13.36,2303626
2016-03-30,13.45,13.51,13.3,13.31,1336090
2016-03-31,13.3,13.41,13.27,13.29,3576302
2016-04-01,13.07,13.13,13.02,13.06,1170772
2016-04-04,13.0,13.08,12.86,12.88,4662333
2016-04-05,12.86,12.87,12.78,12.85,1832986
2016-04-06,12.86,13.04,12.82,12.99,4849547
2016-04-07,12.96,12.99,12.855,12.95,1046189
2016-04-08,13.18,13.3,13.14,13.26,1298817
2016-04-11,13.29,13.39,13.29,13.36,1763810
2016-04-12,13.49,13.7,13.46,13.65,2560067
2016-04-13,13.68,13.77,13.645,13.72,1907918
2016-04-14,13.71,13.7243,13.59,13.61,1084591
2016-04-15,13.49,13.6099,13.41,13.56,879415
2016-04-18,13.41,13.675,13.375,13.62,1204652
2016-04-19,13.76,13.94,13.74,13.91,2226268
2016-04-20,13.85,14.24,13.823,14.18,2408153
2016-04-21,14.26,14.26,14.04,14.12,2701963
2016-04-22,14.15,14.27,14.025,14.06,2134911
2016-04-25,14.08,14.15,14.01,14.05,1574188
2016-04-26,14.11,14.25,14.07,14.23,1528322
2016-04-27,14.32,14.39,14.13,14.36,1682622
2016-04-28,14.37,14.51,14.345,14.44,1944179
2016-04-29,14.6,14.63,14.475,14.58,8719280
2016-05-02,14.52,14.52,14.35,14.38,6749044
2016-05-03,14.29,14.2958,14.09,14.16,2723550
2016-05-04,14.24,14.32,14.06,14.17,2021196
2016-05-05,14.34,14.34,13.96,14.03,1184157
2016-05-06,14.0,14.24,13.97,14.12,6854168
2016-05-09,13.96,13.99,13.8,13.81,2163340
2016-05-10,13.92,14.18,13.92,14.15,1420899
2016-05-11,14.21,14.5,14.16,14.48,1814082
2016-05-12,14.53,14.53,14.32,14.5,1270674
2016-05-13,14.41,14.51,14.38,14.48,1550842
2016-05-16,14.62,14.69,14.58,14.64,3273513
2016-05-17,14.63,14.77,14.6167,14.75,1425240
2016-05-18,14.65,14.82,14.62,14.64,1987253
2016-05-19,14.49,14.6199,14.3999,14.6,5004334
2016-05-20,14.68,14.74,14.57,14.66,3424840
2016-05-23,14.49,14.61,14.48,14.58,1290225
2016-05-24,14.53,14.69,14.53,14.58,964187
2016-05-25,14.62,14.76,14.6,14.76,1638538
2016-05-26,14.83,14.85,14.67,14.74,1422519
2016-05-27,14.71,14.8299,14.67,14.8,1472520
2016-05-31,14.81,14.89,14.7,14.71,10014960
2016-06-01,14.6,14.86,14.58,14.86,3179177
2016-06-02,14.79,14.99,14.76,14.89,6854413
2016-06-03,15.01,15.02,14.91,14.99,2211324
2016-06-06,15.14,15.2,15.0899,15.17,2936937
2016-06-07,15.19,15.32,15.18,15.32,1394171
2016-06-08,15.5,15.59,15.471,15.58,2748203
2016-06-09,15.44,15.57,15.42,15.55,3062301
2016-06-10,15.43,15.4768,15.34,15.36,2965654
2016-06-13,15.35,15.46,15.32,15.36,1594553
2016-06-14,15.25,15.31,15.18,15.26,1276513
2016-06-15,15.24,15.32,15.14,15.18,1802882
2016-06-16,15.15,15.15,14.89,14.92,1836490
2016-06-17,15.14,15.29,15.1101,15.27,2476254
2016-06-20,15.32,15.46,15.29,15.41,1654100
2016-06-21,15.28,15.33,15.195,15.29,1550514
2016-06-22,15.36,15.4,15.144,15.2,2251125
2016-06-23,15.25,15.33,15.17,15.32,1561522
2016-06-24,14.93,15.06,14.93,15.01,1582991
2016-06-27,15.0,15.0,14.85,14.98,2263995
2016-06-28,15.19,15.2201,15.07,15.22,1645774
2016-06-29,15.32,15.52,15.28,15.44,1671011
2016-06-30,15.36,15.44,15.26,15.35,2216115
2016-07-01,15.36,15.55,15.33,15.54,3913561
2016-07-05,15.55,15.55,15.0,15.1,4526763
2016-07-06,14.94,15.1701,14.9,15.16,2535348
2016-07-07,15.25,15.27,14.69,14.73,3347877
2016-07-08,14.82,14.9,14.765,14.88,1516755
2016-07-11,14.99,15.0,14.82,14.82,1756835
2016-07-12,15.04,15.14,14.9401,15.1,1414892
2016-07-13,15.13,15.2,14.85,14.91,2742579
2016-07-14,15.03,15.06,14.9441,14.97,1644964
2016-07-15,14.97,15.03,14.91,14.92,1406539
2016-07-18,14.8,14.89,14.75,14.86,1465052
2016-07-19,14.84,14.855,14.7501,14.77,854286
2016-07-20,14.61,14.7684,14.58,14.67,1813094
2016-07-21,14.72,14.73,14.594,14.61,1309034
2016-07-22,14.55,14.58,14.45,14.56,1728287
2016-07-25,14.46,14.47,14.38,14.4,1248359
2016-07-26,14.37,14.41,14.32,14.34,1451602
2016-07-27,14.36,14.419,14.15,14.2,2628932
2016-07-28,14.22,14.25,14.1301,14.16,1234980
2016-07-29,14.14,14.31,14.1,14.28,3017350
2016-08-01,14.16,14.19,14.0036,14.03,4540620
2016-08-02,14.18,14.23,13.96,14.01,3700342
2016-08-03,14.04,14.24,13.98,14.24,2559565
2016-08-04,14.14,14.355,14.09,14.3,1414638
2016-08-05,14.3,14.36,14.23,14.36,2201449
2016-08-08,14.45,14.52,14.43,14.44,2999929
2016-08-09,14.49,14.545,14.385,14.4,1660337
2016-08-10,14.48,14.55,14.23,14.23,2213194
2016-08-11,14.32,14.54,14.29,14.45,1959253
2016-08-12,14.49,14.59,14.46,14.56,1653703
2016-08-15,14.65,14.81,14.64,14.8,1281782
2016-08-16,14.82,14.94,14.765,14.91,3543353
2016-08-17,14.91,15.0,14.815,14.98,2806720
2016-08-18,15.05,15.2,15.0399,15.17,1961885
2016-08-19,15.11,15.15,15.04,15.12,1215368
2016-08-22,14.99,15.04,14.944,14.98,931685
2016-08-23,14.89,15.09,14.865,15.04,934033
2016-08-24,14.97,15.01,14.815,14.86,1471723
2016-08-25,14.88,14.925,14.84,14.92,694634
2016-08-26,14.91,15.0899,14.82,14.87,808527
2016-08-29,14.82,14.84,14.78,14.81,841680
2016-08-30,14.79,14.82,14.6373,14.67,1382281
2016-08-31,14.55,14.6,14.35,14.39,13259509
2016-09-01,14.3,14.33,14.18,14.23,2225951
2016-09-02,14.38,14.44,14.35,14.39,3184424
2016-09-06,14.37,14.51,14.325,14.49,1680225
2016-09-07,14.59,14.63,14.5,14.62,1148473
2016-09-08,14.71,14.925,14.64,14.88,2244365
2016-09-09,14.76,14.78,14.625,14.65,2072814
2016-09-12,14.52,14.72,14.49,14.645,2022187
2016-09-13,14.57,14.63,14.44,14.455,1215538
2016-09-14,14.39,14.51,14.335,14.35,1505157
2016-09-15,14.39,14.49,14.33,14.42,1055047
2016-09-16,14.33,14.46,14.33,14.44,977827
2016-09-19,14.48,14.575,14.43,14.43,2235422
2016-09-20,14.37,14.55,14.36,14.48,1666737
2016-09-21,14.6,14.67,14.55,14.66,1457681
2016-09-22,14.8,14.8263,14.7143,14.74,950566
2016-09-23,14.74,14.789,14.52,14.57,1551808
2016-09-26,14.65,14.79,14.63,14.67,1043909
2016-09-27,14.52,14.6,14.47,14.53,1133976
2016-09-28,14.6,14.94,14.52,14.87,2413802
2016-09-29,14.9,15.04,14.87,14.96,1276937
2016-09-30,15.01,15.04,14.95,15.01,1924025
2016-10-03,15.03,15.165,14.9401,15.14,4734534
2016-10-04,15.17,15.18,15.08,15.1,1430624
2016-10-05,15.22,15.24,15.12,15.19,4075497
2016-10-06,15.2,15.23,15.14,15.22,1460074
2016-10-07,15.26,15.29,15.12,15.18,1358428
2016-10-10,15.3,15.41,15.27,15.35,1547945
2016-10-11,15.32,15.335,15.2,15.26,2989772
2016-10-12,15.18,15.22,15.135,15.15,3655832
2016-10-13,15.13,15.28,15.07,15.25,1197727
2016-10-14,15.25,15.2838,15.21,15.26,1170069
2016-10-17,15.25,15.28,15.155,15.28,2010522
2016-10-18,15.35,15.36,15.25,15.31,786539
2016-10-19,15.33,15.45,15.33,15.41,2279542
2016-10-20,15.26,15.312,15.193,15.27,1212886
2016-10-21,15.25,15.33,15.21,15.33,1034084
2016-10-24,15.33,15.35,15.19,15.34,1957219
2016-10-25,15.33,15.37,15.26,15.27,1372440
2016-10-26,15.16,15.27,15.1337,15.17,1868158
2016-10-27,15.25,15.3,15.1835,15.26,1052448
2016-10-28,15.2,15.28,15.125,15.16,1447797
2016-10-31,15.1,15.1239,14.94,14.96,3300305
2016-11-01,15.17,15.18,14.961,15.03,4391042
2016-11-02,14.91,14.94,14.3,14.85,3148139
2016-11-03,14.85,14.895,14.755,14.8,1884970
2016-11-04,14.67,14.7742,14.62,14.7,1725065
2016-11-07,14.75,14.77,14.64,14.76,8293239
2016-11-08,14.65,14.82,14.65,14.74,1254181
2016-11-09,14.79,14.88,14.68,14.81,3076086
2016-11-10,14.74,14.78,14.68,14.69,1534889
2016-11-11,14.58,14.63,14.4,14.41,1701755
2016-11-14,14.4,14.42,14.27,14.38,3068360
2016-11-15,14.49,14.715,14.49,14.7,4373257
2016-11-16,14.63,14.67,14.51,14.52,2186012
2016-11-17,14.66,14.7,14.53,14.55,1104125
2016-11-18,14.63,14.67,14.52,14.67,1603766
2016-11-21,14.89,15.08,14.89,15.08,10376262
2016-11-22,15.1,15.14,14.97,15.06,2566423
2016-11-23,15.0,15.15,14.98,15.12,1863559
2016-11-25,15.07,15.08,14.935,15.01,2590914
2016-11-28,15.09,15.21,15.06,15.06,2835597
2016-11-29,14.84,14.8562,14.71,14.76,6781684
2016-11-30,15.03,15.35,15.03,15.21,5383671
2016-12-01,15.46,15.6,15.42,15.49,3661810
2016-12-02,15.52,15.63,15.52,15.6,2360493
2016-12-05,15.73,15.78,15.67,15.68,3254713
2016-12-06,15.63,15.7,15.5936,15.61,1398107
2016-12-07,15.6,15.6399,15.49,15.49,1842289
2016-12-08,15.5,15.55,15.4,15.52,1692990
2016-12-09,15.6,15.61,15.53,15.6,2500547
2016-12-12,15.82,15.88,15.675,15.7,2873355
2016-12-13,15.8,15.81,15.663,15.74,1381310
2016-12-14,15.7,15.81,15.57,15.59,3129194
2016-12-15,15.46,15.62,15.43,15.57,1580547
2016-12-16,15.61,15.6565,15.5523,15.64,1148903
2016-12-19,15.62,15.73,15.515,15.55,1565667
2016-12-20,15.62,15.63,15.54,15.62,2103516
2016-12-21,15.63,15.64,15.5,15.53,4414009
2016-12-22,15.52,15.6099,15.51,15.51,3033765
2016-12-23,15.5,15.58,15.5,15.54,1265417
2016-12-27,15.66,15.82,15.66,15.78,1303612
2016-12-28,15.78,15.85,15.77,15.79,1603200
2016-12-29,15.81,15.89,15.7831,15.81,1197787
2016-12-30,15.82,15.85,15.79,15.84,1623382
2017-01-03,15.97,15.98,15.585,15.65,5935170
2017-01-04,15.66,15.8,15.61,15.77,3281478
2017-01-05,15.84,15.92,15.7,15.85,28475941
2017-01-06,15.85,15.89,15.75,15.83,2781767
2017-01-09,15.71,15.71,15.56,15.59,3365965
2017-01-10,15.66,15.7,15.5124,15.52,1915147
2017-01-11,15.63,15.77,15.49,15.69,2709422
2017-01-12,15.83,15.98,15.83,15.92,1752715
2017-01-13,15.85,15.91,15.8201,15.89,1240969
2017-01-17,16.06,16.08,15.88,15.88,2168075
2017-01-18,15.8,15.88,15.67,15.74,1570600
2017-01-19,15.77,15.7999,15.69,15.69,2495886
2017-01-20,15.89,15.9377,15.71,15.87,1780932
2017-01-23,15.77,15.91,15.76,15.87,1390745
2017-01-24,15.95,15.98,15.89,15.91,2219182
2017-01-25,15.8,15.88,15.765,15.81,1724204
2017-01-26,15.89,15.96,15.87,15.88,2201365
2017-01-27,15.9,15.9,15.69,15.75,1835637
2017-01-30,15.68,15.69,15.62,15.66,4275017
2017-01-31,15.78,15.84,15.7,15.75,14620186
2017-02-01,15.8,15.95,15.76,15.92,4731053
2017-02-02,15.97,15.98,15.87,15.92,3617149
2017-02-03,15.85,15.95,15.82,15.91,2433534
2017-02-06,15.91,15.935,15.78,15.81,2332827
2017-02-07,15.69,15.75,15.67,15.74,2026529
2017-02-08,15.75,15.8354,15.685,15.8,2314612
2017-02-09,15.91,15.91,15.82,15.88,1669516
2017-02-10,16.01,16.07,15.98,16.05,2768214
2017-02-13,15.9,15.91,15.84,15.87,1122521
2017-02-14,15.97,15.99,15.84,15.89,1679740
2017-02-15,15.87,15.9599,15.84,15.91,1350379
2017-02-16,15.91,15.94,15.79,15.81,1300268
2017-02-17,15.71,15.785,15.69,15.78,2265544
2017-02-21,15.85,15.87,15.73,15.76,1838678
2017-02-22,15.69,15.7,15.65,15.68,2480686
2017-02-23,15.83,15.84,15.69,15.73,2209653
2017-02-24,15.74,15.74,15.655,15.7,1371642
2017-02-27,15.72,15.74,15.65,15.66,1914255
2017-02-28,15.63,15.73,15.6,15.72,2321025
2017-03-01,15.81,15.85,15.75,15.79,2324044
2017-03-02,15.62,15.65,15.53,15.54,1381236
2017-03-03,15.56,15.63,15.53,15.62,1805581
2017-03-06,15.69,15.6966,15.6,15.6,1297766
2017-03-07,15.64,15.64,15.52,15.53,1468045
2017-03-08,15.48,15.545,15.15,15.18,4012228
2017-03-09,15.13,15.1499,14.93,15.05,4657754
2017-03-10,15.05,15.08,14.87,14.91,4163741
2017-03-13,14.92,14.965,14.86,14.89,2701206
2017-03-14,14.78,14.85,14.7,14.83,2946350
2017-03-15,14.92,14.99,14.87,14.96,3442653
2017-03-16,15.02,15.02,14.93,14.94,2088325
2017-03-17,15.0,15.02,14.94,14.99,1161788
2017-03-20,14.96,15.04,14.94,14.98,2166405
2017-03-21,15.02,15.06,14.89,14.9,1882036
2017-03-22,14.86,14.935,14.77,14.89,1921486
2017-03-23,14.87,14.89,14.82,14.86,1511520
2017-03-24,14.9,14.92,14.86,14.91,1372420
2017-03-27,14.81,14.9,14.77,14.89,2123961
2017-03-28,14.96,15.06,14.95,14.98,1713273
2017-03-29,15.04,15.14,15.02,15.12,2552967
2017-03-30,15.16,15.22,15.1202,15.18,1325058
2017-03-31,15.15,15.25,15.14,15.21,3000072
2017-04-03,15.25,15.27,15.14,15.15,4604322
2017-04-04,15.23,15.32,15.15,15.3,4604387
2017-04-05,15.47,15.47,15.31,15.33,4604593
2017-04-06,15.4,15.44,15.37,15.37,2856183
2017-04-07,15.42,15.47,15.39,15.41,6227130
2017-04-10,15.48,15.53,15.45,15.53,945755
2017-04-11,15.52,15.59,15.4401,15.56,1391664
2017-04-12,15.56,15.64,15.52,15.56,1429337
2017-04-13,15.63,15.65,15.56,15.61,2122972
2017-04-17,15.61,15.63,15.52,15.52,1866010
2017-04-18,15.44,15.4899,15.35,15.46,1462969
2017-04-19,15.47,15.48,15.13,15.19,2094492
2017-04-20,15.22,15.235,15.11,15.13,1847358
2017-04-21,15.15,15.15,14.95,14.98,1585084
2017-04-24,14.97,14.97,14.89,14.93,1767648
2017-04-25,14.89,15.01,14.855,15.0,1586409
2017-04-26,14.94,15.046,14.9,14.92,5213778
2017-04-27,14.8,14.84,14.71,14.84,919028
2017-04-28,14.87,14.905,14.78,14.8,2065889
2017-05-01,14.81,14.89,14.8025,14.83,3598660
2017-05-02,14.82,14.8399,14.63,14.67,3145885
2017-05-03,14.7,14.7,14.57,14.61,2146443
2017-05-04,14.46,14.47,14.24,14.26,3352873
2017-05-05,14.32,14.49,14.31,14.46,2436220
2017-05-08,14.39,14.455,14.32,14.4,1583092
2017-05-09,14.43,14.4399,14.3065,14.33,1472964
2017-05-10,14.43,14.6,14.42,14.56,2232071
2017-05-11,14.63,14.6693,14.5887,14.62,1312198
2017-05-12,14.66,14.66,14.58,14.62,788714
2017-05-15,14.83,14.83,14.69,14.7,893728
2017-05-16,14.77,14.79,14.72,14.72,755684
2017-05-17,14.81,14.88,14.75,14.82,3215022
2017-05-18,14.72,14.85,14.6801,14.78,841738
2017-05-19,14.96,15.07,14.95,15.07,736627
2017-05-22,15.15,15.21,15.14,15.17,1975353
2017-05-23,15.17,15.1826,15.09,15.12,1361183
2017-05-24,15.08,15.14,15.03,15.09,1150897
2017-05-25,15.05,15.095,14.74,14.76,1306361
2017-05-26,14.8,14.89,14.78,14.87,1106224
2017-05-30,14.74,14.8,14.7,14.75,2592972
2017-05-31,14.61,14.635,14.515,14.59,2029202
2017-06-01,14.59,14.61,14.48,14.49,2487408
2017-06-02,14.42,14.47,14.36,14.42,1460636
2017-06-05,14.34,14.37,14.29,14.34,1512718
2017-06-06,14.32,14.45,14.3,14.44,1064098
2017-06-07,14.4,14.44,14.2065,14.24,1660739
2017-06-08,14.23,14.31,14.22,14.24,1348112
2017-06-09,14.27,14.36,14.26,14.32,1205953
2017-06-12,14.33,14.37,14.19,14.19,2584098
2017-06-13,14.2,14.27,14.145,14.25,890102
2017-06-14,14.23,14.28,14.0,14.0,1195785
2017-06-15,13.98,14.06,13.96,14.06,1042920
2017-06-16,14.13,14.14,14.08,14.12,1476883
2017-06-19,14.11,14.15,14.0,14.03,957738
2017-06-20,13.9,13.92,13.82,13.89,1559774
2017-06-21,13.93,13.98,13.69,13.74,2879365
2017-06-22,13.79,13.86,13.75,13.76,1274094
2017-06-23,13.77,13.8411,13.745,13.82,1874612
2017-06-26,13.81,13.8653,13.72,13.85,1566630
2017-06-27,13.88,14.06,13.88,14.01,1174935
2017-06-28,14.03,14.105,13.975,14.1,2204677
2017-06-29,14.18,14.265,14.15,14.16,893642
2017-06-30,14.24,14.4686,14.24,14.45,2047447
2017-07-03,14.51,14.64,14.5,14.6,3012984
2017-07-05,14.6,14.6,14.32,14.38,3157615
2017-07-06,14.42,14.53,14.37,14.39,3055890
2017-07-07,14.29,14.31,14.15,14.25,1950927
2017-07-10,14.23,14.3615,14.23,14.31,979544
2017-07-11,14.29,14.47,14.285,14.45,760035
2017-07-12,14.53,14.56,14.37,14.38,1252293
2017-07-13,14.38,14.44,14.3314,14.37,630027
2017-07-14,14.45,14.53,14.43,14.53,759025
2017-07-17,14.52,14.565,14.46,14.48,1141328
2017-07-18,14.61,14.64,14.51,14.54,858928
2017-07-19,14.6,14.7,14.6,14.67,825469
2017-07-20,14.74,14.77,14.63,14.65,1132107
2017-07-21,14.64,14.64,14.424,14.45,894819
2017-07-24,14.47,14.49,14.44,14.48,606693
2017-07-25,14.63,14.6699,14.57,14.64,722741
2017-07-26,14.65,14.79,14.63,14.78,2389154
2017-07-27,14.85,14.895,14.81,14.87,1062202
2017-07-28,14.9,14.97,14.9,14.95,834849
2017-07-31,14.93,15.05,14.9,15.04,1109857
2017-08-01,14.95,14.95,14.7518,14.87,1041373
2017-08-02,14.9,14.93,14.8,14.9,2126640
2017-08-03,14.92,14.93,14.78,14.79,2187078
2017-08-04,14.81,14.85,14.74,14.82,1101366
2017-08-07,14.8,14.9,14.76,14.85,989405
2017-08-08,14.82,14.93,14.815,14.86,1113803
2017-08-09,14.92,14.97,14.8827,14.96,1013651
2017-08-10,15.03,15.03,14.73,14.73,2661385
2017-08-11,14.71,14.83,14.69,14.78,1543240
2017-08-14,14.76,14.82,14.63,14.65,1346784
2017-08-15,14.54,14.59,14.5,14.58,839817
2017-08-16,14.64,14.69,14.54,14.54,2787693
2017-08-17,14.49,14.6,14.48,14.58,1782058
2017-08-18,14.63,14.85,14.58,14.84,1266346
2017-08-21,14.74,14.76,14.63,14.66,953937
2017-08-22,14.69,14.75,14.67,14.7,1118869
2017-08-23,14.72,14.83,14.69,14.83,1042039
2017-08-24,14.81,14.86,14.75,14.82,766225
2017-08-25,14.83,14.8517,14.73,14.79,564978
2017-08-28,14.84,14.86,14.73,14.8,925865
2017-08-29,14.76,14.83,14.76,14.8,712279
2017-08-30,14.78,14.815,14.66,14.69,831935
2017-08-31,14.79,15.1,14.79,15.1,2587718
2017-09-01,15.06,15.13,15.01,15.12,2722870
2017-09-05,15.15,15.22,15.134,15.15,1211737
2017-09-06,15.21,15.3,15.2,15.3,2212156
2017-09-07,15.27,15.31,15.215,15.29,1205405
2017-09-08,15.24,15.27,15.08,15.12,1040995
2017-09-11,15.12,15.1734,15.04,15.15,1104315
2017-09-12,15.25,15.27,15.1,15.19,1451580
2017-09-13,15.22,15.26,15.16,15.26,909239
2017-09-14,15.38,15.47,15.26,15.27,943953
2017-09-15,15.31,15.38,15.29,15.34,1176516
2017-09-18,15.32,15.34,15.25,15.32,1693979
2017-09-19,15.34,15.34,15.22,15.29,537431
2017-09-20,15.34,15.45,15.34,15.42,1577584
2017-09-21,15.34,15.39,15.31,15.36,1146015
2017-09-22,15.4,15.4399,15.35,15.42,666533
2017-09-25,15.45,15.68,15.45,15.68,1120280
2017-09-26,15.55,15.58,15.48,15.54,1113985
2017-09-27,15.5,15.54,15.4489,15.48,2007980
2017-09-28,15.53,15.5599,15.398,15.48,908981
2017-09-29,15.44,15.46,15.37,15.4,3072262
2017-10-02,15.25,15.2858,15.18,15.27,3580003
2017-10-03,15.27,15.32,15.25,15.28,1384503
2017-10-04,15.29,15.345,15.26,15.3,1410970
2017-10-05,15.41,15.53,15.395,15.47,1391023
2017-10-06,15.27,15.29,15.1775,15.23,1384393
2017-10-09,15.23,15.29,15.205,15.24,632693
2017-10-10,15.39,15.45,15.3844,15.42,650649
2017-10-11,15.45,15.46,15.37,15.45,709338
2017-10-12,15.37,15.44,15.33,15.43,789642
2017-10-13,15.57,15.6,15.5,15.58,626962
2017-10-16,15.65,15.73,15.61,15.62,905378
2017-10-17,15.6,15.64,15.48,15.6,615235
2017-10-18,15.57,15.63,15.52,15.59,503212
2017-10-19,15.5,15.56,15.4734,15.52,1757114
2017-10-20,15.51,15.6,15.4894,15.6,503700
2017-10-23,15.59,15.64,15.57,15.6,1068809
2017-10-24,15.63,15.779,15.58,15.76,687078
2017-10-25,15.76,15.82,15.71,15.78,865276
2017-10-26,15.74,15.85,15.7,15.85,500249
2017-10-27,15.76,15.95,15.74,15.93,892904
2017-10-30,15.98,16.0099,15.91,15.97,1241958
2017-10-31,15.96,16.03,15.937,16.01,2245486
2017-11-01,16.11,16.165,15.96,16.02,5287096
2017-11-02,15.99,16.13,15.9828,16.12,5054681
2017-11-03,16.14,16.24,16.04,16.22,4649074
2017-11-06,16.27,16.55,16.24,16.53,7479288
2017-11-07,16.45,16.45,16.38,16.43,5736665
2017-11-08,16.41,16.54,16.34,16.4,1670673
2017-11-09,16.39,16.48,16.39,16.43,1459535
2017-11-10,16.42,16.48,16.36,16.4,1740577
