Date,Open,High,Low,Close,Volume
2005-02-25,15.789,15.908,15.745,15.857,88054
2005-02-28,15.935,15.951,15.805,15.865,128470
2005-03-01,15.927,15.961,15.884,15.901,123461
2005-03-02,15.815,15.927,15.745,15.84,137320
2005-03-03,15.901,15.927,15.738,15.832,100283
2005-03-04,16.013,16.201,16.013,16.08,141981
2005-03-07,16.089,16.158,16.003,16.098,175408
2005-03-08,16.132,16.175,16.089,16.141,87587
2005-03-09,16.141,16.158,16.055,16.072,154791
2005-03-10,16.098,16.149,15.969,16.055,79201
2005-03-11,16.106,16.201,16.028,16.064,67089
2005-03-14,16.089,16.124,15.994,16.124,101678
2005-03-15,16.055,16.089,15.951,15.961,73726
2005-03-16,15.978,16.003,15.781,15.84,218734
2005-03-17,15.815,16.055,15.781,15.849,161431
2005-03-18,15.823,15.84,15.738,15.772,66738
2005-03-21,15.626,15.711,15.515,15.549,198936
2005-03-22,15.576,15.711,15.326,15.326,88985
2005-03-23,15.326,15.456,15.292,15.377,120783
2005-03-24,15.456,15.531,15.404,15.437,36572
2005-03-28,15.377,15.413,15.334,15.404,54043
2005-03-29,15.36,15.437,15.334,15.37,183909
2005-03-30,15.377,15.558,15.377,15.541,182047
2005-03-31,15.541,15.626,15.446,15.523,99119
2005-04-01,15.609,15.686,15.377,15.428,314593
2005-04-04,15.394,15.428,15.248,15.37,179835
2005-04-05,15.37,15.428,15.36,15.385,34942
2005-04-06,15.413,15.541,15.413,15.456,66040
2005-04-07,15.498,15.626,15.471,15.498,97604
2005-04-08,15.515,15.633,15.479,15.558,73145
2005-04-11,15.668,15.711,15.626,15.642,24226
2005-04-12,15.582,15.753,15.471,15.668,155027
2005-04-13,15.549,15.633,15.489,15.489,134060
2005-04-14,15.515,15.582,15.421,15.456,266955
2005-04-15,15.36,15.428,15.111,15.12,107155
2005-04-18,15.043,15.188,15.043,15.077,237722
2005-04-19,15.085,15.129,15.043,15.129,198936
2005-04-20,15.033,15.144,14.87,14.879,141631
2005-04-21,15.12,15.308,15.077,15.24,155957
2005-04-22,15.171,15.196,15.0,15.077,92829
2005-04-25,15.144,15.188,15.129,15.154,52645
2005-04-26,15.077,15.111,14.973,14.973,136389
2005-04-27,14.854,14.965,14.846,14.905,161664
2005-04-28,14.861,15.196,14.656,14.664,147105
2005-04-29,14.898,14.905,14.75,14.854,80949
2005-05-02,14.898,14.913,14.802,14.888,64993
2005-05-03,14.939,14.991,14.913,14.939,83393
2005-05-04,15.025,15.308,15.017,15.308,337072
2005-05-05,15.274,15.326,15.163,15.206,49267
2005-05-06,15.18,15.248,15.138,15.144,83393
2005-05-09,15.102,15.18,15.051,15.171,85958
2005-05-10,15.068,15.095,15.025,15.025,102728
2005-05-11,15.009,15.068,14.922,15.06,87821
2005-05-12,14.965,15.025,14.827,14.827,104592
2005-05-13,14.81,14.898,14.682,14.734,146523
2005-05-16,14.724,14.905,14.724,14.905,49035
2005-05-17,14.674,14.87,14.674,14.854,60800
2005-05-18,14.898,15.154,14.879,15.077,153510
2005-05-19,15.068,15.232,15.068,15.171,179485
2005-05-20,15.196,15.196,15.033,15.138,360599
2005-05-23,15.232,15.36,15.163,15.343,525175
2005-05-24,15.282,15.282,15.196,15.196,285127
2005-05-25,15.326,15.326,15.196,15.308,436657
2005-05-26,15.282,15.326,15.248,15.318,443761
2005-05-27,15.326,15.446,15.318,15.446,422446
2005-05-31,15.196,15.24,15.154,15.171,673445
2005-06-01,15.111,15.301,15.068,15.196,532747
2005-06-02,15.196,15.377,15.196,15.377,225607
2005-06-03,15.301,15.301,15.095,15.154,354893
2005-06-06,15.215,15.282,15.171,15.24,427223
2005-06-07,15.274,15.413,15.266,15.377,353379
2005-06-08,15.428,15.446,15.222,15.274,319368
2005-06-09,15.292,15.404,15.215,15.308,290366
2005-06-10,15.37,15.446,15.232,15.292,367937
2005-06-13,15.24,15.334,15.18,15.326,630234
2005-06-14,15.274,15.292,15.206,15.248,132780
2005-06-15,15.24,15.352,15.111,15.163,93644
2005-06-16,15.206,15.334,15.188,15.326,201963
2005-06-17,15.446,15.668,15.446,15.668,268121
2005-06-20,15.421,15.498,15.326,15.428,759870
2005-06-21,15.437,15.479,15.37,15.471,402647
2005-06-22,15.464,15.471,15.377,15.377,193228
2005-06-23,15.326,15.413,15.196,15.196,223860
2005-06-24,15.196,15.248,15.12,15.154,78735
2005-06-27,15.171,15.215,15.111,15.12,192181
2005-06-28,15.111,15.282,15.111,15.282,575376
2005-06-29,15.232,15.318,15.129,15.196,169467
2005-06-30,15.301,15.343,15.215,15.232,199634
2005-07-01,15.266,15.308,15.144,15.163,513411
2005-07-05,15.077,15.171,14.991,15.0,713629
2005-07-06,15.102,15.196,15.033,15.12,233180
2005-07-07,15.017,15.043,14.836,15.043,756606
2005-07-08,14.957,15.301,14.905,15.301,445741
2005-07-11,15.36,15.541,15.36,15.541,207203
2005-07-12,15.626,15.772,15.601,15.711,149783
2005-07-13,15.626,15.626,15.541,15.582,256823
2005-07-14,15.694,15.702,15.601,15.633,311333
2005-07-15,15.633,15.686,15.582,15.66,43560
2005-07-18,15.702,15.72,15.601,15.678,153744
2005-07-19,15.686,15.875,15.633,15.805,159684
2005-07-20,15.849,16.098,15.772,16.089,209650
2005-07-21,16.218,16.269,16.064,16.218,186124
2005-07-22,16.115,16.184,16.028,16.098,119849
2005-07-25,16.013,16.089,15.986,16.055,91548
2005-07-26,16.028,16.08,15.935,16.046,104126
2005-07-27,16.072,16.226,16.038,16.201,145358
2005-07-28,16.305,16.424,16.261,16.4,423728
2005-07-29,16.424,16.424,16.261,16.261,417556
2005-08-01,16.502,16.562,16.363,16.511,233061
2005-08-02,16.527,16.614,16.485,16.579,195905
2005-08-03,16.647,16.776,16.614,16.725,142329
2005-08-04,16.587,16.708,16.527,16.527,212446
2005-08-05,16.536,16.545,16.363,16.45,194976
2005-08-08,16.57,16.57,16.407,16.407,197889
2005-08-09,16.527,16.811,16.527,16.785,177971
2005-08-10,16.949,17.163,16.845,16.922,368520
2005-08-11,16.949,17.068,16.931,17.017,276740
2005-08-12,16.94,17.043,16.854,16.888,123579
2005-08-15,16.854,16.906,16.769,16.888,233878
2005-08-16,16.828,16.828,16.553,16.57,240167
2005-08-17,16.527,16.57,16.442,16.527,1764911
2005-08-18,16.321,16.415,16.218,16.269,345457
2005-08-19,16.442,16.545,16.424,16.502,128587
2005-08-22,16.673,16.717,16.57,16.621,299686
2005-08-23,16.673,16.673,16.475,16.587,1035910
2005-08-24,16.485,16.69,16.485,16.57,573394
2005-08-25,16.511,16.57,16.433,16.459,258686
2005-08-26,16.527,16.527,16.226,16.244,388088
2005-08-29,16.278,16.373,16.141,16.347,316458
2005-08-30,16.218,16.236,16.115,16.192,343595
2005-08-31,16.305,16.57,16.236,16.57,245874
2005-09-01,16.638,16.742,16.596,16.647,246222
2005-09-02,16.75,16.828,16.717,16.717,1381017
2005-09-06,17.077,17.163,16.991,17.163,2390836
2005-09-07,17.111,17.154,17.033,17.111,350234
2005-09-08,17.129,17.129,17.017,17.033,248435
2005-09-09,17.163,17.231,17.085,17.196,1068754
2005-09-12,16.991,17.0,16.871,16.888,660865
2005-09-13,16.717,16.717,16.57,16.605,4004917
2005-09-14,16.699,16.699,16.579,16.614,604261
2005-09-15,16.57,16.579,16.494,16.527,435375
2005-09-16,16.793,16.982,16.708,16.94,1265593
2005-09-19,16.485,16.57,16.433,16.502,3972771
2005-09-20,16.596,16.742,16.407,16.475,517605
2005-09-21,16.45,16.511,16.321,16.321,772915
2005-09-22,16.311,16.355,16.201,16.296,1076675
2005-09-23,16.269,16.311,16.167,16.261,354426
2005-09-26,16.527,16.605,16.475,16.545,549750
2005-09-27,16.511,16.527,16.382,16.485,1881501
2005-09-28,16.666,16.725,16.596,16.725,3191587
2005-09-29,16.666,16.811,16.562,16.811,709319
2005-09-30,16.732,16.821,16.657,16.69,393328
2005-10-03,16.681,16.69,16.605,16.666,304461
2005-10-04,16.769,16.914,16.699,16.717,323094
2005-10-05,16.863,16.863,16.485,16.518,1061068
2005-10-06,16.657,16.75,16.562,16.681,1166358
2005-10-07,16.708,16.776,16.63,16.69,213610
2005-10-10,16.793,16.793,16.587,16.63,385526
2005-10-11,16.647,16.69,16.494,16.545,996192
2005-10-12,16.527,16.596,16.321,16.355,874011
2005-10-13,16.184,16.373,16.141,16.373,1572267
2005-10-14,16.442,16.553,16.355,16.518,958571
2005-10-17,16.518,16.518,16.39,16.4,325076
2005-10-18,16.226,16.287,16.167,16.175,490699
2005-10-19,15.927,16.226,15.857,16.226,2189222
2005-10-20,16.132,16.132,15.865,15.908,844543
2005-10-21,16.055,16.055,15.832,15.901,495475
2005-10-24,15.935,16.226,15.935,16.226,242729
2005-10-25,16.201,16.261,16.089,16.132,606940
2005-10-26,16.089,16.261,16.089,16.124,242264
2005-10-27,16.184,16.184,15.961,15.961,250416
2005-10-28,16.003,16.141,15.961,16.089,403112
2005-10-31,16.167,16.278,16.141,16.226,3653985
2005-11-01,16.226,16.278,16.158,16.201,416740
2005-11-02,16.244,16.527,16.201,16.475,453312
2005-11-03,16.587,16.605,16.39,16.424,404626
2005-11-04,16.373,16.442,16.158,16.236,939236
2005-11-07,16.321,16.373,16.244,16.311,239004
2005-11-08,16.201,16.253,16.106,16.167,985126
2005-11-09,16.132,16.287,16.106,16.287,1514962
2005-11-10,16.218,16.296,16.098,16.21,713513
2005-11-11,16.311,16.39,16.253,16.382,147105
2005-11-14,16.382,16.4,16.253,16.305,118570
2005-11-15,16.33,16.407,16.261,16.363,322396
2005-11-16,16.296,16.311,16.201,16.244,476840
2005-11-17,16.339,16.527,16.339,16.527,348370
2005-11-18,16.527,16.596,16.407,16.596,228170
2005-11-21,16.717,16.717,16.57,16.647,605194
2005-11-22,16.605,16.828,16.527,16.811,1148654
2005-11-23,16.725,16.802,16.673,16.75,4007247
2005-11-25,16.769,16.769,16.587,16.657,1138405
2005-11-28,16.708,16.785,16.621,16.699,1067125
2005-11-29,16.776,16.802,16.666,16.759,660865
2005-11-30,16.657,16.802,16.657,16.708,631515
2005-12-01,16.021,16.949,16.021,16.949,654228
2005-12-02,16.888,17.007,16.863,16.982,874011
2005-12-05,17.06,17.06,16.888,17.007,241448
2005-12-06,17.094,17.146,17.0,17.06,825327
2005-12-07,17.033,17.033,16.836,16.854,291064
2005-12-08,16.922,17.129,16.879,17.033,217455
2005-12-09,16.991,17.119,16.991,17.068,157703
2005-12-12,17.3,17.342,17.24,17.327,2047242
2005-12-13,17.3,17.454,17.248,17.421,388671
2005-12-14,17.393,17.445,17.369,17.387,773612
2005-12-15,17.387,17.387,17.248,17.342,1200252
2005-12-16,17.472,17.601,17.464,17.575,533328
2005-12-19,17.593,17.617,17.515,17.55,249252
2005-12-20,17.541,17.541,17.3,17.403,166556
2005-12-21,17.498,17.498,17.387,17.464,661915
2005-12-22,17.472,17.575,17.464,17.523,145591
2005-12-23,17.532,17.532,17.445,17.506,136856
2005-12-27,17.601,17.61,17.464,17.498,619985
2005-12-28,17.635,17.687,17.523,17.557,239004
2005-12-29,17.617,17.617,17.541,17.584,468221
2005-12-30,17.29,17.438,17.29,17.438,759636
2006-01-03,17.815,18.056,17.342,17.995,1470936
2006-01-04,18.151,18.278,18.099,18.271,1692699
2006-01-05,18.194,18.202,18.116,18.202,618936
2006-01-06,18.357,18.391,18.245,18.374,625109
2006-01-09,18.323,18.33,18.175,18.263,498038
2006-01-10,18.074,18.151,18.056,18.151,329385
2006-01-11,18.263,18.33,18.22,18.323,463213
2006-01-12,18.528,18.536,18.099,18.151,474743
2006-01-13,18.013,18.175,17.995,18.175,566872
2006-01-17,18.074,18.081,17.953,18.081,1108006
2006-01-18,17.859,17.944,17.781,17.911,1032414
2006-01-19,17.962,18.031,17.901,17.962,287804
2006-01-20,17.953,17.953,17.601,17.61,1147491
2006-01-23,17.85,17.962,17.815,17.953,193110
2006-01-24,17.944,18.031,17.867,17.988,407306
2006-01-25,18.202,18.245,18.074,18.211,1116858
2006-01-26,18.459,18.647,18.459,18.647,2015444
2006-01-27,18.837,18.837,18.647,18.699,1448224
2006-01-30,18.845,18.845,18.674,18.751,838605
2006-01-31,18.742,18.915,18.674,18.845,559885
2006-02-01,18.879,18.992,18.819,18.983,444228
2006-02-02,18.94,18.94,18.639,18.665,1196642
2006-02-03,18.501,18.655,18.339,18.58,1168571
2006-02-06,18.545,18.632,18.477,18.545,272778
2006-02-07,18.477,18.58,18.426,18.435,484409
2006-02-08,18.545,18.647,18.435,18.647,421632
2006-02-09,18.717,18.828,18.708,18.725,828472
2006-02-10,18.837,18.863,18.588,18.682,508520
2006-02-13,18.639,18.759,18.613,18.682,1693630
2006-02-14,18.717,18.888,18.588,18.888,1520319
2006-02-15,18.837,18.922,18.665,18.777,766041
2006-02-16,18.828,18.872,18.725,18.854,581317
2006-02-17,18.957,18.992,18.854,18.992,584925
2006-02-21,19.06,19.086,18.845,18.888,503163
2006-02-22,18.974,19.138,18.905,19.138,531232
2006-02-23,19.19,19.19,19.016,19.078,521450
2006-02-24,19.147,19.171,19.035,19.078,389950
2006-02-27,19.06,19.223,19.06,19.199,431648
2006-02-28,19.138,19.147,18.905,18.93,1913766
2006-03-01,19.008,19.19,19.008,19.19,836624
2006-03-02,18.992,19.086,18.897,19.086,702331
2006-03-03,18.888,18.957,18.802,18.888,2511385
2006-03-06,18.94,19.0,18.811,18.845,429669
2006-03-07,18.639,18.734,18.596,18.622,689055
2006-03-08,18.528,18.622,18.442,18.604,2390487
2006-03-09,18.655,18.699,18.613,18.622,1818023
2006-03-10,18.759,18.957,18.647,18.897,919670
2006-03-13,19.128,19.147,19.06,19.086,840585
2006-03-14,19.052,19.362,19.052,19.362,1105210
2006-03-15,19.507,19.532,19.395,19.532,658769
2006-03-16,19.61,19.67,19.488,19.652,1383581
2006-03-17,19.686,19.686,19.524,19.636,331364
2006-03-20,19.748,19.748,19.61,19.704,362347
2006-03-21,19.61,19.636,19.464,19.507,512016
2006-03-22,19.455,19.67,19.446,19.67,1516010
2006-03-23,19.626,19.652,19.395,19.48,277206
2006-03-24,19.54,19.643,19.446,19.643,959619
2006-03-27,19.54,19.54,19.395,19.473,671933
2006-03-28,19.403,19.507,19.301,19.335,819501
2006-03-29,19.387,19.567,19.317,19.516,704893
2006-03-30,19.636,19.893,19.636,19.833,1051167
2006-03-31,19.85,19.867,19.704,19.79,636059
2006-04-03,19.85,20.005,19.781,19.945,954960
2006-04-04,20.141,20.271,20.065,20.237,1003646
2006-04-05,20.305,20.322,20.202,20.314,541366
2006-04-06,20.245,20.271,20.108,20.21,732497
2006-04-07,20.15,20.159,19.704,19.713,1043829
2006-04-10,19.79,19.919,19.79,19.867,286988
2006-04-11,19.867,19.867,19.532,19.567,708386
2006-04-12,19.567,19.619,19.516,19.575,599252
2006-04-13,19.488,19.626,19.455,19.601,976159
2006-04-17,19.773,19.876,19.764,19.833,1113947
2006-04-18,19.842,20.074,19.79,20.074,828356
2006-04-19,20.126,20.383,20.084,20.366,1016109
2006-04-20,20.348,20.494,20.322,20.494,1182316
2006-04-21,20.598,20.692,20.504,20.555,614044
2006-04-24,20.838,20.838,20.46,20.7,1023680
2006-04-25,20.743,20.761,20.528,20.7,1709938
2006-04-26,20.769,20.872,20.743,20.838,918156
2006-04-27,20.546,20.89,20.528,20.864,547189
2006-04-28,20.761,20.847,20.692,20.752,585275
2006-05-01,20.864,20.967,20.684,20.7,456225
2006-05-02,20.95,20.983,20.89,20.974,3642687
2006-05-03,20.864,20.864,20.623,20.7,1150401
2006-05-04,20.761,21.087,20.761,21.044,496174
2006-05-05,21.267,21.421,21.189,21.412,961949
2006-05-08,21.489,21.489,21.318,21.344,620333
2006-05-09,21.412,21.482,21.344,21.463,870053
2006-05-10,21.482,21.541,21.378,21.533,417321
2006-05-11,21.463,21.463,21.189,21.215,956357
2006-05-12,21.077,21.122,20.743,20.812,1290054
2006-05-15,20.511,20.641,20.383,20.494,1294247
2006-05-16,20.692,20.7,20.4,20.555,1524977
2006-05-17,20.271,20.348,19.601,19.619,1608954
2006-05-18,19.85,19.962,19.619,19.662,888686
2006-05-19,19.626,19.833,19.516,19.781,659586
2006-05-22,19.403,19.507,19.171,19.413,977090
2006-05-23,19.662,19.927,19.559,19.584,804362
2006-05-24,19.488,19.584,19.223,19.507,4001887
2006-05-25,19.704,19.971,19.67,19.953,674262
2006-05-26,20.117,20.117,19.901,20.022,781649
2006-05-30,19.876,19.919,19.601,19.601,902897
2006-05-31,19.773,19.927,19.704,19.842,466472
2006-06-01,19.575,20.005,19.507,20.005,1367042
2006-06-02,20.322,20.322,19.953,20.074,318669
2006-06-05,19.987,19.996,19.575,19.584,951583
2006-06-06,19.368,19.413,19.068,19.292,1153430
2006-06-07,19.128,19.368,19.068,19.078,426989
2006-06-08,18.665,18.777,18.287,18.699,1490270
2006-06-09,18.819,18.845,18.501,18.528,379236
2006-06-12,18.501,18.553,18.245,18.245,929337
2006-06-13,18.013,18.168,17.713,17.748,1813831
2006-06-14,17.962,18.16,17.859,17.995,1140851
2006-06-15,18.339,18.674,18.339,18.665,872964
2006-06-16,18.477,18.588,18.348,18.459,318203
2006-06-19,18.604,18.665,18.365,18.374,875527
2006-06-20,18.442,18.794,18.442,18.622,315291
2006-06-21,18.622,19.06,18.622,18.992,1244512
2006-06-22,18.905,18.949,18.725,18.888,516210
2006-06-23,18.655,18.888,18.655,18.845,122064
2006-06-26,18.785,18.93,18.725,18.879,212912
2006-06-27,18.974,18.974,18.459,18.588,407421
2006-06-28,18.665,18.674,18.536,18.604,108786
2006-06-29,18.828,19.421,18.828,19.413,2052600
2006-06-30,19.686,19.756,19.559,19.696,387971
2006-07-03,19.729,19.987,19.722,19.987,436074
2006-07-05,19.507,19.584,19.335,19.507,1098455
2006-07-06,19.61,19.738,19.567,19.704,302480
2006-07-07,19.626,19.781,19.55,19.55,425240
2006-07-10,19.643,19.713,19.575,19.652,194742
2006-07-11,19.413,19.584,19.283,19.559,915360
2006-07-12,19.54,19.54,19.162,19.213,1466160
2006-07-13,18.966,19.008,18.785,18.819,1079470
2006-07-14,18.785,18.802,18.484,18.632,1073647
2006-07-17,18.254,18.408,18.245,18.33,540550
2006-07-18,18.365,18.382,18.124,18.348,332414
2006-07-19,18.245,18.949,18.245,18.922,287571
2006-07-20,19.104,19.104,18.802,18.811,511897
2006-07-21,18.811,18.811,18.588,18.682,158869
2006-07-24,18.751,19.104,18.717,19.086,345109
2006-07-25,19.06,19.138,18.915,19.068,326473
2006-07-26,19.042,19.275,18.983,19.223,755093
2006-07-27,19.55,19.55,19.265,19.275,399268
2006-07-28,19.429,19.713,19.421,19.713,397755
2006-07-31,19.643,19.738,19.54,19.67,595059
2006-08-01,19.524,19.524,19.275,19.464,497804
2006-08-02,19.55,19.748,19.55,19.696,227473
2006-08-03,19.48,19.729,19.438,19.729,401947
2006-08-04,19.901,20.039,19.713,19.756,349534
2006-08-07,19.626,19.713,19.567,19.643,158869
2006-08-08,19.575,19.756,19.524,19.619,670068
2006-08-09,19.876,19.919,19.636,19.636,191365
2006-08-10,19.498,19.61,19.403,19.559,1119885
2006-08-11,19.362,19.507,19.352,19.413,578753
2006-08-14,19.567,19.67,19.498,19.559,253561
2006-08-15,19.962,20.056,19.901,20.046,272314
2006-08-16,20.28,20.322,20.185,20.314,424660
2006-08-17,20.305,20.366,20.22,20.253,342779
2006-08-18,20.305,20.34,20.177,20.322,434677
2006-08-21,20.245,20.331,20.237,20.262,205575
2006-08-22,20.117,20.237,20.039,20.168,336256
2006-08-23,20.089,20.228,19.971,20.022,381914
2006-08-24,20.305,20.305,20.031,20.098,252281
2006-08-25,20.039,20.177,20.013,20.074,150483
2006-08-28,20.177,20.348,20.089,20.271,471598
2006-08-29,20.297,20.425,20.185,20.366,369918
2006-08-30,20.477,20.477,20.348,20.4,249018
2006-08-31,20.452,20.486,20.331,20.4,500600
2006-09-01,20.416,20.504,20.358,20.486,149783
2006-09-05,20.486,20.546,20.392,20.546,545092
2006-09-06,20.546,20.546,20.141,20.177,710718
2006-09-07,19.962,20.046,19.867,19.935,154558
2006-09-08,19.893,19.962,19.85,19.927,153627
2006-09-11,19.893,20.046,19.859,20.022,219318
2006-09-12,20.141,20.314,20.056,20.305,815425
2006-09-13,20.271,20.348,20.22,20.348,160500
2006-09-14,20.34,20.408,20.28,20.408,264743
2006-09-15,20.416,20.416,20.28,20.305,647007
2006-09-18,20.297,20.416,20.271,20.373,271614
2006-09-19,20.4,20.4,20.065,20.177,509921
2006-09-20,20.348,20.494,20.348,20.452,386924
2006-09-21,20.52,20.589,20.452,20.477,668320
2006-09-22,20.511,20.52,20.314,20.408,1727991
2006-09-25,20.494,20.598,20.237,20.528,419534
2006-09-26,20.416,20.563,20.416,20.555,215125
2006-09-27,20.563,20.649,20.546,20.58,1285044
2006-09-28,20.546,20.684,20.546,20.675,293279
2006-09-29,20.606,20.709,20.598,20.632,1182200
2006-10-02,20.606,20.769,20.606,20.7,434909
2006-10-03,20.58,20.82,20.528,20.769,3010006
2006-10-04,20.735,21.095,20.692,21.095,1148887
2006-10-05,21.035,21.077,20.95,21.011,877041
2006-10-06,20.812,20.864,20.727,20.778,506542
2006-10-09,20.761,20.872,20.735,20.854,679851
2006-10-10,20.761,20.89,20.735,20.864,707571
2006-10-11,20.735,20.916,20.717,20.795,994095
2006-10-12,20.916,21.062,20.916,21.062,526223
2006-10-13,20.931,20.992,20.898,20.967,213843
2006-10-16,20.916,21.035,20.907,21.035,673562
2006-10-17,20.838,20.907,20.752,20.89,227122
2006-10-18,21.011,21.044,20.907,20.941,386341
2006-10-19,21.077,21.156,21.026,21.077,362230
2006-10-20,21.164,21.258,20.992,21.225,220600
2006-10-23,21.463,21.541,20.606,21.233,850949
2006-10-24,21.251,21.285,21.181,21.251,352796
2006-10-25,21.291,21.447,21.291,21.395,633494
2006-10-26,21.635,21.687,21.507,21.626,491283
2006-10-27,21.619,21.671,21.489,21.515,374693
2006-10-30,21.43,21.567,21.43,21.489,228403
2006-10-31,21.489,21.653,21.489,21.601,325308
2006-11-01,21.722,21.799,21.559,21.575,726439
2006-11-02,21.498,21.533,21.421,21.524,883912
2006-11-03,21.567,21.567,21.361,21.403,3266013
2006-11-06,21.635,21.815,21.549,21.808,1276777
2006-11-07,21.979,22.064,21.909,21.945,949952
2006-11-08,21.928,22.021,21.834,21.988,425592
2006-11-09,22.021,22.092,21.953,21.979,443644
2006-11-10,22.073,22.151,22.064,22.134,295724
2006-11-13,22.125,22.236,22.108,22.219,436190
2006-11-14,22.236,22.28,22.04,22.263,427804
2006-11-15,22.255,22.348,22.203,22.306,801332
2006-11-16,22.288,22.367,22.263,22.306,378536
2006-11-17,22.185,22.297,22.125,22.297,361649
2006-11-20,22.263,22.339,22.185,22.315,357106
2006-11-21,22.331,22.468,22.331,22.468,282447
2006-11-22,22.572,22.658,22.546,22.65,472880
2006-11-24,22.468,22.7,22.468,22.615,129403
2006-11-27,22.468,22.538,22.193,22.193,625924
2006-11-28,22.288,22.452,22.228,22.452,829170
2006-11-29,22.546,22.65,22.529,22.65,480801
2006-11-30,22.77,22.794,22.579,22.65,935743
2006-12-01,22.709,22.735,22.374,22.555,868420
2006-12-04,22.572,22.751,22.495,22.726,1124545
2006-12-05,22.846,22.992,22.751,22.977,631981
2006-12-06,22.864,22.949,22.813,22.898,420934
2006-12-07,23.164,23.164,23.01,23.026,3266944
2006-12-08,23.061,23.139,22.949,22.949,1024262
2006-12-11,23.036,23.215,23.01,23.164,329851
2006-12-12,23.173,23.242,23.087,23.233,449933
2006-12-13,23.31,23.361,23.242,23.361,640949
2006-12-14,23.38,23.397,23.31,23.38,334976
2006-12-15,23.516,23.516,23.251,23.267,312728
2006-12-18,23.405,23.439,23.275,23.319,577704
2006-12-19,23.31,23.483,23.233,23.431,429786
2006-12-20,23.164,23.182,22.934,22.967,346857
2006-12-21,23.019,23.019,22.898,22.949,417556
2006-12-22,22.941,23.052,22.623,22.683,290017
2006-12-26,22.675,22.838,22.65,22.838,1163912
2006-12-27,23.036,23.568,22.984,23.078,881234
2006-12-28,23.215,23.215,23.036,23.096,885192
2006-12-29,23.096,23.223,23.096,23.096,222347
2007-01-03,23.773,26.487,23.199,23.31,681832
2007-01-04,23.267,23.267,23.112,23.233,315991
2007-01-05,24.006,24.006,22.751,22.846,1068521
2007-01-08,22.958,22.958,22.073,22.778,681715
2007-01-09,22.934,23.019,22.761,22.882,455175
2007-01-10,22.64,22.692,22.563,22.631,905693
2007-01-11,22.683,23.019,22.683,22.838,1046041
2007-01-12,22.984,23.096,22.941,23.078,503977
2007-01-16,23.13,23.208,23.036,23.208,417205
2007-01-17,22.934,23.156,22.934,23.078,508986
2007-01-18,23.173,23.173,22.941,22.949,677756
2007-01-19,22.984,23.303,22.984,23.267,491633
2007-01-22,23.294,23.294,22.977,23.0,351398
2007-01-23,23.112,23.26,23.026,23.173,272079
2007-01-24,23.275,23.319,23.182,23.31,509801
2007-01-25,23.327,23.353,23.0,23.044,445393
2007-01-26,23.139,23.148,22.906,23.061,407772
2007-01-29,23.13,23.233,23.061,23.164,660865
2007-01-30,23.413,23.483,23.31,23.483,646309
2007-01-31,23.405,23.688,23.303,23.663,848621
2007-02-01,23.782,23.852,23.722,23.852,591446
2007-02-02,23.819,23.833,23.697,23.819,1690486
2007-02-05,23.714,23.714,23.611,23.714,450284
2007-02-06,23.722,23.825,23.646,23.8,492213
2007-02-07,23.929,24.057,23.885,23.972,1065144
2007-02-08,23.852,23.988,23.766,23.981,318320
2007-02-09,23.955,23.955,23.758,23.825,592730
2007-02-12,23.819,23.819,23.636,23.74,449479
2007-02-13,23.885,24.031,23.8,24.015,186341
2007-02-14,24.211,24.418,24.168,24.409,396557
2007-02-15,24.434,24.486,24.332,24.434,257639
2007-02-16,24.366,24.434,24.271,24.434,338354
2007-02-20,24.383,24.632,24.323,24.572,1082499
2007-02-21,24.383,24.426,24.28,24.426,679501
2007-02-22,24.486,24.598,24.418,24.486,432579
2007-02-23,24.598,24.674,24.512,24.624,417904
2007-02-26,24.804,24.804,24.606,24.709,432801
2007-02-27,24.28,24.28,23.251,23.594,1326042
2007-02-28,23.663,23.868,23.55,23.697,1473147
2007-03-01,23.223,23.646,22.52,23.285,1683483
2007-03-02,23.112,23.285,23.019,23.036,551849
2007-03-05,22.555,23.019,22.52,22.607,745893
2007-03-06,23.078,23.38,22.925,23.182,768137
2007-03-07,23.233,23.516,23.182,23.233,486740
2007-03-08,23.473,23.62,23.439,23.585,418719
2007-03-09,23.585,23.697,23.473,23.585,227704
2007-03-12,23.568,23.852,23.516,23.766,374577
2007-03-13,23.577,23.67,23.139,23.164,1036024
2007-03-14,23.026,23.182,22.761,23.182,1587640
2007-03-15,23.139,23.371,23.07,23.319,511432
2007-03-16,23.423,23.68,23.397,23.457,1118372
2007-03-19,23.773,23.819,23.663,23.782,517139
2007-03-20,23.74,23.988,23.68,23.988,229802
2007-03-21,24.031,24.899,23.929,24.512,454244
2007-03-22,24.641,24.641,24.434,24.52,901617
2007-03-23,24.598,24.684,24.529,24.624,912448
2007-03-26,24.65,24.674,24.314,24.606,644560
2007-03-27,24.564,24.856,24.477,24.674,301896
2007-03-28,24.366,24.547,24.332,24.332,365608
2007-03-29,24.589,24.788,24.572,24.717,319251
2007-03-30,24.76,24.872,24.674,24.753,711417
2007-04-02,24.933,25.034,24.796,25.028,671117
2007-04-03,25.182,25.327,25.105,25.275,1574246
2007-04-04,25.303,25.448,25.224,25.379,518886
2007-04-05,25.525,25.756,25.431,25.756,964280
2007-04-09,25.732,25.756,25.593,25.663,379585
2007-04-10,25.715,25.895,25.672,25.886,1259536
2007-04-11,25.963,25.963,25.663,25.732,2361253
2007-04-12,25.715,26.041,25.559,26.015,2506844
2007-04-13,26.153,26.212,25.99,26.212,580620
2007-04-16,26.521,26.735,26.47,26.684,931782
2007-04-17,26.735,26.831,26.633,26.676,1106608
2007-04-18,26.487,26.676,26.385,26.66,3115996
2007-04-19,26.324,26.538,26.178,26.418,764528
2007-04-20,26.831,26.865,26.66,26.745,1010168
2007-04-23,26.668,26.779,26.47,26.59,1347708
2007-04-24,26.548,26.65,26.273,26.572,691265
2007-04-25,26.84,26.951,26.745,26.917,569668
2007-04-26,26.943,27.028,26.823,26.925,739601
2007-04-27,26.925,27.061,26.848,26.976,906740
2007-04-30,27.036,27.139,26.934,26.959,678280
2007-05-01,27.207,27.404,26.779,27.131,1189653
2007-05-02,27.036,27.165,26.968,27.087,1005161
2007-05-03,27.053,27.147,26.968,27.044,1077606
2007-05-04,27.207,27.319,27.165,27.259,913029
2007-05-07,27.269,27.354,27.269,27.302,766625
2007-05-08,26.917,26.993,26.712,26.959,1536045
2007-05-09,26.882,27.087,26.848,27.053,753230
2007-05-10,26.856,26.934,26.359,26.359,1492366
2007-05-11,26.548,27.053,26.496,27.009,1180452
2007-05-14,27.044,27.053,26.72,26.882,510849
2007-05-15,26.891,27.217,26.865,26.951,628953
2007-05-16,27.122,27.165,26.882,27.044,618005
2007-05-17,26.976,27.044,26.882,26.968,414759
2007-05-18,27.217,27.422,27.147,27.422,764062
2007-05-21,27.311,27.363,27.243,27.284,884970
2007-05-22,27.345,27.507,27.345,27.389,468688
2007-05-23,27.697,27.809,27.604,27.749,829054
2007-05-24,27.663,27.731,27.319,27.354,764644
2007-05-25,27.604,27.775,27.525,27.715,416740
2007-05-29,27.894,27.928,27.68,27.775,1359588
2007-05-30,27.645,27.913,27.345,27.861,1365994
2007-05-31,28.169,28.392,27.921,28.392,1222315
2007-06-01,28.452,28.616,28.332,28.616,744842
2007-06-04,28.48,28.634,28.452,28.616,1302865
2007-06-05,28.573,28.573,28.229,28.401,1325693
2007-06-06,29.174,29.174,27.567,27.645,2388739
2007-06-07,27.302,27.501,26.899,26.899,2903666
2007-06-08,27.028,27.243,26.823,27.061,3097127
2007-06-11,27.191,27.501,27.139,27.37,1221799
2007-06-12,27.422,27.422,26.959,26.993,1219819
2007-06-13,27.044,27.363,27.044,27.363,607262
2007-06-14,27.534,27.809,27.474,27.809,1070502
2007-06-15,28.368,28.48,28.264,28.436,4031875
2007-06-18,28.65,28.658,28.444,28.634,1340019
2007-06-19,28.565,28.719,28.452,28.694,604960
2007-06-20,28.917,28.917,28.264,28.264,949718
2007-06-21,28.212,28.452,28.041,28.452,1183479
2007-06-22,28.332,28.428,27.604,28.118,828356
2007-06-25,27.971,28.384,27.861,27.861,1912016
2007-06-26,28.118,28.169,27.861,27.861,945802
2007-06-27,27.689,28.084,27.595,28.05,1308455
2007-06-28,28.187,28.41,28.11,28.229,782348
2007-06-29,28.539,28.668,28.264,28.444,1158364
2007-07-02,28.676,28.806,28.599,28.728,914358
2007-07-03,29.062,29.105,29.029,29.105,905297
2007-07-05,29.149,29.234,28.763,29.192,5879849
2007-07-06,29.003,29.209,28.933,29.157,2295096
2007-07-09,29.355,29.398,29.226,29.313,3629002
2007-07-10,29.105,29.149,28.676,28.763,2579713
2007-07-11,28.643,29.046,28.634,29.046,5337222
2007-07-12,29.201,29.836,29.105,29.801,1291101
2007-07-13,29.741,29.801,29.587,29.725,962821
2007-07-16,29.639,29.706,29.553,29.604,721316
2007-07-17,29.398,29.483,29.304,29.416,840672
2007-07-18,29.081,29.123,28.797,29.046,1174633
2007-07-19,29.355,29.416,29.217,29.294,1206769
2007-07-20,29.149,29.157,28.702,28.806,961483
2007-07-23,29.114,29.174,28.907,29.019,2015824
2007-07-24,28.779,28.821,28.212,28.273,1819073
2007-07-25,28.299,28.384,27.913,28.187,2527228
2007-07-26,27.559,27.758,26.891,27.157,2644356
2007-07-27,27.07,27.319,25.431,26.366,3287328
2007-07-30,26.712,27.465,26.712,27.311,2281003
2007-07-31,27.715,27.715,27.181,27.38,2580222
2007-08-01,27.269,27.645,26.891,27.516,2534680
2007-08-02,27.38,27.619,27.284,27.553,4834202
2007-08-03,27.259,27.413,27.044,27.044,1673713
2007-08-06,27.277,27.791,27.243,27.791,1098687
2007-08-07,27.328,27.801,27.217,27.663,2451636
2007-08-08,27.783,27.989,27.577,27.791,949952
2007-08-09,26.865,27.284,24.89,27.009,2460138
2007-08-10,26.702,27.036,26.59,26.712,1482361
2007-08-13,27.009,27.105,26.779,26.84,481149
2007-08-14,26.925,26.984,26.608,26.668,1498538
2007-08-15,26.427,26.735,25.971,26.023,4672507
2007-08-16,25.835,26.376,25.284,26.187,5111541
2007-08-17,26.676,26.771,26.212,26.505,958106
2007-08-20,26.548,27.302,26.281,26.479,2604682
2007-08-21,26.418,26.565,26.35,26.376,1082499
2007-08-22,26.761,27.053,26.693,27.044,2288923
2007-08-23,27.226,27.226,26.84,27.028,1454512
2007-08-24,27.07,27.483,26.993,27.465,1360052
2007-08-27,27.319,27.319,26.993,27.036,794757
2007-08-28,26.943,27.053,26.521,26.608,2092887
2007-08-29,26.831,27.277,26.771,27.269,4733571
2007-08-30,26.771,27.345,26.771,27.122,1013079
2007-08-31,27.851,27.851,27.543,27.689,747638
2007-09-04,27.525,28.066,27.474,27.971,1696758
2007-09-05,27.577,27.758,27.465,27.758,873888
2007-09-06,27.586,27.817,27.422,27.645,507568
2007-09-07,27.328,27.501,27.122,27.173,974459
2007-09-10,27.226,27.319,26.874,26.874,621324
2007-09-11,27.328,27.507,27.302,27.492,589683
2007-09-12,27.465,27.645,27.389,27.638,470981
2007-09-13,27.765,27.851,27.61,27.723,1135727
2007-09-14,27.525,27.706,27.441,27.663,524477
2007-09-17,27.604,27.715,27.397,27.448,714361
2007-09-18,27.775,28.591,27.654,28.531,1753963
2007-09-19,28.668,28.813,28.591,28.702,1744529
2007-09-20,28.9,29.029,28.763,28.943,843520
2007-09-21,29.132,29.26,29.096,29.166,754976
2007-09-24,29.183,29.226,29.038,29.046,502436
2007-09-25,28.943,29.26,28.865,29.192,1659912
2007-09-26,29.32,29.337,29.192,29.32,1106166
2007-09-27,29.561,29.57,29.44,29.543,1904213
2007-09-28,29.681,29.792,29.407,29.69,1219936
2007-10-01,29.698,30.118,29.69,30.1,1585776
2007-10-02,29.989,29.989,29.784,29.937,807741
2007-10-03,29.912,29.946,29.681,29.698,1018905
2007-10-04,29.741,29.878,29.655,29.75,822764
2007-10-05,29.895,30.204,29.895,30.136,1161584
2007-10-08,29.964,29.964,29.777,29.878,2080872
2007-10-09,29.921,30.136,29.826,30.136,481847
2007-10-10,30.058,30.118,29.964,30.041,950604
2007-10-11,30.436,30.574,30.178,30.239,1372516
2007-10-12,30.212,30.479,30.187,30.306,471378
2007-10-15,30.358,30.505,29.937,30.263,1101017
2007-10-16,29.955,30.118,29.921,29.964,1181733
2007-10-17,30.248,30.351,30.136,30.23,1734397
2007-10-18,30.23,30.351,30.118,30.324,664361
2007-10-19,30.084,30.093,29.663,29.706,3032951
2007-10-22,29.32,29.587,29.278,29.466,2705081
2007-10-23,29.861,29.955,29.715,29.921,766041
2007-10-24,29.878,30.049,29.553,30.049,1652166
2007-10-25,30.136,30.315,30.016,30.291,1520900
2007-10-26,30.479,30.651,30.367,30.539,571533
2007-10-29,30.815,30.994,30.711,30.917,1396043
2007-10-30,30.754,30.857,30.685,30.737,401714
2007-10-31,30.873,31.252,30.754,31.148,914661
2007-11-01,30.625,30.625,30.204,30.204,1329421
2007-11-02,30.367,30.908,30.263,30.908,1660786
2007-11-05,30.178,30.402,30.118,30.306,744609
2007-11-06,30.531,30.694,30.436,30.694,475753
2007-11-07,30.677,30.677,30.272,30.436,1133746
2007-11-08,30.581,31.004,30.557,30.83,3364666
2007-11-09,30.702,31.294,30.479,30.547,2182895
2007-11-12,30.272,30.522,29.826,29.843,1756385
2007-11-13,30.1,30.547,30.1,30.41,1208163
2007-11-14,30.685,30.685,30.212,30.299,663056
2007-11-15,29.801,29.937,29.416,29.527,2767629
2007-11-16,29.725,29.878,29.518,29.758,5790401
2007-11-19,29.492,29.492,29.062,29.123,1503456
2007-11-20,29.621,29.98,29.57,29.852,1571568
2007-11-21,29.527,29.801,29.44,29.51,1795078
2007-11-23,29.673,29.912,29.673,29.895,927717
2007-11-26,29.937,29.964,29.346,29.346,1957060
2007-11-27,29.51,29.777,29.423,29.715,1880919
2007-11-28,29.973,30.702,29.93,30.632,1504361
2007-11-29,30.299,30.565,30.204,30.513,817153
2007-11-30,31.004,31.004,30.479,30.574,904294
2007-12-03,30.574,30.617,30.394,30.469,1281748
2007-12-04,30.479,30.59,30.454,30.547,1410782
2007-12-05,30.822,30.908,30.702,30.737,562229
2007-12-06,30.754,31.08,30.677,31.012,782380
2007-12-07,31.028,31.124,30.952,31.004,809368
2007-12-10,31.176,31.406,31.176,31.339,517139
2007-12-11,31.218,31.354,30.565,30.565,2836693
2007-12-12,31.415,31.518,31.105,31.294,1580885
2007-12-13,30.943,31.08,30.557,30.917,990834
2007-12-14,30.272,30.436,30.067,30.127,972617
2007-12-17,29.725,29.817,29.483,29.483,986174
2007-12-18,30.17,30.248,29.621,29.964,2150320
2007-12-19,29.878,30.049,29.57,29.733,906461
2007-12-20,29.852,29.989,29.75,29.878,817756
2007-12-21,30.384,30.531,30.315,30.531,3221753
2007-12-24,30.461,30.461,29.878,30.272,780718
2007-12-26,30.093,30.419,30.093,30.342,224326
2007-12-27,30.608,30.608,30.315,30.358,723524
2007-12-28,30.865,30.901,30.694,30.744,1182617
2007-12-31,30.488,30.815,30.324,30.427,597256
2008-01-02,30.685,30.805,30.291,30.384,1775964
2008-01-03,30.263,30.41,30.187,30.299,1266408
2008-01-04,30.11,30.17,29.706,29.706,2441434
2008-01-07,29.826,29.921,29.595,29.733,1607729
2008-01-08,30.058,30.17,29.062,29.527,1539118
2008-01-09,29.423,29.655,28.634,29.621,6059482
2008-01-10,29.346,29.801,29.32,29.706,4922467
2008-01-11,29.492,29.543,29.201,29.286,7198875
2008-01-14,29.758,29.869,29.673,29.817,2188501
2008-01-15,29.389,29.466,28.985,28.994,4503155
2008-01-16,28.719,28.943,28.161,28.187,4767377
2008-01-17,28.376,28.513,27.689,27.765,3754674
2008-01-18,28.153,28.316,27.501,27.671,5344574
2008-01-22,25.053,26.221,24.76,25.928,7411618
2008-01-23,24.297,25.431,24.049,25.431,8976970
2008-01-24,26.023,26.324,25.843,26.246,4187839
2008-01-25,26.787,26.865,25.654,25.766,3390581
2008-01-28,25.971,26.513,25.715,26.462,2325628
2008-01-29,26.557,26.617,26.29,26.617,1217082
2008-01-30,26.47,27.105,26.324,26.572,2593994
2008-01-31,25.919,26.976,25.886,26.787,5277046
2008-02-01,26.976,27.114,26.771,27.001,3455166
2008-02-04,27.199,27.25,26.908,26.976,1904054
2008-02-05,26.135,26.153,25.559,25.559,3615599
2008-02-06,25.998,26.221,25.756,25.817,3378293
2008-02-07,25.336,25.808,25.336,25.644,2994567
2008-02-08,25.448,25.756,25.327,25.559,2037506
2008-02-11,25.593,25.732,25.284,25.681,2230754
2008-02-12,26.341,26.6,26.212,26.341,7177340
2008-02-13,26.617,26.797,26.444,26.745,1690777
2008-02-14,26.754,26.831,26.479,26.529,1557896
2008-02-15,26.255,26.487,26.092,26.453,1288206
2008-02-19,27.08,27.173,26.771,26.856,2528974
2008-02-20,26.324,26.899,26.315,26.797,4329532
2008-02-21,26.959,26.984,26.496,26.529,1751679
2008-02-22,26.581,26.641,26.23,26.608,1529451
2008-02-25,26.6,26.908,26.47,26.874,1263817
2008-02-26,26.959,27.501,26.943,27.37,2777663
2008-02-27,27.139,27.731,27.139,27.604,3564615
2008-02-28,27.302,27.483,27.191,27.336,3263442
2008-02-29,26.813,26.891,26.427,26.6,2896240
2008-03-03,26.487,26.702,26.427,26.641,2341158
2008-03-04,26.238,26.418,25.955,26.238,3394464
2008-03-05,26.453,26.813,26.41,26.557,3893538
2008-03-06,26.702,26.745,26.307,26.376,2621340
2008-03-07,26.032,26.315,25.877,25.98,2763745
2008-03-10,26.16,26.212,25.654,25.706,3374051
2008-03-11,26.453,26.581,26.092,26.557,4344941
2008-03-12,26.72,26.891,26.572,26.623,1736685
2008-03-13,26.16,26.797,26.083,26.779,1464757
2008-03-14,26.856,26.891,25.955,26.255,3141982
2008-03-17,25.396,25.869,25.346,25.748,3045358
2008-03-18,26.092,26.505,26.032,26.444,9026509
2008-03-19,26.178,26.376,25.62,25.637,2342929
2008-03-20,25.379,25.799,25.346,25.715,2930478
2008-03-24,25.585,26.66,25.379,26.572,2231261
2008-03-25,26.521,26.712,26.315,26.668,945219
2008-03-26,26.693,26.891,26.581,26.831,646334
2008-03-27,27.226,27.259,26.899,26.925,833702
2008-03-28,27.009,27.087,26.761,26.891,7385431
2008-03-31,26.917,27.173,26.856,27.053,1301411
2008-04-01,27.226,27.723,27.173,27.723,5087047
2008-04-02,27.577,27.765,27.483,27.671,5639071
2008-04-03,27.328,27.731,27.328,27.645,3568317
2008-04-04,27.689,27.834,27.525,27.74,2119229
2008-04-07,27.971,28.041,27.869,27.886,1086473
2008-04-08,27.577,27.775,27.559,27.775,1570831
2008-04-09,27.765,27.791,27.543,27.638,993048
2008-04-10,27.441,27.629,27.302,27.604,2713561
2008-04-11,27.284,27.354,27.053,27.095,1275983
2008-04-14,27.105,27.25,27.087,27.131,1812179
2008-04-15,27.319,27.345,27.139,27.233,6283091
2008-04-16,27.689,28.118,27.492,28.074,2803164
2008-04-17,27.723,27.861,27.715,27.749,1734345
2008-04-18,28.015,28.187,27.955,28.126,1280816
2008-04-21,28.196,28.332,28.074,28.316,1928865
2008-04-22,28.221,28.255,27.928,28.032,3190926
2008-04-23,27.965,28.341,27.843,28.273,1026115
2008-04-24,27.965,28.153,27.791,28.023,1069092
2008-04-25,28.248,28.299,28.092,28.212,569929
2008-04-28,28.332,28.392,28.238,28.255,318252
2008-04-29,28.074,28.084,27.921,27.965,1808757
2008-04-30,28.092,28.368,28.058,28.058,2949825
2008-05-01,27.869,28.461,27.749,28.461,1721584
2008-05-02,28.401,28.452,28.169,28.273,1781933
2008-05-05,28.349,28.616,28.349,28.513,4530254
2008-05-06,28.401,28.676,28.307,28.608,3285849
2008-05-07,28.504,28.539,28.144,28.187,1702806
2008-05-08,28.341,28.523,28.281,28.392,866985
2008-05-09,28.187,28.41,28.169,28.316,1638613
2008-05-12,28.384,28.702,28.368,28.676,819810
2008-05-13,28.573,28.634,28.471,28.523,5112670
2008-05-14,28.546,28.702,28.504,28.513,3682214
2008-05-15,28.634,28.865,28.573,28.813,1919973
2008-05-16,29.114,29.389,28.985,29.372,1944411
2008-05-19,29.346,29.416,29.192,29.278,1395335
2008-05-20,29.149,29.201,29.054,29.114,959177
2008-05-21,29.038,29.114,28.763,28.797,1527095
2008-05-22,28.865,29.123,28.831,29.062,662791
2008-05-23,28.994,28.994,28.573,28.625,2943804
2008-05-27,28.41,28.702,28.41,28.668,1577675
2008-05-28,28.754,28.831,28.546,28.779,470905
2008-05-29,28.452,28.71,28.419,28.625,1396623
2008-05-30,28.771,28.84,28.694,28.788,428269
2008-06-02,28.401,28.471,28.212,28.349,2211547
2008-06-03,28.248,28.368,27.971,28.153,10950609
2008-06-04,27.843,28.126,27.834,27.98,4613169
2008-06-05,28.11,28.471,28.058,28.471,2831753
2008-06-06,28.084,28.169,27.731,27.801,4491018
2008-06-09,28.007,28.023,27.697,27.894,3900085
2008-06-10,27.311,27.559,27.294,27.38,2689958
2008-06-11,27.294,27.345,26.899,26.899,5180828
2008-06-12,26.925,27.114,26.823,26.831,3638280
2008-06-13,26.856,27.173,26.84,27.139,760545
2008-06-16,27.114,27.38,27.028,27.336,1066572
2008-06-17,27.663,27.74,27.501,27.507,1622414
2008-06-18,27.336,27.404,27.165,27.311,2152051
2008-06-19,27.259,27.604,27.207,27.604,987858
2008-06-20,27.028,27.028,26.754,26.761,1334111
2008-06-23,26.831,26.865,26.66,26.754,1322028
2008-06-24,26.436,26.745,26.341,26.623,1505063
2008-06-25,25.766,26.196,25.756,25.955,2465044
2008-06-26,25.723,27.413,25.406,25.413,2555057
2008-06-27,25.474,25.593,25.319,25.431,625047
2008-06-30,25.361,25.466,25.275,25.275,1135480
2008-07-01,24.933,25.13,24.753,25.121,1577513
2008-07-02,25.303,25.336,24.83,24.899,2177808
2008-07-03,25.138,25.156,24.847,24.89,1417235
2008-07-07,24.838,25.121,24.666,24.856,1733276
2008-07-08,24.717,24.975,24.538,24.933,1219776
2008-07-09,25.105,25.156,24.709,24.915,830206
2008-07-10,24.838,25.019,24.709,24.95,1009867
2008-07-11,24.52,24.76,24.391,24.564,1411884
2008-07-14,24.753,24.821,24.469,24.52,1258272
2008-07-15,24.193,24.469,24.049,24.254,1563284
2008-07-16,24.178,24.658,24.1,24.598,2397578
2008-07-17,24.967,25.096,24.811,25.071,1199804
2008-07-18,25.079,25.242,25.019,25.233,1444858
2008-07-21,25.439,25.551,25.284,25.379,1085906
2008-07-22,25.147,25.578,25.147,25.456,869954
2008-07-23,25.559,25.611,25.406,25.456,435088
2008-07-24,25.303,25.319,24.811,24.863,1998577
2008-07-25,24.899,25.217,24.847,25.053,844597
2008-07-28,25.062,25.105,24.624,24.641,1048175
2008-07-29,24.581,24.975,24.581,24.959,772765
2008-07-30,25.001,25.138,24.899,25.079,572235
2008-07-31,25.105,25.26,25.034,25.053,2363164
2008-08-01,25.053,25.053,24.632,24.684,2080311
2008-08-04,24.614,24.717,24.538,24.564,1401610
2008-08-05,24.941,25.113,24.915,25.096,2011858
2008-08-06,24.881,25.224,24.83,25.172,2787093
2008-08-07,25.034,25.071,24.701,24.76,364795
2008-08-08,24.143,24.624,24.108,24.581,1384880
2008-08-11,24.461,24.606,24.306,24.383,681733
2008-08-12,24.357,24.409,24.211,24.263,955227
2008-08-13,24.006,24.024,23.688,23.894,2517073
2008-08-14,23.697,23.894,23.628,23.748,827238
2008-08-15,23.508,23.62,23.361,23.508,758808
2008-08-18,23.663,23.663,23.285,23.336,535204
2008-08-19,23.112,23.182,23.01,23.156,1275821
2008-08-20,23.182,23.294,23.061,23.215,1143100
2008-08-21,23.139,23.353,23.139,23.336,936937
2008-08-22,23.447,23.525,23.371,23.431,474931
2008-08-25,23.345,23.413,23.036,23.07,378261
2008-08-26,23.019,23.345,23.0,23.156,716857
2008-08-27,23.223,23.371,23.199,23.303,183557
2008-08-28,23.628,23.766,23.568,23.655,1100473
2008-08-29,23.697,23.782,23.516,23.525,509706
2008-09-02,23.611,23.688,23.345,23.371,438483
2008-09-03,23.319,23.499,23.233,23.397,559140
2008-09-04,22.941,22.967,22.236,22.374,1243665
2008-09-05,21.997,22.082,21.671,21.945,1506807
2008-09-08,22.391,22.443,21.851,22.125,1871463
2008-09-09,21.928,22.064,21.507,21.567,1368393
2008-09-10,21.79,21.858,21.507,21.559,1335758
2008-09-11,21.052,21.61,21.011,21.601,1538327
2008-09-12,21.653,22.057,21.593,22.048,1292715
2008-09-15,21.095,21.455,21.095,21.309,1604491
2008-09-16,20.657,21.215,20.486,21.062,2210420
2008-09-17,20.804,21.018,20.305,20.589,1488073
2008-09-18,21.095,21.635,20.709,21.309,5367800
2008-09-19,20.649,24.168,20.649,22.743,1989393
2008-09-22,22.434,22.563,22.057,22.185,497370
2008-09-23,22.142,22.297,21.731,21.842,922988
2008-09-24,22.082,22.108,21.765,21.799,351336
2008-09-25,22.263,22.425,22.176,22.315,576882
2008-09-26,21.773,21.997,21.738,21.953,1128161
2008-09-29,20.983,20.983,19.626,19.884,1028749
2008-09-30,20.134,20.537,20.005,20.52,1054817
2008-10-01,20.21,20.373,19.842,20.228,338987
2008-10-02,19.748,19.773,19.154,19.265,1298534
2008-10-03,19.128,19.85,19.12,19.138,707300
2008-10-06,18.408,18.408,17.515,18.065,1470615
2008-10-07,18.417,18.613,17.275,17.275,1267468
2008-10-08,16.957,17.601,16.545,16.75,1260855
2008-10-09,17.129,17.248,15.582,15.678,977384
2008-10-10,14.674,15.753,14.373,15.318,1732496
2008-10-13,16.785,18.33,16.485,17.541,989587
2008-10-14,18.065,18.142,17.085,17.421,1937795
2008-10-15,16.769,16.879,15.456,15.456,1047375
2008-10-16,15.84,16.33,14.939,16.305,1087580
2008-10-17,15.352,16.459,15.334,15.891,774623
2008-10-20,15.781,16.201,15.668,16.167,903136
2008-10-21,15.582,15.745,15.102,15.196,593638
2008-10-22,14.639,14.734,13.755,14.115,928841
2008-10-23,13.918,14.398,13.556,14.158,1457725
2008-10-24,12.708,13.652,12.665,13.265,1099990
2008-10-27,12.716,13.874,12.716,13.058,3140017
2008-10-28,14.381,15.969,13.822,15.642,4865109
2008-10-29,14.991,15.72,14.939,15.18,1898086
2008-10-30,16.003,16.192,15.413,15.549,1109433
2008-10-31,15.72,16.278,15.404,15.865,946773
2008-11-03,15.523,15.805,15.385,15.531,1003384
2008-11-04,16.089,16.914,15.891,16.896,1104606
2008-11-05,16.407,16.821,15.738,15.753,549446
2008-11-06,15.515,15.745,14.587,14.724,669270
2008-11-07,15.154,15.668,15.085,15.489,886339
2008-11-10,15.935,16.08,15.144,15.394,749152
2008-11-11,15.068,15.138,14.519,14.742,392475
2008-11-12,14.337,14.381,13.874,13.933,480225
2008-11-13,14.158,15.377,13.719,15.377,593822
2008-11-14,14.87,15.129,14.347,14.347,427788
2008-11-17,14.166,14.492,13.891,14.038,452925
2008-11-18,13.867,14.26,13.703,14.08,406296
2008-11-19,13.677,13.952,13.007,13.007,1092022
2008-11-20,12.912,13.221,12.226,12.279,802469
2008-11-21,12.835,13.024,12.209,13.024,724111
2008-11-24,13.394,14.433,13.247,14.106,1540822
2008-11-25,14.552,14.75,13.977,14.347,486175
2008-11-26,13.755,14.5,13.755,14.416,801229
2008-11-28,14.08,14.269,14.038,14.244,186341
2008-12-01,13.755,13.755,13.034,13.086,494295
2008-12-02,13.522,13.942,13.428,13.797,522286
2008-12-03,13.359,14.054,13.256,14.004,341980
2008-12-04,13.686,14.106,13.531,13.686,375864
2008-12-05,13.41,13.867,13.092,13.764,668141
2008-12-08,14.381,14.75,14.303,14.543,591987
2008-12-09,14.5,14.898,14.407,14.543,427379
2008-12-10,14.81,15.009,14.716,14.939,820560
2008-12-11,14.957,15.308,14.913,14.982,593529
2008-12-12,14.613,15.18,14.552,15.051,685418
2008-12-15,15.24,15.352,15.051,15.308,811250
2008-12-16,15.343,16.638,15.326,16.45,1476665
2008-12-17,16.072,16.4,15.927,16.253,821140
2008-12-18,16.4,16.494,15.823,15.969,662680
2008-12-19,15.832,15.891,15.413,15.498,794682
2008-12-22,15.558,15.668,15.215,15.377,586144
2008-12-23,15.531,15.694,15.318,15.352,515289
2008-12-24,14.579,15.582,14.579,15.582,440215
2008-12-26,15.558,15.582,15.413,15.515,249827
2008-12-29,16.038,16.08,15.66,15.729,1263369
2008-12-30,16.141,16.311,16.08,16.287,431751
2008-12-31,16.072,16.57,16.072,16.502,962016
2009-01-02,16.278,16.666,16.192,16.596,434012
2009-01-05,16.261,16.296,16.08,16.184,917919
2009-01-06,16.278,16.363,16.013,16.236,549375
2009-01-07,16.167,16.201,15.891,15.994,793781
2009-01-08,15.917,16.106,15.789,16.08,582689
2009-01-09,15.84,15.884,15.24,15.258,797142
2009-01-12,15.24,15.24,14.827,14.905,351623
2009-01-13,14.647,14.716,14.416,14.528,348064
2009-01-14,14.054,14.768,13.686,13.686,535889
2009-01-15,13.806,13.942,13.376,13.815,6230755
2009-01-16,14.124,14.124,13.556,13.867,674509
2009-01-20,13.333,13.436,12.809,12.835,929282
2009-01-21,13.144,13.531,12.938,13.453,971666
2009-01-22,12.887,13.317,12.887,13.153,643906
2009-01-23,12.681,13.128,12.544,12.861,664219
2009-01-26,13.196,13.686,13.058,13.41,484329
2009-01-27,13.548,13.677,13.342,13.592,1103756
2009-01-28,14.149,14.364,13.806,14.217,458438
2009-01-29,13.857,13.9,13.505,13.573,347395
2009-01-30,13.634,13.719,13.17,13.308,543469
2009-02-02,12.895,13.256,12.895,13.092,626301
2009-02-03,13.308,13.755,13.213,13.711,682847
2009-02-04,13.592,13.952,13.489,13.513,696533
2009-02-05,13.453,14.004,13.376,13.78,580254
2009-02-06,14.004,14.45,13.933,14.253,675969
2009-02-09,14.416,14.571,14.313,14.416,362633
2009-02-10,14.295,14.389,13.565,13.652,525717
2009-02-11,13.891,14.595,13.634,13.822,363859
2009-02-12,13.384,13.644,13.23,13.608,913554
2009-02-13,13.522,13.634,13.41,13.436,268058
2009-02-17,13.436,13.436,12.553,12.577,906885
2009-02-18,12.613,12.656,12.321,12.476,675215
2009-02-19,12.768,12.99,12.535,12.544,424937
2009-02-20,12.183,13.161,12.071,12.303,1252949
2009-02-23,12.365,12.365,11.65,11.693,975058
2009-02-24,11.711,12.202,11.65,12.131,876745
2009-02-25,11.968,11.968,11.505,11.721,1505752
2009-02-26,11.944,12.081,11.702,11.754,482691
2009-02-27,11.522,11.771,11.385,11.583,373897
2009-03-02,11.204,11.333,10.972,10.972,801940
2009-03-03,11.161,11.265,10.956,11.05,559576
2009-03-04,11.316,11.796,11.281,11.625,769933
2009-03-05,12.011,12.011,10.895,10.963,692583
2009-03-06,11.196,11.36,10.826,11.007,820363
2009-03-09,10.706,11.101,10.706,10.929,476424
2009-03-10,11.333,11.771,11.333,11.634,1310105
2009-03-11,11.908,12.046,11.669,11.841,834431
2009-03-12,11.736,12.217,11.573,12.202,3455304
2009-03-13,12.261,12.321,11.977,12.174,603024
2009-03-16,12.441,12.535,12.244,12.279,1526529
2009-03-17,12.202,12.433,12.089,12.433,1498406
2009-03-18,12.303,12.99,12.244,12.93,829097
2009-03-19,13.308,13.453,12.973,13.024,1025688
2009-03-20,13.041,13.101,12.801,12.835,731364
2009-03-23,13.144,13.652,13.067,13.652,809482
2009-03-24,13.256,13.489,13.161,13.17,461696
2009-03-25,13.256,13.644,13.221,13.47,752380
2009-03-26,14.656,14.656,13.461,13.659,1872340
2009-03-27,13.221,13.247,13.041,13.144,548623
2009-03-30,12.605,12.656,12.321,12.467,864381
2009-03-31,12.716,12.973,12.665,12.852,451982
2009-04-01,12.629,13.101,12.562,13.049,504945
2009-04-02,13.677,14.072,13.659,13.822,1194823
2009-04-03,13.857,14.158,13.84,14.158,658511
2009-04-06,13.815,13.927,13.652,13.882,426527
2009-04-07,13.573,13.686,13.446,13.461,780651
2009-04-08,13.711,13.84,13.54,13.711,254151
2009-04-09,14.046,14.192,13.933,14.064,523606
2009-04-13,14.072,14.433,14.046,14.33,664652
2009-04-14,14.183,14.389,14.14,14.183,1110100
2009-04-15,14.064,14.407,14.004,14.381,588262
2009-04-16,14.519,14.571,14.337,14.519,482892
2009-04-17,14.45,14.536,14.355,14.45,921835
2009-04-20,14.08,14.08,13.677,13.677,1036187
2009-04-21,13.54,13.977,13.513,13.961,636152
2009-04-22,13.771,14.295,13.771,14.08,5926090
2009-04-23,14.124,14.347,14.021,14.347,2071978
2009-04-24,14.639,14.742,14.543,14.595,925617
2009-04-27,14.398,14.682,14.313,14.373,924532
2009-04-28,14.14,14.477,14.072,14.321,541851
2009-04-29,14.536,14.931,14.536,14.707,682398
2009-04-30,15.025,15.129,14.794,14.846,567151
2009-05-01,14.81,15.06,14.734,14.957,762845
2009-05-04,15.206,15.601,15.18,15.567,784886
2009-05-05,15.523,15.582,15.282,15.308,1330195
2009-05-06,15.601,15.642,15.352,15.592,857106
2009-05-07,16.982,16.982,15.163,15.282,1002103
2009-05-08,15.582,16.013,15.576,16.003,835664
2009-05-11,15.592,15.668,15.471,15.541,379198
2009-05-12,15.815,15.815,15.471,15.668,199287
2009-05-13,15.215,15.24,15.017,15.051,396966
2009-05-14,15.009,15.326,14.991,15.232,373179
2009-05-15,15.144,15.308,14.898,14.957,845167
2009-05-18,15.248,15.617,15.215,15.617,400492
2009-05-19,15.745,16.046,15.72,15.891,1823569
2009-05-20,16.08,16.45,16.08,16.192,1592749
2009-05-21,15.994,16.08,15.823,16.021,841123
2009-05-22,16.21,16.253,16.028,16.167,473370
2009-05-26,15.738,16.494,15.711,16.4,1661750
2009-05-27,16.424,16.502,16.124,16.175,378146
2009-05-28,16.296,16.373,15.994,16.311,593127
2009-05-29,16.494,16.605,16.339,16.605,2434666
2009-06-01,17.068,17.24,16.982,17.129,1430612
2009-06-02,17.163,17.412,17.163,17.393,1316847
2009-06-03,17.033,17.06,16.69,16.845,530854
2009-06-04,16.949,17.06,16.821,16.965,355785
2009-06-05,18.435,18.435,16.605,16.647,499726
2009-06-08,16.459,16.57,16.269,16.57,930018
2009-06-09,16.545,16.673,16.415,16.562,1660634
2009-06-10,16.914,16.957,16.459,16.673,941605
2009-06-11,16.828,17.111,16.769,16.871,740638
2009-06-12,16.725,16.811,16.605,16.776,614111
2009-06-15,16.278,16.287,15.849,16.013,1079854
2009-06-16,15.927,16.106,15.745,15.745,1508370
2009-06-17,15.781,15.875,15.523,15.789,738359
2009-06-18,15.772,15.969,15.72,15.781,3142375
2009-06-19,15.891,15.986,15.789,15.875,421971
2009-06-22,15.471,15.832,15.258,15.301,1333869
2009-06-23,15.095,15.326,14.982,15.129,780704
2009-06-24,15.266,15.498,15.138,15.232,499300
2009-06-25,15.095,15.471,15.033,15.404,406704
2009-06-26,15.385,15.413,15.258,15.352,438595
2009-06-29,15.506,15.729,15.394,15.652,461099
2009-06-30,15.711,15.753,15.334,15.437,525813
2009-07-01,15.711,15.927,15.686,15.763,1235005
2009-07-02,15.36,15.377,15.077,15.144,647909
2009-07-06,14.794,14.991,14.698,14.991,690976
2009-07-07,14.87,14.913,14.519,14.543,573307
2009-07-08,14.674,14.724,14.381,14.528,1649868
2009-07-09,14.827,14.913,14.707,14.827,677231
2009-07-10,14.639,14.785,14.51,14.63,1051505
2009-07-13,14.846,15.171,14.759,15.111,1599585
2009-07-14,15.18,15.301,15.085,15.196,764392
2009-07-15,15.668,15.961,15.633,15.943,1434595
2009-07-16,16.013,16.218,15.935,16.149,574691
2009-07-17,16.038,16.132,15.978,16.072,1300709
2009-07-20,16.305,16.415,16.218,16.4,573169
2009-07-21,16.717,16.717,16.382,16.511,733685
2009-07-22,16.373,16.699,16.373,16.562,452022
2009-07-23,16.536,17.103,16.511,16.991,1080084
2009-07-24,16.982,17.094,16.793,17.094,3975933
2009-07-27,16.991,17.119,16.845,17.111,1001805
2009-07-28,16.845,16.94,16.605,16.863,652714
2009-07-29,16.914,17.026,16.759,16.863,535051
2009-07-30,17.007,17.224,16.896,17.007,2920508
2009-07-31,17.137,17.369,17.043,17.29,523871
2009-08-03,17.627,17.901,17.584,17.85,532575
2009-08-04,17.713,17.85,17.644,17.799,1106971
2009-08-05,17.833,17.833,17.438,17.661,1123283
2009-08-06,17.748,17.748,17.421,17.532,3152646
2009-08-07,17.729,17.755,17.523,17.523,354338
2009-08-10,17.454,17.515,17.342,17.429,606596
2009-08-11,17.181,17.215,16.965,17.137,994364
2009-08-12,17.171,17.445,17.171,17.309,596487
2009-08-13,17.635,17.661,17.429,17.575,540332
2009-08-14,17.635,17.644,17.205,17.36,848577
2009-08-17,16.769,16.811,16.666,16.802,1605992
2009-08-18,16.785,17.026,16.75,16.931,518074
2009-08-19,16.793,17.29,16.793,17.146,1827922
2009-08-20,17.189,17.429,17.154,17.335,587484
2009-08-21,17.755,18.004,17.748,17.893,769857
2009-08-24,18.013,18.116,17.875,17.893,627801
2009-08-25,18.185,18.459,18.09,18.116,503387
2009-08-26,18.004,18.074,17.875,18.074,455323
2009-08-27,17.988,18.22,17.677,18.133,3610530
2009-08-28,18.348,18.374,18.031,18.099,619004
2009-08-31,17.953,18.022,17.833,17.953,586469
2009-09-01,17.677,17.918,17.231,17.317,1071740
2009-09-02,17.196,17.393,17.146,17.3,1827980
2009-09-03,17.506,17.506,17.231,17.379,928767
2009-09-04,17.438,17.781,17.36,17.755,1774408
2009-09-08,18.151,18.236,18.056,18.202,1421376
2009-09-09,18.417,18.596,18.357,18.468,1443263
2009-09-10,18.51,18.768,18.365,18.734,614966
2009-09-11,18.845,18.872,18.622,18.742,603182
2009-09-14,18.57,18.837,18.57,18.802,855241
2009-09-15,18.837,18.94,18.613,18.915,1905126
2009-09-16,19.104,19.301,19.042,19.249,681356
2009-09-17,19.232,19.368,19.128,19.249,607484
2009-09-18,19.343,19.395,19.162,19.258,561666
2009-09-21,18.879,19.042,18.632,19.026,749376
2009-09-22,19.352,19.352,19.18,19.301,1118210
2009-09-23,19.387,19.438,19.06,19.104,1653929
2009-09-24,19.249,19.292,18.639,18.734,1013113
2009-09-25,18.682,18.802,18.58,18.682,869100
2009-09-28,18.888,19.223,18.872,19.086,1769614
2009-09-29,19.052,19.094,18.897,19.026,745650
2009-09-30,19.128,19.147,18.751,19.052,832537
2009-10-01,18.879,18.879,18.357,18.382,732424
2009-10-02,18.175,18.417,18.038,18.278,10827257
2009-10-05,18.297,18.622,18.271,18.536,991678
2009-10-06,18.819,19.12,18.802,18.966,1069736
2009-10-07,18.966,19.068,18.922,19.016,1237449
2009-10-08,19.232,19.438,19.12,19.317,2177163
2009-10-09,19.249,19.352,19.19,19.292,933084
2009-10-12,19.567,19.696,19.473,19.524,942408
2009-10-13,19.498,19.601,19.317,19.507,681608
2009-10-14,19.953,20.039,19.842,20.022,622496
2009-10-15,19.927,20.046,19.833,20.046,1056324
2009-10-16,19.662,19.729,19.488,19.636,1396692
2009-10-19,19.859,20.046,19.729,19.987,635612
2009-10-20,20.046,20.046,19.686,19.833,817106
2009-10-21,19.756,20.089,19.722,19.781,2772222
2009-10-22,19.756,20.005,19.559,20.005,844353
2009-10-23,20.013,20.013,19.626,19.85,1171140
2009-10-26,19.764,19.911,19.128,19.232,1610238
2009-10-27,19.162,19.223,18.879,18.949,1067804
2009-10-28,18.725,18.802,18.271,18.271,2065242
2009-10-29,18.665,18.992,18.639,18.93,1013054
2009-10-30,18.725,18.802,18.031,18.031,1174010
2009-11-02,18.142,18.501,17.937,18.175,856429
2009-11-03,17.918,18.108,17.833,18.081,897905
2009-11-04,18.357,18.545,18.271,18.315,1350188
2009-11-05,18.622,18.759,18.545,18.674,327022
2009-11-06,18.545,18.863,18.468,18.682,1854636
2009-11-09,19.12,19.429,19.111,19.429,620957
2009-11-10,19.205,19.317,19.086,19.19,1138231
2009-11-11,19.455,19.55,19.232,19.413,3013152
2009-11-12,19.317,19.446,19.052,19.104,1418664
2009-11-13,19.138,19.368,18.949,19.31,2307194
2009-11-16,19.55,19.85,19.55,19.764,1034728
2009-11-17,19.567,19.662,19.438,19.626,601458
2009-11-18,19.799,19.833,19.61,19.756,438021
2009-11-19,19.473,19.507,19.241,19.395,1194525
2009-11-20,19.147,19.232,19.086,19.199,350669
2009-11-23,19.67,19.815,19.61,19.67,1324431
2009-11-24,19.722,19.722,19.507,19.643,478926
2009-11-25,19.773,19.911,19.652,19.884,582472
2009-11-27,18.905,19.413,18.888,19.249,1191174
2009-11-30,19.205,19.395,19.078,19.317,2274120
2009-12-01,19.619,19.85,19.54,19.729,791140
2009-12-02,19.722,19.901,19.626,19.704,3156317
2009-12-03,19.85,19.987,19.438,19.438,917869
2009-12-04,19.79,19.859,19.403,19.507,669192
2009-12-07,19.446,19.575,19.343,19.421,4022629
2009-12-08,19.104,19.104,18.854,18.94,703021
2009-12-09,18.872,19.052,18.717,18.983,1735741
2009-12-10,19.111,19.223,18.957,19.035,504078
2009-12-11,19.213,19.241,19.052,19.094,1225877
2009-12-14,19.258,19.31,19.162,19.275,2852104
2009-12-15,19.035,19.223,19.016,19.111,754010
2009-12-16,19.362,19.498,19.326,19.413,963280
2009-12-17,19.12,19.12,18.888,18.905,771864
2009-12-18,19.068,19.154,18.828,19.035,411617
2009-12-21,19.078,19.275,19.078,19.078,823223
2009-12-22,19.283,19.301,19.128,19.232,445905
2009-12-23,19.31,19.395,19.213,19.368,519551
2009-12-24,19.473,19.524,19.413,19.498,189831
2009-12-28,19.54,19.592,19.48,19.592,330693
2009-12-29,19.678,19.704,19.473,19.567,545205
2009-12-30,19.362,19.403,19.292,19.362,964102
2009-12-31,19.464,19.532,19.249,19.265,1408118
2010-01-04,19.662,19.764,19.626,19.662,839577
2010-01-05,19.756,19.781,19.55,19.567,5277307
2010-01-06,19.619,19.722,19.559,19.686,566555
2010-01-07,19.575,19.584,19.421,19.55,587900
2010-01-08,19.55,19.748,19.498,19.575,609856
2010-01-11,19.893,19.945,19.799,19.884,669817
2010-01-12,19.54,19.619,19.421,19.54,1360099
2010-01-13,19.686,19.738,19.507,19.696,872447
2010-01-14,19.636,19.756,19.575,19.722,521169
2010-01-15,19.403,19.455,19.104,19.265,2177924
2010-01-19,19.154,19.464,19.154,19.395,1926156
2010-01-20,19.06,19.06,18.655,18.819,1234661
2010-01-21,18.811,18.854,18.151,18.245,1547990
2010-01-22,18.194,18.323,17.841,17.911,1413357
2010-01-25,18.202,18.263,18.022,18.099,1259047
2010-01-26,18.031,18.194,17.911,18.038,4129464
2010-01-27,18.004,18.048,17.815,18.004,1549645
2010-01-28,17.979,17.979,17.498,17.669,938607
2010-01-29,17.669,17.825,17.387,17.464,1345406
2010-02-01,17.677,17.859,17.677,17.773,991581
2010-02-02,17.953,18.108,17.885,18.031,6714562
2010-02-03,17.988,18.074,17.799,17.901,1078830
2010-02-04,17.532,17.593,17.119,17.171,1831281
2010-02-05,17.0,17.052,16.545,16.914,4434441
2010-02-08,16.871,17.06,16.75,16.769,861131
2010-02-09,17.111,17.438,16.94,17.275,1355044
2010-02-10,17.24,17.283,17.033,17.215,2396786
2010-02-11,16.957,17.248,16.793,17.196,3417823
2010-02-12,16.879,17.033,16.742,16.974,1614618
2010-02-16,17.094,17.464,17.043,17.454,1449177
2010-02-17,17.498,17.557,17.342,17.421,2102465
2010-02-18,17.403,17.566,17.36,17.454,613533
2010-02-19,17.379,17.575,17.309,17.498,649181
2010-02-22,17.627,17.627,17.445,17.506,716361
2010-02-23,17.342,17.36,17.068,17.154,1043219
2010-02-24,17.171,17.335,17.077,17.181,2127386
2010-02-25,16.863,17.111,16.802,17.111,805004
2010-02-26,17.085,17.317,16.949,17.215,3128727
2010-03-01,17.351,17.523,17.283,17.445,2255493
2010-03-02,17.687,17.79,17.575,17.713,912866
2010-03-03,17.859,18.081,17.841,17.893,2481242
2010-03-04,17.962,17.995,17.748,17.85,1876652
2010-03-05,17.97,18.168,17.918,18.124,1739732
2010-03-08,18.168,18.22,18.065,18.081,1630106
2010-03-09,17.944,18.16,17.911,18.056,2045419
2010-03-10,18.142,18.374,18.133,18.271,611350
2010-03-11,18.306,18.399,18.22,18.391,1170753
2010-03-12,18.536,18.545,18.408,18.501,404456
2010-03-15,18.426,18.435,18.202,18.348,477438
2010-03-16,18.468,18.622,18.399,18.604,556126
2010-03-17,18.717,18.777,18.655,18.699,1328670
2010-03-18,18.632,18.682,18.408,18.545,509896
2010-03-19,18.468,18.477,18.194,18.33,520766
2010-03-22,18.031,18.382,18.013,18.365,488839
2010-03-23,18.365,18.468,18.263,18.442,752824
2010-03-24,18.168,18.254,18.074,18.194,2469189
2010-03-25,18.435,18.561,18.323,18.323,1439017
2010-03-26,18.484,18.613,18.426,18.536,1765018
2010-03-29,18.674,18.768,18.632,18.751,573486
2010-03-30,18.794,18.794,18.588,18.699,713738
2010-03-31,18.717,18.854,18.665,18.777,1989250
2010-04-01,18.974,19.154,18.957,19.086,1219467
2010-04-05,19.111,19.18,19.026,19.111,2007195
2010-04-06,18.802,19.0,18.794,19.0,2528169
2010-04-07,18.837,18.879,18.717,18.811,1542531
2010-04-08,18.528,18.777,18.493,18.777,1754978
2010-04-09,18.819,19.086,18.811,19.035,1238257
2010-04-12,19.18,19.258,19.128,19.199,833838
2010-04-13,19.19,19.223,19.0,19.205,795045
2010-04-14,19.343,19.455,19.258,19.429,1650179
2010-04-15,19.265,19.395,19.223,19.387,4018003
2010-04-16,19.205,19.283,18.828,18.983,1325784
2010-04-19,18.759,18.915,18.699,18.888,1320068
2010-04-20,19.111,19.128,19.035,19.111,772715
2010-04-21,18.992,19.052,18.845,18.983,1131768
2010-04-22,18.655,18.811,18.493,18.811,1299709
2010-04-23,18.811,19.068,18.785,19.016,980640
2010-04-26,19.068,19.171,19.035,19.111,559514
2010-04-27,18.828,19.026,18.22,18.287,1577905
2010-04-28,18.339,18.365,17.962,18.202,3422938
2010-04-29,18.348,18.468,18.287,18.435,2619453
2010-04-30,18.519,18.613,18.306,18.365,3389879
2010-05-03,18.382,18.519,18.33,18.459,2467611
2010-05-04,17.918,17.944,17.617,17.677,1509879
2010-05-05,17.24,17.506,17.171,17.215,4654058
2010-05-06,17.129,18.545,15.951,16.587,5225167
2010-05-07,16.699,16.879,16.115,16.466,6564962
2010-05-10,17.454,17.575,17.215,17.335,4542538
2010-05-11,16.974,17.541,16.974,17.29,2661015
2010-05-12,17.644,17.825,17.601,17.704,2858277
2010-05-13,17.704,17.859,17.557,17.557,2277156
2010-05-14,17.403,17.445,16.811,17.007,2679707
2010-05-17,17.094,17.24,16.647,17.094,10066032
2010-05-18,17.317,17.351,16.742,16.845,10918896
2010-05-19,16.699,16.922,16.545,16.879,6522601
2010-05-20,16.33,16.708,16.038,16.39,5180199
2010-05-21,16.106,16.57,16.064,16.518,4485643
2010-05-24,16.218,16.33,16.046,16.106,2604356
2010-05-25,15.531,15.961,15.428,15.951,4398126
2010-05-26,15.961,16.124,15.642,15.702,4040652
2010-05-27,16.253,16.657,16.184,16.638,3034494
2010-05-28,16.614,16.681,16.339,16.442,2317395
2010-06-01,16.149,16.732,16.132,16.311,3347476
2010-06-02,16.39,16.673,16.278,16.657,4155659
2010-06-03,16.793,16.836,16.518,16.647,14250631
2010-06-04,16.115,16.253,15.823,15.891,6352254
2010-06-07,15.935,16.028,15.72,15.738,6052256
2010-06-08,15.729,15.943,15.576,15.865,2973498
2010-06-09,16.115,16.305,15.908,15.986,4231169
2010-06-10,16.475,16.647,16.4,16.63,2354552
2010-06-11,16.373,16.638,16.355,16.605,1733523
2010-06-14,16.896,17.007,16.732,16.742,1981371
2010-06-15,17.06,17.317,17.007,17.29,1976971
2010-06-16,17.068,17.257,17.043,17.215,3906162
2010-06-17,17.369,17.403,17.189,17.369,2831079
2010-06-18,17.379,17.454,17.257,17.36,2493861
2010-06-21,17.575,17.61,17.283,17.379,2443179
2010-06-22,17.369,17.429,17.154,17.231,1847144
2010-06-23,17.017,17.129,16.785,17.017,2575526
2010-06-24,16.914,16.931,16.666,16.828,1231058
2010-06-25,16.63,16.802,16.475,16.802,2386539
2010-06-28,16.836,17.119,16.63,16.742,1750897
2010-06-29,16.33,16.33,16.028,16.149,2206772
2010-06-30,16.157,16.315,16.025,16.061,6351577
2010-07-01,16.33,16.4,16.089,16.339,3328438
2010-07-02,16.382,16.502,16.132,16.21,2272536
2010-07-06,16.699,16.821,16.475,16.553,3190909
2010-07-07,16.587,16.974,16.562,16.949,3747715
2010-07-08,17.017,17.085,16.888,17.043,7028485
2010-07-09,16.957,17.094,16.922,17.06,2062821
2010-07-12,16.965,17.06,16.888,17.0,1743675
2010-07-13,17.3,17.49,17.3,17.464,5481820
2010-07-14,17.379,17.61,17.36,17.506,4111242
2010-07-15,17.748,17.763,17.48,17.704,3195826
2010-07-16,17.661,17.661,17.231,17.275,2512146
2010-07-19,17.412,17.506,17.24,17.351,2529177
2010-07-20,16.914,17.248,16.906,17.205,6233320
2010-07-21,17.205,17.205,16.811,16.888,3337623
2010-07-22,17.379,17.644,17.379,17.557,3945681
2010-07-23,17.55,17.79,17.454,17.729,1290099
2010-07-26,17.713,17.901,17.653,17.893,3703752
2010-07-27,18.031,18.038,17.807,17.953,2212151
2010-07-28,17.781,17.893,17.748,17.763,2824843
2010-07-29,18.056,18.124,17.661,17.773,1687042
2010-07-30,17.566,17.885,17.506,17.807,1074209
2010-08-02,18.236,18.435,18.194,18.399,2550229
2010-08-03,18.459,18.553,18.339,18.459,3729460
2010-08-04,18.536,18.632,18.417,18.545,2867348
2010-08-05,18.536,18.613,18.435,18.604,1850834
2010-08-06,18.493,18.69,18.442,18.639,2441646
2010-08-09,18.699,18.699,18.588,18.674,1635669
2010-08-10,18.254,18.528,18.151,18.459,2522605
2010-08-11,17.739,17.748,17.532,17.566,3222219
2010-08-12,17.335,17.498,17.335,17.429,2923602
2010-08-13,17.327,17.421,17.248,17.283,1755048
2010-08-16,17.275,17.438,17.215,17.36,1282504
2010-08-17,17.644,17.755,17.541,17.653,2486392
2010-08-18,17.729,17.748,17.541,17.653,1516317
2010-08-19,17.644,17.644,17.189,17.283,1556384
2010-08-20,16.991,16.991,16.828,16.931,2434982
2010-08-23,16.949,17.052,16.811,16.854,1777074
2010-08-24,16.605,16.699,16.415,16.621,1503098
2010-08-25,16.459,16.647,16.39,16.596,1420310
2010-08-26,16.69,16.802,16.511,16.553,2442845
2010-08-27,16.759,16.871,16.45,16.845,1980603
2010-08-30,16.666,16.69,16.494,16.494,1063702
2010-08-31,16.536,16.725,16.494,16.579,1237695
2010-09-01,17.06,17.327,17.043,17.24,2082030
2010-09-02,17.309,17.379,17.257,17.369,1034353
2010-09-03,17.557,17.644,17.445,17.584,855267
2010-09-07,17.335,17.342,17.189,17.224,933132
2010-09-08,17.335,17.49,17.3,17.317,1525868
2010-09-09,17.61,17.644,17.393,17.454,1107027
2010-09-10,17.541,17.601,17.49,17.541,855533
2010-09-13,17.911,17.953,17.841,17.893,1884087
2010-09-14,17.893,18.185,17.799,18.099,1327229
2010-09-15,18.048,18.168,17.97,18.142,1318144
2010-09-16,18.185,18.236,18.116,18.211,1186881
2010-09-17,18.202,18.211,17.962,18.038,476314
2010-09-20,18.108,18.365,18.065,18.33,1260564
2010-09-21,18.459,18.665,18.306,18.501,1660516
2010-09-22,18.596,18.699,18.451,18.553,879080
2010-09-23,18.278,18.391,18.16,18.254,2058761
2010-09-24,18.682,18.94,18.665,18.915,1211378
2010-09-27,18.888,18.888,18.768,18.811,1115369
2010-09-28,18.837,18.983,18.561,18.966,1156094
2010-09-29,18.93,19.0,18.802,18.93,1686005
2010-09-30,19.068,19.19,18.759,18.888,1065460
2010-10-01,19.138,19.19,18.905,19.068,979039
2010-10-04,18.794,18.863,18.588,18.682,2309123
2010-10-05,18.974,19.275,18.94,19.19,1469828
2010-10-06,19.335,19.421,19.265,19.403,1369832
2010-10-07,19.592,19.601,19.213,19.368,1103986
2010-10-08,19.429,19.524,19.352,19.48,1103100
2010-10-11,19.532,19.575,19.395,19.446,1886225
2010-10-12,19.429,19.601,19.205,19.54,1660405
2010-10-13,19.867,20.056,19.815,19.927,1637989
2010-10-14,20.15,20.245,20.098,20.21,1080307
2010-10-15,20.322,20.348,20.046,20.177,1990123
2010-10-18,20.141,20.392,20.089,20.392,1050459
2010-10-19,19.919,19.979,19.662,19.756,1932492
2010-10-20,19.953,20.322,19.935,20.253,2704295
2010-10-21,20.452,20.623,20.28,20.408,3463000
2010-10-22,20.494,20.52,20.408,20.468,1907816
2010-10-25,20.7,20.804,20.589,20.632,5349341
2010-10-26,20.348,20.452,20.271,20.444,2683767
2010-10-27,20.28,20.331,20.056,20.21,887625
2010-10-28,20.46,20.486,20.314,20.452,1016954
2010-10-29,20.41,20.507,20.331,20.463,1939917
2010-11-01,20.477,20.555,20.228,20.348,1557850
2010-11-02,20.735,20.795,20.657,20.752,2459198
2010-11-03,20.752,20.924,20.528,20.864,1576372
2010-11-04,21.233,21.395,21.208,21.277,1955248
2010-11-05,21.137,21.233,21.011,21.095,2131569
2010-11-08,20.89,20.959,20.787,20.95,2972844
2010-11-09,21.077,21.104,20.623,20.717,1353999
2010-11-10,20.675,20.717,20.314,20.675,2813303
2010-11-11,20.477,20.494,20.366,20.452,6623902
2010-11-12,20.511,20.649,20.322,20.408,2347807
2010-11-15,20.589,20.632,20.416,20.434,1695704
2010-11-16,20.322,20.348,19.876,19.979,1896077
2010-11-17,20.065,20.193,20.031,20.098,1457238
2010-11-18,20.546,20.7,20.52,20.7,2089135
2010-11-19,20.684,20.864,20.58,20.838,3973154
2010-11-22,20.666,20.778,20.486,20.727,2279776
2010-11-23,20.202,20.245,19.919,19.953,3990554
2010-11-24,20.237,20.358,20.193,20.271,1131446
2010-11-26,20.089,20.22,20.056,20.134,776726
2010-11-29,19.619,19.756,19.464,19.696,24741182
2010-11-30,19.265,19.498,19.223,19.343,4589742
2010-12-01,19.927,20.168,19.867,20.089,3327975
2010-12-02,20.084,20.537,20.046,20.494,1873275
2010-12-03,20.623,20.838,20.598,20.812,1859685
2010-12-06,20.614,20.7,20.537,20.666,1804594
2010-12-07,21.002,21.018,20.675,20.675,1709846
2010-12-08,20.623,20.735,20.494,20.632,7955969
2010-12-09,20.589,20.598,20.373,20.563,2184213
2010-12-10,20.623,20.684,20.528,20.657,4220842
2010-12-13,20.847,21.052,20.82,20.959,2776111
2010-12-14,20.974,21.062,20.898,20.95,1149006
2010-12-15,20.727,20.907,20.563,20.589,10796346
2010-12-16,20.657,20.717,20.555,20.692,2839589
2010-12-17,20.632,20.649,20.434,20.58,3289577
2010-12-20,20.709,20.709,20.486,20.571,998081
2010-12-21,20.761,20.778,20.623,20.666,1619828
2010-12-22,20.675,20.692,20.614,20.641,3645531
2010-12-23,20.563,20.657,20.546,20.641,1470433
2010-12-27,20.392,20.477,20.34,20.477,1055445
2010-12-28,20.528,20.528,20.348,20.408,2510972
2010-12-29,20.489,20.64,20.454,20.577,1677885
2010-12-30,20.516,20.568,20.26,20.41,2491616
2010-12-31,20.481,20.612,20.437,20.552,1241230
2011-01-03,20.795,20.88,20.769,20.769,3244388
2011-01-04,20.967,20.974,20.632,20.727,2865861
2011-01-05,20.21,20.452,20.193,20.416,3111891
2011-01-06,20.546,20.546,20.193,20.228,1847702
2011-01-07,20.245,20.28,19.919,20.039,1852048
2011-01-10,19.79,19.867,19.662,19.833,2355730
2011-01-11,19.971,20.126,19.911,20.098,1725203
2011-01-12,20.486,20.743,20.434,20.743,1710558
2011-01-13,20.974,21.077,20.88,20.95,4101639
2011-01-14,20.931,21.173,20.924,21.147,1679226
2011-01-18,21.318,21.412,21.225,21.291,1828781
2011-01-19,21.438,21.447,21.156,21.258,1725291
2011-01-20,21.044,21.173,20.907,21.137,1610361
2011-01-21,21.395,21.447,21.258,21.386,1912592
2011-01-24,21.173,21.489,21.173,21.489,1870819
2011-01-25,21.421,21.515,21.291,21.515,4043662
2011-01-26,21.671,21.773,21.601,21.747,3586767
2011-01-27,21.876,21.936,21.765,21.885,1815556
2011-01-28,21.815,21.885,21.386,21.463,2107597
2011-01-31,21.598,21.67,21.529,21.608,2964302
2011-02-01,21.885,22.116,21.851,22.064,12960840
2011-02-02,21.961,22.031,21.909,22.013,1372146
2011-02-03,21.834,21.858,21.653,21.842,1886471
2011-02-04,21.713,21.808,21.61,21.799,2307500
2011-02-07,21.815,21.979,21.799,21.97,1850457
2011-02-08,22.125,22.28,22.04,22.228,5424007
2011-02-09,22.271,22.452,22.228,22.452,18174305
2011-02-10,22.064,22.255,21.979,22.219,10474183
2011-02-11,22.031,22.288,22.021,22.271,5297028
2011-02-14,22.125,22.255,22.082,22.245,3211228
2011-02-15,22.245,22.271,22.125,22.142,1894907
2011-02-16,22.203,22.391,22.185,22.382,2738364
2011-02-18,22.425,22.579,22.382,22.546,1022642
2011-02-22,22.203,22.348,21.997,22.048,2456231
2011-02-23,22.006,22.092,21.773,21.858,4115698
2011-02-24,21.808,21.909,21.653,21.79,1789686
2011-02-25,21.851,21.997,21.851,21.936,2419726
2011-02-28,22.366,22.435,22.232,22.321,2182210
2011-03-01,22.443,22.46,21.919,21.936,2744999
2011-03-02,22.021,22.203,22.021,22.125,1720136
2011-03-03,22.486,22.555,22.288,22.546,2280631
2011-03-04,22.52,22.52,22.125,22.28,5996120
2011-03-07,22.477,22.579,22.082,22.185,5912394
2011-03-08,21.919,22.185,21.808,22.151,2616886
2011-03-09,22.134,22.185,21.979,22.04,2105540
2011-03-10,21.671,21.687,21.482,21.533,3369418
2011-03-11,21.412,21.635,21.37,21.61,2372967
2011-03-14,21.327,21.403,21.215,21.361,7915992
2011-03-15,20.126,20.743,20.065,20.657,13483902
2011-03-16,20.614,20.7,19.764,19.919,8141620
2011-03-17,20.735,20.838,20.623,20.675,5983086
2011-03-18,21.199,21.241,20.854,20.931,4251607
2011-03-21,21.438,21.593,21.37,21.541,2365039
2011-03-22,21.507,21.541,21.327,21.395,3306415
2011-03-23,21.189,21.421,21.122,21.335,12073100
2011-03-24,21.678,21.919,21.619,21.895,4733346
2011-03-25,21.756,21.928,21.704,21.747,6677149
2011-03-28,21.731,21.858,21.687,21.696,2648218
2011-03-29,21.575,21.815,21.463,21.79,4544801
2011-03-30,22.048,22.219,22.021,22.151,3972320
2011-03-31,22.207,22.312,22.179,22.277,2482143
2011-04-01,22.409,22.7,22.315,22.65,2464074
2011-04-04,22.761,22.786,22.589,22.683,5247054
2011-04-05,22.443,22.735,22.425,22.623,4592186
2011-04-06,22.882,23.026,22.855,22.967,2041371
2011-04-07,22.838,22.967,22.735,22.906,13322139
2011-04-08,23.139,23.148,22.967,23.07,14299496
2011-04-11,23.052,23.121,22.958,23.01,12483159
2011-04-12,22.898,22.925,22.692,22.83,13224111
2011-04-13,23.07,23.13,22.846,22.949,12135931
2011-04-14,22.761,23.052,22.665,23.036,20010623
2011-04-15,22.906,22.984,22.83,22.941,6519783
2011-04-18,22.28,22.331,21.936,22.228,6252220
2011-04-19,22.348,22.443,22.263,22.418,2187010
2011-04-20,23.233,23.361,23.199,23.327,3296558
2011-04-21,23.473,23.543,23.397,23.516,1619376
2011-04-25,23.594,23.602,23.405,23.55,3894707
2011-04-26,23.706,23.904,23.655,23.894,4623031
2011-04-27,24.1,24.461,23.937,24.409,8428104
2011-04-28,24.418,24.624,24.383,24.598,5056561
2011-04-29,24.654,24.777,24.645,24.706,4554750
2011-05-02,24.908,24.941,24.641,24.666,3827030
2011-05-03,24.538,24.726,24.452,24.554,3394334
2011-05-04,24.624,24.641,24.15,24.228,5854839
2011-05-05,23.852,23.929,23.516,23.636,3095563
2011-05-06,23.963,24.075,23.431,23.585,7993776
2011-05-09,23.491,23.646,23.303,23.611,3257061
2011-05-10,23.8,23.981,23.731,23.946,3514390
2011-05-11,23.748,23.782,23.303,23.431,5132238
2011-05-12,23.251,23.62,23.061,23.508,2969207
2011-05-13,23.38,23.413,22.855,23.0,3392266
2011-05-16,22.906,23.285,22.846,22.958,4140396
2011-05-17,22.761,22.915,22.589,22.889,15397693
2011-05-18,22.882,23.139,22.803,23.078,2373821
2011-05-19,23.285,23.387,23.078,23.31,3955818
2011-05-20,23.0,23.036,22.598,22.665,3605901
2011-05-23,22.021,22.193,21.961,22.092,5817076
2011-05-24,22.357,22.443,22.151,22.228,4715388
2011-05-25,22.099,22.418,22.082,22.339,2180640
2011-05-26,22.339,22.434,22.057,22.4,4442435
2011-05-27,22.468,22.658,22.418,22.579,2347299
2011-05-31,23.262,23.334,23.087,23.306,3086145
2011-06-01,23.215,23.233,22.623,22.658,6048126
2011-06-02,22.821,22.882,22.529,22.786,9215467
2011-06-03,22.665,23.156,22.64,23.026,2249864
2011-06-06,22.977,23.019,22.683,22.692,1416359
2011-06-07,23.096,23.202,22.945,22.954,1751775
2011-06-08,22.761,22.867,22.638,22.699,2628073
2011-06-09,22.752,23.087,22.673,23.044,3123883
2011-06-10,22.849,22.876,22.321,22.4,3881941
2011-06-13,22.486,22.665,22.339,22.512,3672373
2011-06-14,22.949,23.121,22.949,23.0,2516475
2011-06-15,22.452,22.563,22.16,22.236,4221642
2011-06-16,22.057,22.277,22.004,22.207,2241980
2011-06-17,22.735,22.752,22.498,22.577,3959550
2011-06-20,22.409,22.665,22.382,22.64,4253238
2011-06-21,22.876,23.29,22.858,23.246,4322096
2011-06-22,23.113,23.316,22.99,23.017,3595086
2011-06-23,22.445,22.743,22.251,22.743,6826121
2011-06-24,22.656,22.656,22.277,22.329,3422675
2011-06-27,22.277,22.603,22.232,22.567,2634791
2011-06-28,22.55,22.892,22.514,22.886,2844042
2011-06-29,23.122,23.343,22.973,23.262,5555202
2011-06-30,23.396,23.729,23.359,23.677,5809189
2011-07-01,23.651,23.95,23.553,23.898,4255323
2011-07-05,23.888,23.941,23.695,23.729,2602842
2011-07-06,23.537,23.642,23.396,23.598,2418422
2011-07-07,23.686,23.888,23.642,23.835,4021185
2011-07-08,23.563,23.642,23.271,23.457,5688499
2011-07-11,22.577,22.673,22.294,22.373,6176088
2011-07-12,22.171,22.435,22.11,22.154,7847800
2011-07-13,22.445,22.858,22.425,22.611,8131261
2011-07-14,22.771,22.886,22.382,22.445,3413571
2011-07-15,22.656,22.761,22.4,22.62,3236997
2011-07-18,22.303,22.356,22.004,22.277,4790826
2011-07-19,22.514,22.717,22.479,22.603,6100121
2011-07-20,22.681,22.761,22.505,22.726,3206486
2011-07-21,23.008,23.334,22.945,23.227,6429282
2011-07-22,23.262,23.316,23.034,23.306,2458543
2011-07-25,23.219,23.448,23.158,23.386,10035535
2011-07-26,23.501,23.651,23.378,23.571,4357773
2011-07-27,23.359,23.359,22.832,22.867,5164468
2011-07-28,22.523,22.771,22.488,22.55,3445195
2011-07-29,22.523,22.876,22.418,22.647,2845869
2011-08-01,22.761,22.779,21.598,21.996,9890678
2011-08-02,21.564,21.784,21.035,21.053,7570528
2011-08-03,21.255,21.274,20.622,21.23,8895048
2011-08-04,20.499,20.577,19.468,19.521,15922529
2011-08-05,20.12,20.164,19.09,19.934,10763015
2011-08-08,18.807,19.106,17.884,17.901,18572303
2011-08-09,18.676,18.974,17.91,18.966,15099188
2011-08-10,18.454,18.464,17.382,17.618,12733153
2011-08-11,17.672,18.772,17.628,18.482,8784004
2011-08-12,18.914,19.143,18.639,18.957,6099389
2011-08-15,19.31,19.513,19.23,19.45,2359842
2011-08-16,18.914,19.336,18.719,18.984,8670531
2011-08-17,19.08,19.31,18.772,18.896,4880719
2011-08-18,18.025,18.034,17.521,17.759,7093922
2011-08-19,17.285,17.892,17.195,17.276,8352354
2011-08-22,17.839,17.848,17.268,17.276,4050608
2011-08-23,17.521,17.971,17.382,17.963,6091467
2011-08-24,18.12,18.394,17.971,18.226,3544398
2011-08-25,18.113,18.236,17.345,17.618,11464994
2011-08-26,17.426,17.945,17.268,17.892,5652700
2011-08-29,18.226,18.437,18.226,18.385,3070529
2011-08-30,18.077,18.288,17.839,18.21,6275679
2011-08-31,18.482,18.78,18.307,18.421,4877192
2011-09-01,18.129,18.377,17.963,17.963,4878999
2011-09-02,17.426,17.566,17.345,17.398,2011310
2011-09-06,16.219,16.483,16.077,16.473,13638392
2011-09-07,16.809,17.134,16.738,17.134,6707626
2011-09-08,16.685,17.003,16.517,16.563,4310488
2011-09-09,15.998,16.122,15.637,15.69,10104096
2011-09-12,15.251,15.673,15.172,15.655,10424767
2011-09-13,15.663,15.937,15.568,15.849,8371318
2011-09-14,16.157,16.668,15.77,16.527,14767519
2011-09-15,17.064,17.188,16.853,17.151,6642942
2011-09-16,17.179,17.311,16.888,17.144,5323788
2011-09-19,16.306,16.66,16.175,16.553,3720932
2011-09-20,16.756,16.958,16.563,16.712,4272629
2011-09-21,16.676,16.738,16.086,16.086,4771983
2011-09-22,15.506,15.629,15.233,15.425,7939716
2011-09-23,15.144,15.673,15.1,15.629,20088430
2011-09-26,15.866,16.201,15.55,16.192,5981080
2011-09-27,16.879,17.134,16.712,16.783,6884589
2011-09-28,16.958,17.073,16.43,16.448,3842134
2011-09-29,17.082,17.195,16.641,16.977,4287881
2011-09-30,16.219,16.465,16.077,16.086,9191961
2011-10-03,15.742,16.061,15.366,15.366,7998969
2011-10-04,15.154,15.673,14.934,15.673,15618720
2011-10-05,15.902,16.219,15.751,16.201,6848257
2011-10-06,16.183,16.853,16.086,16.835,5203092
2011-10-07,16.977,17.073,16.597,16.685,5631750
2011-10-10,17.224,17.699,17.195,17.672,4501001
2011-10-11,17.426,17.743,17.382,17.715,6224399
2011-10-12,18.104,18.412,18.042,18.2,5669113
2011-10-13,18.016,18.174,17.787,18.12,3228467
2011-10-14,18.421,18.526,18.182,18.377,4263363
2011-10-17,18.06,18.068,17.646,17.699,4285162
2011-10-18,17.787,18.297,17.549,18.139,5815033
2011-10-19,18.016,18.104,17.699,17.733,3422458
2011-10-20,17.724,17.753,17.345,17.637,4853380
2011-10-21,18.157,18.385,18.139,18.377,3707925
2011-10-24,18.271,18.719,18.254,18.666,2739554
2011-10-25,18.71,18.737,18.278,18.447,8803192
2011-10-26,18.896,18.957,18.165,18.657,6101230
2011-10-27,19.785,20.278,19.626,20.181,30159282
2011-10-28,19.776,19.943,19.706,19.918,7671667
2011-10-31,19.211,19.257,18.666,18.666,3042146
2011-11-01,17.513,17.954,17.417,17.68,6542973
2011-11-02,18.016,18.307,17.918,18.085,3795219
2011-11-03,18.604,18.93,18.2,18.842,2497364
2011-11-04,18.351,18.43,18.034,18.297,2867825
2011-11-07,18.226,18.43,17.981,18.271,2894954
2011-11-08,18.534,18.684,18.165,18.613,4008980
2011-11-09,17.601,17.69,17.195,17.24,5599123
2011-11-10,17.822,17.874,17.434,17.708,5807418
2011-11-11,18.244,18.464,18.226,18.43,3278604
2011-11-14,18.113,18.165,17.812,17.927,2341462
2011-11-15,17.812,18.05,17.68,17.804,4911740
2011-11-16,17.575,17.812,17.373,17.391,9284575
2011-11-17,17.566,17.724,17.116,17.24,6611249
2011-11-18,17.461,17.487,17.224,17.302,13047155
2011-11-21,16.843,16.888,16.641,16.809,4037785
2011-11-22,16.694,16.79,16.493,16.607,4267684
2011-11-23,16.457,16.483,16.086,16.096,3452728
2011-11-25,16.008,16.262,15.963,15.972,3215795
2011-11-28,16.958,17.03,16.783,16.888,4111965
2011-11-29,16.967,17.151,16.888,17.02,4955362
2011-11-30,17.997,18.226,17.963,18.165,6860041
2011-12-01,18.06,18.244,17.901,17.997,3688780
2011-12-02,18.254,18.263,17.874,17.901,3292078
2011-12-05,18.359,18.368,17.901,18.016,4278741
2011-12-06,17.874,18.06,17.804,17.945,2707921
2011-12-07,17.646,18.025,17.497,17.963,5863698
2011-12-08,17.47,17.521,17.151,17.188,5876988
2011-12-09,17.451,17.787,17.434,17.753,4787159
2011-12-12,17.144,17.179,16.79,16.906,4292672
2011-12-13,16.985,17.109,16.421,16.51,3329575
2011-12-14,16.351,16.473,16.254,16.334,3236113
2011-12-15,16.65,16.676,16.358,16.473,3455553
2011-12-16,16.517,16.57,16.245,16.358,4566127
2011-12-19,16.536,16.588,16.122,16.157,7548596
2011-12-20,16.747,17.011,16.738,16.958,4498544
2011-12-21,16.879,16.888,16.641,16.819,2253176
2011-12-22,16.835,16.977,16.783,16.932,3150285
2011-12-23,16.906,17.011,16.853,16.994,1603037
2011-12-27,16.994,17.064,16.977,17.003,1901565
2011-12-28,16.879,16.897,16.465,16.553,2399888
2011-12-29,16.588,16.843,16.517,16.835,1951558
2011-12-30,16.877,17.031,16.832,16.923,2353218
2012-01-03,17.699,17.812,17.655,17.672,4420911
2012-01-04,17.504,17.575,17.364,17.504,2439314
2012-01-05,17.268,17.364,17.161,17.302,6994918
2012-01-06,17.195,17.195,16.906,16.985,3155612
2012-01-09,17.091,17.1,16.879,17.056,2833261
2012-01-10,17.434,17.487,17.337,17.364,5398418
2012-01-11,17.276,17.398,17.179,17.398,5110081
2012-01-12,17.628,17.715,17.451,17.699,4912664
2012-01-13,17.285,17.302,16.985,17.268,3428241
2012-01-17,17.733,17.901,17.724,17.787,4645213
2012-01-18,17.989,18.226,17.937,18.21,4018219
2012-01-19,18.307,18.454,18.2,18.437,5374534
2012-01-20,18.377,18.437,18.297,18.43,2074862
2012-01-23,18.56,18.684,18.473,18.587,3566419
2012-01-24,18.316,18.544,18.236,18.544,4754399
2012-01-25,18.359,18.834,18.263,18.78,4686044
2012-01-26,19.08,19.133,18.87,18.921,6102411
2012-01-27,18.878,19.115,18.878,19.08,12857954
2012-01-30,18.632,18.825,18.587,18.772,4483715
2012-01-31,19.026,19.036,18.628,18.781,8493728
2012-02-01,19.23,19.362,19.177,19.24,5451351
2012-02-02,19.31,19.441,19.257,19.398,11831760
2012-02-03,19.529,19.767,19.503,19.75,6645119
2012-02-06,19.521,19.688,19.494,19.671,3096029
2012-02-07,19.6,19.838,19.484,19.82,5493958
2012-02-08,19.873,19.962,19.706,19.925,4120597
2012-02-09,20.058,20.077,19.82,20.023,4522547
2012-02-10,19.478,19.591,19.415,19.494,4699148
2012-02-13,19.759,19.785,19.635,19.706,3894118
2012-02-14,19.582,19.635,19.37,19.537,3627488
2012-02-15,19.662,19.662,19.398,19.441,5868914
2012-02-16,19.362,19.794,19.301,19.75,6878323
2012-02-17,20.04,20.048,19.873,19.987,10136244
2012-02-21,20.207,20.313,20.092,20.145,5993571
2012-02-22,20.085,20.155,19.979,20.023,4394980
2012-02-23,19.943,20.198,19.767,20.191,3692436
2012-02-24,20.304,20.499,20.27,20.418,3372551
2012-02-27,19.996,20.367,19.943,20.278,5322547
2012-02-28,20.278,20.525,20.216,20.516,6004494
2012-02-29,20.585,20.667,20.168,20.204,7853132
2012-03-01,20.367,20.499,20.322,20.447,6175848
2012-03-02,20.313,20.313,20.111,20.216,2922890
2012-03-05,20.164,20.173,19.952,20.12,5848994
2012-03-06,19.406,19.46,19.124,19.167,6789657
2012-03-07,19.265,19.433,19.196,19.423,1941954
2012-03-08,19.838,20.207,19.706,20.137,5157654
2012-03-09,19.934,20.067,19.873,20.023,10809502
2012-03-12,20.023,20.164,19.934,20.129,5482750
2012-03-13,20.137,20.374,20.092,20.374,13129444
2012-03-14,20.454,20.489,20.331,20.384,3740605
2012-03-15,20.489,20.719,20.428,20.7,6792261
2012-03-16,20.807,20.868,20.771,20.834,9146616
2012-03-19,20.692,20.982,20.657,20.904,5220631
2012-03-20,20.56,20.692,20.447,20.622,4352302
2012-03-21,20.56,20.631,20.418,20.577,6464770
2012-03-22,20.181,20.384,20.173,20.287,25167331
2012-03-23,20.322,20.525,20.164,20.507,7255836
2012-03-26,20.807,20.982,20.771,20.957,2376663
2012-03-27,20.93,20.948,20.771,20.771,3444990
2012-03-28,20.744,20.771,20.402,20.525,4703099
2012-03-29,20.129,20.287,20.023,20.26,7950576
2012-03-30,20.459,20.522,20.296,20.495,6010781
2012-04-02,20.393,20.886,20.34,20.807,5479869
2012-04-03,20.744,20.789,20.244,20.374,7717706
2012-04-04,19.82,19.882,19.626,19.741,6007493
2012-04-05,19.423,19.635,19.406,19.494,4825379
2012-04-09,19.247,19.423,19.196,19.336,2547974
2012-04-10,19.37,19.468,18.949,18.949,8701807
2012-04-11,19.468,19.529,19.274,19.31,4776387
2012-04-12,19.441,19.731,19.415,19.697,4175929
2012-04-13,19.415,19.433,18.993,19.037,4780242
2012-04-16,19.247,19.388,19.037,19.31,3846328
2012-04-17,19.547,19.804,19.441,19.731,4939620
2012-04-18,19.503,19.714,19.468,19.556,3837908
2012-04-19,19.494,19.679,19.257,19.37,4326659
2012-04-20,19.609,19.776,19.6,19.635,3349861
2012-04-23,19.037,19.098,18.842,19.072,3886790
2012-04-24,19.09,19.31,19.062,19.167,4135008
2012-04-25,19.6,19.706,19.484,19.609,6419518
2012-04-26,19.521,19.89,19.513,19.829,3942319
2012-04-27,19.979,20.04,19.829,19.962,2708317
2012-04-30,19.905,19.933,19.778,19.851,5106473
2012-05-01,19.829,20.145,19.829,19.943,2792964
2012-05-02,19.573,19.679,19.406,19.671,3964658
2012-05-03,19.609,19.653,19.38,19.45,3875909
2012-05-04,19.247,19.31,18.939,18.966,8562948
2012-05-07,18.93,19.072,18.842,19.053,4205847
2012-05-08,18.78,18.807,18.447,18.755,7484198
2012-05-09,18.377,18.692,18.244,18.569,7504733
2012-05-10,18.763,18.79,18.623,18.648,5773540
2012-05-11,18.482,18.86,18.473,18.676,3846577
2012-05-14,18.263,18.385,18.165,18.254,4681090
2012-05-15,18.034,18.21,17.918,17.945,8759618
2012-05-16,18.025,18.165,17.857,17.874,5834130
2012-05-17,17.857,17.884,17.584,17.584,9685736
2012-05-18,17.743,17.777,17.504,17.575,3006108
2012-05-21,17.753,18.034,17.724,18.006,3146069
2012-05-22,18.068,18.192,17.812,17.901,4387491
2012-05-23,17.753,17.777,17.391,17.753,6186326
2012-05-24,17.618,17.672,17.32,17.451,3621734
2012-05-25,17.391,17.584,17.382,17.451,4139492
2012-05-29,17.753,17.874,17.549,17.733,5096757
2012-05-30,17.354,17.373,17.151,17.179,4490791
2012-05-31,17.223,17.259,16.95,17.159,3865479
2012-06-01,16.685,16.809,16.473,16.57,9002435
2012-06-04,16.57,16.624,16.457,16.588,7714254
2012-06-05,16.36,16.561,16.334,16.524,5692888
2012-06-06,16.624,17.096,16.606,17.086,7357248
2012-06-07,17.386,17.423,17.013,17.051,4635732
2012-06-08,16.805,17.096,16.76,17.068,5148806
2012-06-11,17.337,17.345,16.853,16.863,5668263
2012-06-12,17.047,17.151,16.765,17.151,5832749
2012-06-13,16.941,17.205,16.87,17.03,4937434
2012-06-14,16.977,17.195,16.923,17.126,3198976
2012-06-15,17.286,17.521,17.231,17.503,6916755
2012-06-18,17.364,17.47,17.276,17.354,3748767
2012-06-19,17.618,17.937,17.584,17.822,3237804
2012-06-20,17.884,18.068,17.724,17.901,8327016
2012-06-21,17.947,17.965,17.386,17.393,5212121
2012-06-22,17.53,17.549,17.294,17.44,8473677
2012-06-25,16.987,16.987,16.86,16.95,3945481
2012-06-26,16.923,17.051,16.787,16.987,4295114
2012-06-27,16.987,17.168,16.932,17.132,3419214
2012-06-28,16.832,17.005,16.715,16.978,5681756
2012-06-29,17.802,17.956,17.766,17.947,5495680
2012-07-02,18.056,18.128,17.94,18.103,7458534
2012-07-03,18.138,18.337,18.128,18.292,2856648
2012-07-05,17.839,17.956,17.704,17.866,4932003
2012-07-06,17.594,17.621,17.358,17.458,5712899
2012-07-09,17.413,17.44,17.332,17.44,3658234
2012-07-10,17.594,17.639,17.304,17.358,2397529
2012-07-11,17.413,17.557,17.349,17.475,3615523
2012-07-12,17.286,17.431,17.159,17.377,3169084
2012-07-13,17.448,17.785,17.44,17.756,3121492
2012-07-16,17.704,17.847,17.567,17.775,2416837
2012-07-17,17.902,17.985,17.612,17.947,4084656
2012-07-18,17.821,18.157,17.821,18.138,4461973
2012-07-19,18.237,18.374,18.193,18.357,2581385
2012-07-20,17.956,17.994,17.794,17.821,8304973
2012-07-23,17.096,17.286,16.996,17.24,11752874
2012-07-24,17.259,17.259,16.823,16.996,4370566
2012-07-25,17.313,17.34,17.096,17.231,3898103
2012-07-26,17.72,17.94,17.72,17.839,7289918
2012-07-27,18.075,18.527,18.038,18.437,5013289
2012-07-30,18.202,18.374,18.202,18.312,3143398
2012-07-31,18.337,18.482,18.302,18.319,4119030
2012-08-01,18.374,18.401,18.193,18.211,3719861
2012-08-02,17.866,18.038,17.557,17.739,9292128
2012-08-03,18.374,18.808,18.365,18.754,4812992
2012-08-06,18.863,19.007,18.836,18.908,3329863
2012-08-07,19.061,19.16,19.016,19.016,7172837
2012-08-08,18.844,18.999,18.836,18.935,4717604
2012-08-09,18.735,18.935,18.727,18.844,3349655
2012-08-10,18.681,18.889,18.598,18.889,4891797
2012-08-13,18.873,18.944,18.718,18.836,4588823
2012-08-14,18.962,18.981,18.827,18.898,5981870
2012-08-15,18.772,18.873,18.763,18.798,2983157
2012-08-16,18.908,19.106,18.863,19.061,4338276
2012-08-17,19.145,19.2,19.016,19.17,7585025
2012-08-20,19.125,19.19,19.052,19.17,1689730
2012-08-21,19.415,19.533,19.343,19.388,6958201
2012-08-22,19.235,19.479,19.215,19.433,4896271
2012-08-23,19.253,19.324,19.125,19.225,3839132
2012-08-24,19.061,19.324,19.007,19.17,4433450
2012-08-27,19.362,19.424,19.289,19.315,2617708
2012-08-28,19.334,19.415,19.28,19.379,1529940
2012-08-29,19.343,19.415,19.27,19.334,1140986
2012-08-30,19.215,19.225,18.898,18.981,1317557
2012-08-31,19.369,19.398,19.116,19.235,3949233
2012-09-04,19.315,19.324,19.116,19.206,4461984
2012-09-05,19.315,19.379,19.225,19.334,24420342
2012-09-06,19.542,19.978,19.542,19.933,12605253
2012-09-07,20.268,20.376,20.223,20.376,18874050
2012-09-10,20.296,20.358,20.168,20.187,4841771
2012-09-11,20.35,20.686,20.341,20.612,5136985
2012-09-12,20.857,20.876,20.722,20.794,5373528
2012-09-13,20.73,21.138,20.612,21.074,15286030
2012-09-14,21.309,21.536,21.255,21.329,6587274
2012-09-17,21.337,21.428,21.23,21.275,2654031
2012-09-18,21.067,21.147,21.003,21.084,2791582
2012-09-19,21.067,21.248,21.029,21.183,2701438
2012-09-20,20.903,21.092,20.812,21.092,2868434
2012-09-21,21.373,21.409,21.23,21.238,3244140
2012-09-24,21.003,21.138,20.984,21.102,5410155
2012-09-25,21.112,21.22,20.849,20.867,3666602
2012-09-26,20.64,20.658,20.495,20.604,3346299
2012-09-27,20.658,20.884,20.54,20.821,8694293
2012-09-28,20.631,20.686,20.396,20.459,3889750
2012-10-01,20.74,20.876,20.576,20.604,13927833
2012-10-02,20.912,20.938,20.693,20.767,10510920
2012-10-03,20.803,20.849,20.676,20.767,22785553
2012-10-04,20.893,21.003,20.83,21.003,2887749
2012-10-05,21.211,21.309,21.067,21.138,4148892
2012-10-08,20.857,20.893,20.803,20.867,2059931
2012-10-09,20.676,20.722,20.45,20.467,4765367
2012-10-10,20.513,20.567,20.396,20.441,1950106
2012-10-11,20.785,20.839,20.64,20.64,3153828
2012-10-12,20.73,20.821,20.595,20.649,1938779
2012-10-15,20.767,20.83,20.612,20.812,2615941
2012-10-16,21.121,21.238,21.074,21.211,2599805
2012-10-17,21.319,21.401,21.265,21.373,8733680
2012-10-18,21.354,21.5,21.284,21.346,3900111
2012-10-19,21.265,21.265,20.984,21.048,21038293
2012-10-22,21.129,21.157,20.958,21.121,3655680
2012-10-23,20.558,20.612,20.405,20.576,3372030
2012-10-24,20.604,20.631,20.467,20.486,2865562
2012-10-25,20.73,20.767,20.53,20.604,11733981
2012-10-26,20.631,20.712,20.558,20.667,2643959
2012-10-31,20.967,20.984,20.748,20.794,2900331
2012-11-01,20.938,21.057,20.903,20.967,2207493
2012-11-02,20.958,20.958,20.74,20.74,1748995
2012-11-05,20.667,20.767,20.621,20.73,1880677
2012-11-06,20.812,20.984,20.794,20.921,3042350
2012-11-07,20.513,20.522,20.35,20.459,5123476
2012-11-08,20.35,20.441,20.168,20.232,6854485
2012-11-09,19.941,20.168,19.933,20.069,6630371
2012-11-12,20.168,20.204,20.087,20.149,1186245
2012-11-13,19.851,20.168,19.842,19.96,1796165
2012-11-14,20.094,20.104,19.752,19.797,2329412
2012-11-15,19.86,19.96,19.732,19.806,2046421
2012-11-16,19.732,19.742,19.479,19.67,2773289
2012-11-19,19.969,20.168,19.96,20.133,2125290
2012-11-20,20.178,20.322,20.124,20.287,1686447
2012-11-21,20.304,20.396,20.296,20.367,18964744
2012-11-23,20.812,20.974,20.812,20.974,1780715
2012-11-26,20.867,20.974,20.839,20.974,2500662
2012-11-27,20.912,21.038,20.867,20.921,1682001
2012-11-28,20.758,21.102,20.693,21.084,3682671
2012-11-29,21.248,21.319,21.084,21.202,4250723
2012-11-30,21.319,21.401,21.275,21.319,1728061
2012-12-03,21.555,21.573,21.383,21.401,3030262
2012-12-04,21.483,21.564,21.437,21.536,3010209
2012-12-05,21.483,21.636,21.428,21.545,2765411
2012-12-06,21.645,21.664,21.528,21.618,4167524
2012-12-07,21.455,21.5,21.346,21.5,4164254
2012-12-10,21.428,21.536,21.428,21.536,2068410
2012-12-11,21.699,21.809,21.691,21.781,2542570
2012-12-12,21.907,22.054,21.862,21.917,3461147
2012-12-13,21.872,21.981,21.79,21.836,3383786
2012-12-14,21.899,22.081,21.854,22.007,2955056
2012-12-17,21.972,22.098,21.962,22.098,2458523
2012-12-18,22.18,22.362,22.143,22.326,4023399
2012-12-19,22.453,22.498,22.307,22.307,3809592
2012-12-20,22.398,22.444,22.317,22.417,1882576
2012-12-21,22.108,22.271,22.098,22.271,4575675
2012-12-24,22.271,22.289,22.143,22.189,809807
2012-12-26,22.243,22.371,22.108,22.225,1763098
2012-12-27,22.398,22.444,22.216,22.307,1496923
2012-12-28,22.108,22.198,21.972,21.99,4021211
2012-12-31,22.116,22.434,22.098,22.389,2751806
2013-01-02,22.688,22.715,22.525,22.653,6341070
2013-01-03,22.417,22.461,22.271,22.297,3454317
2013-01-04,22.297,22.489,22.271,22.424,2333821
2013-01-07,22.271,22.379,22.189,22.362,2660813
2013-01-08,22.271,22.307,22.116,22.198,2637225
2013-01-09,22.171,22.262,22.171,22.208,3099219
2013-01-10,22.588,22.615,22.407,22.57,8155242
2013-01-11,22.706,22.77,22.607,22.733,2305149
2013-01-14,22.816,22.851,22.661,22.851,1860648
2013-01-15,22.525,22.643,22.461,22.588,2186046
2013-01-16,22.47,22.588,22.434,22.498,2445223
2013-01-17,22.824,22.87,22.733,22.816,1974904
2013-01-18,22.733,22.761,22.598,22.715,2199784
2013-01-22,22.643,22.698,22.534,22.698,2822888
2013-01-23,22.661,22.779,22.578,22.688,1995529
2013-01-24,22.77,22.934,22.761,22.86,4357977
2013-01-25,23.323,23.386,23.26,23.386,13855654
2013-01-28,23.368,23.378,23.251,23.277,2914682
2013-01-29,23.287,23.423,23.26,23.396,2747955
2013-01-30,23.386,23.459,23.287,23.368,3205195
2013-01-31,23.304,23.413,23.26,23.304,4922710
2013-02-01,23.567,23.74,23.487,23.65,3858777
2013-02-04,23.123,23.178,22.733,22.787,5612931
2013-02-05,22.925,23.069,22.87,22.97,9695307
2013-02-06,22.588,22.761,22.57,22.706,5969026
2013-02-07,22.742,22.787,22.379,22.543,4262783
2013-02-08,22.607,22.679,22.588,22.633,6355550
2013-02-11,22.653,22.706,22.479,22.615,8588289
2013-02-12,22.698,22.851,22.669,22.796,1582270
2013-02-13,23.042,23.114,22.925,22.97,2910415
2013-02-14,22.543,22.698,22.515,22.624,2785981
2013-02-15,22.633,22.653,22.407,22.515,3209951
2013-02-19,22.879,23.005,22.86,22.987,6358212
2013-02-20,23.024,23.042,22.653,22.669,2013551
2013-02-21,22.253,22.289,22.126,22.234,2401128
2013-02-22,22.297,22.47,22.208,22.453,3164288
2013-02-25,23.042,23.069,22.016,22.035,5394244
2013-02-26,22.153,22.271,21.927,22.081,14184528
2013-02-27,22.026,22.453,22.007,22.424,3486776
2013-02-28,22.386,22.515,22.303,22.359,2013865
2013-03-01,22.061,22.271,21.907,22.198,11452901
2013-03-04,22.071,22.262,22.045,22.253,2408131
2013-03-05,22.578,22.679,22.553,22.598,2685093
2013-03-06,22.896,22.896,22.715,22.796,2309780
2013-03-07,22.934,23.032,22.905,23.005,1773465
2013-03-08,22.987,23.005,22.787,22.96,3396875
2013-03-11,22.887,23.015,22.851,23.005,3928954
2013-03-12,23.05,23.078,22.824,22.941,3902321
2013-03-13,22.851,22.896,22.706,22.851,2056413
2013-03-14,22.97,23.142,22.934,23.123,1800766
2013-03-15,23.186,23.205,23.06,23.16,1525025
2013-03-18,22.698,23.015,22.669,22.796,2406541
2013-03-19,22.86,22.887,22.498,22.633,3477880
2013-03-20,22.887,22.934,22.796,22.851,3453892
2013-03-21,22.506,22.706,22.47,22.534,3523862
2013-03-22,22.688,22.816,22.633,22.724,3349896
2013-03-25,22.751,22.796,22.262,22.335,6911683
2013-03-26,22.434,22.525,22.297,22.398,11675416
2013-03-27,21.962,22.054,21.854,22.026,3256450
2013-03-28,22.143,22.234,22.09,22.18,3424338
2013-04-01,22.09,22.198,22.0,22.071,2738179
2013-04-02,22.343,22.578,22.335,22.424,5004284
2013-04-03,22.525,22.588,22.326,22.362,4373156
2013-04-04,22.243,22.444,22.18,22.389,2189973
2013-04-05,22.007,22.098,21.945,22.081,2581256
2013-04-08,22.126,22.143,22.026,22.126,1477648
2013-04-09,22.153,22.253,21.981,22.171,2663641
2013-04-10,22.371,22.633,22.371,22.598,1182898
2013-04-11,22.698,22.887,22.653,22.724,1899484
2013-04-12,22.461,22.578,22.389,22.57,1879908
2013-04-15,22.343,22.352,22.061,22.071,2513385
2013-04-16,22.461,22.489,22.307,22.479,2002309
2013-04-17,22.0,22.0,21.555,21.699,7682459
2013-04-18,21.719,21.745,21.446,21.555,4198085
2013-04-19,21.636,21.727,21.483,21.581,1406676
2013-04-22,21.636,21.727,21.455,21.691,4989943
2013-04-23,21.935,22.098,21.935,22.081,2901364
2013-04-24,22.225,22.417,22.189,22.352,7804893
2013-04-25,22.417,22.615,22.398,22.461,2339484
2013-04-26,22.434,22.578,22.417,22.56,1834598
2013-04-29,22.669,22.95,22.653,22.896,6496433
2013-04-30,22.941,23.097,22.912,23.088,6756337
2013-05-01,23.06,23.123,22.824,22.887,2517174
2013-05-02,22.887,23.005,22.841,22.97,4294993
2013-05-03,23.342,23.522,23.332,23.487,2144826
2013-05-06,23.495,23.512,23.342,23.432,2186684
2013-05-07,23.676,23.721,23.532,23.595,1794195
2013-05-08,23.829,23.948,23.804,23.921,5145247
2013-05-09,23.829,23.874,23.604,23.685,4603133
2013-05-10,23.695,23.74,23.558,23.73,14718474
2013-05-13,23.631,23.705,23.577,23.64,3948231
2013-05-14,23.695,23.821,23.695,23.767,4115449
2013-05-15,23.532,23.721,23.522,23.705,3747120
2013-05-16,23.666,23.794,23.595,23.64,4441774
2013-05-17,23.622,23.904,23.577,23.829,2508877
2013-05-20,23.814,23.958,23.775,23.921,2568926
2013-05-21,23.904,24.076,23.804,24.003,2321616
2013-05-22,24.067,24.4,23.794,23.874,16591341
2013-05-23,23.558,23.849,23.522,23.821,5058145
2013-05-24,23.567,23.705,23.504,23.705,3101617
2013-05-28,24.102,24.155,23.874,23.921,19380398
2013-05-29,23.752,23.834,23.678,23.779,3640912
2013-05-30,23.993,24.146,23.948,24.039,3613255
2013-05-31,23.844,23.918,23.687,23.706,2843274
2013-06-03,23.821,23.939,23.658,23.939,11150498
2013-06-04,23.864,23.909,23.651,23.762,3569626
2013-06-05,23.66,23.715,23.465,23.465,2921908
2013-06-06,23.604,23.752,23.465,23.743,5363827
2013-06-07,23.705,24.067,23.64,24.003,6670201
2013-06-10,24.192,24.21,24.012,24.138,9042500
2013-06-11,23.818,24.01,23.752,23.909,3598789
2013-06-12,24.029,24.048,23.775,23.775,2388499
2013-06-13,23.65,24.048,23.604,24.039,10655708
2013-06-14,23.864,24.02,23.724,23.788,3597704
2013-06-17,24.21,24.274,23.985,24.121,3566000
2013-06-18,24.166,24.35,24.166,24.333,2669843
2013-06-19,24.237,24.329,23.767,23.785,5622669
2013-06-20,23.251,23.277,22.95,23.005,4769768
2013-06-21,22.978,22.995,22.478,22.672,4974618
2013-06-24,22.192,22.525,22.174,22.359,3693492
2013-06-25,22.626,22.654,22.359,22.626,2066461
2013-06-26,22.783,22.838,22.681,22.792,2291472
2013-06-27,22.902,23.032,22.866,22.932,2411045
2013-06-28,22.775,22.922,22.709,22.783,11681173
2013-07-01,22.986,23.05,22.886,22.922,4081352
2013-07-02,22.635,22.775,22.46,22.561,3349281
2013-07-03,22.303,22.553,22.257,22.498,1706674
2013-07-05,22.349,22.369,22.1,22.267,2760539
2013-07-08,22.635,22.746,22.534,22.626,1275920
2013-07-09,22.886,22.912,22.672,22.765,4389315
2013-07-10,22.746,23.115,22.746,22.968,2466345
2013-07-11,23.465,23.715,23.346,23.668,2330520
2013-07-12,23.586,23.697,23.485,23.623,2134300
2013-07-15,23.706,23.752,23.623,23.715,1956145
2013-07-16,23.724,23.834,23.687,23.808,2334725
2013-07-17,23.936,23.946,23.779,23.872,2202778
2013-07-18,23.88,24.084,23.88,24.075,1288478
2013-07-19,24.001,24.156,23.983,24.139,1569859
2013-07-22,24.193,24.249,24.139,24.166,1093095
2013-07-23,24.259,24.305,24.166,24.249,1466141
2013-07-24,24.433,24.462,24.231,24.313,3674560
2013-07-25,24.139,24.462,24.131,24.462,9415386
2013-07-26,24.139,24.277,24.047,24.267,2103119
2013-07-29,24.147,24.249,24.102,24.203,2032261
2013-07-30,24.313,24.323,24.102,24.166,6054194
2013-07-31,24.084,24.452,24.084,24.277,2772327
2013-08-01,24.572,24.683,24.479,24.628,3603824
2013-08-02,24.572,24.719,24.563,24.693,1566466
2013-08-05,24.563,24.637,24.479,24.618,1238292
2013-08-06,24.637,24.646,24.333,24.369,2492353
2013-08-07,24.295,24.406,24.239,24.369,1237414
2013-08-08,24.609,24.749,24.526,24.637,4649524
2013-08-09,24.637,24.729,24.545,24.646,3058141
2013-08-12,24.471,24.609,24.452,24.582,1893770
2013-08-13,24.664,24.775,24.535,24.775,1651805
2013-08-14,24.729,24.794,24.673,24.755,12581480
2013-08-15,24.462,24.719,24.277,24.709,5239508
2013-08-16,24.673,24.755,24.628,24.693,2393285
2013-08-19,24.709,24.749,24.572,24.572,2908211
2013-08-20,24.59,24.702,24.553,24.628,2549810
2013-08-21,24.526,24.709,24.379,24.471,2130567
2013-08-22,24.739,24.886,24.719,24.867,3010586
2013-08-23,24.876,24.987,24.803,24.922,2142184
2013-08-26,24.932,24.96,24.83,24.867,1722005
2013-08-27,24.396,24.517,24.249,24.295,3752940
2013-08-28,23.918,24.102,23.88,23.991,12590675
2013-08-29,23.825,23.955,23.808,23.88,2936200
2013-08-30,23.798,23.798,23.623,23.668,3733995
2013-09-03,23.909,23.936,23.678,23.798,4229905
2013-09-04,23.623,23.964,23.595,23.946,1701615
2013-09-05,23.844,23.936,23.779,23.872,1873582
2013-09-06,24.029,24.056,23.798,23.991,3215519
2013-09-09,24.147,24.379,24.147,24.36,3154919
2013-09-10,24.709,24.84,24.673,24.803,3901735
2013-09-11,24.84,24.996,24.83,24.996,2824147
2013-09-12,24.886,25.015,24.867,24.876,2596447
2013-09-13,24.941,25.015,24.821,24.996,2266530
2013-09-16,25.468,25.468,25.328,25.338,3037684
2013-09-17,25.357,25.43,25.328,25.403,1945672
2013-09-18,25.384,26.104,25.311,26.058,3155597
2013-09-19,26.058,26.058,25.854,25.91,3727215
2013-09-20,25.91,25.91,25.798,25.827,1293899
2013-09-23,25.753,25.791,25.595,25.716,1649180
2013-09-24,25.762,25.827,25.671,25.716,2308129
2013-09-25,25.726,25.864,25.688,25.808,1602492
2013-09-26,25.743,25.854,25.688,25.781,1344658
2013-09-27,25.798,25.892,25.791,25.854,1419572
2013-09-30,25.569,25.697,25.514,25.651,2064739
2013-10-01,25.753,25.965,25.707,25.948,6570387
2013-10-02,25.901,25.938,25.716,25.919,2581115
2013-10-03,25.882,25.882,25.753,25.791,1786659
2013-10-04,25.762,25.873,25.726,25.827,1322184
2013-10-07,25.559,25.762,25.55,25.688,1425458
2013-10-08,25.716,25.735,25.504,25.523,1517494
2013-10-09,25.495,25.514,25.292,25.458,2454843
2013-10-10,25.818,26.085,25.798,26.02,2415883
2013-10-11,26.03,26.122,26.002,26.113,2999703
2013-10-14,26.076,26.197,26.049,26.178,1564957
2013-10-15,26.141,26.224,26.141,26.151,1936493
2013-10-16,26.26,26.408,26.242,26.399,6535671
2013-10-17,26.464,26.648,26.445,26.621,2092560
2013-10-18,26.667,26.768,26.612,26.731,2825751
2013-10-21,26.684,26.777,26.684,26.75,1464240
2013-10-22,27.053,27.283,27.053,27.201,2384395
2013-10-23,27.118,27.173,27.053,27.127,2449868
2013-10-24,27.358,27.358,27.275,27.33,1702565
2013-10-25,27.376,27.422,27.312,27.376,1440418
2013-10-28,27.283,27.376,27.21,27.321,2212574
2013-10-29,27.33,27.386,27.256,27.358,3410522
2013-10-30,27.376,27.422,27.136,27.246,3377423
2013-10-31,27.173,27.182,27.026,27.062,2105728
2013-11-01,26.934,26.962,26.787,26.934,2413517
2013-11-04,26.989,27.089,26.952,27.082,1363835
2013-11-05,26.722,26.86,26.639,26.805,1642522
2013-11-06,27.006,27.127,26.97,27.006,1667624
2013-11-07,26.989,27.043,26.684,26.714,4181022
2013-11-08,26.648,26.841,26.612,26.824,1372169
2013-11-11,26.934,27.006,26.906,27.006,913979
2013-11-12,26.944,27.026,26.851,26.925,3080477
2013-11-13,26.658,27.082,26.602,27.053,1698018
2013-11-14,27.062,27.238,27.026,27.164,1597525
2013-11-15,27.293,27.358,27.238,27.358,8535427
2013-11-18,27.615,27.645,27.412,27.432,3160876
2013-11-19,27.45,27.553,27.403,27.487,1920161
2013-11-20,27.497,27.543,27.127,27.21,4235570
2013-11-21,27.339,27.432,27.283,27.412,1625912
2013-11-22,27.514,27.635,27.487,27.607,4826955
2013-11-25,27.745,27.782,27.69,27.736,2532091
2013-11-26,27.782,27.929,27.745,27.892,2107118
2013-11-27,27.985,28.077,27.975,28.021,2979989
2013-11-29,28.207,28.308,28.178,28.198,1638100
2013-12-02,28.152,28.188,28.05,28.077,2981353
2013-12-03,27.801,27.856,27.635,27.69,2945306
2013-12-04,27.246,27.497,27.246,27.442,4783413
2013-12-05,27.497,27.589,27.386,27.432,2510785
2013-12-06,27.699,27.856,27.653,27.819,2140766
2013-12-09,27.884,27.921,27.829,27.866,1284000
2013-12-10,27.745,27.846,27.662,27.718,1036163
2013-12-11,27.829,27.829,27.533,27.533,2378564
2013-12-12,27.412,27.478,27.321,27.366,1753219
2013-12-13,27.386,27.432,27.275,27.422,1345748
2013-12-16,27.837,27.902,27.745,27.829,2435338
2013-12-17,27.764,27.773,27.599,27.709,2554490
2013-12-18,27.892,28.215,27.69,28.077,7893992
2013-12-19,28.041,28.207,27.985,28.178,2310897
2013-12-20,28.281,28.429,28.281,28.354,2040863
2013-12-23,28.612,28.723,28.576,28.687,1888523
2013-12-24,28.714,28.844,28.622,28.815,1035832
2013-12-26,28.991,29.046,28.935,28.991,2763160
2013-12-27,29.101,29.157,29.038,29.064,2864427
2013-12-30,29.13,29.267,29.13,29.221,1310579
2013-12-31,29.267,29.453,29.231,29.295,2051861
2014-01-02,28.594,28.603,28.281,28.364,5027728
2014-01-03,28.364,28.409,28.262,28.271,2816744
2014-01-06,28.455,28.455,28.354,28.409,6501864
2014-01-07,28.511,28.567,28.446,28.511,2756679
2014-01-08,28.485,28.539,28.373,28.429,3259590
2014-01-09,28.485,28.501,28.198,28.364,2263908
2014-01-10,28.521,28.677,28.485,28.641,2179403
2014-01-13,28.576,28.641,28.4,28.455,2418513
2014-01-14,28.603,28.88,28.521,28.871,5430576
2014-01-15,29.009,29.277,29.0,29.259,2832371
2014-01-16,29.221,29.231,29.074,29.213,6505586
2014-01-17,29.074,29.139,28.899,28.954,3059333
2014-01-21,29.185,29.185,28.963,29.12,2578798
2014-01-22,29.093,29.11,28.982,29.038,2202328
2014-01-23,29.055,29.11,28.927,29.093,2104835
2014-01-24,28.668,28.677,28.124,28.152,3393867
2014-01-27,28.225,28.252,27.939,28.059,3476895
2014-01-28,28.244,28.446,28.234,28.409,3806067
2014-01-29,27.856,28.087,27.801,27.902,3903452
2014-01-30,28.068,28.087,27.856,28.031,2142782
2014-01-31,27.33,27.653,27.312,27.514,6257939
2014-02-03,27.497,27.553,27.036,27.062,4362425
2014-02-04,27.155,27.256,27.099,27.228,3016662
2014-02-05,27.182,27.275,27.136,27.246,2316151
2014-02-06,27.505,27.801,27.505,27.764,3538427
2014-02-07,27.875,28.105,27.791,28.087,3729598
2014-02-10,27.985,27.995,27.921,27.975,1079093
2014-02-11,28.234,28.612,28.215,28.567,5295184
2014-02-12,28.576,28.687,28.539,28.594,5144341
2014-02-13,28.594,29.028,28.585,29.028,2095432
2014-02-14,29.055,29.185,29.028,29.12,1422757
2014-02-18,29.277,29.295,29.13,29.25,3569503
2014-02-19,29.221,29.361,28.982,28.991,1893254
2014-02-20,28.861,29.074,28.815,29.046,1913954
2014-02-21,29.093,29.25,29.046,29.13,2489589
2014-02-24,29.11,29.387,29.11,29.277,3131501
2014-02-25,29.286,29.377,29.12,29.213,1631935
2014-02-26,29.064,29.11,28.927,29.009,1949969
2014-02-27,28.761,28.991,28.695,28.991,2594261
2014-02-28,29.185,29.433,29.12,29.25,6100705
2014-03-03,28.491,28.594,28.169,28.244,8317351
2014-03-04,28.935,28.991,28.798,28.88,6193921
2014-03-05,28.852,28.907,28.751,28.815,4251010
2014-03-06,29.046,29.12,28.991,29.038,3415812
2014-03-07,28.89,28.907,28.521,28.705,3282677
2014-03-10,28.455,28.491,28.142,28.382,3595692
2014-03-11,28.437,28.594,28.281,28.327,4545225
2014-03-12,28.013,28.234,27.929,28.142,4522420
2014-03-13,28.281,28.308,27.238,27.33,6470321
2014-03-14,27.432,27.837,27.422,27.625,7587315
2014-03-17,27.929,28.188,27.921,28.114,3207742
2014-03-18,28.207,28.491,28.207,28.373,6626838
2014-03-19,28.4,28.485,27.846,28.059,3899434
2014-03-20,27.829,28.169,27.791,28.096,2924782
2014-03-21,28.252,28.391,28.068,28.124,4570970
2014-03-24,28.198,28.252,27.782,28.021,3259307
2014-03-25,28.318,28.491,28.142,28.429,3040299
2014-03-26,28.668,28.723,28.485,28.501,8811248
2014-03-27,28.465,28.603,28.419,28.485,1908882
2014-03-28,28.807,28.927,28.798,28.871,1779039
2014-03-31,29.055,29.13,28.871,28.917,2271001
2014-04-01,29.148,29.185,29.028,29.13,2384525
2014-04-02,29.084,29.13,29.046,29.101,3934517
2014-04-03,29.11,29.175,28.917,28.991,5002184
2014-04-04,29.139,29.204,28.89,28.907,5844366
2014-04-07,28.761,28.798,28.491,28.603,2459455
2014-04-08,28.511,28.732,28.485,28.65,1267390
2014-04-09,28.871,29.028,28.723,29.0,2218146
2014-04-10,29.0,29.018,28.419,28.455,2740918
2014-04-11,28.225,28.491,28.188,28.215,2833586
2014-04-14,28.281,28.308,28.114,28.271,3370519
2014-04-15,28.132,28.198,27.533,27.892,5439068
2014-04-16,28.207,28.354,28.096,28.327,2494621
2014-04-17,28.567,28.705,28.429,28.612,2367120
2014-04-21,28.594,28.705,28.557,28.677,875933
2014-04-22,28.991,29.093,28.945,29.046,2426573
2014-04-23,29.064,29.084,28.907,28.945,4657962
2014-04-24,28.788,28.982,28.521,28.844,8218417
2014-04-25,28.658,28.714,28.429,28.53,10999366
2014-04-28,28.687,28.834,28.465,28.732,5014515
2014-04-29,28.945,29.084,28.88,28.991,2273300
2014-04-30,29.101,29.231,29.055,29.221,4050826
2014-05-01,29.166,29.315,29.157,29.259,1768563
2014-05-02,28.954,29.11,28.917,29.018,2312963
2014-05-05,28.732,29.009,28.603,28.982,1302872
2014-05-06,28.852,28.917,28.761,28.798,2556667
2014-05-07,28.972,29.11,28.815,29.064,2545886
2014-05-08,29.038,29.204,28.935,28.972,4419967
2014-05-09,28.927,28.972,28.798,28.899,1706742
2014-05-12,29.148,29.277,29.148,29.267,2473859
2014-05-13,29.315,29.323,29.194,29.24,3091541
2014-05-14,29.231,29.277,29.139,29.175,1961889
2014-05-15,29.101,29.101,28.824,29.009,11053156
2014-05-16,28.852,28.899,28.761,28.89,6502424
2014-05-19,28.89,29.018,28.852,28.954,1112829
2014-05-20,28.907,28.935,28.723,28.824,1681146
2014-05-21,28.907,29.038,28.899,29.028,4887541
2014-05-22,29.0,29.064,28.963,29.038,1169176
2014-05-23,29.028,29.148,29.028,29.11,1628758
2014-05-27,29.628,29.664,29.526,29.655,2519350
2014-05-28,29.517,29.554,29.407,29.462,1699527
2014-05-29,29.544,29.609,29.498,29.6,1859048
2014-05-30,29.609,29.674,29.554,29.646,3516026
2014-06-02,29.674,29.674,29.479,29.6,1102068
2014-06-03,29.517,29.573,29.479,29.479,4112169
2014-06-04,29.416,29.535,29.397,29.479,2829491
2014-06-05,29.535,29.747,29.433,29.747,3686908
2014-06-06,29.811,29.848,29.73,29.838,2213520
2014-06-09,29.71,29.776,29.664,29.73,1348207
2014-06-10,29.7,29.7,29.6,29.693,5311524
2014-06-11,29.471,29.508,29.416,29.433,1649041
2014-06-12,29.433,29.517,29.369,29.423,3264037
2014-06-13,29.341,29.433,29.25,29.315,5820568
2014-06-16,29.361,29.453,29.332,29.369,3030389
2014-06-17,29.286,29.433,29.286,29.416,4296169
2014-06-18,29.479,29.7,29.423,29.674,6102445
2014-06-19,29.82,29.866,29.73,29.747,3049709
2014-06-20,29.776,29.776,29.618,29.693,2686364
2014-06-23,29.544,29.59,29.423,29.526,3653314
2014-06-24,29.544,29.563,29.416,29.453,4933569
2014-06-25,29.331,29.481,29.321,29.444,3543056
2014-06-26,29.303,29.331,28.954,29.256,3589021
2014-06-27,29.217,29.377,29.18,29.377,1356223
2014-06-30,29.377,29.491,29.34,29.434,5420047
2014-07-01,29.463,29.689,29.444,29.585,5558796
2014-07-02,29.547,29.604,29.5,29.557,3549767
2014-07-03,29.707,29.848,29.689,29.829,2386879
2014-07-07,29.557,29.594,29.387,29.444,3170299
2014-07-08,29.2,29.227,28.973,29.077,4345173
2014-07-09,29.077,29.247,29.067,29.217,3556862
2014-07-10,28.653,28.813,28.615,28.795,5123240
2014-07-11,28.682,28.766,28.606,28.747,3209454
2014-07-14,29.095,29.152,29.03,29.058,4076010
2014-07-15,29.04,29.067,28.729,28.851,7334087
2014-07-16,29.171,29.171,29.058,29.124,3657420
2014-07-17,28.917,29.087,28.625,28.672,5801025
2014-07-18,28.615,28.832,28.597,28.785,2340864
2014-07-21,28.465,28.522,28.38,28.475,2505105
2014-07-22,28.615,28.662,28.559,28.597,4101483
2014-07-23,28.804,28.804,28.653,28.672,3912834
2014-07-24,28.822,28.842,28.719,28.766,4098898
2014-07-25,28.597,28.615,28.258,28.362,2391184
2014-07-28,28.258,28.295,28.004,28.248,3218308
2014-07-29,28.352,28.399,28.192,28.202,1608806
2014-07-30,28.22,28.268,27.975,28.098,3104039
2014-07-31,27.674,27.73,27.383,27.43,5841511
2014-08-01,27.11,27.288,26.894,26.978,6142144
2014-08-04,27.053,27.11,26.819,27.062,6071506
2014-08-05,26.913,26.932,26.573,26.63,4621980
2014-08-06,26.442,26.772,26.423,26.677,6658611
2014-08-07,26.733,26.772,26.263,26.348,7623087
2014-08-08,26.442,26.733,26.366,26.706,6610676
2014-08-11,26.856,26.96,26.819,26.866,9918727
2014-08-12,26.63,26.659,26.479,26.593,4244567
2014-08-13,26.856,26.987,26.8,26.913,4929540
2014-08-14,27.082,27.119,27.005,27.053,5821849
2014-08-15,27.288,27.317,26.565,26.838,19562581
2014-08-18,27.025,27.119,26.987,27.119,4013221
2014-08-19,27.25,27.26,27.185,27.242,8284902
2014-08-20,26.951,27.147,26.932,27.09,13907002
2014-08-21,27.185,27.326,27.166,27.27,6494129
2014-08-22,27.213,27.232,26.922,27.1,3062983
2014-08-25,27.27,27.467,27.232,27.392,5171298
2014-08-26,27.533,27.674,27.514,27.57,7166005
2014-08-27,27.646,27.665,27.514,27.57,2644795
2014-08-28,27.185,27.307,27.119,27.297,5115472
2014-08-29,27.223,27.242,27.015,27.213,2605197
2014-09-02,27.307,27.317,27.147,27.25,2782771
2014-09-03,27.684,27.703,27.553,27.627,5480758
2014-09-04,27.457,27.59,27.363,27.467,4531757
2014-09-05,27.608,27.684,27.504,27.656,2940748
2014-09-08,27.524,27.58,27.336,27.401,3717501
2014-09-09,27.336,27.43,27.288,27.392,5721184
2014-09-10,27.28,27.43,27.242,27.41,2942419
2014-09-11,27.242,27.373,27.223,27.345,3307132
2014-09-12,27.242,27.345,27.128,27.25,6814733
2014-09-15,27.28,27.336,27.232,27.28,1589029
2014-09-16,27.11,27.42,27.1,27.363,2323459
2014-09-17,27.373,27.486,27.157,27.213,3103686
2014-09-18,27.467,27.58,27.448,27.553,3918001
2014-09-19,27.553,27.561,27.383,27.392,1515284
2014-09-22,27.43,27.457,27.203,27.288,5663830
2014-09-23,27.015,27.147,26.838,26.884,4415325
2014-09-24,26.781,26.987,26.706,26.969,3654823
2014-09-25,26.762,26.762,26.329,26.366,3229797
2014-09-26,26.358,26.423,26.244,26.404,3097721
2014-09-29,26.018,26.141,25.991,26.122,3231039
2014-09-30,25.934,26.159,25.887,26.066,8201350
2014-10-01,25.924,25.944,25.661,25.745,3241725
2014-10-02,25.745,25.793,25.331,25.52,3670035
2014-10-03,25.303,25.473,25.284,25.434,6964933
2014-10-06,25.444,25.464,25.152,25.378,4881180
2014-10-07,25.199,25.237,24.936,24.946,3488942
2014-10-08,24.973,25.397,24.842,25.369,6407657
2014-10-09,25.191,25.247,24.626,24.701,5160134
2014-10-10,24.419,24.522,24.154,24.202,7895494
2014-10-13,24.503,24.589,24.202,24.211,3756153
2014-10-14,24.419,24.503,24.249,24.343,4150291
2014-10-15,24.146,24.23,23.705,24.184,7004217
2014-10-16,23.553,24.211,23.525,24.015,5071579
2014-10-17,24.484,24.719,24.399,24.616,4926899
2014-10-20,24.296,24.559,24.287,24.549,2326585
2014-10-21,24.644,24.909,24.635,24.879,4563225
2014-10-22,24.813,24.842,24.494,24.503,3752355
2014-10-23,24.852,25.096,24.813,24.983,6498315
2014-10-24,24.964,25.012,24.861,24.983,5924835
2014-10-27,24.626,24.917,24.532,24.786,3427673
2014-10-28,25.171,25.378,25.152,25.359,6121618
2014-10-29,25.444,25.52,24.992,25.115,6961872
2014-10-30,24.842,25.313,24.813,25.256,3113445
2014-10-31,25.464,25.641,25.416,25.624,6059873
2014-11-03,25.426,25.464,25.247,25.351,4245167
2014-11-04,25.331,25.369,25.162,25.294,2955456
2014-11-05,25.491,25.501,25.303,25.426,1672484
2014-11-06,25.548,25.68,25.322,25.454,4314121
2014-11-07,25.274,25.359,25.124,25.303,3771086
2014-11-10,25.416,25.444,25.284,25.407,1842954
2014-11-11,25.464,25.594,25.359,25.567,3918791
2014-11-12,25.134,25.247,25.086,25.171,3681857
2014-11-13,25.162,25.378,25.143,25.303,3983399
2014-11-14,25.124,25.397,25.106,25.331,7141254
2014-11-17,25.266,25.444,25.219,25.397,2590057
2014-11-18,25.849,26.047,25.821,26.018,3957971
2014-11-19,26.094,26.169,25.896,26.028,2069983
2014-11-20,25.821,26.075,25.821,26.037,2523184
2014-11-21,26.376,26.452,26.236,26.329,4903187
2014-11-24,26.649,26.706,26.565,26.696,3711038
2014-11-25,26.846,26.987,26.838,26.913,6179072
2014-11-26,27.015,27.203,27.005,27.194,4893794
2014-11-28,27.175,27.185,27.072,27.09,3901322
2014-12-01,27.194,27.232,27.09,27.119,2945799
2014-12-02,26.978,27.005,26.876,26.987,1955496
2014-12-03,26.846,26.922,26.809,26.884,1934374
2014-12-04,26.838,26.941,26.677,26.819,2794685
2014-12-05,26.932,27.128,26.894,27.062,2991471
2014-12-08,26.819,26.987,26.819,26.866,3133250
2014-12-09,26.622,26.781,26.536,26.706,4295083
2014-12-10,26.725,26.733,26.452,26.461,11911513
2014-12-11,26.602,26.809,26.526,26.573,3854023
2014-12-12,26.461,26.565,25.991,26.009,3923609
2014-12-15,26.198,26.236,25.407,25.416,6095751
2014-12-16,25.434,26.151,25.416,25.774,6313539
2014-12-17,25.858,26.273,25.811,26.066,5690523
2014-12-18,26.244,26.47,26.198,26.452,4141539
2014-12-19,26.169,26.386,26.066,26.188,4737262
2014-12-22,26.499,26.526,26.366,26.499,2334954
2014-12-23,26.442,26.461,26.319,26.366,6551165
2014-12-24,26.376,26.573,26.376,26.509,1731738
2014-12-26,26.556,26.622,26.509,26.518,693039
2014-12-29,26.31,26.47,26.301,26.358,3588655
2014-12-30,26.198,26.207,25.991,26.028,4937500
2014-12-31,26.075,26.084,25.717,25.793,2607908
2015-01-02,25.784,25.877,25.594,25.671,4316234
2015-01-05,25.124,25.134,24.701,24.776,4207665
2015-01-06,24.909,25.115,24.653,24.672,3845571
2015-01-07,24.749,24.936,24.559,24.879,4020515
2015-01-08,25.03,25.464,25.002,25.351,3798674
2015-01-09,25.378,25.388,24.955,25.171,2595089
2015-01-12,25.313,25.407,25.012,25.322,3334642
2015-01-13,25.651,25.727,25.199,25.434,5159293
2015-01-14,25.397,25.577,25.303,25.501,8736243
2015-01-15,25.585,25.633,25.388,25.454,4630324
2015-01-16,25.454,26.151,25.378,26.056,7374386
2015-01-20,26.075,26.103,25.915,26.037,19955701
2015-01-21,25.953,26.216,25.868,26.207,12024659
2015-01-22,26.028,26.292,25.849,26.159,9496860
2015-01-23,26.169,26.386,26.122,26.122,5097941
2015-01-26,26.499,26.838,26.423,26.762,3960321
2015-01-27,26.526,26.649,26.423,26.546,7205478
2015-01-28,26.573,26.772,26.188,26.207,6614808
2015-01-29,26.593,26.866,26.526,26.856,4813773
2015-01-30,26.526,26.669,26.339,26.396,6657008
2015-02-02,26.64,27.025,26.573,26.978,3852359
2015-02-03,27.25,27.553,27.242,27.496,6315668
2015-02-04,27.185,27.345,26.969,27.043,9901334
2015-02-05,27.213,27.467,27.119,27.457,9189035
2015-02-06,26.951,27.035,26.696,26.762,5606676
2015-02-09,26.348,26.536,26.339,26.452,4467912
2015-02-10,26.669,26.846,26.518,26.772,4669549
2015-02-11,26.696,26.762,26.499,26.677,5624693
2015-02-12,27.213,27.486,27.203,27.477,3803545
2015-02-13,27.44,27.504,27.363,27.467,6285428
2015-02-17,27.232,27.401,27.082,27.336,4368471
2015-02-18,27.326,27.496,27.232,27.41,4874911
2015-02-19,27.373,27.504,27.297,27.383,14629927
2015-02-20,27.213,27.91,27.157,27.76,7462139
2015-02-23,27.656,27.74,27.58,27.684,2336920
2015-02-24,27.656,27.957,27.561,27.91,3445209
2015-02-25,27.872,27.957,27.806,27.919,6768903
2015-02-26,27.797,27.9,27.74,27.834,3966828
2015-02-27,27.825,28.05,27.75,27.947,4134234
2015-03-02,28.042,28.079,27.928,28.06,4734795
2015-03-03,27.919,27.975,27.646,27.75,3910451
2015-03-04,27.561,27.712,27.373,27.684,5453186
2015-03-05,27.768,27.872,27.684,27.768,8613258
2015-03-06,27.486,27.608,27.307,27.326,6326839
2015-03-09,27.486,27.617,27.42,27.57,18621110
2015-03-10,27.035,27.185,26.932,26.969,7301981
2015-03-11,27.119,27.392,27.062,27.297,8277335
2015-03-12,27.373,27.553,27.336,27.543,6382950
2015-03-13,27.25,27.514,27.11,27.467,5682094
2015-03-16,27.975,28.286,27.928,28.164,6775196
2015-03-17,27.91,27.938,27.712,27.853,4556259
2015-03-18,27.665,28.286,27.646,28.182,9409440
2015-03-19,27.712,27.834,27.543,27.73,9067354
2015-03-20,28.475,28.682,28.342,28.475,7377008
2015-03-23,28.455,28.54,28.305,28.428,4551584
2015-03-24,28.569,28.729,28.475,28.588,4481763
2015-03-25,28.766,28.785,28.418,28.428,5653400
2015-03-26,28.135,28.315,27.872,28.239,4409180
2015-03-27,28.248,28.418,28.107,28.325,3148064
2015-03-30,28.597,28.672,28.522,28.569,3044556
2015-03-31,28.107,28.286,28.022,28.079,10130819
2015-04-01,28.428,28.465,28.173,28.325,4731287
2015-04-02,28.485,28.597,28.399,28.54,6016421
2015-04-06,28.738,29.02,28.597,28.813,4291964
2015-04-07,28.738,28.86,28.578,28.588,4661828
2015-04-08,28.691,28.719,28.371,28.485,3576653
2015-04-09,28.475,28.531,28.332,28.465,2765049
2015-04-10,28.709,28.757,28.644,28.747,2895563
2015-04-13,28.635,28.682,28.362,28.446,4797176
2015-04-14,28.597,28.644,28.502,28.578,2847316
2015-04-15,28.662,28.7,28.332,28.569,3830595
2015-04-16,28.352,28.371,28.107,28.258,6177297
2015-04-17,27.777,27.825,27.514,27.656,7583918
2015-04-20,27.919,28.032,27.834,27.882,3476255
2015-04-21,28.145,28.192,28.022,28.126,4421336
2015-04-22,27.995,28.013,27.721,27.975,2784327
2015-04-23,27.665,27.975,27.561,27.882,10338779
2015-04-24,27.947,28.145,27.74,28.032,3391987
2015-04-27,28.475,28.682,28.446,28.502,4284524
2015-04-28,28.342,28.409,28.155,28.342,4282827
2015-04-29,28.07,28.155,27.74,27.882,9056088
2015-04-30,28.013,28.126,27.825,27.872,10714021
2015-05-01,28.07,28.248,27.957,28.229,3218309
2015-05-04,28.239,28.352,28.192,28.211,5990704
2015-05-05,27.957,28.022,27.608,27.674,4031068
2015-05-06,27.995,28.182,27.806,28.013,11957921
2015-05-07,27.957,28.088,27.853,27.967,3694630
2015-05-08,28.325,28.7,28.315,28.588,4711202
2015-05-11,28.315,28.409,28.192,28.239,4706314
2015-05-12,28.145,28.229,27.967,28.079,2824053
2015-05-13,28.248,28.38,27.975,28.013,4512598
2015-05-14,28.531,28.757,28.446,28.738,5552868
2015-05-15,28.522,28.682,28.399,28.662,2153923
2015-05-18,28.597,28.738,28.502,28.662,1774597
2015-05-19,28.597,28.86,28.597,28.738,3410021
2015-05-20,28.653,28.813,28.569,28.7,4429344
2015-05-21,28.653,28.842,28.635,28.775,3404176
2015-05-22,28.492,28.492,28.362,28.399,5834485
2015-05-26,27.89,27.9,27.524,27.617,5905989
2015-05-27,27.533,28.013,27.486,27.975,5724921
2015-05-28,27.844,27.91,27.59,27.89,3056774
2015-05-29,27.665,27.684,27.288,27.392,5354567
2015-06-01,27.383,27.43,27.09,27.307,3798480
2015-06-02,27.496,27.74,27.383,27.553,4380126
2015-06-03,27.872,28.173,27.863,27.985,4597704
2015-06-04,27.9,28.173,27.533,27.627,6941085
2015-06-05,27.11,27.354,26.96,27.119,5381772
2015-06-08,27.072,27.203,26.978,27.09,6252981
2015-06-09,26.894,27.09,26.725,26.951,4236152
2015-06-10,27.496,27.882,27.43,27.815,5121672
2015-06-11,27.938,28.042,27.627,27.806,19387967
2015-06-12,27.336,27.59,27.128,27.477,4608119
2015-06-15,26.856,27.128,26.829,27.1,3345302
2015-06-16,26.894,27.138,26.829,27.1,2822131
2015-06-17,27.062,27.138,26.686,26.997,5655100
2015-06-18,27.138,28.004,27.128,27.543,10606901
2015-06-19,27.345,27.401,27.175,27.27,4160613
2015-06-22,28.107,28.436,28.07,28.202,12294164
2015-06-23,28.155,28.258,28.07,28.135,10362606
2015-06-24,27.9,28.013,27.787,27.815,14993127
2015-06-25,27.984,28.004,27.725,27.926,4169249
2015-06-26,28.022,28.137,27.831,28.042,5192362
2015-06-29,27.218,27.362,26.836,26.913,12225568
2015-06-30,27.151,27.151,26.549,26.692,22488749
2015-07-01,27.122,27.199,26.788,26.922,4180545
2015-07-02,26.969,26.969,26.74,26.836,6206791
2015-07-06,26.165,26.501,26.032,26.175,9520602
2015-07-07,25.84,26.29,25.485,26.261,17003573
2015-07-08,25.955,26.06,25.783,25.859,6264865
2015-07-09,26.443,26.577,26.328,26.366,5285219
2015-07-10,27.544,27.678,27.409,27.658,7199073
2015-07-13,27.572,27.64,27.486,27.563,9167975
2015-07-14,27.515,27.697,27.496,27.649,11592855
2015-07-15,27.582,27.63,27.4,27.544,5537733
2015-07-16,27.841,27.936,27.745,27.764,4026063
2015-07-17,27.697,27.697,27.563,27.63,7497595
2015-07-20,27.812,27.841,27.716,27.764,8330277
2015-07-21,27.658,27.716,27.592,27.658,7736683
2015-07-22,27.352,27.477,27.314,27.467,2183965
2015-07-23,27.534,27.64,27.419,27.439,5823141
2015-07-24,27.343,27.409,27.017,27.045,8849399
2015-07-27,26.922,26.951,26.682,26.74,5926757
2015-07-28,26.932,27.084,26.76,27.036,2667782
2015-07-29,26.998,27.19,26.951,27.017,5033074
2015-07-30,26.788,26.893,26.577,26.865,2729826
2015-07-31,27.17,27.314,27.055,27.122,7464066
2015-08-03,27.4,27.448,27.208,27.314,3846828
2015-08-04,27.391,27.477,27.256,27.304,1864659
2015-08-05,27.592,27.687,27.534,27.61,4322494
2015-08-06,27.697,27.725,27.524,27.62,2104567
2015-08-07,27.4,27.554,27.362,27.534,3262004
2015-08-10,27.582,27.918,27.582,27.898,1880326
2015-08-11,27.4,27.429,27.132,27.266,4101334
2015-08-12,26.855,26.979,26.606,26.979,11450437
2015-08-13,26.817,26.913,26.76,26.817,7126689
2015-08-14,26.788,26.922,26.692,26.875,9008686
2015-08-17,26.424,26.635,26.366,26.625,14972733
2015-08-18,26.434,26.463,26.271,26.328,4540484
2015-08-19,25.994,26.185,25.869,26.051,12912855
2015-08-20,25.888,25.897,25.304,25.332,10032619
2015-08-21,25.409,25.638,24.834,24.902,15009081
2015-08-24,24.47,25.16,23.964,24.538,21555352
2015-08-25,25.457,25.467,24.633,24.709,12483874
2015-08-26,25.284,25.352,24.777,25.352,11930181
2015-08-27,25.409,25.562,25.266,25.505,10266590
2015-08-28,25.266,25.323,25.121,25.236,3661737
2015-08-31,25.17,25.323,25.055,25.218,8701392
2015-09-01,24.739,24.777,24.528,24.604,4985549
2015-09-02,24.92,24.95,24.709,24.94,4742386
2015-09-03,25.103,25.294,24.959,25.016,5821575
2015-09-04,24.499,24.595,24.375,24.49,4913373
2015-09-08,25.294,25.399,25.141,25.371,5236336
2015-09-09,25.533,25.543,24.978,25.007,3183978
2015-09-10,25.103,25.437,25.055,25.352,3805205
2015-09-11,25.112,25.361,25.093,25.352,3984805
2015-09-14,25.189,25.294,25.083,25.227,2701729
2015-09-15,25.208,25.361,25.151,25.342,3671764
2015-09-16,25.313,25.437,25.208,25.437,2155450
2015-09-17,25.437,25.792,25.361,25.6,11003937
2015-09-18,24.834,24.95,24.633,24.662,5689339
2015-09-21,24.538,24.604,24.355,24.48,3121726
2015-09-22,23.648,23.715,23.38,23.552,5998619
2015-09-23,23.686,23.763,23.457,23.562,13298293
2015-09-24,23.312,23.571,23.188,23.513,14964633
2015-09-25,23.753,23.868,23.552,23.648,7243883
2015-09-28,23.437,23.437,23.264,23.294,5521096
2015-09-29,23.255,23.418,23.141,23.38,4872010
2015-09-30,23.801,23.849,23.485,23.686,8444443
2015-10-01,23.571,23.619,23.236,23.485,16098400
2015-10-02,23.418,23.801,23.284,23.801,3342745
2015-10-05,24.154,24.25,24.069,24.212,1995602
2015-10-06,24.307,24.508,24.289,24.413,2698072
2015-10-07,24.709,24.815,24.528,24.709,2404474
2015-10-08,24.614,24.95,24.595,24.93,4424961
2015-10-09,25.112,25.16,25.016,25.141,5653199
2015-10-12,25.093,25.208,25.073,25.121,1723879
2015-10-13,24.787,25.065,24.777,24.892,5622178
2015-10-14,24.968,25.065,24.825,24.94,1619095
2015-10-15,25.045,25.256,25.007,25.236,1609067
2015-10-16,25.065,25.16,25.007,25.121,1155959
2015-10-19,25.16,25.179,25.073,25.151,3116192
2015-10-20,25.141,25.208,25.112,25.141,1426801
2015-10-21,25.399,25.457,25.208,25.208,1756552
2015-10-22,25.39,25.715,25.38,25.61,6462485
2015-10-23,25.994,26.089,25.888,26.041,4550719
2015-10-26,26.079,26.108,25.955,26.041,1124832
2015-10-27,25.869,25.916,25.715,25.783,1894009
2015-10-28,25.994,26.252,25.706,25.974,8842193
2015-10-29,25.792,25.916,25.735,25.897,2652532
2015-10-30,25.955,26.137,25.926,25.955,4063142
2015-11-02,26.358,26.414,26.3,26.348,2678417
2015-11-03,26.089,26.233,26.002,26.165,2677368
2015-11-04,25.907,25.916,25.582,25.706,3883460
2015-11-05,25.859,25.897,25.648,25.763,2896635
2015-11-06,25.725,25.801,25.562,25.773,2712905
2015-11-09,25.582,25.591,25.246,25.352,4001285
2015-11-10,25.17,25.323,25.112,25.284,3722424
2015-11-11,25.485,25.514,25.304,25.361,3677301
2015-11-12,25.189,25.39,25.131,25.189,5519293
2015-11-13,25.007,25.045,24.815,24.94,3582668
2015-11-16,24.968,25.151,24.92,25.141,3759190
2015-11-17,25.323,25.429,25.189,25.256,8686038
2015-11-18,25.429,25.6,25.342,25.562,4406683
2015-11-19,25.821,25.964,25.783,25.831,4896453
2015-11-20,25.916,25.955,25.696,25.715,6788581
2015-11-23,25.658,25.715,25.485,25.582,3024691
2015-11-24,25.274,25.447,25.208,25.409,2825712
2015-11-25,25.638,25.84,25.61,25.744,2671437
2015-11-27,25.964,26.051,25.946,26.012,2042434
2015-11-30,26.165,26.213,26.079,26.089,5041221
2015-12-01,26.195,26.204,25.964,26.108,10137863
2015-12-02,25.84,25.897,25.638,25.687,9465199
2015-12-03,25.773,25.801,25.399,25.533,21265187
2015-12-04,25.447,25.811,25.437,25.783,6405142
2015-12-07,25.821,25.869,25.687,25.84,5104518
2015-12-08,25.371,25.476,25.246,25.39,3312861
2015-12-09,25.38,25.591,25.103,25.274,6861384
2015-12-10,25.342,25.457,25.246,25.284,2687105
2015-12-11,24.863,24.92,24.662,24.681,6271026
2015-12-14,24.749,24.815,24.423,24.652,8815292
2015-12-15,24.968,25.055,24.834,24.93,7550447
2015-12-16,25.16,25.437,24.978,25.352,9375937
2015-12-17,25.543,25.562,25.256,25.274,6490583
2015-12-18,25.093,25.16,24.959,24.978,7773450
2015-12-21,25.419,25.447,25.007,25.151,3794077
2015-12-22,25.17,25.284,25.035,25.256,6106325
2015-12-23,25.38,25.648,25.38,25.648,2493871
2015-12-24,25.638,25.715,25.63,25.648,930094
2015-12-28,25.572,25.63,25.447,25.591,1907514
2015-12-29,25.754,25.921,25.725,25.888,2098318
2015-12-30,25.62,25.638,25.467,25.485,2552427
2015-12-31,25.304,25.347,25.055,25.073,7029619
2016-01-04,24.508,24.533,24.149,24.47,6203771
2016-01-05,24.231,24.289,24.022,24.24,8433043
2016-01-06,23.734,24.022,23.686,23.964,7700973
2016-01-07,23.485,23.744,23.427,23.485,13624965
2016-01-08,23.782,23.811,23.207,23.255,6652504
2016-01-11,23.628,23.638,23.255,23.437,8260423
2016-01-12,23.829,23.877,23.571,23.811,9435274
2016-01-13,23.791,23.839,23.141,23.217,6818253
2016-01-14,23.264,23.581,23.093,23.485,12413904
2016-01-15,22.661,22.882,22.513,22.604,11726868
2016-01-19,22.978,23.073,22.729,22.9,8176526
2016-01-20,22.537,22.584,22.077,22.489,8098222
2016-01-21,22.489,22.834,22.288,22.719,8749969
2016-01-22,23.101,23.217,23.016,23.149,15096935
2016-01-25,23.044,23.149,22.92,22.948,5941371
2016-01-26,23.093,23.399,23.088,23.389,5090190
2016-01-27,23.303,23.562,23.154,23.226,13679562
2016-01-28,23.303,23.342,22.93,23.131,5704843
2016-01-29,23.035,23.303,22.996,23.294,7243694
2016-02-01,23.073,23.327,22.996,23.274,4452296
2016-02-02,22.978,22.996,22.642,22.69,8457422
2016-02-03,22.958,23.131,22.619,23.121,9459572
2016-02-04,22.853,23.149,22.777,23.035,13030299
2016-02-05,22.948,22.996,22.518,22.594,5536317
2016-02-08,21.991,22.106,21.848,22.029,12106314
2016-02-09,21.703,22.115,21.703,21.991,12548212
2016-02-10,22.25,22.326,22.029,22.058,10143154
2016-02-11,21.953,21.981,21.723,21.895,16932177
2016-02-12,21.953,22.144,21.818,22.135,12191840
2016-02-16,22.383,22.441,22.159,22.441,3674571
2016-02-17,22.69,22.973,22.69,22.92,7437678
2016-02-18,23.093,23.093,22.891,22.948,9805903
2016-02-19,22.747,22.91,22.671,22.872,5235305
2016-02-22,23.006,23.14,23.006,23.111,2971501
2016-02-23,22.93,22.958,22.652,22.69,4106262
2016-02-24,22.115,22.421,22.01,22.403,7699116
2016-02-25,22.527,22.652,22.403,22.652,4154058
2016-02-26,22.805,22.834,22.604,22.642,4213431
2016-02-29,22.479,22.576,22.345,22.365,4266799
2016-03-01,22.891,23.222,22.844,23.193,5250655
2016-03-02,23.025,23.198,22.958,23.188,4535590
2016-03-03,23.217,23.427,23.169,23.418,3266484
2016-03-04,23.523,23.648,23.47,23.513,6511855
2016-03-07,23.226,23.543,23.202,23.447,8861046
2016-03-08,23.447,23.457,23.207,23.207,4433635
2016-03-09,23.37,23.399,23.246,23.303,5045734
2016-03-10,23.581,23.807,22.996,23.217,25588646
2016-03-11,23.782,24.06,23.753,24.04,10359579
2016-03-14,24.135,24.231,24.069,24.164,4090393
2016-03-15,24.012,24.079,23.945,24.06,3044505
2016-03-16,24.012,24.475,24.007,24.432,5094240
2016-03-17,24.289,24.451,24.192,24.423,5099225
2016-03-18,24.403,24.513,24.36,24.461,8456385
2016-03-21,24.393,24.508,24.337,24.432,6303591
2016-03-22,24.212,24.485,24.192,24.432,3756049
2016-03-23,24.556,24.556,24.307,24.346,3578398
2016-03-24,24.022,24.145,23.983,24.098,2409500
2016-03-28,24.231,24.24,24.107,24.164,1997147
2016-03-29,24.022,24.499,24.007,24.499,3533771
2016-03-30,24.854,24.997,24.777,24.825,4653696
2016-03-31,24.787,24.872,24.633,24.633,4541218
2016-04-01,24.135,24.461,24.098,24.432,5997924
2016-04-04,24.461,24.518,24.298,24.317,5043382
2016-04-05,23.829,23.879,23.724,23.744,3410791
2016-04-06,23.705,24.088,23.705,24.079,2826065
2016-04-07,23.791,23.829,23.485,23.552,10266389
2016-04-08,24.03,24.069,23.877,23.954,11311962
2016-04-11,24.202,24.327,24.04,24.04,3051870
2016-04-12,24.145,24.385,23.981,24.346,3679889
2016-04-13,24.595,24.719,24.543,24.643,2841790
2016-04-14,24.796,24.806,24.714,24.729,3379627
2016-04-15,24.767,24.796,24.662,24.701,3542551
2016-04-18,24.691,25.026,24.681,24.978,4332004
2016-04-19,25.524,25.653,25.5,25.62,3849479
2016-04-20,25.638,25.744,25.543,25.638,3547227
2016-04-21,25.658,25.682,25.467,25.533,4245663
2016-04-22,25.39,25.476,25.294,25.399,4554489
2016-04-25,25.208,25.284,25.131,25.274,6280242
2016-04-26,25.323,25.361,25.179,25.294,2801129
2016-04-27,25.323,25.487,25.284,25.437,8082185
2016-04-28,25.189,25.437,25.166,25.256,6846892
2016-04-29,25.189,25.246,25.024,25.112,7991450
2016-05-02,25.342,25.429,25.266,25.399,2619164
2016-05-03,25.073,25.093,24.892,24.93,6503292
2016-05-04,24.681,24.787,24.556,24.614,9678125
2016-05-05,24.461,24.513,24.385,24.461,6677190
2016-05-06,24.432,24.643,24.432,24.633,8888773
2016-05-09,24.825,24.892,24.701,24.719,3941441
2016-05-10,24.854,24.992,24.815,24.978,5704196
2016-05-11,24.787,24.94,24.714,24.757,8385940
2016-05-12,24.825,24.856,24.413,24.518,10383708
2016-05-13,24.442,24.586,24.298,24.365,5463464
2016-05-16,24.403,24.571,24.317,24.538,4233087
2016-05-17,24.442,24.528,24.225,24.25,4592769
2016-05-18,24.192,24.499,24.135,24.26,6900353
2016-05-19,23.983,24.061,23.906,24.03,4973593
2016-05-20,24.212,24.289,24.164,24.231,6274382
2016-05-23,24.05,24.145,24.03,24.107,6894690
2016-05-24,24.289,24.561,24.289,24.508,7601318
2016-05-25,24.701,24.815,24.701,24.749,4150547
2016-05-26,25.035,25.065,24.915,24.968,2574046
2016-05-27,24.93,24.978,24.827,24.892,1758891
2016-05-31,25.016,25.093,24.757,24.844,4831579
2016-06-01,24.719,24.882,24.686,24.854,3989610
2016-06-02,24.767,24.897,24.705,24.892,4632049
2016-06-03,24.95,25.026,24.782,24.997,3172785
2016-06-06,25.007,25.117,24.968,25.045,3473938
2016-06-07,25.39,25.447,25.332,25.342,5166061
2016-06-08,25.371,25.409,25.284,25.361,1451730
2016-06-09,24.872,24.959,24.815,24.902,3917151
2016-06-10,24.25,24.298,23.983,24.079,6838125
2016-06-13,23.744,23.974,23.628,23.696,5174836
2016-06-14,23.457,23.533,23.241,23.418,9739466
2016-06-15,23.533,23.724,23.465,23.495,5495983
2016-06-16,23.093,23.666,22.9,23.638,5743598
2016-06-17,23.696,23.906,23.552,23.868,9708754
2016-06-20,24.614,24.658,24.442,24.442,13368300
2016-06-21,24.604,24.815,24.451,24.643,6709223
2016-06-22,24.881,24.93,24.675,24.734,10421439
2016-06-23,25.274,25.607,25.087,25.529,11843428
2016-06-24,23.087,23.567,22.969,23.038,47510494
2016-06-27,22.567,22.577,22.076,22.478,12028558
2016-06-28,22.94,23.007,22.694,22.94,16817404
2016-06-29,23.244,23.293,23.116,23.253,11858997
2016-06-30,23.273,23.616,23.18,23.587,14581154
2016-07-01,23.734,23.813,23.656,23.656,23041839
2016-07-05,23.224,23.263,22.865,22.92,17042990
2016-07-06,22.635,22.87,22.449,22.856,9459362
2016-07-07,22.832,22.92,22.577,22.684,13517486
2016-07-08,23.155,23.244,23.096,23.195,9576225
2016-07-11,23.597,23.715,23.548,23.567,6881720
2016-07-12,24.068,24.117,23.93,23.94,9005292
2016-07-13,24.068,24.135,23.95,23.979,3723538
2016-07-14,24.341,24.459,24.312,24.351,8734262
2016-07-15,24.263,24.283,24.175,24.253,10003195
2016-07-18,24.175,24.381,24.107,24.263,3046721
2016-07-19,23.979,24.024,23.901,23.989,3348476
2016-07-20,24.263,24.351,24.209,24.292,2123983
2016-07-21,24.322,24.415,24.273,24.312,6218121
2016-07-22,24.361,24.386,24.234,24.302,3366358
2016-07-25,24.449,24.498,24.322,24.41,2667118
2016-07-26,24.518,24.626,24.459,24.587,5933338
2016-07-27,24.754,24.871,24.587,24.812,4352101
2016-07-28,24.911,24.96,24.803,24.93,5000256
2016-07-29,25.038,25.19,25.018,25.156,2508757
2016-08-01,25.067,25.2,24.999,25.058,2606710
2016-08-02,24.92,24.92,24.754,24.822,8107080
2016-08-03,24.685,24.803,24.675,24.803,1775298
2016-08-04,24.783,24.842,24.714,24.812,1814611
2016-08-05,24.861,25.048,24.832,25.018,2424304
2016-08-08,25.156,25.185,25.107,25.146,2962951
2016-08-09,25.411,25.851,25.411,25.764,3981049
2016-08-10,25.901,25.941,25.862,25.872,1907148
2016-08-11,26.019,26.127,25.97,26.018,3371774
2016-08-12,26.078,26.117,25.98,25.99,3297056
2016-08-15,26.127,26.196,26.103,26.107,2645153
2016-08-16,26.147,26.264,26.107,26.147,6253720
2016-08-17,25.911,26.098,25.789,26.029,5206672
2016-08-18,26.049,26.225,26.029,26.225,1759281
2016-08-19,25.941,26.058,25.852,26.049,2407167
2016-08-22,25.793,25.95,25.749,25.921,1980050
2016-08-23,26.127,26.206,26.039,26.058,1872928
2016-08-24,26.039,26.089,25.943,25.97,1459620
2016-08-25,25.833,25.896,25.784,25.823,1518675
2016-08-26,25.882,26.176,25.538,25.646,5011583
2016-08-29,25.587,25.784,25.587,25.764,4959519
2016-08-30,25.882,25.941,25.784,25.823,2819521
2016-08-31,25.764,25.833,25.641,25.705,1492192
2016-09-01,25.744,25.813,25.587,25.793,7031551
2016-09-02,25.97,26.078,25.843,26.029,2707610
2016-09-06,26.078,26.232,26.039,26.176,2306009
2016-09-07,26.274,26.366,26.196,26.274,1513826
2016-09-08,26.147,26.239,26.068,26.137,6206609
2016-09-09,25.901,25.901,25.548,25.568,3066168
2016-09-12,25.313,25.764,25.303,25.744,2359567
2016-09-13,25.519,25.597,25.29,25.401,3326976
2016-09-14,25.401,25.538,25.342,25.391,2269612
2016-09-15,25.372,25.637,25.283,25.597,2817721
2016-09-16,25.087,25.087,24.96,25.028,3692401
2016-09-19,25.215,25.308,25.136,25.185,1766750
2016-09-20,25.43,25.47,25.274,25.293,1891362
2016-09-21,25.391,25.656,25.303,25.637,3368412
2016-09-22,26.127,26.23,26.009,26.029,3876604
2016-09-23,25.921,26.009,25.921,25.931,1483176
2016-09-26,25.587,25.608,25.475,25.509,3181162
2016-09-27,25.126,25.47,25.117,25.45,5341575
2016-09-28,25.646,25.753,25.44,25.705,2147552
2016-09-29,25.637,25.71,25.077,25.195,4285387
2016-09-30,25.411,25.852,25.386,25.764,4008204
2016-10-03,25.637,25.656,25.484,25.656,3810274
2016-10-04,25.764,25.921,25.676,25.774,5618290
2016-10-05,25.882,25.921,25.803,25.882,2530648
2016-10-06,25.764,25.823,25.72,25.764,2700778
2016-10-07,25.686,25.686,25.381,25.578,2434158
2016-10-10,25.725,25.852,25.725,25.744,1370555
2016-10-11,25.725,25.744,25.381,25.47,4301540
2016-10-12,25.274,25.362,25.188,25.283,7559298
2016-10-13,24.94,25.195,24.871,25.146,5331839
2016-10-14,25.352,25.45,25.265,25.274,1791466
2016-10-17,25.215,25.254,25.102,25.175,1824715
2016-10-18,25.48,25.499,25.342,25.391,4694152
2016-10-19,25.401,25.47,25.372,25.44,1328496
2016-10-20,25.342,25.538,25.323,25.44,3703571
2016-10-21,25.224,25.342,25.214,25.342,1632657
2016-10-24,25.529,25.558,25.391,25.421,1622778
2016-10-25,25.401,25.46,25.325,25.43,1817484
2016-10-26,25.264,25.372,25.229,25.303,4102185
2016-10-27,25.391,25.406,25.283,25.303,3135487
2016-10-28,25.283,25.43,25.254,25.362,2599372
2016-10-31,25.332,25.435,25.259,25.411,2270989
2016-11-01,25.47,25.47,25.107,25.215,3915733
2016-11-02,25.117,25.161,24.94,25.018,5084882
2016-11-03,24.95,24.989,24.832,24.881,3458147
2016-11-04,24.724,24.822,24.646,24.704,2165631
2016-11-07,25.009,25.082,24.945,25.067,1865639
2016-11-08,24.999,25.21,24.96,25.146,3596362
2016-11-09,24.852,25.264,24.852,25.156,6441033
2016-11-10,25.126,25.195,24.852,25.077,5685568
2016-11-11,25.067,25.117,24.906,24.999,2497604
2016-11-14,24.754,24.832,24.675,24.754,7049087
2016-11-15,24.754,24.881,24.724,24.871,3431047
2016-11-16,24.557,24.67,24.518,24.577,5168811
2016-11-17,24.567,24.655,24.518,24.606,5604105
2016-11-18,24.479,24.518,24.341,24.381,2076744
2016-11-21,24.498,24.567,24.42,24.538,1474972
2016-11-22,24.606,24.646,24.489,24.606,2542518
2016-11-23,24.224,24.351,24.165,24.332,2602665
2016-11-25,24.498,24.518,24.459,24.489,1759620
2016-11-28,24.292,24.322,24.185,24.234,2046800
2016-11-29,24.194,24.479,24.185,24.44,1514796
2016-11-30,24.44,24.457,24.302,24.351,2818372
2016-12-01,24.224,24.243,24.073,24.204,1873043
2016-12-02,24.107,24.341,24.082,24.263,2705322
2016-12-05,24.646,24.911,24.636,24.852,3063798
2016-12-06,24.832,25.077,24.832,25.067,4464727
2016-12-07,25.323,25.764,25.323,25.656,13552001
2016-12-08,25.587,25.627,25.499,25.568,6836820
2016-12-09,25.509,25.617,25.46,25.587,6310843
2016-12-12,25.568,25.666,25.538,25.607,3575381
2016-12-13,25.764,25.941,25.764,25.833,5991674
2016-12-14,25.813,25.926,25.45,25.519,11410765
2016-12-15,25.401,25.538,25.381,25.519,4240350
2016-12-16,25.578,25.735,25.578,25.627,5506754
2016-12-19,25.637,25.744,25.548,25.558,2324839
2016-12-20,25.578,25.71,25.578,25.646,1356733
2016-12-21,25.783,25.842,25.763,25.792,2882133
2016-12-22,25.851,25.91,25.763,25.773,1775976
2016-12-23,25.743,25.832,25.743,25.812,1304666
2016-12-27,25.851,25.904,25.842,25.861,1491200
2016-12-28,25.743,25.743,25.616,25.685,2149278
2016-12-29,25.783,25.9,25.783,25.842,1552688
2016-12-30,26.077,26.165,25.959,25.979,3144066
2017-01-03,25.989,26.043,25.91,25.999,2893420
2017-01-04,26.008,26.175,26.003,26.155,2709162
2017-01-05,26.283,26.499,26.283,26.44,4743010
2017-01-06,26.303,26.42,26.303,26.352,1303037
2017-01-09,26.205,26.371,26.195,26.322,1218538
2017-01-10,26.371,26.46,26.303,26.312,3564795
2017-01-11,26.254,26.602,26.254,26.568,6669482
2017-01-12,26.548,26.577,26.43,26.479,3376611
2017-01-13,26.626,26.656,26.558,26.607,1736188
2017-01-17,26.646,26.705,26.607,26.666,6403929
2017-01-18,26.626,26.744,26.597,26.666,1933420
2017-01-19,26.597,26.626,26.518,26.607,1721435
2017-01-20,26.705,26.803,26.695,26.793,1861346
2017-01-23,26.783,26.852,26.715,26.832,1893715
2017-01-24,26.832,26.97,26.832,26.94,1161964
2017-01-25,27.274,27.407,27.254,27.382,3479572
2017-01-26,27.264,27.303,27.186,27.254,1394652
2017-01-27,27.274,27.303,27.205,27.254,1062785
2017-01-30,26.911,27.038,26.813,27.038,3339500
2017-01-31,27.146,27.166,26.872,26.989,4049881
2017-02-01,27.176,27.186,26.994,27.078,9132459
2017-02-02,27.107,27.166,27.009,27.068,1140570
2017-02-03,27.078,27.146,27.014,27.127,1809106
2017-02-06,26.675,26.751,26.568,26.705,3940492
2017-02-07,26.685,26.715,26.597,26.666,5801396
2017-02-08,26.558,26.685,26.512,26.666,3954414
2017-02-09,26.725,26.832,26.705,26.774,1898154
2017-02-10,26.705,26.832,26.695,26.793,1507057
2017-02-13,27.019,27.038,26.911,26.911,1633931
2017-02-14,26.931,26.95,26.803,26.921,2327545
2017-02-15,26.715,26.989,26.695,26.97,2956473
2017-02-16,27.019,27.137,27.004,27.117,4974704
2017-02-17,26.96,27.029,26.911,27.019,3259762
2017-02-21,27.058,27.274,27.058,27.254,3223054
2017-02-22,27.156,27.361,27.137,27.333,4340622
2017-02-23,27.333,27.352,27.195,27.274,4352775
2017-02-24,26.823,26.975,26.793,26.96,3911130
2017-02-27,26.96,27.097,26.94,27.048,4108524
2017-02-28,27.009,27.127,26.975,26.999,3532293
2017-03-01,27.254,27.465,27.235,27.382,3824892
2017-03-02,27.264,27.323,27.225,27.235,2869585
2017-03-03,27.313,27.48,27.235,27.46,2603712
2017-03-06,27.323,27.323,27.195,27.303,1688891
2017-03-07,27.186,27.279,27.137,27.195,3993195
2017-03-08,27.215,27.264,27.058,27.088,1396312
2017-03-09,27.264,27.352,27.191,27.264,2786563
2017-03-10,27.47,27.539,27.363,27.519,4450848
2017-03-13,27.49,27.568,27.49,27.529,4239459
2017-03-14,27.441,27.47,27.362,27.382,4556512
2017-03-15,27.372,27.764,27.366,27.735,3868446
2017-03-16,27.872,27.99,27.794,27.951,4723416
2017-03-17,27.921,27.99,27.867,27.872,5784554
2017-03-20,27.902,27.941,27.764,27.818,1571070
2017-03-21,28.108,28.127,27.647,27.686,4012908
2017-03-22,27.617,27.74,27.598,27.696,1935104
2017-03-23,27.617,27.907,27.617,27.833,2106372
2017-03-24,27.941,28.098,27.921,28.01,8062684
2017-03-27,27.941,28.085,27.892,28.078,6615549
2017-03-28,28.157,28.363,28.147,28.265,5788335
2017-03-29,28.206,28.235,28.137,28.235,5115113
2017-03-30,28.157,28.226,28.078,28.088,2498982
2017-03-31,28.118,28.311,28.098,28.206,3195841
2017-04-03,28.245,28.265,27.941,28.167,4106171
2017-04-04,28.059,28.196,28.029,28.186,4290454
2017-04-05,28.069,28.167,27.951,27.98,12211759
2017-04-06,27.98,28.049,27.931,27.97,2080379
2017-04-07,27.833,27.941,27.814,27.892,3496291
2017-04-10,27.784,27.892,27.774,27.794,2354585
2017-04-11,27.853,27.892,27.549,27.804,3289422
2017-04-12,27.774,27.863,27.701,27.863,1838575
2017-04-13,27.696,27.734,27.591,27.617,3501308
2017-04-17,27.706,27.794,27.676,27.745,3113998
2017-04-18,27.637,27.745,27.554,27.715,2406056
2017-04-19,27.755,27.764,27.598,27.617,1205660
2017-04-20,27.833,27.912,27.784,27.804,6079620
2017-04-21,27.784,27.823,27.72,27.804,4442512
2017-04-24,28.981,29.128,28.971,29.099,4296129
2017-04-25,29.177,29.364,29.158,29.334,2668784
2017-04-26,29.148,29.236,29.109,29.167,1825825
2017-04-27,29.167,29.167,29.04,29.109,1984886
2017-04-28,29.187,29.207,29.109,29.118,2597481
2017-05-01,29.177,29.344,29.167,29.305,2171353
2017-05-02,29.256,29.422,29.207,29.403,1932648
2017-05-03,29.344,29.403,29.31,29.344,3916127
2017-05-04,29.619,29.869,29.619,29.844,2491862
2017-05-05,29.844,30.32,29.835,30.296,5115711
2017-05-08,29.864,29.884,29.785,29.864,5380156
2017-05-09,29.854,29.903,29.727,29.785,5403993
2017-05-10,29.825,29.839,29.712,29.756,1304532
2017-05-11,29.687,29.687,29.521,29.687,1229578
2017-05-12,29.815,29.972,29.8,29.962,1961445
2017-05-15,30.011,30.174,29.992,30.158,1514866
2017-05-16,30.462,30.492,30.369,30.433,2321013
2017-05-17,30.247,30.296,30.001,30.001,2908418
2017-05-18,29.893,30.07,29.864,30.05,2646877
2017-05-19,30.296,30.413,30.276,30.374,4116396
2017-05-22,30.443,30.531,30.384,30.433,6266756
2017-05-23,30.531,30.551,30.359,30.394,3600291
2017-05-24,30.345,30.433,30.271,30.423,3154572
2017-05-25,30.374,30.448,30.33,30.374,1163033
2017-05-26,30.168,30.237,30.157,30.207,2767196
2017-05-30,30.266,30.374,30.207,30.237,1432270
2017-05-31,30.561,30.614,30.394,30.433,2270022
2017-06-01,30.472,30.561,30.458,30.561,4445116
2017-06-02,31.012,31.145,30.948,31.09,3846206
2017-06-05,30.933,30.943,30.825,30.924,5600785
2017-06-06,30.678,30.767,30.649,30.678,2716235
2017-06-07,30.678,30.747,30.521,30.698,1721532
2017-06-08,30.561,30.619,30.511,30.61,2850237
2017-06-09,30.629,30.757,30.59,30.688,5286925
2017-06-12,30.561,30.59,30.443,30.531,1540043
2017-06-13,30.688,30.786,30.644,30.737,3056566
2017-06-14,31.12,31.125,30.737,30.855,2386711
2017-06-15,30.217,30.354,30.178,30.345,1979366
2017-06-16,30.482,30.639,30.453,30.639,1559823
2017-06-19,30.874,30.922,30.806,30.855,3194649
2017-06-20,30.79,30.825,30.49,30.56,2372780
2017-06-21,30.5,30.57,30.43,30.56,1916588
2017-06-22,30.57,30.6144,30.5,30.53,3006375
2017-06-23,30.44,30.615,30.39,30.54,1421900
2017-06-26,30.75,30.79,30.57,30.58,1172485
2017-06-27,30.62,30.76,30.53,30.61,2656854
2017-06-28,30.7,30.91,30.68,30.88,1760137
2017-06-29,30.67,30.67,30.24,30.38,3786312
2017-06-30,30.35,30.37,30.085,30.27,3370222
2017-07-03,30.26,30.37,30.26,30.29,1038243
2017-07-05,30.2,30.34,30.13,30.32,2529717
2017-07-06,30.14,30.3,30.08,30.18,2698983
2017-07-07,30.14,30.33,30.12,30.32,2793604
2017-07-10,30.3,30.42,30.29,30.39,2625708
2017-07-11,30.44,30.65,30.37,30.65,4257104
2017-07-12,30.81,30.91,30.8,30.85,10732106
2017-07-13,30.86,30.9,30.79,30.89,4231201
2017-07-14,30.9,31.11,30.84,31.09,1206213
2017-07-17,30.93,30.97,30.89,30.94,1785104
2017-07-18,30.76,30.86,30.72,30.82,4458977
2017-07-19,30.76,30.84,30.72,30.82,1491634
2017-07-20,31.02,31.07,30.89,31.01,3863547
2017-07-21,30.62,30.675,30.485,30.66,3015486
2017-07-24,30.46,30.6,30.41,30.59,1939909
2017-07-25,30.78,30.785,30.6,30.62,1640653
2017-07-26,30.7,30.8911,30.67,30.82,2069269
2017-07-27,30.7,30.7,30.43,30.56,3878623
2017-07-28,30.57,30.71,30.545,30.69,1608467
2017-07-31,30.66,30.74,30.53,30.71,6247959
2017-08-01,30.99,31.155,30.98,31.0,2657347
2017-08-02,31.1,31.12,30.92,31.0,7822673
2017-08-03,30.95,31.04,30.9,30.9,10200786
2017-08-04,31.11,31.13,30.94,31.06,9886021
2017-08-07,30.99,31.01,30.95,31.01,1371134
2017-08-08,30.94,31.04,30.83,30.88,2584778
2017-08-09,30.49,30.74,30.461,30.73,2750096
2017-08-10,30.36,30.3826,30.175,30.2,2217880
2017-08-11,30.42,30.48,30.325,30.4,3146390
2017-08-14,30.77,30.8,30.7028,30.72,1450212
2017-08-15,30.68,30.725,30.505,30.69,1419882
2017-08-16,30.75,30.905,30.745,30.86,9887918
2017-08-17,30.71,30.77,30.46,30.47,3715582
2017-08-18,30.57,30.705,30.52,30.64,2379754
2017-08-21,30.55,30.59,30.4,30.54,1380310
2017-08-22,30.73,30.85,30.73,30.84,1614115
2017-08-23,30.78,30.89,30.77,30.88,1468176
2017-08-24,30.92,30.97,30.78,30.79,3981426
2017-08-25,30.88,31.1561,30.875,31.09,4462448
2017-08-28,31.09,31.13,31.0357,31.11,810475
2017-08-29,30.66,30.825,30.63,30.74,3287883
2017-08-30,30.71,30.74,30.62,30.65,1092366
2017-08-31,30.72,30.79,30.6,30.76,1973117
2017-09-01,30.98,31.0066,30.84,30.85,6108046
2017-09-05,30.97,31.04,30.68,30.77,6851098
2017-09-06,31.26,31.34,31.15,31.27,2780298
2017-09-07,31.65,31.665,31.53,31.63,5031083
2017-09-08,31.68,31.69,31.58,31.59,2563925
2017-09-11,31.87,32.0,31.87,31.94,1500757
2017-09-12,32.03,32.07,31.98,32.02,1735906
2017-09-13,32.02,32.05,31.84,31.88,2693787
2017-09-14,31.8,31.95,31.79,31.95,1503011
2017-09-15,32.04,32.08,31.92,32.02,8558606
2017-09-18,32.12,32.16,32.03,32.1,1998313
2017-09-19,32.17,32.24,32.135,32.21,1696802
2017-09-20,32.2,32.33,31.93,32.11,2222916
2017-09-21,32.12,32.185,32.08,32.13,2489699
2017-09-22,32.22,32.28,32.17,32.19,3288538
2017-09-25,32.03,32.07,31.8,31.86,1982402
2017-09-26,31.82,31.85,31.691,31.77,2329939
2017-09-27,31.76,31.91,31.7409,31.85,927252
2017-09-28,32.0,32.08,31.98,32.01,3317822
2017-09-29,32.24,32.4456,32.18,32.43,2278227
2017-10-02,32.29,32.3797,32.27,32.35,1879784
2017-10-03,32.38,32.48,32.38,32.47,1743743
2017-10-04,32.47,32.58,32.46,32.48,5589255
2017-10-05,32.39,32.47,32.3655,32.47,5658006
2017-10-06,32.32,32.495,32.32,32.48,7384214
2017-10-09,32.47,32.5264,32.43,32.46,1526435
2017-10-10,32.61,32.75,32.54,32.69,3952666
2017-10-11,32.78,32.9,32.775,32.88,2387939
2017-10-12,32.87,32.895,32.815,32.84,1898773
2017-10-13,32.92,32.98,32.81,32.84,1446727
2017-10-16,32.84,32.85,32.735,32.77,1475222
2017-10-17,32.69,32.7285,32.6401,32.72,1786032
2017-10-18,32.85,32.92,32.77,32.9,1349307
2017-10-19,32.75,32.86,32.73,32.82,3689268
2017-10-20,32.73,32.745,32.61,32.63,2761792
2017-10-23,32.59,32.615,32.52,32.53,1550250
2017-10-24,32.64,32.74,32.6,32.65,1479528
2017-10-25,32.7,32.74,32.52,32.64,1585958
2017-10-26,32.68,32.82,32.6,32.69,2231817
2017-10-27,32.73,32.79,32.6486,32.74,1484595
2017-10-30,32.79,32.9,32.79,32.89,1349585
2017-10-31,33.0,33.09,32.96,33.07,2150633
2017-11-01,33.38,33.44,33.335,33.35,2003550
2017-11-02,33.42,33.5,33.375,33.5,4925521
2017-11-03,33.48,33.48,33.3229,33.39,1898835
2017-11-06,33.27,33.35,33.251,33.34,4556716
2017-11-07,33.23,33.269,33.07,33.07,3500207
2017-11-08,33.12,33.205,33.06,33.18,1770848
2017-11-09,32.78,32.88,32.6342,32.82,2115273
2017-11-10,32.77,32.82,32.68,32.74,1012509
