Date,Open,High,Low,Close,Volume
2005-02-25,21.585,21.864,21.499,21.864,646096
2005-02-28,22.093,22.18,21.622,21.743,775006
2005-03-01,22.005,22.161,21.969,22.093,627043
2005-03-02,22.057,22.057,21.688,21.708,556494
2005-03-03,21.829,21.864,21.514,21.549,368249
2005-03-04,21.672,21.723,21.444,21.479,868499
2005-03-07,21.635,21.829,21.549,21.776,506658
2005-03-08,21.622,21.635,21.411,21.499,248780
2005-03-09,21.655,21.708,21.391,21.428,519646
2005-03-10,21.622,21.622,21.2,21.323,478278
2005-03-11,21.444,21.585,21.149,21.391,310118
2005-03-14,21.077,21.27,20.973,21.077,242944
2005-03-15,20.764,20.938,20.447,20.5,806361
2005-03-16,20.764,20.799,20.467,20.57,404526
2005-03-17,20.395,20.676,20.395,20.621,203350
2005-03-18,20.764,20.764,20.555,20.692,520448
2005-03-21,20.621,20.621,20.361,20.447,297987
2005-03-22,20.5,20.5,19.924,20.082,369567
2005-03-23,20.186,20.307,20.1,20.1,697821
2005-03-24,19.908,20.273,19.908,20.15,200776
2005-03-28,20.361,20.361,20.1,20.221,248265
2005-03-29,19.836,19.924,19.523,19.662,764364
2005-03-30,19.977,19.994,19.68,19.924,555064
2005-03-31,20.447,20.447,20.047,20.24,111459
2005-04-01,20.621,20.658,20.307,20.379,1024702
2005-04-04,20.361,20.361,19.924,20.1,246950
2005-04-05,19.889,20.344,19.889,20.15,171995
2005-04-06,20.273,20.344,20.186,20.307,190533
2005-04-07,20.24,20.24,19.941,20.1,330372
2005-04-08,20.361,20.361,20.133,20.133,113519
2005-04-11,20.326,20.326,19.994,20.01,265202
2005-04-12,20.062,20.344,19.959,20.326,214907
2005-04-13,20.273,20.273,20.062,20.15,469410
2005-04-14,20.047,20.1,19.556,19.715,682200
2005-04-15,19.418,19.662,19.418,19.539,640775
2005-04-18,19.226,19.383,19.066,19.312,421347
2005-04-19,19.4,19.662,19.4,19.539,713383
2005-04-20,19.4,19.435,19.05,19.05,267318
2005-04-21,19.4,19.574,19.33,19.539,310861
2005-04-22,19.4,19.556,19.312,19.47,243573
2005-04-25,19.697,19.697,19.539,19.627,392452
2005-04-26,19.803,19.889,19.662,19.715,427126
2005-04-27,19.347,19.697,19.347,19.504,1708104
2005-04-28,19.924,19.924,19.662,19.715,286830
2005-04-29,20.062,20.062,19.715,19.871,451272
2005-05-02,20.01,20.17,19.994,20.062,253015
2005-05-03,20.082,20.082,19.871,20.029,433134
2005-05-04,20.1,20.361,19.941,20.326,427184
2005-05-05,20.606,20.973,19.924,20.832,1024187
2005-05-06,20.832,20.885,20.711,20.832,300448
2005-05-09,20.764,20.78,20.588,20.692,314752
2005-05-10,20.485,20.555,20.361,20.432,127251
2005-05-11,20.432,20.799,20.24,20.621,180692
2005-05-12,20.621,20.621,20.15,20.203,194480
2005-05-13,20.361,20.799,20.361,20.621,721622
2005-05-16,20.414,20.621,20.361,20.535,342502
2005-05-17,20.447,20.518,20.24,20.518,70206
2005-05-18,20.467,20.711,20.361,20.57,216796
2005-05-19,20.867,20.867,20.658,20.815,254960
2005-05-20,20.535,20.729,20.535,20.676,345020
2005-05-23,20.293,20.588,20.293,20.414,93607
2005-05-24,20.5,20.5,20.326,20.447,113290
2005-05-25,20.361,20.447,20.293,20.379,179090
2005-05-26,20.711,20.711,20.535,20.641,743079
2005-05-27,20.832,20.852,20.658,20.799,211303
2005-05-31,20.885,20.903,20.658,20.711,652505
2005-06-01,20.57,20.746,20.485,20.606,76614
2005-06-02,20.799,20.799,20.621,20.711,783131
2005-06-03,21.149,21.184,20.711,20.799,388676
2005-06-06,21.129,21.237,20.973,21.217,1074825
2005-06-07,20.92,21.323,20.832,21.129,590138
2005-06-08,21.411,21.411,21.149,21.164,258965
2005-06-09,21.149,21.288,21.077,21.27,321274
2005-06-10,21.323,21.411,20.867,20.991,534694
2005-06-13,21.164,21.461,20.293,21.305,726315
2005-06-14,21.479,21.479,21.129,21.149,656166
2005-06-15,21.499,21.549,21.149,21.358,628072
2005-06-16,21.585,21.655,21.374,21.532,483313
2005-06-17,21.846,21.846,21.602,21.776,805045
2005-06-20,21.672,21.708,21.532,21.567,490064
2005-06-21,21.635,22.72,21.444,21.499,220343
2005-06-22,21.846,21.917,21.723,21.899,623438
2005-06-23,21.969,22.005,21.688,21.708,500249
2005-06-24,21.758,21.776,21.549,21.567,362699
2005-06-27,21.585,21.635,21.479,21.514,225264
2005-06-28,21.514,21.743,21.461,21.743,350226
2005-06-29,21.323,21.323,21.184,21.2,285628
2005-06-30,21.288,21.288,21.043,21.149,288260
2005-07-01,21.164,21.288,21.149,21.149,490867
2005-07-05,20.991,21.184,20.903,21.094,196770
2005-07-06,21.094,21.094,20.852,20.92,743479
2005-07-07,20.832,20.92,20.518,20.852,366075
2005-07-08,20.799,21.059,20.711,21.006,364873
2005-07-11,21.149,21.567,21.149,21.549,296385
2005-07-12,21.655,21.758,21.602,21.758,410819
2005-07-13,21.585,21.829,21.499,21.743,1180561
2005-07-14,21.882,22.44,21.776,21.776,263485
2005-07-15,22.405,22.405,21.743,21.846,254330
2005-07-18,21.882,21.882,21.655,21.723,317670
2005-07-19,21.708,22.005,21.708,21.987,648499
2005-07-20,21.934,22.02,21.776,22.02,163183
2005-07-21,21.899,22.18,21.776,22.04,316926
2005-07-22,22.02,22.073,21.934,22.02,155573
2005-07-25,22.02,22.073,21.899,21.934,121357
2005-07-26,21.514,21.708,21.499,21.672,197571
2005-07-27,21.655,21.655,21.499,21.514,492639
2005-07-28,21.708,21.829,21.655,21.723,516270
2005-07-29,21.532,21.567,21.391,21.411,380093
2005-08-01,21.461,21.672,21.444,21.602,292437
2005-08-02,21.813,22.02,21.796,21.987,480510
2005-08-03,22.02,22.266,21.934,22.108,706689
2005-08-04,22.196,22.196,21.846,21.846,500536
2005-08-05,21.95,21.95,21.499,21.532,283854
2005-08-08,21.026,21.796,21.026,21.622,214736
2005-08-09,21.499,21.846,21.499,21.796,701711
2005-08-10,21.813,21.917,21.585,21.723,344275
2005-08-11,21.829,21.917,21.655,21.829,239683
2005-08-12,22.405,22.405,20.203,21.743,361384
2005-08-15,21.428,21.499,21.25,21.358,221545
2005-08-16,21.411,21.411,20.973,21.043,532349
2005-08-17,21.184,21.288,21.059,21.288,207413
2005-08-18,21.184,21.2,20.852,20.903,214279
2005-08-19,20.832,21.026,20.764,20.832,166101
2005-08-22,21.237,21.499,21.077,21.305,197113
2005-08-23,21.184,21.184,20.938,21.059,334492
2005-08-24,20.852,20.903,20.621,20.641,400176
2005-08-25,20.621,20.815,20.606,20.746,107568
2005-08-26,20.815,20.885,20.621,20.729,377519
2005-08-29,20.535,20.676,20.432,20.588,314008
2005-08-30,20.186,20.344,20.1,20.273,702742
2005-08-31,20.117,20.535,19.924,20.535,539844
2005-09-01,20.414,20.621,20.307,20.606,400635
2005-09-02,20.293,20.729,20.293,20.621,204895
2005-09-06,20.799,20.92,20.621,20.903,329342
2005-09-07,20.676,20.799,20.555,20.57,806876
2005-09-08,20.621,20.621,20.485,20.535,259365
2005-09-09,20.447,20.676,20.307,20.621,1290762
2005-09-12,20.555,20.799,20.555,20.711,322648
2005-09-13,20.799,20.799,20.535,20.711,738788
2005-09-14,20.711,20.729,20.535,20.676,173998
2005-09-15,20.432,20.555,20.361,20.361,543049
2005-09-16,20.307,20.414,20.062,20.307,937904
2005-09-19,20.273,20.273,19.941,20.062,414539
2005-09-20,20.485,20.535,20.117,20.24,1661987
2005-09-21,20.361,20.361,20.01,20.047,351428
2005-09-22,19.924,19.924,19.662,19.767,764764
2005-09-23,19.715,19.732,19.47,19.574,472900
2005-09-26,19.574,19.748,19.47,19.662,489722
2005-09-27,19.435,19.574,19.312,19.488,1053425
2005-09-28,19.435,19.627,19.435,19.592,666237
2005-09-29,19.556,20.344,19.556,20.273,2489174
2005-09-30,20.447,20.606,20.379,20.467,1363713
2005-10-03,20.117,20.518,20.117,20.467,759100
2005-10-04,20.447,20.764,20.293,20.361,914789
2005-10-05,20.485,20.535,19.574,20.1,535781
2005-10-06,20.186,20.293,19.836,19.994,683174
2005-10-07,20.414,20.5,19.68,20.379,385701
2005-10-10,20.361,20.361,20.047,20.15,401550
2005-10-11,20.1,20.273,19.941,20.01,441659
2005-10-12,19.785,19.836,19.4,19.611,763849
2005-10-13,19.68,19.68,19.242,19.539,469467
2005-10-14,19.611,19.662,19.383,19.539,581097
2005-10-17,19.226,19.4,19.103,19.297,756697
2005-10-18,19.259,19.4,19.138,19.138,2205892
2005-10-19,18.789,18.964,18.527,18.912,1311245
2005-10-20,18.875,18.998,18.527,18.561,973779
2005-10-21,18.701,18.912,18.613,18.875,336437
2005-10-24,18.736,19.119,18.718,19.033,411219
2005-10-25,18.824,18.927,18.753,18.824,508031
2005-10-26,18.841,18.998,18.681,18.736,554149
2005-10-27,18.701,18.771,18.352,18.352,559012
2005-10-28,18.613,18.859,18.456,18.718,510950
2005-10-31,19.086,19.365,18.945,19.33,1032255
2005-11-01,19.207,19.312,19.103,19.226,309831
2005-11-02,19.066,19.767,19.066,19.748,606216
2005-11-03,19.539,19.908,19.539,19.871,1662388
2005-11-04,19.785,19.836,19.523,19.662,757041
2005-11-07,19.611,19.715,19.451,19.611,843437
2005-11-08,19.488,20.307,19.347,19.523,5052846
2005-11-09,19.785,20.186,19.748,20.01,2103989
2005-11-10,20.1,20.273,19.959,20.256,2201658
2005-11-11,20.485,20.606,20.432,20.518,1797248
2005-11-14,20.815,20.955,20.361,20.447,677051
2005-11-15,20.186,20.361,20.062,20.1,1375272
2005-11-16,20.621,20.621,20.047,20.307,429244
2005-11-17,20.485,20.485,20.082,20.344,1129123
2005-11-18,20.692,20.692,20.273,20.344,1146346
2005-11-21,20.361,20.395,20.203,20.361,774148
2005-11-22,20.307,20.395,20.062,20.361,1741004
2005-11-23,20.379,20.658,20.379,20.555,697248
2005-11-25,19.748,20.588,19.748,20.485,269436
2005-11-28,20.764,20.764,20.432,20.432,750403
2005-11-29,20.535,20.676,20.379,20.414,1144572
2005-11-30,20.535,20.885,20.535,20.746,1919121
2005-12-01,20.973,21.917,20.658,20.92,2738069
2005-12-02,20.973,21.026,20.852,20.885,2348535
2005-12-05,21.411,21.411,21.129,21.288,2230725
2005-12-06,21.411,21.655,21.34,21.499,3241580
2005-12-07,20.867,21.499,20.867,21.164,2552400
2005-12-08,21.006,21.026,20.729,20.764,1184566
2005-12-09,20.973,20.991,20.799,20.885,871589
2005-12-12,20.799,21.026,20.799,20.885,1628858
2005-12-13,21.391,21.391,20.711,20.885,1694028
2005-12-14,20.832,20.903,20.729,20.867,1871630
2005-12-15,21.059,21.094,20.885,21.006,2862688
2005-12-16,21.288,21.411,21.27,21.288,2029549
2005-12-19,21.672,21.708,21.323,21.374,1254257
2005-12-20,21.567,21.622,21.428,21.514,1880899
2005-12-21,21.796,21.796,21.635,21.723,1262325
2005-12-22,21.602,21.602,21.461,21.532,1219526
2005-12-23,21.585,21.776,21.585,21.672,727917
2005-12-27,21.532,21.846,21.499,21.567,1152411
2005-12-28,21.708,21.743,21.585,21.688,1393466
2005-12-29,21.829,22.005,21.829,21.882,1198242
2005-12-30,21.708,21.864,21.672,21.813,804245
2006-01-03,22.284,22.702,22.161,22.579,3678147
2006-01-04,22.632,22.773,22.565,22.702,4381517
2006-01-05,23.157,23.193,22.808,23.052,2067656
2006-01-06,23.087,23.157,22.894,23.087,2245773
2006-01-09,23.683,23.769,23.402,23.452,4461735
2006-01-10,23.21,23.21,22.982,23.017,2429383
2006-01-11,23.21,23.228,23.052,23.193,1745695
2006-01-12,23.384,23.525,22.862,22.894,2720561
2006-01-13,22.982,23.087,22.773,23.069,2062850
2006-01-17,22.982,23.069,22.599,22.651,3088180
2006-01-18,22.284,22.302,21.882,21.987,4714064
2006-01-19,22.108,22.44,22.02,22.372,3429253
2006-01-20,22.18,22.335,21.549,21.917,2911608
2006-01-23,21.95,22.126,21.846,22.005,1401305
2006-01-24,22.231,22.423,22.18,22.302,2410787
2006-01-25,22.632,22.687,22.196,22.388,4286823
2006-01-26,22.458,23.49,22.405,23.421,4401371
2006-01-27,24.468,24.574,23.087,23.699,4461220
2006-01-30,23.787,23.945,23.683,23.837,1946928
2006-01-31,23.908,23.925,23.56,23.56,2378918
2006-02-01,23.452,23.595,23.316,23.507,1832036
2006-02-02,23.452,23.49,22.913,22.931,3194376
2006-02-03,22.579,22.862,22.458,22.687,2590906
2006-02-06,23.349,23.384,23.036,23.036,2651214
2006-02-07,23.001,23.069,22.72,22.878,2048946
2006-02-08,22.616,23.175,22.458,22.862,2993086
2006-02-09,22.72,22.825,22.579,22.702,3690792
2006-02-10,22.616,22.632,22.143,22.632,2844264
2006-02-13,22.493,22.493,21.987,22.04,1431287
2006-02-14,22.458,22.632,22.249,22.632,1676233
2006-02-15,22.354,22.509,22.317,22.509,1777107
2006-02-16,22.79,22.964,22.651,22.878,1890568
2006-02-17,22.773,22.773,22.565,22.651,713898
2006-02-21,22.616,22.755,22.423,22.423,3218293
2006-02-22,22.196,22.372,22.073,22.161,1869513
2006-02-23,22.057,22.073,21.864,22.04,2580265
2006-02-24,22.284,22.284,22.126,22.214,1581768
2006-02-27,22.231,22.493,22.161,22.493,3143625
2006-02-28,22.284,22.458,21.95,22.093,2585586
2006-03-01,22.405,22.79,22.388,22.79,1933310
2006-03-02,22.739,22.79,22.546,22.773,1347292
2006-03-03,22.143,22.335,22.073,22.196,2375026
2006-03-06,22.284,22.284,21.846,21.95,789769
2006-03-07,21.864,21.864,21.305,21.655,2210242
2006-03-08,21.391,21.758,21.25,21.723,1143142
2006-03-09,21.899,21.934,21.479,21.514,917706
2006-03-10,21.796,22.266,21.461,21.688,1733793
2006-03-13,21.864,22.02,21.813,21.846,1448967
2006-03-14,21.708,22.108,21.585,22.073,1463672
2006-03-15,22.005,22.093,21.864,22.073,1773961
2006-03-16,21.829,22.005,21.688,21.708,1251167
2006-03-17,21.899,21.899,21.688,21.846,831422
2006-03-20,21.917,21.934,21.688,21.882,989112
2006-03-21,21.549,21.776,21.411,21.479,2522361
2006-03-22,21.305,21.532,21.25,21.479,1158705
2006-03-23,21.411,21.479,21.184,21.25,2187469
2006-03-24,21.305,21.461,21.305,21.391,841606
2006-03-27,21.461,21.585,21.428,21.532,1240582
2006-03-28,21.635,21.655,21.391,21.411,1108811
2006-03-29,21.723,21.95,21.602,21.917,1556364
2006-03-30,22.057,22.266,21.934,22.02,2596915
2006-03-31,22.073,22.862,22.073,22.249,990543
2006-04-03,22.388,22.702,22.302,22.546,3464956
2006-04-04,22.616,22.72,22.493,22.599,1923354
2006-04-05,22.599,22.862,22.579,22.79,1303521
2006-04-06,23.052,23.14,22.72,22.862,1889138
2006-04-07,23.017,23.017,22.458,22.509,1849315
2006-04-10,22.964,23.001,22.739,22.825,1716743
2006-04-11,22.843,22.843,22.458,22.579,862091
2006-04-12,22.72,22.808,22.565,22.773,1221700
2006-04-13,22.862,23.052,22.862,22.913,1241955
2006-04-17,23.576,23.576,23.157,23.349,1485014
2006-04-18,23.402,23.787,23.402,23.734,1796275
2006-04-19,23.734,23.857,23.525,23.769,1449711
2006-04-20,23.998,24.222,23.787,24.084,1450855
2006-04-21,24.242,24.242,23.63,23.787,2164695
2006-04-24,24.171,24.171,23.56,23.822,3523832
2006-04-25,23.925,23.925,23.576,23.769,1474313
2006-04-26,24.068,24.293,24.048,24.222,2269174
2006-04-27,24.119,24.365,23.98,24.293,1286528
2006-04-28,24.293,24.345,24.191,24.191,1305066
2006-05-01,24.328,24.484,24.31,24.31,2254584
2006-05-02,24.519,24.695,24.504,24.607,3584425
2006-05-03,24.818,24.818,24.556,24.781,1708733
2006-05-04,25.203,25.359,25.098,25.326,2401461
2006-05-05,25.551,25.78,25.428,25.744,2539068
2006-05-08,26.094,26.11,25.955,26.006,2281877
2006-05-09,25.674,25.709,25.412,25.428,2816285
2006-05-10,25.395,25.395,25.166,25.395,1041238
2006-05-11,25.518,25.606,24.556,24.713,2831161
2006-05-12,24.713,24.781,24.154,24.556,3225788
2006-05-15,24.136,24.277,23.157,23.857,3026844
2006-05-16,23.751,23.925,23.613,23.734,1515053
2006-05-17,24.101,24.101,23.193,23.349,2906288
2006-05-18,23.21,23.56,23.087,23.402,2328910
2006-05-19,23.542,23.63,23.052,23.63,2997893
2006-05-22,22.546,22.651,21.969,22.44,5356440
2006-05-23,22.702,23.14,22.458,22.458,3102828
2006-05-24,22.843,22.964,22.372,22.808,2214362
2006-05-25,22.739,23.193,22.739,23.157,2332629
2006-05-26,23.017,23.279,22.773,22.948,981503
2006-05-30,22.687,22.739,22.108,22.108,1429284
2006-05-31,22.44,22.546,22.266,22.493,1614553
2006-06-01,22.702,23.124,22.528,23.069,2211500
2006-06-02,23.472,23.542,23.14,23.228,1555163
2006-06-05,22.423,22.528,21.917,22.02,3190829
2006-06-06,22.388,22.423,21.688,22.04,2638340
2006-06-07,21.829,21.95,21.532,21.567,2253955
2006-06-08,20.535,20.973,20.117,20.764,4669147
2006-06-09,21.288,21.499,20.832,20.885,1978970
2006-06-12,21.059,21.077,20.518,20.535,1733451
2006-06-13,20.379,20.447,20.029,20.221,3223500
2006-06-14,20.467,21.164,20.467,21.077,2509544
2006-06-15,21.237,21.708,21.184,21.602,1683214
2006-06-16,21.987,22.04,21.428,21.585,1332187
2006-06-19,21.743,21.864,21.34,21.358,830622
2006-06-20,21.026,21.149,20.867,20.955,1249394
2006-06-21,20.746,21.374,20.746,21.184,2560010
2006-06-22,21.532,21.532,21.059,21.391,1618158
2006-06-23,21.184,21.391,21.026,21.288,464546
2006-06-26,21.411,21.444,21.237,21.391,1202476
2006-06-27,21.655,21.655,21.094,21.149,1078314
2006-06-28,21.428,21.514,21.077,21.499,1395869
2006-06-29,21.829,22.405,21.758,22.372,2264598
2006-06-30,22.423,22.458,22.161,22.405,1098913
2006-07-03,22.388,22.599,22.372,22.565,757212
2006-07-05,22.057,22.093,21.829,21.882,1058231
2006-07-06,22.108,22.143,21.917,21.969,539500
2006-07-07,22.005,22.02,21.672,21.708,1368005
2006-07-10,22.04,22.18,21.899,21.969,1214549
2006-07-11,21.829,22.02,21.708,22.02,617087
2006-07-12,21.776,21.864,21.602,21.708,876395
2006-07-13,21.411,21.567,21.043,21.164,1772759
2006-07-14,20.903,20.973,20.676,20.78,2175167
2006-07-17,20.133,20.414,20.133,20.344,926231
2006-07-18,20.414,20.485,20.15,20.307,933441
2006-07-19,20.326,21.2,20.307,20.991,3049674
2006-07-20,21.391,21.391,20.815,20.955,1592410
2006-07-21,20.903,20.973,20.588,20.621,1551901
2006-07-24,20.903,21.2,20.729,21.114,2131110
2006-07-25,20.991,21.217,20.92,21.129,1663131
2006-07-26,20.938,21.184,20.832,21.114,848874
2006-07-27,21.34,21.532,21.149,21.184,1202247
2006-07-28,21.374,21.846,21.27,21.723,1344374
2006-07-31,21.34,21.461,21.323,21.444,730720
2006-08-01,21.149,21.27,20.938,21.043,1684644
2006-08-02,21.323,21.514,21.305,21.374,1473227
2006-08-03,21.043,21.479,21.043,21.374,607017
2006-08-04,21.34,21.585,21.094,21.2,754809
2006-08-07,21.149,21.237,20.973,21.026,1014403
2006-08-08,21.499,21.672,21.34,21.34,2619001
2006-08-09,21.846,22.02,21.635,21.688,2038532
2006-08-10,21.95,22.073,21.882,21.95,1066985
2006-08-11,21.882,21.95,21.723,21.758,1083921
2006-08-14,21.95,22.196,21.95,21.969,971433
2006-08-15,22.231,22.493,22.214,22.388,1321430
2006-08-16,22.493,22.632,22.493,22.565,2205778
2006-08-17,22.632,22.843,22.579,22.808,1476431
2006-08-18,22.669,22.72,22.458,22.702,1233545
2006-08-21,21.758,22.005,21.723,21.987,1365659
2006-08-22,22.02,22.161,21.882,21.882,1469794
2006-08-23,21.95,21.969,21.602,21.622,757269
2006-08-24,21.758,21.899,21.655,21.708,703885
2006-08-25,21.585,21.796,21.514,21.602,460712
2006-08-28,21.479,21.567,21.358,21.461,772317
2006-08-29,21.622,21.622,21.34,21.602,1085981
2006-08-30,21.758,21.899,21.723,21.776,1198871
2006-08-31,21.917,21.987,21.813,21.846,1008852
2006-09-01,22.126,22.317,22.126,22.317,1107781
2006-09-05,22.372,22.579,22.372,22.528,2338865
2006-09-06,22.231,22.249,22.005,22.073,1228395
2006-09-07,22.196,22.231,21.899,22.18,1821966
2006-09-08,22.231,22.302,22.126,22.231,1126720
2006-09-11,22.214,22.317,21.95,22.196,1299229
2006-09-12,22.02,22.458,22.02,22.44,2006548
2006-09-13,22.302,22.509,22.266,22.44,1123515
2006-09-14,21.95,22.266,21.95,22.073,1435006
2006-09-15,22.372,22.546,22.249,22.372,1709534
2006-09-18,22.808,23.087,22.808,23.069,1505212
2006-09-19,23.001,23.052,22.509,22.755,3268873
2006-09-20,23.001,23.595,22.964,23.595,3957481
2006-09-21,23.193,23.316,22.931,23.001,1712395
2006-09-22,23.052,23.052,22.651,22.72,2465544
2006-09-25,23.069,23.261,22.755,23.175,1323604
2006-09-26,23.001,23.228,23.001,23.175,1229024
2006-09-27,23.193,23.21,23.001,23.14,1125691
2006-09-28,22.982,23.087,22.878,22.982,1335963
2006-09-29,22.878,22.878,22.372,22.372,4299182
2006-10-02,22.948,23.017,22.825,22.843,3921377
2006-10-03,22.982,22.982,22.755,22.825,3082002
2006-10-04,22.565,23.036,22.565,22.931,2216707
2006-10-05,22.773,23.366,22.773,23.316,3241694
2006-10-06,23.14,23.193,23.001,23.069,954612
2006-10-09,22.964,23.124,22.913,23.052,439370
2006-10-10,22.825,23.193,22.825,23.069,1340998
2006-10-11,23.052,23.124,22.894,22.982,2333315
2006-10-12,23.017,23.298,23.017,23.245,2111713
2006-10-13,23.349,23.452,23.298,23.349,2211614
2006-10-16,23.595,23.663,23.49,23.542,1507386
2006-10-17,23.333,23.384,23.052,23.298,1175412
2006-10-18,23.261,23.384,23.036,23.052,1028192
2006-10-19,22.982,23.087,22.931,23.069,755381
2006-10-20,23.069,23.069,22.913,22.948,2290231
2006-10-23,22.825,23.157,22.825,23.14,1529700
2006-10-24,22.825,23.245,22.825,23.193,954783
2006-10-25,23.21,23.228,23.069,23.193,2351396
2006-10-26,23.14,23.333,23.14,23.228,983906
2006-10-27,23.157,23.279,23.001,23.017,1630917
2006-10-30,23.036,23.036,22.825,22.878,742907
2006-10-31,22.894,23.14,22.894,23.14,1065612
2006-11-01,23.21,23.21,22.755,22.808,3577388
2006-11-02,23.087,23.279,23.036,23.245,1616270
2006-11-03,23.402,23.751,23.402,23.613,2606469
2006-11-06,23.699,23.857,23.613,23.837,2887006
2006-11-07,23.98,24.013,23.837,23.857,1001472
2006-11-08,23.734,23.892,23.613,23.874,548255
2006-11-09,23.787,23.787,23.525,23.56,1212546
2006-11-10,23.837,23.837,23.683,23.734,1367833
2006-11-13,23.716,23.806,23.595,23.769,963708
2006-11-14,23.892,24.119,23.837,24.013,1672743
2006-11-15,23.998,24.191,23.998,24.048,1569066
2006-11-16,24.836,24.836,24.031,24.031,777581
2006-11-17,23.925,24.084,23.822,24.084,289404
2006-11-20,23.96,24.084,23.874,24.048,2281191
2006-11-21,24.205,24.345,24.136,24.277,1205394
2006-11-22,24.468,24.607,24.365,24.504,1900296
2006-11-24,24.678,24.992,24.627,24.955,1610090
2006-11-27,25.027,25.148,24.642,24.662,3595983
2006-11-28,24.678,24.818,24.519,24.75,3266413
2006-11-29,25.027,25.289,25.027,25.098,1669367
2006-11-30,25.483,25.551,25.289,25.377,3462324
2006-12-01,25.533,25.674,25.221,25.412,4316290
2006-12-04,25.639,25.918,25.551,25.867,2593996
2006-12-05,25.694,26.006,25.694,25.989,2540155
2006-12-06,26.164,26.27,25.78,25.971,1286356
2006-12-07,26.041,26.078,25.797,25.813,2170647
2006-12-08,25.57,25.813,25.551,25.694,1816473
2006-12-11,25.518,25.621,25.447,25.518,1430486
2006-12-12,24.889,24.992,24.801,24.941,1968155
2006-12-13,25.012,25.062,24.836,24.853,1243557
2006-12-14,24.904,25.203,24.904,25.148,1384884
2006-12-15,25.289,25.447,25.166,25.166,1707016
2006-12-18,25.447,25.57,23.837,25.428,1988868
2006-12-19,24.801,25.238,24.801,25.186,1366975
2006-12-20,24.889,24.941,24.75,24.836,1919006
2006-12-21,24.781,24.924,24.713,24.73,993691
2006-12-22,24.836,24.889,24.801,24.818,325050
2006-12-26,24.955,25.238,24.955,25.166,640374
2006-12-27,25.309,25.463,25.078,25.377,1180847
2006-12-28,25.412,25.412,25.135,25.166,1014289
2006-12-29,25.166,26.006,25.166,25.359,788109
2007-01-03,26.006,26.041,25.606,25.744,5303057
2007-01-04,25.518,25.885,25.483,25.83,2402376
2007-01-05,25.447,25.447,25.148,25.186,2189472
2007-01-08,25.272,25.272,24.941,25.098,1328525
2007-01-09,25.062,25.135,24.781,24.836,1504182
2007-01-10,24.556,24.869,24.171,24.781,2313175
2007-01-11,24.556,24.941,24.484,24.73,3220009
2007-01-12,25.027,25.289,24.992,25.272,1188915
2007-01-16,25.289,25.289,25.078,25.203,1649570
2007-01-17,25.289,25.463,25.186,25.359,1865050
2007-01-18,25.656,25.674,25.148,25.203,3467931
2007-01-19,25.062,25.395,25.047,25.309,1986522
2007-01-22,25.309,25.309,24.975,25.027,1732593
2007-01-23,25.047,25.518,25.047,25.395,2571052
2007-01-24,25.709,25.936,25.606,25.936,2061591
2007-01-25,25.694,25.694,25.047,25.115,2937356
2007-01-26,25.135,25.148,24.801,25.078,2306766
2007-01-29,24.764,24.904,24.627,24.73,1866023
2007-01-30,24.801,24.941,24.73,24.853,1166658
2007-01-31,24.627,24.889,24.468,24.853,3418782
2007-02-01,24.781,24.955,24.75,24.955,1376701
2007-02-02,25.135,25.135,24.955,25.012,1939489
2007-02-05,24.818,25.309,24.818,24.955,2597544
2007-02-06,25.447,25.447,24.975,25.359,4709142
2007-02-07,25.412,25.428,25.166,25.272,4557346
2007-02-08,25.166,25.272,25.047,25.166,2123843
2007-02-09,25.238,25.326,24.818,24.853,3689534
2007-02-12,24.955,24.955,24.539,24.662,2106855
2007-02-13,24.519,24.642,24.433,24.642,5412264
2007-02-14,24.853,25.34,24.853,25.272,3156237
2007-02-15,25.166,25.551,25.148,25.518,3482865
2007-02-16,25.221,25.533,25.221,25.533,3435431
2007-02-20,25.656,25.656,24.941,25.428,1981144
2007-02-21,25.309,25.639,25.289,25.57,2070402
2007-02-22,25.639,25.848,25.518,25.656,2533003
2007-02-23,25.639,25.744,25.203,25.289,3330724
2007-02-26,25.518,25.551,25.062,25.186,3314169
2007-02-27,24.764,24.781,23.421,23.683,7177719
2007-02-28,24.242,24.519,23.806,24.345,5138042
2007-03-01,23.925,24.242,23.437,24.171,2992855
2007-03-02,23.63,24.259,23.525,23.751,2478532
2007-03-05,23.157,23.472,22.755,22.862,4384722
2007-03-06,23.699,23.908,23.507,23.751,2807302
2007-03-07,23.613,23.699,23.384,23.472,3661268
2007-03-08,23.857,24.154,23.769,23.98,2887235
2007-03-09,23.925,24.013,23.646,23.806,2136432
2007-03-12,24.468,24.468,23.857,24.191,1751875
2007-03-13,24.048,24.101,23.49,23.525,3771240
2007-03-14,23.663,23.822,23.124,23.769,3876289
2007-03-15,23.751,24.242,23.751,24.048,2273524
2007-03-16,24.119,24.222,23.769,23.892,1508301
2007-03-19,24.119,24.345,24.068,24.31,1738256
2007-03-20,23.98,24.328,23.98,24.328,2888277
2007-03-21,24.328,24.975,24.242,24.869,3271677
2007-03-22,24.73,24.955,24.539,24.556,3004702
2007-03-23,24.75,24.764,24.556,24.764,2415251
2007-03-26,24.642,24.75,24.365,24.73,1999950
2007-03-27,24.328,24.519,24.328,24.468,1528783
2007-03-28,24.383,24.416,23.96,23.98,1461211
2007-03-29,24.451,24.556,24.068,24.345,2446376
2007-03-30,24.383,24.484,24.136,24.365,1611979
2007-04-02,24.383,24.504,24.259,24.433,1452744
2007-04-03,24.433,24.801,24.433,24.73,1532598
2007-04-04,24.662,24.764,24.504,24.73,6580075
2007-04-05,24.695,24.941,24.59,24.889,2423186
2007-04-09,25.135,25.166,24.941,24.992,2056842
2007-04-10,25.078,25.115,24.992,25.012,1368167
2007-04-11,25.098,25.166,24.818,24.889,2210684
2007-04-12,24.818,25.254,24.75,25.203,2662349
2007-04-13,24.904,25.047,24.75,24.992,1812755
2007-04-16,25.062,25.186,24.992,25.186,1626538
2007-04-17,25.062,25.062,24.642,24.678,2313289
2007-04-18,24.801,24.853,24.642,24.713,1472965
2007-04-19,24.365,24.504,24.154,24.451,1893239
2007-04-20,24.484,24.678,24.451,24.642,2007174
2007-04-23,24.678,24.781,24.519,24.574,3004598
2007-04-24,24.818,24.904,24.662,24.801,3616478
2007-04-25,24.75,24.941,24.642,24.869,1629132
2007-04-26,24.818,24.869,24.607,24.818,2648336
2007-04-27,24.484,24.662,24.396,24.539,2346901
2007-04-30,24.556,24.556,24.119,24.136,1829384
2007-05-01,24.205,24.293,24.013,24.259,2147189
2007-05-02,24.468,24.764,24.416,24.73,2600902
2007-05-03,24.889,24.904,24.713,24.889,2522309
2007-05-04,25.221,25.309,25.062,25.186,2196681
2007-05-07,25.272,25.463,25.272,25.377,2134516
2007-05-08,25.166,25.238,24.992,25.148,2248104
2007-05-09,25.098,25.254,24.992,25.186,2563156
2007-05-10,25.221,25.238,24.713,24.781,4265019
2007-05-11,24.941,25.221,24.869,25.186,2301415
2007-05-14,24.924,25.062,24.662,24.75,2377497
2007-05-15,24.75,24.924,24.642,24.678,1837982
2007-05-16,24.75,24.992,24.642,24.992,1968085
2007-05-17,24.955,25.027,24.764,24.889,1343644
2007-05-18,25.078,25.078,24.853,25.027,1564890
2007-05-21,25.166,25.326,25.148,25.148,5093855
2007-05-22,25.34,25.5,25.309,25.428,4020672
2007-05-23,25.428,25.639,25.34,25.359,2523595
2007-05-24,25.34,25.551,24.941,24.992,3657033
2007-05-25,25.34,25.428,25.221,25.377,1416448
2007-05-29,25.57,25.656,25.359,25.533,2143628
2007-05-30,25.078,25.606,25.012,25.483,3123823
2007-05-31,25.57,25.639,25.412,25.518,3334329
2007-06-01,25.709,25.867,25.694,25.867,1748677
2007-06-04,25.797,25.936,25.744,25.83,2710176
2007-06-05,25.744,25.901,25.586,25.744,1868369
2007-06-06,25.885,26.966,25.551,25.694,7979721
2007-06-07,25.867,25.955,25.34,25.412,4100567
2007-06-08,25.57,26.182,25.57,26.022,3204711
2007-06-11,25.867,26.252,25.867,26.078,3762828
2007-06-12,26.11,26.215,25.78,25.83,2857624
2007-06-13,26.041,26.321,26.006,26.284,3833681
2007-06-14,26.233,26.669,26.233,26.567,2766470
2007-06-15,26.95,27.159,26.932,27.126,5212243
2007-06-18,27.317,27.388,27.022,27.108,3278781
2007-06-19,27.212,27.335,27.022,27.3,3143859
2007-06-20,27.438,27.755,27.282,27.423,4193759
2007-06-21,27.788,28.382,27.614,28.366,5894224
2007-06-22,28.226,28.226,27.685,27.772,3016087
2007-06-25,27.982,28.314,27.841,28.032,6192854
2007-06-26,28.032,28.103,27.788,27.788,4480569
2007-06-27,27.718,28.14,27.667,28.103,3252624
2007-06-28,28.032,28.191,27.929,28.017,3989425
2007-06-29,28.017,28.103,27.806,27.964,4371190
2007-07-02,28.261,28.54,28.12,28.505,4945387
2007-07-03,28.47,28.751,28.47,28.628,4537148
2007-07-05,28.976,29.136,28.906,29.117,6462312
2007-07-06,29.187,29.326,28.96,29.238,4352880
2007-07-09,29.695,29.869,29.607,29.816,5962215
2007-07-10,29.535,29.59,29.238,29.275,4213635
2007-07-11,29.152,29.257,29.046,29.257,4798058
2007-07-12,29.345,29.799,29.345,29.746,5039697
2007-07-13,29.711,29.849,29.695,29.799,3018734
2007-07-16,29.205,29.799,29.205,29.431,3299705
2007-07-17,29.728,29.816,29.623,29.764,2091344
2007-07-18,29.431,29.449,29.064,29.345,4352751
2007-07-19,29.467,29.642,29.449,29.572,2895560
2007-07-20,29.783,29.937,29.379,29.607,7547682
2007-07-23,29.957,30.234,29.904,30.113,5733071
2007-07-24,30.008,30.234,29.66,29.834,5767844
2007-07-25,30.148,30.182,29.799,30.027,5796789
2007-07-26,29.187,29.291,28.12,28.716,13685980
2007-07-27,27.964,28.751,27.702,28.017,8091477
2007-07-30,28.14,28.785,28.069,28.591,6285031
2007-07-31,28.976,29.238,28.243,28.402,9527329
2007-08-01,27.524,27.841,27.089,27.632,11505436
2007-08-02,28.069,28.14,27.806,27.997,4608955
2007-08-03,28.279,28.294,27.038,27.388,8131989
2007-08-06,27.823,28.103,27.282,28.069,4621089
2007-08-07,27.3,27.964,27.177,27.858,5558932
2007-08-08,28.294,28.839,28.279,28.802,4338030
2007-08-09,28.032,28.14,27.544,27.702,5828542
2007-08-10,27.212,27.964,27.022,27.685,5566896
2007-08-13,27.909,27.964,27.524,27.524,3365570
2007-08-14,27.632,27.755,26.741,26.966,3821578
2007-08-15,26.338,26.618,25.797,25.83,8317131
2007-08-16,24.484,25.533,23.49,25.533,11715542
2007-08-17,26.164,26.706,25.918,26.549,7480059
2007-08-20,26.915,27.003,26.215,26.6,6492636
2007-08-21,26.215,26.444,26.078,26.215,9476761
2007-08-22,26.706,27.038,26.688,26.985,4901977
2007-08-23,27.247,27.491,26.741,27.126,6895485
2007-08-24,26.915,27.649,26.915,27.632,4373174
2007-08-27,27.141,27.335,26.966,26.966,4102927
2007-08-28,26.966,26.985,26.094,26.303,6331972
2007-08-29,26.88,27.35,26.792,27.3,3876118
2007-08-30,26.95,27.403,26.915,27.108,2412847
2007-08-31,28.052,28.454,27.858,27.858,3548435
2007-09-04,27.561,28.347,27.544,27.997,4607794
2007-09-05,27.388,27.702,27.317,27.561,5640977
2007-09-06,27.909,28.261,27.841,28.087,3755446
2007-09-07,27.614,27.702,27.177,27.37,5605177
2007-09-10,27.649,27.964,27.108,27.544,4823396
2007-09-11,27.823,28.052,27.685,27.909,3475806
2007-09-12,27.667,28.173,27.632,27.997,5341704
2007-09-13,27.735,27.946,27.667,27.788,4933506
2007-09-14,27.685,28.017,27.597,27.841,4713501
2007-09-17,27.212,27.524,27.196,27.247,3859612
2007-09-18,27.474,28.525,27.282,28.402,7490712
2007-09-19,28.155,28.402,27.858,27.982,5480483
2007-09-20,28.032,28.12,27.788,27.964,4001675
2007-09-21,28.402,28.662,28.402,28.576,5035457
2007-09-24,28.716,28.89,28.488,28.802,2661659
2007-09-25,28.611,28.679,28.261,28.646,3212363
2007-09-26,28.662,29.17,28.435,28.976,5458350
2007-09-27,29.535,29.695,29.361,29.623,5594773
2007-09-28,29.676,29.676,29.136,29.361,5060192
2007-10-01,29.695,30.357,29.695,30.182,5392742
2007-10-02,30.375,30.445,30.096,30.342,8393394
2007-10-03,30.357,30.551,29.849,30.027,13927691
2007-10-04,30.322,30.516,30.201,30.272,4399690
2007-10-05,30.969,30.969,30.393,30.76,6250157
2007-10-08,30.551,30.672,30.428,30.567,1950532
2007-10-09,30.305,30.936,30.305,30.916,6858905
2007-10-10,30.322,30.881,30.322,30.881,3097524
2007-10-11,30.901,31.11,30.234,30.496,7498919
2007-10-12,29.887,30.166,29.799,30.096,3748840
2007-10-15,30.06,30.148,29.572,29.834,3308219
2007-10-16,29.973,30.06,29.623,29.869,4048585
2007-10-17,30.342,30.445,29.764,30.272,2698006
2007-10-18,30.272,30.76,30.182,30.639,3485582
2007-10-19,30.533,30.586,29.502,29.519,3809880
2007-10-22,29.361,29.764,29.136,29.623,3143688
2007-10-23,30.305,30.41,29.937,30.393,2677105
2007-10-24,30.166,31.409,29.238,30.027,4292831
2007-10-25,30.656,30.742,30.201,30.619,2891526
2007-10-26,31.057,31.266,30.916,31.11,4124841
2007-10-29,30.602,31.794,30.602,31.794,4438219
2007-10-30,31.53,31.53,31.11,31.145,3423359
2007-10-31,31.301,31.721,31.11,31.721,4332196
2007-11-01,30.586,30.916,30.027,30.219,7922618
2007-11-02,29.937,29.957,29.046,29.799,5165049
2007-11-05,29.783,29.849,29.136,29.535,5072644
2007-11-06,29.816,30.254,29.695,30.166,4172937
2007-11-07,29.887,29.887,29.152,29.291,3729969
2007-11-08,28.558,29.205,27.876,28.366,6886090
2007-11-09,28.331,28.732,28.208,28.347,4063477
2007-11-12,27.597,28.191,27.264,27.264,4071026
2007-11-13,28.052,28.785,28.052,28.767,4680935
2007-11-14,28.976,29.275,28.47,28.679,3143281
2007-11-15,28.279,28.525,27.755,28.017,3960696
2007-11-16,28.261,28.261,27.667,27.964,4262707
2007-11-19,27.718,27.718,26.897,27.126,4758932
2007-11-20,27.524,27.964,27.053,27.755,5657631
2007-11-21,26.811,27.089,26.284,26.459,4041190
2007-11-23,27.126,27.177,26.844,27.089,3492337
2007-11-26,27.37,27.438,26.426,26.459,3939379
2007-11-27,26.444,27.022,26.407,26.88,7717574
2007-11-28,26.774,27.597,26.741,27.317,7190669
2007-11-29,27.35,27.35,26.95,27.177,4169869
2007-11-30,27.964,28.087,27.474,27.823,5028498
2007-12-03,27.511,27.614,27.282,27.403,2455988
2007-12-04,27.491,27.561,27.212,27.317,4633673
2007-12-05,28.103,28.261,28.017,28.261,3733831
2007-12-06,28.052,28.454,27.089,28.347,3406181
2007-12-07,28.087,28.382,27.997,28.103,8582891
2007-12-10,27.735,27.876,27.212,27.806,3765607
2007-12-11,27.649,27.755,26.811,26.829,3312078
2007-12-12,27.126,27.632,26.567,27.022,5427340
2007-12-13,26.215,26.215,25.533,26.041,5604133
2007-12-14,25.606,25.867,25.447,25.621,3211680
2007-12-17,24.924,25.047,24.191,24.191,5499374
2007-12-18,24.904,25.186,24.484,25.027,5891529
2007-12-19,25.694,25.971,25.551,25.83,5869942
2007-12-20,25.744,25.78,25.203,25.5,3426706
2007-12-21,25.656,26.215,25.5,25.955,4191155
2007-12-24,25.78,25.78,25.447,25.656,2585304
2007-12-26,25.656,25.725,25.483,25.586,3439633
2007-12-27,25.867,25.989,25.463,25.463,4994319
2007-12-28,26.129,26.321,25.955,25.955,3063218
2007-12-31,26.233,26.567,26.215,26.27,1856600
2008-01-02,26.006,26.11,25.272,25.326,4336717
2008-01-03,25.238,25.412,25.135,25.238,5924899
2008-01-04,24.975,24.992,24.293,24.519,4386473
2008-01-07,24.504,24.504,23.837,24.048,6880522
2008-01-08,24.504,24.662,23.874,24.136,5606273
2008-01-09,24.853,24.955,24.396,24.955,8595340
2008-01-10,24.75,25.309,24.556,25.012,7926022
2008-01-11,24.556,24.889,24.416,24.627,3729385
2008-01-14,25.518,25.813,25.518,25.639,10895866
2008-01-15,26.198,26.198,25.518,25.744,9594126
2008-01-16,25.34,25.412,24.642,25.078,8300270
2008-01-17,24.992,25.166,24.293,24.433,5851004
2008-01-18,25.203,25.412,24.781,25.135,7655517
2008-01-22,23.663,24.73,23.14,24.259,11027525
2008-01-23,22.687,24.101,22.04,23.96,11437266
2008-01-24,23.421,24.068,23.421,23.751,9688643
2008-01-25,24.504,24.818,23.892,24.031,6512073
2008-01-28,23.595,24.031,23.384,23.945,4827544
2008-01-29,24.048,24.048,23.646,23.908,3367450
2008-01-30,23.699,24.365,23.525,23.595,5743355
2008-01-31,23.402,24.259,23.245,23.925,4709127
2008-02-01,24.416,24.955,24.396,24.904,6049181
2008-02-04,24.941,24.975,24.519,24.713,4013489
2008-02-05,24.222,24.365,23.437,23.437,6208535
2008-02-06,23.751,23.787,23.245,23.261,4059784
2008-02-07,23.261,23.96,22.913,23.613,4851030
2008-02-08,23.437,23.925,23.298,23.769,12152204
2008-02-11,23.769,24.084,23.472,23.998,7614859
2008-02-12,24.205,24.59,24.048,24.416,4118370
2008-02-13,24.59,24.801,24.293,24.607,7557143
2008-02-14,25.309,25.518,24.764,25.166,7982862
2008-02-15,25.012,25.098,24.781,25.078,2741628
2008-02-19,25.694,25.78,25.238,25.254,5814944
2008-02-20,24.941,25.533,24.924,25.359,4165798
2008-02-21,25.867,26.059,25.518,25.813,9532204
2008-02-22,26.059,26.321,25.78,26.303,9454490
2008-02-25,26.774,27.247,26.426,27.247,10249871
2008-02-26,27.053,27.561,26.915,27.403,6845926
2008-02-27,27.264,27.858,27.264,27.718,6442868
2008-02-28,27.511,27.597,27.264,27.403,4838290
2008-02-29,27.177,27.423,26.741,26.966,7644435
2008-03-03,26.688,26.897,26.374,26.653,5520556
2008-03-04,27.264,27.37,26.653,27.177,8020124
2008-03-05,27.597,27.946,27.423,27.841,10856727
2008-03-06,28.173,28.173,27.544,27.632,10716077
2008-03-07,27.614,28.017,27.247,27.614,7427189
2008-03-10,27.212,27.474,26.758,27.053,8187686
2008-03-11,27.823,28.294,27.685,28.261,7713862
2008-03-12,27.806,27.929,27.458,27.458,5189817
2008-03-13,26.741,27.282,26.426,26.88,8674757
2008-03-14,26.829,26.915,25.813,26.059,8115636
2008-03-17,25.674,26.11,25.309,25.971,8451309
2008-03-18,26.391,26.915,26.182,26.844,7893731
2008-03-19,26.897,26.897,26.129,26.233,8573289
2008-03-20,27.3,28.14,27.022,28.052,16686493
2008-03-24,29.676,30.234,29.467,30.113,13281415
2008-03-25,29.728,29.728,29.326,29.502,13284291
2008-03-26,29.31,29.31,28.732,28.785,9384979
2008-03-27,28.558,28.611,28.032,28.14,12254258
2008-03-28,28.382,28.382,27.581,27.772,11051534
2008-03-31,27.667,27.896,27.561,27.702,10185523
2008-04-01,27.896,28.611,27.823,28.525,10308750
2008-04-02,28.294,28.47,28.052,28.191,11580481
2008-04-03,27.929,28.525,27.788,28.331,8828802
2008-04-04,28.488,28.488,28.052,28.294,4472494
2008-04-07,28.54,28.82,28.331,28.488,5111098
2008-04-08,28.243,28.402,28.103,28.14,6250745
2008-04-09,28.314,28.435,27.858,27.997,6103480
2008-04-10,28.646,28.994,28.576,28.82,5797686
2008-04-11,28.976,29.031,28.558,28.785,7082738
2008-04-14,28.943,29.117,28.802,28.873,5013836
2008-04-15,29.152,29.345,29.031,29.326,6103191
2008-04-16,29.711,30.148,29.711,30.06,6966383
2008-04-17,29.887,29.937,29.502,29.572,13039214
2008-04-18,30.027,30.113,29.728,29.957,9389045
2008-04-21,29.764,29.869,29.623,29.676,4840049
2008-04-22,29.676,29.676,29.205,29.379,6684856
2008-04-23,29.414,29.572,29.222,29.519,6007938
2008-04-24,29.535,29.623,29.084,29.398,6994257
2008-04-25,29.502,29.502,28.873,29.31,6183041
2008-04-28,29.519,29.849,29.519,29.607,4958877
2008-04-29,29.205,29.222,28.839,28.873,6675847
2008-04-30,28.976,29.275,28.839,28.943,5709130
2008-05-01,28.925,29.623,28.925,29.59,5091409
2008-05-02,29.642,29.676,29.275,29.535,4874203
2008-05-05,28.994,29.046,28.785,28.906,5451025
2008-05-06,28.82,29.17,28.558,29.152,5585102
2008-05-07,29.187,29.187,28.591,28.662,4829707
2008-05-08,28.525,28.628,28.243,28.558,4852358
2008-05-09,28.243,28.576,27.964,28.14,4703966
2008-05-12,28.279,28.558,28.191,28.47,3447467
2008-05-13,28.89,28.976,28.525,28.873,7697948
2008-05-14,29.031,29.238,28.906,28.943,2957115
2008-05-15,29.291,29.535,29.136,29.519,9159489
2008-05-16,29.816,30.008,29.676,29.957,5919286
2008-05-19,30.113,30.586,29.99,29.99,9428176
2008-05-20,29.064,29.187,28.89,28.943,6803506
2008-05-21,29.117,29.187,28.628,28.732,5617518
2008-05-22,29.064,29.205,28.906,29.064,4563171
2008-05-23,28.525,28.525,27.997,28.294,5136794
2008-05-27,28.191,28.54,28.155,28.488,3844043
2008-05-28,28.261,28.314,27.997,28.226,5889005
2008-05-29,28.226,28.646,28.191,28.454,5773001
2008-05-30,28.402,28.576,28.314,28.366,4585126
2008-06-02,28.525,28.611,28.12,28.505,3863524
2008-06-03,28.226,28.243,27.649,27.788,4925511
2008-06-04,27.929,28.12,27.823,28.017,5190692
2008-06-05,28.347,28.96,28.347,28.96,5121548
2008-06-06,28.435,28.488,27.876,27.896,6569297
2008-06-09,27.964,27.997,27.37,27.755,4860123
2008-06-10,27.089,27.141,26.723,26.862,9937189
2008-06-11,27.108,27.177,26.6,26.6,6395384
2008-06-12,26.426,26.706,26.11,26.145,13268518
2008-06-13,26.459,26.758,26.27,26.723,5690835
2008-06-16,26.495,26.792,26.477,26.706,4569110
2008-06-17,26.915,26.966,26.495,26.618,3942508
2008-06-18,26.669,26.706,26.321,26.549,7389235
2008-06-19,26.284,26.549,26.129,26.495,3648205
2008-06-20,25.813,25.901,25.377,25.483,6376888
2008-06-23,25.936,25.936,25.5,25.586,5446920
2008-06-24,25.326,25.639,25.148,25.272,5057390
2008-06-25,25.83,26.198,25.656,25.989,6339347
2008-06-26,25.447,26.041,24.904,25.062,9116216
2008-06-27,24.853,24.869,24.484,24.678,4492163
2008-06-30,24.836,24.904,24.662,24.695,9496922
2008-07-01,24.205,24.468,23.98,24.396,7899361
2008-07-02,24.468,24.484,23.595,23.734,8740303
2008-07-03,24.293,24.383,23.857,24.205,7298629
2008-07-07,24.259,24.416,23.646,24.031,6664119
2008-07-08,23.421,23.806,23.298,23.806,7964948
2008-07-09,23.437,23.49,22.913,22.931,6395127
2008-07-10,23.245,23.452,23.017,23.157,5599795
2008-07-11,23.49,23.716,23.157,23.525,7528377
2008-07-14,23.734,23.734,23.069,23.298,5387041
2008-07-15,22.388,22.843,22.04,22.354,9295399
2008-07-16,22.161,23.017,22.126,22.913,12282106
2008-07-17,23.333,23.663,23.14,23.437,14224411
2008-07-18,23.157,23.261,22.982,23.157,7507642
2008-07-21,23.769,23.857,23.576,23.751,4818148
2008-07-22,23.56,23.892,23.366,23.806,6009834
2008-07-23,24.383,24.662,24.222,24.504,7995517
2008-07-24,24.539,24.556,23.857,24.171,4878676
2008-07-25,24.048,24.191,23.945,24.013,5924300
2008-07-28,24.136,24.205,23.525,23.613,4601129
2008-07-29,23.245,23.683,23.193,23.683,6886956
2008-07-30,23.716,23.822,23.349,23.751,5431766
2008-07-31,23.261,23.298,22.894,22.964,5991449
2008-08-01,23.245,23.279,22.808,22.843,4889491
2008-08-04,22.913,22.964,22.632,22.862,5250732
2008-08-05,22.651,23.105,22.632,23.087,4464466
2008-08-06,23.279,23.56,23.157,23.49,4947409
2008-08-07,23.157,23.298,22.964,23.105,6222720
2008-08-08,23.56,24.205,23.49,24.031,4720091
2008-08-11,24.136,24.484,24.048,24.205,6564224
2008-08-12,23.98,24.031,23.806,23.925,3910954
2008-08-13,23.769,23.945,23.525,23.874,5632030
2008-08-14,23.806,24.293,23.787,24.068,4716693
2008-08-15,23.595,23.769,23.507,23.699,2383739
2008-08-18,23.087,23.087,22.632,22.72,3839944
2008-08-19,22.579,22.579,22.231,22.477,9118498
2008-08-20,22.913,23.069,22.739,23.052,5099588
2008-08-21,22.599,22.862,22.458,22.739,5859505
2008-08-22,22.862,22.862,22.687,22.739,6519938
2008-08-25,22.843,22.843,22.44,22.477,5150180
2008-08-26,22.599,22.739,22.458,22.509,3712509
2008-08-27,23.052,23.384,22.982,23.316,5413003
2008-08-28,23.087,23.298,23.036,23.279,4119809
2008-08-29,22.894,23.036,22.739,22.773,2591719
2008-09-02,21.917,21.987,21.479,21.708,5569187
2008-09-03,21.305,21.305,20.938,21.043,5469155
2008-09-04,20.535,20.555,19.855,19.994,19102943
2008-09-05,19.994,20.518,19.871,20.518,11820148
2008-09-08,21.708,21.743,20.885,21.34,11503448
2008-09-09,20.92,20.973,20.256,20.307,11241843
2008-09-10,20.621,20.852,20.432,20.658,16152613
2008-09-11,19.803,20.344,19.732,20.293,8537826
2008-09-12,20.1,20.676,19.994,20.555,7856786
2008-09-15,19.383,19.803,19.189,19.207,7175558
2008-09-16,18.299,19.259,18.246,19.033,10815842
2008-09-17,18.579,19.015,17.774,17.791,15431743
2008-09-18,18.667,19.418,17.791,19.242,16129673
2008-09-19,20.273,21.026,20.117,20.57,14065664
2008-09-22,20.307,20.379,19.523,19.68,10279181
2008-09-23,20.256,20.293,19.611,19.748,14654659
2008-09-24,19.748,20.01,19.611,19.855,6097566
2008-09-25,19.871,20.57,19.855,20.273,9741599
2008-09-26,19.383,19.767,19.312,19.556,4669638
2008-09-29,18.964,18.998,17.232,17.739,12358750
2008-09-30,18.561,18.875,18.263,18.875,10270356
2008-10-01,18.771,19.05,18.386,18.824,12133477
2008-10-02,18.439,18.491,17.739,17.81,6885250
2008-10-03,18.263,18.998,17.791,17.949,11909478
2008-10-06,17.058,17.18,16.131,17.163,13239440
2008-10-07,17.303,17.67,16.341,16.446,9666402
2008-10-08,16.289,17.11,16.009,16.237,15899392
2008-10-09,16.621,16.744,15.048,15.415,9574731
2008-10-10,14.507,16.044,14.017,15.345,16621192
2008-10-13,16.289,17.46,15.939,17.354,16820369
2008-10-14,17.32,17.46,16.219,16.551,14301268
2008-10-15,16.481,16.481,15.467,15.467,7882336
2008-10-16,15.695,16.027,14.698,15.992,11283659
2008-10-17,15.188,16.306,15.152,15.608,11687648
2008-10-20,15.642,16.166,15.415,16.062,7091586
2008-10-21,15.293,15.52,14.995,15.048,4246846
2008-10-22,14.698,14.716,13.947,14.297,10178784
2008-10-23,14.0,14.454,13.545,14.349,14739535
2008-10-24,12.164,13.318,12.024,12.95,12597090
2008-10-27,12.444,13.231,12.356,12.724,11462301
2008-10-28,13.597,14.384,13.16,14.366,14397635
2008-10-29,13.493,14.226,13.282,13.632,14309567
2008-10-30,14.663,14.978,14.297,14.926,9665496
2008-10-31,14.821,15.52,14.804,15.398,7834234
2008-11-03,15.485,15.695,15.327,15.345,11257886
2008-11-04,15.765,16.341,15.765,16.341,9168351
2008-11-05,15.327,15.59,14.716,14.838,8649506
2008-11-06,14.122,14.384,13.667,13.894,9792801
2008-11-07,14.489,14.926,14.436,14.908,8316095
2008-11-10,14.663,14.855,14.174,14.541,9733410
2008-11-11,13.929,14.297,13.632,13.894,9308802
2008-11-12,13.86,13.982,13.213,13.475,11235999
2008-11-13,13.457,14.419,12.793,14.366,13555219
2008-11-14,13.405,13.894,13.073,13.073,11087993
2008-11-17,13.178,13.528,12.881,13.021,9808111
2008-11-18,12.724,13.125,12.461,12.933,9586097
2008-11-19,12.653,12.846,12.095,12.112,12409717
2008-11-20,12.024,12.374,11.36,11.483,13498489
2008-11-21,12.549,13.143,11.937,13.108,10833772
2008-11-24,12.636,13.318,12.602,13.021,14075709
2008-11-25,13.196,13.282,12.689,13.038,8817937
2008-11-26,12.915,13.475,12.793,13.475,7001844
2008-11-28,13.353,13.597,13.353,13.597,3010172
2008-12-01,13.282,13.353,12.671,12.759,10170395
2008-12-02,13.003,13.475,12.899,13.335,8767375
2008-12-03,12.566,13.178,12.514,13.073,6237454
2008-12-04,12.549,12.899,12.305,12.689,7758407
2008-12-05,12.444,13.091,12.146,12.986,9429381
2008-12-08,13.545,13.842,13.422,13.579,5264434
2008-12-09,13.545,13.772,13.37,13.475,8872215
2008-12-10,14.244,14.314,13.982,14.244,6800489
2008-12-11,14.209,14.436,13.912,13.982,6425401
2008-12-12,13.562,14.122,13.562,13.982,6658432
2008-12-15,13.982,14.069,13.719,13.947,4283110
2008-12-16,14.157,14.943,14.139,14.943,8155139
2008-12-17,14.558,14.821,14.507,14.594,6847657
2008-12-18,14.681,14.821,14.297,14.332,8412086
2008-12-19,14.629,14.716,14.366,14.471,4324495
2008-12-22,14.122,14.139,13.545,13.86,4849621
2008-12-23,12.566,12.583,12.321,12.427,5479973
2008-12-24,12.602,12.689,12.444,12.496,2653666
2008-12-26,12.444,12.566,12.392,12.531,2060022
2008-12-29,12.566,12.671,12.409,12.566,2796312
2008-12-30,13.108,13.247,13.003,13.213,2898947
2008-12-31,13.143,13.422,13.125,13.265,2293425
2009-01-02,13.44,13.719,13.265,13.632,3465669
2009-01-05,13.457,13.615,13.353,13.545,7315285
2009-01-06,13.562,13.719,13.388,13.685,5672954
2009-01-07,13.405,13.457,13.196,13.37,5250431
2009-01-08,12.724,13.056,12.671,13.003,7158450
2009-01-09,12.706,12.706,12.374,12.496,5090226
2009-01-12,12.409,12.444,12.095,12.164,5835325
2009-01-13,12.444,12.653,12.374,12.496,5474294
2009-01-14,12.374,12.374,12.042,12.268,5769934
2009-01-15,12.024,12.321,11.71,12.095,5910029
2009-01-16,12.305,12.374,11.849,12.199,4398927
2009-01-20,11.605,11.727,11.22,11.22,6140584
2009-01-21,11.71,11.972,11.43,11.955,7768972
2009-01-22,11.552,11.849,11.43,11.71,4743356
2009-01-23,11.291,11.884,11.273,11.762,5837245
2009-01-26,11.78,12.024,11.658,11.815,4617552
2009-01-27,11.884,12.146,11.867,12.042,4035286
2009-01-28,12.427,12.636,12.321,12.496,5690345
2009-01-29,12.461,12.461,11.92,11.937,4627689
2009-01-30,11.937,12.112,11.745,11.902,7389700
2009-02-02,11.552,11.902,11.517,11.798,8891821
2009-02-03,12.095,12.321,11.937,12.252,6446796
2009-02-04,12.146,12.531,12.146,12.321,5085050
2009-02-05,12.095,12.478,11.955,12.305,6602306
2009-02-06,12.478,12.933,12.478,12.933,6689791
2009-02-09,12.793,12.811,12.566,12.689,5434700
2009-02-10,12.636,12.706,11.989,12.217,9156433
2009-02-11,12.583,12.724,12.444,12.549,6150727
2009-02-12,12.146,12.478,12.042,12.427,6111503
2009-02-13,12.671,12.776,12.602,12.602,4454299
2009-02-17,12.13,12.13,11.798,11.832,8216120
2009-02-18,12.146,12.217,11.92,12.042,6346337
2009-02-19,12.374,12.409,12.042,12.13,6599312
2009-02-20,11.71,11.989,11.552,11.937,6837232
2009-02-23,12.024,12.042,11.552,11.64,6496041
2009-02-24,11.798,12.268,11.745,12.13,8392651
2009-02-25,12.164,12.268,11.884,12.077,6153528
2009-02-26,12.164,12.321,11.937,11.937,7137288
2009-02-27,11.849,12.164,11.815,11.92,7294514
2009-03-02,11.501,11.658,11.343,11.377,10106478
2009-03-03,11.605,11.762,11.413,11.605,11406872
2009-03-04,12.217,12.531,12.13,12.339,9849016
2009-03-05,12.287,12.461,12.095,12.234,8323335
2009-03-06,12.496,12.706,12.287,12.514,7660710
2009-03-09,12.199,12.549,12.164,12.268,6991776
2009-03-10,12.653,13.091,12.619,13.003,8349531
2009-03-11,13.056,13.091,12.724,13.003,6295633
2009-03-12,12.881,13.37,12.776,13.3,8271997
2009-03-13,13.282,13.44,13.16,13.3,6714124
2009-03-16,13.493,13.65,13.37,13.422,7306287
2009-03-17,13.475,13.876,13.475,13.754,6191677
2009-03-18,13.754,14.139,13.579,13.947,8550659
2009-03-19,13.947,14.035,13.685,13.876,6149072
2009-03-20,13.685,13.754,13.405,13.422,4624894
2009-03-23,14.051,14.541,14.017,14.419,8298588
2009-03-24,14.332,14.489,14.157,14.297,6030202
2009-03-25,14.594,14.804,14.332,14.681,6489472
2009-03-26,14.733,14.943,14.663,14.873,4228219
2009-03-27,14.558,14.611,14.401,14.507,4415625
2009-03-30,13.947,13.982,13.754,13.86,5812420
2009-03-31,14.157,14.349,14.104,14.104,3634093
2009-04-01,14.436,14.768,14.366,14.733,5359967
2009-04-02,15.136,15.572,15.118,15.45,8136929
2009-04-03,15.223,15.59,15.205,15.555,8250822
2009-04-06,15.101,15.398,15.083,15.398,4651865
2009-04-07,14.978,15.065,14.838,14.978,4289429
2009-04-08,14.804,15.013,14.751,14.908,6678542
2009-04-09,15.642,15.642,15.398,15.572,6965260
2009-04-13,15.695,16.009,15.608,15.905,10473666
2009-04-14,15.922,16.027,15.747,15.799,12906648
2009-04-15,15.834,16.027,15.782,15.974,4391247
2009-04-16,16.219,16.499,16.097,16.271,5711546
2009-04-17,15.624,15.817,15.59,15.712,5898426
2009-04-20,15.433,15.467,15.152,15.205,8277599
2009-04-21,15.537,15.905,15.485,15.905,6366229
2009-04-22,15.712,16.009,15.642,15.73,5380230
2009-04-23,15.799,15.869,15.624,15.782,6026797
2009-04-24,15.974,16.184,15.939,16.027,4813377
2009-04-27,15.433,15.608,15.327,15.45,5016443
2009-04-28,15.065,15.398,15.065,15.275,3369887
2009-04-29,16.131,20.133,16.079,17.145,42734307
2009-04-30,18.001,18.035,16.603,17.861,21859173
2009-05-01,17.968,18.491,17.774,18.019,7285919
2009-05-04,18.927,19.611,18.927,19.488,14681898
2009-05-05,18.63,18.824,18.352,18.473,12936771
2009-05-06,19.05,19.189,18.648,18.912,15175412
2009-05-07,18.824,18.859,17.897,18.089,16932035
2009-05-08,18.263,18.613,18.142,18.507,12893018
2009-05-11,18.263,18.456,18.055,18.195,8604863
2009-05-12,18.142,18.176,17.67,17.932,12736044
2009-05-13,17.704,17.704,17.46,17.53,8164053
2009-05-14,17.425,17.845,17.425,17.67,7337895
2009-05-15,17.932,18.071,17.704,17.723,6890444
2009-05-18,18.282,18.681,18.282,18.579,7741807
2009-05-19,18.681,18.804,18.42,18.718,7865929
2009-05-20,18.718,18.892,18.507,18.595,12469772
2009-05-21,18.352,18.507,18.229,18.507,6789066
2009-05-22,18.771,19.05,18.718,18.892,17137400
2009-05-26,18.439,18.892,18.386,18.841,8527730
2009-05-27,19.277,19.383,18.964,19.015,9536309
2009-05-28,19.189,19.488,19.033,19.383,8539335
2009-05-29,19.47,19.715,19.383,19.697,19923575
2009-06-01,19.82,20.047,19.697,19.924,12199311
2009-06-02,19.592,19.748,19.488,19.523,7947948
2009-06-03,19.259,19.259,18.736,18.927,11856654
2009-06-04,18.875,19.033,18.824,18.841,10091653
2009-06-05,19.103,19.138,18.63,18.736,5704429
2009-06-08,18.158,18.386,17.845,18.21,8955360
2009-06-09,17.845,17.985,17.739,17.88,10788556
2009-06-10,18.108,18.176,17.739,17.985,13127414
2009-06-11,18.035,18.386,17.932,18.195,8884717
2009-06-12,17.826,17.861,17.617,17.739,7730535
2009-06-15,16.97,17.023,16.656,16.901,12513259
2009-06-16,16.953,17.18,16.691,16.813,10227898
2009-06-17,16.778,16.97,16.638,16.778,8388954
2009-06-18,16.813,16.866,16.621,16.621,15430971
2009-06-19,16.97,17.006,16.744,16.848,9170896
2009-06-22,16.953,16.97,16.709,16.709,17105762
2009-06-23,16.744,16.935,16.638,16.831,8949296
2009-06-24,17.513,17.635,17.354,17.391,9640953
2009-06-25,17.338,17.81,17.32,17.723,7953855
2009-06-26,17.758,17.758,17.582,17.582,6897821
2009-06-29,17.635,17.704,17.495,17.582,10524530
2009-06-30,17.651,17.704,17.391,17.635,12445500
2009-07-01,18.108,18.316,18.035,18.035,10010736
2009-07-02,18.019,18.055,17.861,17.88,7267944
2009-07-06,17.861,18.089,17.845,18.035,5399570
2009-07-07,18.195,18.316,17.897,17.968,8809622
2009-07-08,18.123,18.123,17.758,18.019,9979116
2009-07-09,18.507,18.527,18.263,18.263,8853043
2009-07-10,18.316,18.439,18.195,18.404,6657165
2009-07-13,17.826,18.071,17.67,18.035,10993240
2009-07-14,18.158,18.263,17.985,18.142,7278203
2009-07-15,18.648,19.138,18.613,18.945,11327643
2009-07-16,18.892,19.119,18.824,18.964,4662465
2009-07-17,19.05,19.207,18.964,19.189,4900018
2009-07-20,19.435,19.504,19.33,19.47,4843215
2009-07-21,19.418,19.47,19.173,19.418,6088449
2009-07-22,19.173,19.592,19.138,19.504,6212571
2009-07-23,19.418,19.924,19.365,19.836,13503493
2009-07-24,19.523,19.611,19.365,19.574,5226480
2009-07-27,19.488,19.611,19.4,19.523,5454781
2009-07-28,19.803,19.977,19.732,19.977,6669029
2009-07-29,19.556,19.715,19.488,19.611,5734920
2009-07-30,19.767,19.977,19.697,19.871,15690591
2009-07-31,19.697,19.908,19.627,19.803,6863034
2009-08-03,19.855,20.047,19.785,19.959,7487569
2009-08-04,19.47,19.68,19.418,19.488,8896040
2009-08-05,19.226,19.242,18.927,19.173,11522373
2009-08-06,19.259,19.297,18.945,19.154,6069304
2009-08-07,19.242,19.539,19.207,19.4,7184815
2009-08-10,19.189,19.259,19.05,19.207,4355785
2009-08-11,19.154,19.207,18.912,19.033,6562933
2009-08-12,19.086,19.504,19.015,19.33,8326165
2009-08-13,19.556,19.697,19.383,19.644,8157307
2009-08-14,19.715,19.732,19.383,19.523,8199057
2009-08-17,18.964,18.964,18.804,18.912,7200905
2009-08-18,18.912,19.05,18.841,18.998,7424374
2009-08-19,18.648,18.945,18.63,18.927,9256082
2009-08-20,18.736,18.892,18.718,18.875,6041057
2009-08-21,18.771,18.98,18.736,18.945,5877493
2009-08-24,19.226,19.297,19.086,19.173,9287890
2009-08-25,19.207,19.277,18.998,19.086,8157205
2009-08-26,18.789,18.841,18.63,18.771,8857551
2009-08-27,18.718,18.859,18.527,18.859,7476518
2009-08-28,19.226,19.33,19.05,19.119,7207139
2009-08-31,18.964,18.998,18.859,18.945,7159965
2009-09-01,19.556,19.732,19.103,19.154,18272122
2009-09-02,19.523,19.785,19.504,19.644,9246865
2009-09-03,19.977,20.062,19.855,20.047,10128181
2009-09-04,20.186,20.273,20.117,20.203,12343549
2009-09-08,20.711,20.746,20.555,20.641,7851563
2009-09-09,20.588,20.711,20.535,20.711,9027426
2009-09-10,20.746,21.026,20.621,20.973,11800365
2009-09-11,20.938,20.991,20.746,20.92,6340119
2009-09-14,20.5,20.729,20.485,20.692,7313832
2009-09-15,20.799,20.903,20.692,20.885,6936830
2009-09-16,21.217,21.34,21.094,21.34,21948513
2009-09-17,21.237,21.374,21.094,21.149,6235331
2009-09-18,21.323,21.374,21.2,21.288,3969052
2009-09-21,21.149,21.323,21.129,21.288,4657792
2009-09-22,21.27,21.374,21.184,21.358,4089171
2009-09-23,21.129,21.288,20.991,21.026,7403318
2009-09-24,20.885,20.938,20.5,20.641,7174589
2009-09-25,20.658,20.832,20.57,20.658,4457225
2009-09-28,20.676,20.973,20.641,20.832,4620983
2009-09-29,21.164,21.217,21.043,21.077,6559043
2009-09-30,21.549,21.688,21.288,21.532,8841519
2009-10-01,21.635,21.655,21.184,21.25,13873385
2009-10-02,20.867,22.687,20.815,21.094,6712541
2009-10-05,21.184,21.428,21.094,21.27,8144979
2009-10-06,21.622,21.846,21.602,21.723,8068701
2009-10-07,21.672,21.882,21.602,21.813,11099856
2009-10-08,21.499,21.602,21.34,21.549,9483563
2009-10-09,21.411,21.622,21.391,21.567,7092554
2009-10-12,21.585,21.688,21.499,21.585,4514086
2009-10-13,21.444,21.549,21.358,21.532,4349674
2009-10-14,22.04,22.161,21.899,22.093,9748301
2009-10-15,21.882,21.934,21.813,21.899,6318646
2009-10-16,21.688,21.813,21.585,21.708,5750096
2009-10-19,21.882,22.143,21.864,22.057,7665633
2009-10-20,22.04,22.073,21.708,21.708,6634848
2009-10-21,21.585,21.917,21.567,21.635,8817371
2009-10-22,21.358,21.585,21.164,21.532,7725311
2009-10-23,21.602,21.622,21.25,21.374,7821179
2009-10-26,21.532,21.708,21.288,21.358,6345335
2009-10-27,21.514,21.585,21.288,21.34,5608389
2009-10-28,21.026,21.077,20.555,20.746,10592087
2009-10-29,20.711,21.026,20.711,20.92,9038977
2009-10-30,20.588,20.641,20.01,20.293,13755956
2009-11-02,20.432,20.729,20.293,20.57,7209212
2009-11-03,20.307,20.467,20.24,20.414,8764728
2009-11-04,20.903,21.094,20.815,20.885,7594887
2009-11-05,20.938,21.2,20.938,21.164,5865214
2009-11-06,20.973,21.2,20.92,21.129,5816662
2009-11-09,21.514,21.723,21.461,21.567,8402096
2009-11-10,21.461,21.602,21.411,21.499,4837476
2009-11-11,21.813,21.95,21.602,21.796,6136707
2009-11-12,21.917,21.969,21.622,21.655,6927164
2009-11-13,21.758,21.917,21.672,21.846,4187876
2009-11-16,23.036,23.333,22.931,22.931,15339290
2009-11-17,22.143,22.214,21.864,22.18,15750059
2009-11-18,22.126,22.231,21.969,22.108,4663994
2009-11-19,21.813,21.813,21.444,21.622,9231503
2009-11-20,21.411,21.622,21.411,21.622,4238657
2009-11-23,21.829,21.969,21.796,21.796,7660473
2009-11-24,21.758,21.846,21.655,21.776,5598192
2009-11-25,21.987,22.04,21.899,21.95,6604219
2009-11-27,21.026,21.411,20.955,21.27,7470821
2009-11-30,21.358,21.444,21.164,21.374,10701298
2009-12-01,21.723,21.846,21.708,21.723,11175970
2009-12-02,21.864,22.005,21.776,21.846,7779715
2009-12-03,21.829,21.899,21.532,21.672,12170472
2009-12-04,21.776,21.829,21.479,21.688,9648078
2009-12-07,21.723,21.917,21.723,21.846,6978411
2009-12-08,21.723,21.758,21.585,21.708,5752626
2009-12-09,21.758,21.899,21.688,21.899,5780946
2009-12-10,21.622,21.776,21.585,21.743,4739734
2009-12-11,21.969,22.04,21.882,21.969,4746779
2009-12-14,21.987,22.04,21.882,21.95,3799666
2009-12-15,21.846,21.95,21.776,21.829,5086471
2009-12-16,21.723,21.776,21.602,21.635,7765844
2009-12-17,21.549,21.602,21.428,21.532,5173386
2009-12-18,21.567,21.602,21.444,21.549,6119014
2009-12-21,21.723,21.95,21.688,21.776,7656191
2009-12-22,21.743,21.743,21.622,21.688,4814449
2009-12-23,21.882,21.917,21.776,21.829,3184746
2009-12-24,21.934,22.18,21.934,22.073,1160958
2009-12-28,22.317,22.335,22.231,22.335,2712126
2009-12-29,22.317,22.354,22.231,22.231,5014478
2009-12-30,22.423,22.493,22.335,22.405,5019557
2009-12-31,22.739,22.773,22.669,22.669,3182664
2010-01-04,23.105,23.366,23.087,23.316,6951286
2010-01-05,23.105,23.245,22.964,23.228,14048606
2010-01-06,23.402,23.525,23.349,23.366,8905926
2010-01-07,23.157,23.298,23.124,23.193,4575107
2010-01-08,23.228,23.349,23.157,23.316,6831698
2010-01-11,23.437,23.507,23.261,23.366,6676288
2010-01-12,23.21,23.245,22.913,23.052,13520563
2010-01-13,22.913,23.087,22.843,23.036,9804593
2010-01-14,23.228,23.298,23.14,23.228,5275743
2010-01-15,23.333,23.402,23.069,23.105,13683112
2010-01-19,23.017,23.228,22.982,23.175,9336454
2010-01-20,22.773,22.79,22.528,22.72,8502339
2010-01-21,22.579,22.616,22.161,22.231,8338072
2010-01-22,21.846,21.899,21.532,21.585,9465961
2010-01-25,21.796,21.882,21.635,21.688,6587454
2010-01-26,21.129,21.288,21.043,21.129,10176587
2010-01-27,20.92,21.164,20.799,21.129,11835604
2010-01-28,21.499,21.514,21.006,21.164,12278520
2010-01-29,21.305,21.461,20.991,21.094,11994560
2010-02-01,20.973,21.184,20.903,21.043,9760028
2010-02-02,20.78,20.903,20.621,20.621,7630961
2010-02-03,21.006,21.077,20.885,20.973,11942154
2010-02-04,20.764,20.78,20.379,20.379,12566364
2010-02-05,19.959,20.117,19.644,20.1,9902631
2010-02-08,20.062,20.24,19.977,20.01,11764907
2010-02-09,20.485,20.641,20.326,20.485,10378452
2010-02-10,20.692,20.799,20.467,20.57,12110722
2010-02-11,20.555,20.815,20.5,20.78,6245675
2010-02-12,20.676,20.676,20.395,20.641,4924013
2010-02-16,20.832,21.026,20.692,20.885,6124505
2010-02-17,21.149,21.149,20.955,21.094,6746635
2010-02-18,21.043,21.323,21.043,21.25,6193927
2010-02-19,21.026,21.094,20.938,21.059,8045347
2010-02-22,21.059,21.094,20.885,20.885,10718053
2010-02-23,20.885,20.973,20.606,20.711,10594604
2010-02-24,20.746,20.938,20.692,20.852,7944698
2010-02-25,20.273,20.485,20.15,20.467,9824633
2010-02-26,20.447,20.57,20.307,20.57,7412121
2010-03-01,21.043,21.059,20.92,21.026,6766447
2010-03-02,21.114,21.184,21.043,21.077,7290013
2010-03-03,21.217,21.288,21.043,21.043,6242488
2010-03-04,21.043,21.077,20.885,21.026,4923428
2010-03-05,21.34,21.499,21.288,21.479,7692248
2010-03-08,21.622,21.758,21.567,21.567,7893970
2010-03-09,21.567,21.743,21.514,21.635,5164638
2010-03-10,21.655,21.846,21.655,21.796,4154149
2010-03-11,21.585,21.776,21.532,21.743,5375138
2010-03-12,21.776,21.813,21.585,21.688,5593930
2010-03-15,21.305,21.323,21.114,21.305,6599089
2010-03-16,21.479,21.532,21.358,21.479,5436866
2010-03-17,21.917,22.073,21.829,21.917,8537629
2010-03-18,21.934,21.969,21.776,21.864,5481087
2010-03-19,21.969,21.987,21.672,21.743,6798288
2010-03-22,21.514,21.743,21.499,21.635,8413008
2010-03-23,21.549,21.655,21.428,21.655,10299093
2010-03-24,21.499,21.567,21.428,21.461,10650378
2010-03-25,21.585,21.708,21.428,21.461,7309304
2010-03-26,21.688,21.758,21.499,21.602,4530290
2010-03-29,21.882,22.005,21.864,21.969,5480125
2010-03-30,22.005,22.073,21.899,22.057,3296947
2010-03-31,21.846,22.02,21.829,21.934,6290743
2010-04-01,22.196,22.565,22.18,22.509,34465179
2010-04-05,22.493,22.599,22.44,22.509,5292656
2010-04-06,22.565,22.702,22.546,22.632,5689528
2010-04-07,22.755,22.773,22.509,22.599,4927682
2010-04-08,22.423,22.651,22.317,22.599,5864309
2010-04-09,22.599,22.755,22.599,22.739,3718229
2010-04-12,22.579,22.687,22.565,22.632,3303999
2010-04-13,22.405,22.493,22.266,22.493,6326063
2010-04-14,22.687,22.878,22.651,22.862,6373651
2010-04-15,22.808,22.982,22.808,22.964,9814413
2010-04-16,22.687,22.702,22.317,22.493,8753099
2010-04-19,21.899,22.126,21.796,22.093,8925808
2010-04-20,22.302,22.317,22.143,22.196,5626554
2010-04-21,22.266,22.335,22.108,22.284,10844497
2010-04-22,22.161,22.405,22.04,22.405,11680282
2010-04-23,22.44,22.616,22.405,22.565,5507724
2010-04-26,23.052,23.052,22.825,22.862,6738057
2010-04-27,22.739,22.808,22.284,22.372,8891344
2010-04-28,22.599,22.616,22.388,22.493,11415894
2010-04-29,22.616,22.702,22.546,22.651,6733950
2010-04-30,22.423,22.458,22.18,22.214,9319731
2010-05-03,22.231,22.458,22.196,22.423,5454201
2010-05-04,21.95,22.005,21.514,21.514,12941915
2010-05-05,21.217,21.391,21.006,21.149,9951208
2010-05-06,20.938,21.094,19.435,20.326,14065401
2010-05-07,20.799,21.043,20.467,20.692,16265627
2010-05-10,21.514,21.688,21.428,21.585,10565745
2010-05-11,21.059,21.391,20.973,21.114,7142148
2010-05-12,21.217,21.323,21.129,21.25,5959928
2010-05-13,21.374,21.499,21.27,21.27,5592193
2010-05-14,21.2,21.25,20.903,21.114,8371829
2010-05-17,21.114,21.149,20.676,21.043,7352382
2010-05-18,21.059,21.129,20.535,20.641,8648726
2010-05-19,20.447,20.606,20.221,20.395,9577179
2010-05-20,19.803,19.941,19.504,19.627,15583716
2010-05-21,19.365,19.959,19.297,19.871,9418785
2010-05-24,19.908,20.01,19.785,19.836,6605013
2010-05-25,19.138,19.556,18.927,19.504,15109786
2010-05-26,19.574,19.697,19.242,19.347,8916731
2010-05-27,19.836,20.15,19.767,20.133,7347067
2010-05-28,20.1,20.1,19.767,19.855,8551287
2010-06-01,19.574,19.855,19.451,19.523,12812773
2010-06-02,19.488,19.855,19.47,19.855,9588274
2010-06-03,20.062,20.186,19.748,19.924,11398418
2010-06-04,19.662,19.697,19.277,19.383,10908628
2010-06-07,19.297,19.365,18.964,19.015,7756049
2010-06-08,19.066,19.277,18.892,19.189,7817990
2010-06-09,19.226,19.347,18.945,19.066,13794115
2010-06-10,19.47,19.732,19.47,19.715,6700015
2010-06-11,19.662,19.908,19.574,19.871,5191848
2010-06-14,20.062,20.24,19.871,19.908,5820575
2010-06-15,20.203,20.555,20.186,20.518,6953210
2010-06-16,20.432,20.641,20.361,20.57,3795735
2010-06-17,20.485,20.535,20.256,20.432,5736088
2010-06-18,20.395,20.518,20.344,20.467,4519595
2010-06-21,21.059,21.217,20.711,20.799,8825040
2010-06-22,20.832,20.885,20.5,20.57,8032569
2010-06-23,20.621,20.692,20.395,20.535,5734348
2010-06-24,20.447,20.57,20.273,20.414,5757216
2010-06-25,20.326,20.432,20.117,20.361,7408992
2010-06-28,20.414,20.467,20.24,20.293,7844101
2010-06-29,19.871,19.908,19.627,19.748,12935761
2010-06-30,19.748,19.889,19.556,19.574,6139282
2010-07-01,19.574,19.592,19.297,19.539,9469026
2010-07-02,19.748,19.889,19.592,19.732,4514425
2010-07-06,20.692,20.764,20.395,20.555,9539614
2010-07-07,20.535,20.852,20.518,20.832,7500568
2010-07-08,20.867,20.991,20.692,20.903,5657025
2010-07-09,20.903,21.059,20.885,20.973,2425036
2010-07-12,20.903,20.991,20.799,20.903,4167840
2010-07-13,21.077,21.149,20.955,21.043,6038457
2010-07-14,21.164,21.25,21.059,21.217,4334777
2010-07-15,21.217,21.237,20.955,21.059,12079662
2010-07-16,21.043,21.077,20.621,20.676,10093747
2010-07-19,21.006,21.077,20.885,21.059,4488974
2010-07-20,21.077,21.428,21.006,21.428,9114657
2010-07-21,21.323,21.323,20.955,21.043,9066938
2010-07-22,21.217,21.444,21.2,21.374,8767029
2010-07-23,21.34,21.602,21.323,21.514,7288281
2010-07-26,21.567,21.776,21.461,21.743,9872756
2010-07-27,21.688,21.743,21.514,21.655,8230965
2010-07-28,21.622,21.688,21.549,21.602,3928448
2010-07-29,21.846,21.846,21.532,21.672,8743089
2010-07-30,21.585,21.776,21.549,21.688,5032169
2010-08-02,22.284,22.493,22.214,22.354,5551191
2010-08-03,22.266,22.477,22.214,22.423,4644096
2010-08-04,22.423,22.477,22.302,22.354,7674671
2010-08-05,22.18,22.249,22.073,22.214,7954721
2010-08-06,22.126,22.266,22.02,22.196,4529809
2010-08-09,22.528,22.546,22.388,22.493,6368849
2010-08-10,22.161,22.354,22.126,22.302,8533757
2010-08-11,21.829,21.882,21.708,21.743,8025958
2010-08-12,21.567,21.796,21.567,21.776,7983908
2010-08-13,21.917,21.987,21.829,21.934,3799287
2010-08-16,22.005,22.108,21.934,22.057,2808090
2010-08-17,22.143,22.317,22.093,22.108,5548258
2010-08-18,22.073,22.143,21.934,22.093,3778310
2010-08-19,22.108,22.126,21.776,21.882,7073047
2010-08-20,21.969,21.969,21.813,21.95,3965064
2010-08-23,22.143,22.249,22.02,22.057,6496340
2010-08-24,21.743,21.917,21.635,21.829,9150992
2010-08-25,21.411,21.585,21.25,21.499,10592005
2010-08-26,21.374,21.444,21.2,21.305,7421380
2010-08-27,21.461,21.622,21.305,21.602,8734163
2010-08-30,21.479,21.532,21.358,21.374,4752497
2010-08-31,21.129,21.305,21.077,21.217,8756091
2010-09-01,21.461,21.635,21.374,21.602,8884262
2010-09-02,21.532,21.655,21.479,21.622,3145474
2010-09-03,22.093,22.161,21.95,22.02,7395693
2010-09-07,21.829,21.934,21.776,21.776,3386363
2010-09-08,21.899,22.02,21.899,21.934,5091180
2010-09-09,22.093,22.108,21.969,22.005,4424904
2010-09-10,22.073,22.214,22.073,22.126,4095301
2010-09-13,22.755,22.843,22.739,22.825,7413687
2010-09-14,22.862,23.087,22.808,22.964,5140920
2010-09-15,22.948,23.087,22.862,23.069,3406756
2010-09-16,22.773,22.948,22.755,22.931,7155159
2010-09-17,23.001,23.001,22.825,22.894,3972682
2010-09-20,23.087,23.316,23.017,23.228,4160206
2010-09-21,23.21,23.245,23.069,23.157,4611691
2010-09-22,23.105,23.228,23.001,23.087,6552528
2010-09-23,23.001,23.193,23.001,23.069,4838820
2010-09-24,23.245,23.472,23.21,23.421,5876625
2010-09-27,23.366,23.402,23.279,23.298,4442736
2010-09-28,23.349,23.472,23.193,23.421,5090881
2010-09-29,23.452,23.646,23.421,23.576,5931974
2010-09-30,23.699,23.769,23.49,23.683,11276148
2010-10-01,23.787,23.874,23.699,23.822,5821939
2010-10-04,23.646,23.734,23.56,23.699,4407631
2010-10-05,23.595,23.857,23.595,23.806,6074932
2010-10-06,23.908,24.031,23.892,23.998,4545866
2010-10-07,24.031,24.084,23.806,23.892,4808644
2010-10-08,23.769,23.998,23.663,23.96,6363724
2010-10-11,23.699,23.734,23.613,23.716,4819888
2010-10-12,23.279,23.437,23.21,23.402,6308303
2010-10-13,23.525,23.683,23.49,23.56,17429303
2010-10-14,23.683,23.857,23.683,23.751,6770543
2010-10-15,23.837,23.874,23.63,23.751,6109500
2010-10-18,23.245,23.542,23.193,23.542,9995264
2010-10-19,22.964,23.001,22.739,22.808,10193426
2010-10-20,23.261,23.384,23.21,23.298,11726499
2010-10-21,23.421,23.595,23.245,23.402,11366485
2010-10-22,23.472,23.595,23.452,23.525,5550797
2010-10-25,24.136,24.259,24.101,24.191,11087702
2010-10-26,24.119,24.191,24.031,24.154,5174589
2010-10-27,23.925,24.068,23.806,23.925,8660024
2010-10-28,24.293,24.328,24.171,24.293,4859915
2010-10-29,24.191,24.328,24.191,24.293,4972804
2010-11-01,24.59,24.695,24.451,24.519,4054592
2010-11-02,24.59,24.678,24.504,24.607,4327341
2010-11-03,24.556,24.678,24.31,24.662,7184818
2010-11-04,24.992,25.221,24.59,25.203,7407483
2010-11-05,25.166,25.272,25.098,25.186,6543258
2010-11-08,25.062,25.148,24.975,25.098,3615591
2010-11-09,25.166,25.254,24.955,25.062,4871572
2010-11-10,25.166,25.203,24.941,25.186,5887811
2010-11-11,24.869,25.062,24.853,25.047,7651983
2010-11-12,24.662,24.678,24.365,24.451,10847999
2010-11-15,24.519,24.574,24.396,24.433,5280351
2010-11-16,24.451,24.519,24.154,24.242,8943222
2010-11-17,24.259,24.416,24.222,24.222,5942265
2010-11-18,24.504,24.642,24.504,24.556,4950990
2010-11-19,24.556,24.627,24.365,24.607,4544492
2010-11-22,24.781,24.781,24.539,24.781,5340735
2010-11-23,24.328,24.328,24.154,24.277,5838365
2010-11-24,24.416,24.607,24.396,24.556,6225977
2010-11-26,24.328,24.433,24.277,24.383,3717185
2010-11-29,24.713,24.75,24.416,24.59,8083205
2010-11-30,24.519,24.73,24.504,24.627,7074887
2010-12-01,25.203,25.447,25.186,25.326,8681273
2010-12-02,25.412,25.78,25.395,25.725,6957033
2010-12-03,25.639,25.848,25.551,25.83,9507279
2010-12-06,25.971,26.094,25.848,26.078,6222292
2010-12-07,26.145,26.215,25.989,25.989,7605688
2010-12-08,25.918,25.989,25.725,25.885,9996947
2010-12-09,26.078,26.145,26.006,26.094,5178077
2010-12-10,26.078,26.215,26.006,26.182,5030419
2010-12-13,26.215,26.356,26.164,26.198,4275980
2010-12-14,26.284,26.356,26.233,26.284,5030902
2010-12-15,26.284,26.477,26.164,26.233,6359461
2010-12-16,26.374,26.669,26.321,26.637,14952927
2010-12-17,26.618,26.792,26.567,26.774,4486341
2010-12-20,26.53,26.653,26.426,26.53,5360565
2010-12-21,26.233,26.338,26.182,26.215,5592238
2010-12-22,26.27,26.284,26.182,26.233,3428747
2010-12-23,26.252,26.303,26.182,26.284,4730009
2010-12-27,26.444,26.549,26.374,26.53,4840332
2010-12-28,26.653,26.653,26.459,26.53,3028792
2010-12-29,26.723,26.862,26.653,26.844,4695024
2010-12-30,26.95,27.038,26.897,27.022,4321201
2010-12-31,27.188,27.315,27.149,27.296,2847768
2011-01-03,27.511,27.614,27.438,27.491,3747639
2011-01-04,27.3,27.335,27.089,27.282,5509892
2011-01-05,26.669,26.897,26.653,26.829,8532858
2011-01-06,26.829,26.88,26.706,26.774,5161091
2011-01-07,26.495,26.495,26.215,26.356,6903697
2011-01-10,26.477,26.495,26.356,26.407,5990727
2011-01-11,27.108,27.141,26.95,27.038,5937371
2011-01-12,27.37,27.581,27.282,27.544,9178408
2011-01-13,27.403,27.458,27.335,27.438,4690315
2011-01-14,27.317,27.491,27.3,27.458,3722549
2011-01-18,27.458,27.561,27.423,27.458,6228911
2011-01-19,27.667,27.702,27.388,27.511,7145856
2011-01-20,27.423,27.423,27.141,27.335,4462182
2011-01-21,27.264,27.317,27.073,27.126,5928242
2011-01-24,27.089,27.282,27.089,27.212,5342700
2011-01-25,27.212,27.37,27.126,27.282,8684320
2011-01-26,27.561,27.702,27.511,27.581,5288822
2011-01-27,27.755,27.909,27.755,27.788,4675607
2011-01-28,27.909,27.929,27.196,27.247,8976434
2011-01-31,27.497,27.532,27.206,27.206,10862846
2011-02-01,27.667,27.946,27.649,27.896,7669384
2011-02-02,27.946,28.017,27.823,27.876,4426668
2011-02-03,27.896,27.929,27.702,27.858,3701559
2011-02-04,27.929,28.017,27.788,27.982,3465871
2011-02-07,27.896,28.103,27.806,28.069,4543015
2011-02-08,27.841,27.841,27.667,27.772,7583042
2011-02-09,27.37,27.438,27.196,27.3,7903056
2011-02-10,26.459,26.829,26.407,26.741,10039946
2011-02-11,25.813,26.252,25.78,26.164,11456834
2011-02-14,25.971,26.041,25.885,25.955,6962345
2011-02-15,26.078,26.094,25.867,25.989,8540631
2011-02-16,25.989,26.078,25.901,26.078,7221597
2011-02-18,26.549,26.6,26.426,26.583,5113740
2011-02-22,25.674,25.78,25.359,25.377,10902920
2011-02-23,25.34,25.412,25.047,25.289,10463922
2011-02-24,25.238,25.272,25.062,25.221,8387570
2011-02-25,25.5,25.762,25.463,25.57,7833320
2011-02-28,25.725,25.848,25.709,25.762,6336038
2011-03-01,26.094,26.129,25.725,25.762,7750070
2011-03-02,25.709,25.936,25.694,25.848,4502718
2011-03-03,26.27,26.477,26.233,26.374,5788443
2011-03-04,26.495,26.6,26.252,26.459,4600758
2011-03-07,26.374,26.426,25.955,25.989,8994272
2011-03-08,26.215,26.444,26.078,26.407,8299745
2011-03-09,26.374,26.444,26.252,26.356,5694052
2011-03-10,25.725,25.744,25.395,25.483,8937795
2011-03-11,25.135,25.606,25.115,25.586,7574890
2011-03-14,25.221,25.483,25.186,25.447,8120465
2011-03-15,24.084,24.853,23.998,24.853,19850252
2011-03-16,24.695,24.73,24.119,24.222,16993359
2011-03-17,24.627,24.801,24.451,24.713,12862200
2011-03-18,25.027,25.027,24.801,24.955,8625991
2011-03-21,25.289,25.359,25.238,25.272,4100616
2011-03-22,25.203,25.238,25.027,25.078,10091660
2011-03-23,25.148,25.518,25.098,25.428,7561772
2011-03-24,25.621,25.867,25.483,25.744,9872267
2011-03-25,25.744,25.848,25.694,25.744,5166636
2011-03-28,25.533,25.694,25.518,25.551,6209571
2011-03-29,25.639,25.762,25.551,25.674,5717358
2011-03-30,25.744,25.885,25.709,25.78,3406901
2011-03-31,25.928,26.018,25.893,25.965,4254871
2011-04-01,26.374,26.426,26.198,26.391,8132816
2011-04-04,26.374,26.514,26.303,26.459,5888850
2011-04-05,26.338,26.637,26.338,26.444,6624685
2011-04-06,27.073,27.141,26.966,26.966,8765453
2011-04-07,27.141,27.264,27.038,27.126,5759032
2011-04-08,27.089,27.108,26.88,26.985,3283595
2011-04-11,26.915,26.985,26.637,26.741,9099359
2011-04-12,26.374,26.374,26.094,26.215,6878999
2011-04-13,26.618,26.669,26.407,26.477,7559669
2011-04-14,26.426,26.637,26.391,26.567,4366821
2011-04-15,26.284,26.391,26.198,26.338,3812590
2011-04-18,25.848,25.971,25.762,25.936,7028257
2011-04-19,25.955,26.094,25.901,26.094,6092502
2011-04-20,26.758,26.932,26.758,26.88,5781374
2011-04-21,27.177,27.388,27.177,27.264,4953624
2011-04-25,27.264,27.282,27.089,27.141,2668717
2011-04-26,27.247,27.438,27.196,27.35,5670951
2011-04-27,27.632,27.909,27.561,27.806,9631515
2011-04-28,27.581,27.735,27.544,27.649,6022303
2011-04-29,27.825,27.972,27.753,27.972,4196434
2011-05-02,27.982,28.069,27.858,27.858,4417426
2011-05-03,27.458,27.524,27.229,27.458,6735254
2011-05-04,27.511,27.561,27.141,27.317,7154292
2011-05-05,27.474,27.632,27.282,27.403,9174550
2011-05-06,27.735,27.997,27.649,27.667,8982012
2011-05-09,27.755,27.896,27.667,27.788,7497512
2011-05-10,27.841,28.069,27.823,27.997,7255311
2011-05-11,27.735,27.788,27.37,27.544,7381009
2011-05-12,27.491,27.823,27.438,27.823,6943090
2011-05-13,27.755,27.772,27.196,27.264,11557028
2011-05-16,27.003,27.335,26.966,27.053,7589006
2011-05-17,26.985,27.053,26.758,26.966,5568129
2011-05-18,27.177,27.388,27.126,27.335,5418750
2011-05-19,27.089,27.177,26.985,27.159,4238580
2011-05-20,26.862,26.932,26.706,26.811,6055530
2011-05-23,26.284,26.426,26.182,26.391,5031115
2011-05-24,26.6,26.637,26.459,26.495,2536361
2011-05-25,26.407,26.6,26.391,26.53,3259593
2011-05-26,26.549,26.706,26.53,26.653,4631987
2011-05-27,26.774,26.844,26.688,26.758,3736150
2011-05-31,27.632,27.632,27.438,27.544,8044103
2011-06-01,27.772,27.876,27.423,27.511,9095787
2011-06-02,27.581,27.718,27.474,27.632,5604280
2011-06-03,27.491,27.735,27.438,27.524,4097440
2011-06-06,27.403,27.614,27.317,27.388,5415714
2011-06-07,27.735,27.823,27.614,27.614,6077346
2011-06-08,27.458,27.561,27.317,27.423,5221314
2011-06-09,27.491,27.718,27.438,27.632,7609616
2011-06-10,26.915,26.95,26.688,26.792,11649235
2011-06-13,26.549,26.653,26.426,26.444,6752676
2011-06-14,26.862,27.022,26.862,26.897,6563520
2011-06-15,26.53,26.618,26.27,26.391,7880857
2011-06-16,26.11,26.215,25.918,26.11,7571101
2011-06-17,26.164,26.27,26.059,26.078,5744189
2011-06-20,25.78,25.936,25.744,25.901,5278283
2011-06-21,26.11,26.374,26.094,26.284,4896756
2011-06-22,26.094,26.198,26.022,26.041,8728035
2011-06-23,25.674,25.936,25.463,25.936,7057974
2011-06-24,25.725,25.762,25.428,25.518,8005371
2011-06-27,25.447,25.78,25.412,25.709,5968536
2011-06-28,25.533,25.83,25.518,25.813,7717505
2011-06-29,25.885,26.145,25.813,26.145,6726002
2011-06-30,26.239,26.549,26.204,26.53,6561607
2011-07-01,26.53,26.897,26.477,26.897,6010498
2011-07-05,26.706,26.741,26.549,26.669,4861065
2011-07-06,26.774,26.774,26.583,26.669,7197304
2011-07-07,26.792,26.966,26.741,26.792,5936623
2011-07-08,26.549,26.549,26.27,26.53,5303809
2011-07-11,26.215,26.321,25.936,26.041,7757267
2011-07-12,25.709,25.797,25.621,25.709,6369223
2011-07-13,25.918,26.164,25.78,25.901,5070143
2011-07-14,26.006,26.094,25.694,25.762,5410955
2011-07-15,26.022,26.059,25.885,26.006,9180039
2011-07-18,25.797,25.83,25.586,25.694,4038445
2011-07-19,25.918,26.11,25.867,26.041,4601200
2011-07-20,26.6,26.669,26.495,26.495,5545504
2011-07-21,26.6,27.003,26.583,26.95,5646674
2011-07-22,26.829,26.966,26.774,26.862,3125887
2011-07-25,26.637,26.774,26.6,26.669,4354863
2011-07-26,27.038,27.159,26.932,26.966,3432509
2011-07-27,26.95,26.985,26.669,26.758,5029761
2011-07-28,26.829,26.985,26.706,26.811,4181685
2011-07-29,26.459,26.723,26.374,26.495,4741965
2011-08-01,26.653,26.706,26.27,26.6,6790033
2011-08-02,26.374,26.426,25.989,26.022,11525536
2011-08-03,25.848,25.918,25.447,25.918,8643740
2011-08-04,24.955,25.135,24.642,24.662,12074317
2011-08-05,24.242,24.242,23.437,23.908,17772102
2011-08-08,23.279,23.421,22.18,22.388,15460048
2011-08-09,23.157,23.769,22.44,23.646,18026744
2011-08-10,23.421,23.49,22.825,22.913,15221432
2011-08-11,23.384,24.468,23.333,24.119,12921357
2011-08-12,23.857,24.031,23.646,23.892,8268472
2011-08-15,24.154,24.365,24.119,24.365,3844019
2011-08-16,23.874,24.068,23.646,23.769,8668785
2011-08-17,23.769,23.908,23.542,23.787,6224669
2011-08-18,23.052,23.052,22.302,22.878,10771733
2011-08-19,22.317,22.948,22.317,22.458,7460112
2011-08-22,22.825,22.913,22.458,22.599,5004339
2011-08-23,23.175,23.663,23.001,23.63,6318546
2011-08-24,23.105,23.384,22.964,23.384,6537123
2011-08-25,22.964,23.124,22.493,22.687,7602179
2011-08-26,22.773,23.087,22.493,23.017,4728484
2011-08-29,23.384,23.699,23.349,23.663,3096643
2011-08-30,23.542,23.857,23.421,23.683,4789212
2011-08-31,24.125,24.269,23.978,24.013,6263167
2011-09-01,23.96,24.171,23.734,23.751,6585338
2011-09-02,23.615,23.687,23.357,23.466,5114660
2011-09-06,22.72,23.14,22.616,23.14,7405434
2011-09-07,23.421,23.751,23.261,23.699,6459240
2011-09-08,23.349,23.576,23.157,23.245,4671972
2011-09-09,23.157,23.228,22.739,22.894,6078426
2011-09-12,22.565,22.964,22.44,22.964,5142215
2011-09-13,22.44,22.755,22.266,22.72,7213816
2011-09-14,22.354,22.687,22.02,22.528,8065247
2011-09-15,22.862,22.982,22.72,22.964,5216495
2011-09-16,23.14,23.316,23.052,23.279,3408229
2011-09-19,22.565,22.651,22.354,22.632,4171028
2011-09-20,22.702,22.862,22.493,22.493,5209041
2011-09-21,22.44,22.546,21.987,22.02,5753728
2011-09-22,21.077,21.164,20.293,20.676,21025150
2011-09-23,20.78,21.184,20.711,21.164,8375450
2011-09-26,20.588,20.955,20.467,20.867,4800427
2011-09-27,21.585,22.073,21.499,21.567,8839610
2011-09-28,21.323,21.567,21.094,21.129,5464356
2011-09-29,21.635,21.688,21.026,21.374,4522940
2011-09-30,21.078,21.151,20.551,20.641,10442105
2011-10-03,20.692,20.973,20.361,20.361,7573277
2011-10-04,20.467,21.129,20.117,21.006,11722213
2011-10-05,20.658,21.2,20.57,21.149,8851509
2011-10-06,21.114,21.585,21.026,21.549,6082961
2011-10-07,21.499,21.567,21.149,21.288,4175953
2011-10-10,21.567,22.108,21.567,22.02,4422921
2011-10-11,21.987,22.161,21.917,22.093,4165983
2011-10-12,22.284,22.528,22.249,22.317,4641797
2011-10-13,22.04,22.196,21.899,22.18,3678069
2011-10-14,22.214,22.405,22.143,22.405,4527637
2011-10-17,22.284,22.317,21.882,21.987,4371620
2011-10-18,21.95,22.423,21.688,22.302,6442957
2011-10-19,22.093,22.18,21.846,21.969,5932453
2011-10-20,21.688,21.688,21.237,21.567,7260404
2011-10-21,21.758,22.005,21.758,21.969,4873407
2011-10-24,22.388,22.808,22.354,22.632,9553176
2011-10-25,22.388,22.493,22.231,22.372,5299180
2011-10-26,22.702,22.755,22.335,22.632,4956938
2011-10-27,23.245,23.925,23.087,23.63,13187058
2011-10-28,23.017,23.366,22.982,23.228,7189656
2011-10-31,22.792,22.901,22.591,22.628,1949604
2011-11-01,22.284,22.565,22.196,22.509,3847142
2011-11-02,22.894,23.087,22.702,22.894,3261121
2011-11-03,22.669,23.001,22.528,22.843,6057655
2011-11-04,22.849,22.974,22.628,22.956,2493084
2011-11-07,22.843,23.017,22.702,22.931,2835637
2011-11-08,22.982,23.157,22.79,23.14,3708547
2011-11-09,22.405,22.44,21.934,22.196,6325650
2011-11-10,22.005,22.093,21.829,21.969,4513355
2011-11-11,22.231,22.493,22.231,22.405,3949430
2011-11-14,22.509,22.616,22.317,22.388,2507705
2011-11-15,22.388,22.702,22.354,22.528,2879811
2011-11-16,22.108,22.266,21.95,21.987,4126804
2011-11-17,22.108,22.108,21.479,21.585,11162203
2011-11-18,21.708,21.743,21.428,21.585,5581073
2011-11-21,20.92,20.973,20.606,20.852,7816138
2011-11-22,20.885,21.026,20.746,20.92,5692996
2011-11-23,20.395,20.414,20.117,20.17,9126888
2011-11-25,20.117,20.344,20.062,20.117,3592467
2011-11-28,20.832,20.885,20.641,20.832,5555911
2011-11-29,20.799,20.955,20.692,20.78,5180973
2011-11-30,21.426,21.643,21.315,21.588,9031807
2011-12-01,21.723,21.969,21.688,21.829,4340675
2011-12-02,21.753,21.809,21.534,21.571,2934179
2011-12-05,21.672,21.723,21.532,21.655,5379497
2011-12-06,21.205,21.297,21.059,21.17,4629069
2011-12-07,21.116,21.352,21.004,21.297,4639739
2011-12-08,20.877,21.024,20.641,20.713,7353002
2011-12-09,20.77,21.116,20.77,20.951,5650581
2011-12-12,20.676,20.711,20.467,20.692,5161414
2011-12-13,20.842,20.914,20.551,20.586,4723853
2011-12-14,20.604,20.713,20.459,20.551,5163570
2011-12-15,20.555,20.57,20.307,20.447,4889047
2011-12-16,20.44,20.569,20.404,20.44,5070452
2011-12-19,20.096,20.203,19.805,19.914,5333143
2011-12-20,20.459,20.586,20.404,20.459,6455243
2011-12-21,21.004,21.188,20.914,21.17,5659609
2011-12-22,21.17,21.426,21.151,21.426,3416543
2011-12-23,21.499,21.753,21.461,21.735,3574777
2011-12-27,21.426,21.626,21.426,21.571,2838313
2011-12-28,21.407,21.407,21.096,21.188,3988851
2011-12-29,21.407,21.571,21.334,21.534,3882534
2011-12-30,21.352,21.426,21.315,21.352,3078524
2012-01-03,21.588,21.682,21.516,21.588,4710603
2012-01-04,21.516,21.588,21.426,21.499,3789713
2012-01-05,21.516,21.79,21.442,21.698,5852222
2012-01-06,21.626,21.663,21.516,21.571,4553385
2012-01-09,21.553,21.698,21.516,21.698,3902878
2012-01-10,22.063,22.264,22.063,22.19,5607970
2012-01-11,22.136,22.247,22.1,22.227,3263102
2012-01-12,22.227,22.317,22.118,22.3,3012279
2012-01-13,22.046,22.136,21.991,22.026,6517005
2012-01-17,22.264,22.282,22.007,22.155,4851386
2012-01-18,22.118,22.519,22.1,22.481,5440016
2012-01-19,22.538,22.882,22.538,22.812,6046464
2012-01-20,22.792,22.864,22.647,22.72,4691185
2012-01-23,22.792,23.05,22.773,22.921,2822875
2012-01-24,22.683,22.901,22.667,22.901,2431671
2012-01-25,22.864,23.157,22.72,23.083,3278419
2012-01-26,23.103,23.376,22.956,23.05,4842496
2012-01-27,22.993,23.195,22.956,23.011,7432907
2012-01-30,22.829,22.901,22.683,22.829,5853603
2012-01-31,23.232,23.304,23.122,23.249,5579469
2012-02-01,23.466,23.742,23.449,23.576,5103337
2012-02-02,23.814,23.923,23.687,23.705,3741213
2012-02-03,23.943,24.16,23.906,24.16,7369201
2012-02-06,23.796,23.869,23.722,23.832,3440332
2012-02-07,23.832,23.998,23.722,23.959,3977165
2012-02-08,24.287,24.451,24.269,24.361,3583447
2012-02-09,24.47,24.578,24.381,24.578,3153443
2012-02-10,24.07,24.125,23.978,24.07,3405507
2012-02-13,24.287,24.381,24.197,24.324,2158305
2012-02-14,24.179,24.197,24.07,24.179,2551810
2012-02-15,24.525,24.597,24.381,24.396,2569645
2012-02-16,24.214,24.435,24.142,24.324,3972192
2012-02-17,24.361,24.435,24.234,24.324,3811179
2012-02-21,24.287,24.361,24.05,24.105,5321232
2012-02-22,24.287,24.416,24.269,24.396,3358720
2012-02-23,24.269,24.324,24.179,24.269,3179849
2012-02-24,24.324,24.47,24.252,24.341,4302494
2012-02-27,24.105,24.197,23.998,24.142,3420458
2012-02-28,24.269,24.525,24.234,24.508,3455269
2012-02-29,24.961,25.035,24.726,24.818,4792805
2012-03-01,25.018,25.219,25.0,25.219,4687836
2012-03-02,24.928,24.98,24.853,24.945,1476346
2012-03-05,24.562,24.562,24.361,24.508,3292697
2012-03-06,23.998,24.07,23.759,23.923,5926660
2012-03-07,24.105,24.287,24.013,24.269,1820847
2012-03-08,24.508,24.617,24.435,24.578,3093504
2012-03-09,24.543,24.617,24.47,24.543,2151502
2012-03-12,24.341,24.341,24.142,24.234,3991325
2012-03-13,24.543,24.961,24.508,24.945,4222536
2012-03-14,24.889,25.436,24.67,24.744,4275275
2012-03-15,24.818,24.945,24.744,24.871,2118537
2012-03-16,24.689,24.834,24.617,24.726,2677435
2012-03-19,24.578,24.744,24.508,24.707,2212734
2012-03-20,24.234,24.361,24.125,24.252,2681352
2012-03-21,24.416,24.525,24.341,24.508,2076254
2012-03-22,24.508,24.578,24.324,24.435,3738114
2012-03-23,24.543,24.689,24.47,24.652,2361166
2012-03-26,24.361,24.637,24.341,24.617,3923060
2012-03-27,24.597,24.637,24.508,24.525,2562642
2012-03-28,24.637,24.652,24.396,24.543,3303863
2012-03-29,24.105,24.234,23.832,24.214,4894536
2012-03-30,24.381,24.488,24.252,24.47,4160827
2012-04-02,24.087,24.396,24.087,24.341,4375156
2012-04-03,24.013,24.05,23.687,23.814,5064732
2012-04-04,23.558,23.558,23.249,23.433,5681733
2012-04-05,23.523,23.705,23.523,23.705,3269724
2012-04-09,23.433,23.523,23.394,23.466,2033373
2012-04-10,23.413,23.449,23.011,23.157,6301703
2012-04-11,23.523,23.632,23.466,23.632,4831794
2012-04-12,23.595,23.959,23.54,23.943,4268058
2012-04-13,23.978,24.013,23.759,23.906,4352043
2012-04-16,23.959,24.033,23.65,23.759,3971912
2012-04-17,23.615,23.849,23.54,23.742,4419130
2012-04-18,23.449,23.558,23.357,23.486,3270701
2012-04-19,23.615,23.667,23.339,23.486,3315187
2012-04-20,23.304,23.449,23.249,23.304,2898322
2012-04-23,22.941,22.974,22.7,22.956,3451409
2012-04-24,23.232,23.249,23.103,23.157,2604687
2012-04-25,23.413,23.576,23.376,23.558,3298631
2012-04-26,23.433,23.777,23.433,23.705,3804229
2012-04-27,23.449,23.523,23.339,23.466,2914459
2012-04-30,23.376,23.376,23.212,23.357,2174502
2012-05-01,23.322,23.595,23.265,23.449,1975136
2012-05-02,23.814,23.943,23.705,23.906,4699024
2012-05-03,23.886,23.959,23.722,23.814,4800216
2012-05-04,23.777,23.796,23.54,23.615,3973491
2012-05-07,23.413,23.54,23.357,23.466,3803448
2012-05-08,23.212,23.284,22.974,23.232,3378911
2012-05-09,22.941,23.195,22.812,23.05,3392758
2012-05-10,23.232,23.265,23.103,23.14,2513018
2012-05-11,22.792,23.05,22.773,22.864,1959272
2012-05-14,22.538,22.558,22.376,22.501,2684236
2012-05-15,22.647,22.739,22.466,22.573,2328448
2012-05-16,22.208,22.337,22.081,22.118,4365180
2012-05-17,22.317,22.356,22.175,22.175,3016484
2012-05-18,22.118,22.208,21.844,21.882,4618100
2012-05-21,22.081,22.376,22.046,22.317,3004123
2012-05-22,22.337,22.466,22.136,22.3,3154794
2012-05-23,21.954,22.007,21.626,21.991,3547975
2012-05-24,21.936,21.954,21.626,21.717,4001505
2012-05-25,21.534,21.626,21.389,21.499,2292034
2012-05-29,22.264,22.446,22.208,22.409,4702191
2012-05-30,21.954,21.973,21.809,21.882,6520916
2012-05-31,22.1,22.136,21.864,22.007,3907565
2012-06-01,21.372,21.407,21.078,21.151,3811760
2012-06-04,20.969,21.078,20.897,21.024,3916558
2012-06-05,21.043,21.17,21.004,21.151,2898100
2012-06-06,21.389,21.717,21.372,21.643,3485343
2012-06-07,21.844,21.844,21.553,21.643,4456593
2012-06-08,21.133,21.334,21.078,21.334,3943204
2012-06-11,21.534,21.571,21.151,21.17,6831015
2012-06-12,21.352,21.534,21.26,21.461,3744466
2012-06-13,21.372,21.516,21.28,21.352,2726086
2012-06-14,21.352,21.516,21.245,21.461,2610030
2012-06-15,21.682,21.954,21.663,21.936,4703775
2012-06-18,21.954,22.081,21.882,21.991,4317261
2012-06-19,22.227,22.39,22.155,22.247,2863249
2012-06-20,22.282,22.337,22.063,22.3,2294854
2012-06-21,22.081,22.1,21.553,21.626,3722044
2012-06-22,21.79,21.79,21.663,21.79,2882605
2012-06-25,21.442,21.461,21.297,21.352,2658608
2012-06-26,21.461,21.608,21.297,21.499,2703094
2012-06-27,21.682,21.809,21.643,21.643,2619953
2012-06-28,21.499,21.588,21.389,21.588,2942681
2012-06-29,22.208,22.337,22.175,22.3,2998433
2012-07-02,22.317,22.429,22.208,22.3,1911681
2012-07-03,22.647,22.773,22.558,22.739,2940120
2012-07-05,22.591,22.72,22.466,22.591,2254157
2012-07-06,22.3,22.356,22.1,22.247,3116813
2012-07-09,22.175,22.3,22.118,22.264,2398823
2012-07-10,22.208,22.247,21.844,21.973,2835187
2012-07-11,22.046,22.081,21.882,21.991,1902875
2012-07-12,21.534,21.663,21.426,21.608,3001476
2012-07-13,21.481,21.825,21.481,21.772,2143378
2012-07-16,21.499,21.608,21.442,21.608,2153811
2012-07-17,21.717,21.844,21.534,21.772,4443216
2012-07-18,21.461,21.682,21.407,21.626,3781092
2012-07-19,21.825,21.954,21.79,21.917,3458943
2012-07-20,21.735,21.825,21.682,21.825,6312738
2012-07-23,21.151,21.315,20.969,21.28,3253970
2012-07-24,21.17,21.17,20.969,21.151,5070614
2012-07-25,21.133,21.28,21.059,21.151,2772958
2012-07-26,21.407,21.534,21.334,21.499,3102540
2012-07-27,21.772,22.19,21.753,22.155,2952449
2012-07-30,22.026,22.136,21.954,22.046,3445281
2012-07-31,22.208,22.337,22.155,22.19,3599572
2012-08-01,22.409,22.466,22.208,22.264,3804075
2012-08-02,22.118,22.337,21.973,22.118,3684811
2012-08-03,22.446,22.667,22.376,22.667,2077359
2012-08-06,22.647,22.757,22.61,22.667,1930767
2012-08-07,22.7,22.882,22.667,22.683,3985172
2012-08-08,22.683,22.812,22.667,22.739,1786242
2012-08-09,23.011,23.195,22.993,23.05,2781465
2012-08-10,23.103,23.212,23.05,23.195,2471853
2012-08-13,23.083,23.14,22.956,23.011,1542948
2012-08-14,23.304,23.304,23.103,23.175,1315442
2012-08-15,23.05,23.232,23.05,23.14,2484126
2012-08-16,23.232,23.394,23.157,23.339,1636469
2012-08-17,23.212,23.249,23.103,23.175,3243090
2012-08-20,23.103,23.14,23.011,23.103,1475677
2012-08-21,23.394,23.433,23.175,23.232,1896329
2012-08-22,23.157,23.284,23.066,23.232,1751369
2012-08-23,23.232,23.232,22.974,23.05,2498705
2012-08-24,23.05,23.212,22.974,23.14,1101593
2012-08-27,23.066,23.103,22.956,23.03,1256975
2012-08-28,22.849,22.901,22.757,22.812,3393685
2012-08-29,22.921,22.941,22.792,22.849,1319572
2012-08-30,22.829,22.829,22.683,22.757,1791970
2012-08-31,23.066,23.122,22.849,23.083,2697615
2012-09-04,23.03,23.122,22.901,23.03,2511067
2012-09-05,22.829,22.864,22.72,22.829,3125679
2012-09-06,22.757,23.14,22.757,23.083,2446553
2012-09-07,23.265,23.413,23.212,23.413,2934385
2012-09-10,23.433,23.486,23.339,23.376,1364462
2012-09-11,23.523,23.705,23.505,23.65,1958732
2012-09-12,23.923,24.087,23.906,24.033,5784408
2012-09-13,23.886,24.525,23.832,24.488,6590871
2012-09-14,24.707,25.0,24.67,24.799,4097117
2012-09-17,24.799,24.871,24.637,24.652,5636118
2012-09-18,24.652,24.744,24.597,24.652,3725142
2012-09-19,24.744,24.779,24.67,24.726,1958412
2012-09-20,24.597,24.67,24.488,24.652,2673775
2012-09-21,24.799,24.834,24.652,24.67,1558809
2012-09-24,24.637,24.744,24.617,24.726,2259305
2012-09-25,24.689,24.726,24.306,24.324,2554129
2012-09-26,24.287,24.306,24.125,24.16,3404032
2012-09-27,24.435,24.543,24.306,24.47,3282869
2012-09-28,24.47,24.488,24.306,24.396,2965986
2012-10-01,24.543,24.744,24.525,24.578,2985861
2012-10-02,24.637,24.726,24.543,24.707,3362410
2012-10-03,24.637,24.707,24.47,24.597,4110859
2012-10-04,24.543,24.617,24.435,24.578,3512118
2012-10-05,24.67,24.764,24.543,24.617,2602787
2012-10-08,24.287,24.341,24.214,24.252,2189502
2012-10-09,24.125,24.142,23.923,23.959,2672559
2012-10-10,23.998,24.033,23.722,23.796,2133230
2012-10-11,23.832,23.849,23.705,23.742,1859817
2012-10-12,23.632,23.667,23.523,23.615,1604964
2012-10-15,23.759,23.943,23.667,23.923,4808917
2012-10-16,23.959,24.105,23.959,24.07,3629447
2012-10-17,23.886,24.234,23.832,24.125,5216240
2012-10-18,23.943,24.05,23.814,23.886,4433625
2012-10-19,23.576,23.576,23.265,23.394,2447710
2012-10-22,23.433,23.632,23.413,23.595,2531420
2012-10-23,23.066,23.122,22.921,23.05,5159050
2012-10-24,23.284,23.339,23.122,23.195,4134926
2012-10-25,23.284,23.339,23.14,23.232,2294319
2012-10-26,22.849,23.05,22.792,22.993,2379528
2012-10-31,22.993,23.103,22.829,22.993,3503419
2012-11-01,23.175,23.357,23.103,23.284,5193516
2012-11-02,23.195,23.212,22.901,23.05,4994964
2012-11-05,22.974,23.265,22.921,23.265,4101519
2012-11-06,23.322,23.558,23.304,23.505,4149025
2012-11-07,23.376,23.394,23.03,23.175,3270825
2012-11-08,23.339,23.339,23.14,23.195,9287004
2012-11-09,23.505,23.759,23.433,23.576,5127887
2012-11-12,23.65,23.722,23.595,23.65,2001165
2012-11-13,23.03,23.212,22.921,23.175,5120831
2012-11-14,23.232,23.232,22.864,22.941,3637715
2012-11-15,22.993,23.195,22.956,23.122,4152711
2012-11-16,22.921,23.157,22.849,23.14,4273238
2012-11-19,23.212,23.433,23.175,23.413,2532125
2012-11-20,23.249,23.376,23.157,23.376,2846474
2012-11-21,23.05,23.175,23.011,23.066,2203842
2012-11-23,24.142,24.16,24.033,24.07,3123493
2012-11-26,24.07,24.252,24.05,24.234,4686143
2012-11-27,24.16,24.234,24.07,24.105,1989769
2012-11-28,24.013,24.324,23.923,24.287,3774440
2012-11-29,24.562,24.689,24.451,24.597,5109354
2012-11-30,24.799,24.818,24.689,24.726,3943071
2012-12-03,24.818,24.871,24.617,24.617,2990359
2012-12-04,24.726,24.834,24.707,24.707,3478124
2012-12-05,24.871,25.0,24.779,24.853,3305340
2012-12-06,24.871,24.961,24.834,24.945,2093437
2012-12-07,24.98,25.035,24.889,25.0,2103604
2012-12-10,24.834,24.961,24.834,24.961,3727804
2012-12-11,24.945,25.072,24.908,25.035,2316024
2012-12-12,25.129,25.272,25.09,25.143,3378119
2012-12-13,25.236,25.311,25.129,25.201,2600088
2012-12-14,25.129,25.182,25.053,25.143,4119536
2012-12-17,24.853,25.018,24.818,25.0,2603913
2012-12-18,24.381,24.543,24.252,24.543,5024985
2012-12-19,24.396,24.451,24.269,24.269,3220987
2012-12-20,24.142,24.306,24.125,24.269,4138598
2012-12-21,23.959,24.07,23.849,23.978,2827322
2012-12-24,24.033,24.033,23.906,23.978,791104
2012-12-26,24.252,24.287,24.142,24.142,1084198
2012-12-27,24.269,24.341,24.087,24.324,1671333
2012-12-28,24.269,24.543,24.252,24.47,2234826
2012-12-31,24.416,24.853,24.416,24.834,2036658
2013-01-02,24.928,25.219,24.928,25.201,5275652
2013-01-03,24.98,25.143,24.928,24.945,7198118
2013-01-04,24.764,24.889,24.67,24.853,2674748
2013-01-07,24.652,24.652,24.47,24.578,3607423
2013-01-08,24.47,24.488,24.214,24.361,2769541
2013-01-09,24.562,24.652,24.543,24.578,3794425
2013-01-10,24.945,25.129,24.853,25.0,3832912
2013-01-11,24.799,24.834,24.67,24.818,3115338
2013-01-14,24.908,24.908,24.67,24.764,5977446
2013-01-15,24.488,24.617,24.416,24.617,4212923
2013-01-16,24.396,24.508,24.324,24.381,3023816
2013-01-17,24.381,24.525,24.324,24.435,2322068
2013-01-18,24.543,24.578,24.435,24.525,1550573
2013-01-22,24.617,24.652,24.508,24.578,2394428
2013-01-23,24.435,24.543,24.416,24.508,2497228
2013-01-24,24.341,24.451,24.252,24.269,3174134
2013-01-25,24.105,24.142,23.978,24.142,2003338
2013-01-28,24.179,24.179,23.998,24.05,4845548
2013-01-29,24.381,24.488,24.306,24.416,2824453
2013-01-30,24.381,24.508,24.287,24.396,3778873
2013-01-31,24.435,24.435,24.324,24.435,2540218
2013-02-01,24.451,24.597,24.396,24.508,2111482
2013-02-04,24.508,24.578,24.361,24.47,3279374
2013-02-05,24.508,24.578,24.451,24.488,4507152
2013-02-06,24.416,24.67,24.416,24.652,4707784
2013-02-07,24.637,24.637,24.435,24.562,3287101
2013-02-08,24.451,24.689,24.451,24.652,2378170
2013-02-11,24.744,24.779,24.652,24.726,1891744
2013-02-12,24.764,24.889,24.689,24.779,1251648
2013-02-13,24.945,25.018,24.779,24.799,4444150
2013-02-14,24.853,25.0,24.799,24.961,2586782
2013-02-15,24.961,25.035,24.853,24.871,1880725
2013-02-19,24.889,25.072,24.889,25.018,3676670
2013-02-20,25.143,25.143,24.871,24.928,3115762
2013-02-21,24.67,24.707,24.525,24.637,4385286
2013-02-22,24.689,24.779,24.67,24.764,2763393
2013-02-25,24.908,24.908,24.252,24.287,3405363
2013-02-26,24.416,24.488,24.341,24.396,2057827
2013-02-27,24.488,24.726,24.435,24.637,5772894
2013-02-28,24.744,24.799,24.637,24.652,3155748
2013-03-01,24.637,24.726,24.543,24.726,2618510
2013-03-04,24.396,24.416,24.287,24.341,3737575
2013-03-05,24.707,24.779,24.652,24.744,3198927
2013-03-06,24.726,24.779,24.689,24.726,1601400
2013-03-07,24.764,24.834,24.764,24.799,1044432
2013-03-08,24.945,25.018,24.818,24.961,1395259
2013-03-11,24.889,24.961,24.834,24.908,1592654
2013-03-12,24.818,24.818,24.637,24.652,1641556
2013-03-13,24.744,24.764,24.637,24.726,2043854
2013-03-14,24.67,24.726,24.617,24.67,1417748
2013-03-15,24.416,24.416,24.287,24.341,4476147
2013-03-18,24.105,24.16,24.07,24.125,2184078
2013-03-19,24.087,24.142,23.832,23.978,6237028
2013-03-20,24.125,24.125,24.033,24.07,2005713
2013-03-21,23.959,23.959,23.832,23.886,2499763
2013-03-22,23.959,23.978,23.906,23.943,1616822
2013-03-25,24.105,24.16,23.906,23.978,3237853
2013-03-26,24.07,24.341,24.07,24.287,7148374
2013-03-27,24.142,24.361,24.05,24.341,3192480
2013-03-28,24.214,24.381,24.179,24.324,5757695
2013-04-01,24.488,24.508,24.234,24.287,2085472
2013-04-02,24.508,24.562,24.451,24.451,1805515
2013-04-03,24.488,24.525,24.269,24.324,3911959
2013-04-04,24.324,24.396,24.142,24.306,3621296
2013-04-05,23.943,24.269,23.849,24.214,3619679
2013-04-08,23.558,23.777,23.523,23.777,3428729
2013-04-09,23.687,23.886,23.576,23.796,3719682
2013-04-10,23.923,24.07,23.849,23.943,1907764
2013-04-11,24.179,24.269,24.105,24.16,3029902
2013-04-12,23.869,23.943,23.687,23.849,1956349
2013-04-15,23.832,23.832,23.449,23.523,3126385
2013-04-16,23.923,24.07,23.849,24.07,3328005
2013-04-17,23.814,23.814,23.615,23.705,2793912
2013-04-18,24.16,24.16,23.959,23.998,4376311
2013-04-19,24.707,24.779,24.637,24.689,4274629
2013-04-22,24.67,24.726,24.543,24.689,2136425
2013-04-23,24.543,24.779,24.525,24.707,3342683
2013-04-24,24.689,24.928,24.689,24.818,2642960
2013-04-25,24.945,25.053,24.871,24.98,1710571
2013-04-26,24.889,24.945,24.818,24.818,2023899
2013-04-29,25.162,25.383,25.109,25.311,1893069
2013-04-30,25.383,25.637,25.291,25.526,2424935
2013-05-01,25.545,25.619,25.311,25.311,3219164
2013-05-02,25.436,25.602,25.436,25.582,1924711
2013-05-03,25.711,25.819,25.694,25.727,2310966
2013-05-06,25.619,25.766,25.582,25.674,2232039
2013-05-07,25.746,25.783,25.654,25.746,1722664
2013-05-08,26.11,26.258,26.057,26.258,1354648
2013-05-09,26.239,26.239,26.037,26.094,1475181
2013-05-10,25.948,25.985,25.836,25.948,1197482
2013-05-13,25.637,25.674,25.512,25.512,2268430
2013-05-14,25.619,25.746,25.565,25.637,2533286
2013-05-15,25.582,25.619,25.453,25.619,2091730
2013-05-16,25.746,25.803,25.674,25.674,1068741
2013-05-17,25.727,25.856,25.727,25.836,3750963
2013-05-20,25.783,25.803,25.711,25.803,1682712
2013-05-21,25.856,25.985,25.803,25.875,2133829
2013-05-22,25.856,26.057,25.526,25.637,3709755
2013-05-23,25.09,25.272,25.018,25.236,2905631
2013-05-24,25.109,25.109,24.945,25.09,1627921
2013-05-28,25.363,25.492,25.291,25.344,1725944
2013-05-29,25.383,25.4,25.219,25.311,1924968
2013-05-30,25.201,25.311,25.129,25.143,1609452
2013-05-31,25.129,25.143,24.853,24.871,2078670
2013-06-03,24.98,25.383,24.945,25.328,3519438
2013-06-04,25.018,25.053,24.834,24.928,3125942
2013-06-05,25.035,25.072,24.689,24.689,2411437
2013-06-06,24.744,24.908,24.637,24.889,2672811
2013-06-07,24.928,25.072,24.834,24.961,1862880
2013-06-10,24.961,24.98,24.799,24.871,1544708
2013-06-11,24.617,24.764,24.562,24.597,2785248
2013-06-12,24.67,24.707,24.324,24.47,2698712
2013-06-13,24.287,24.578,24.234,24.543,3453580
2013-06-14,24.269,24.287,24.033,24.142,4259088
2013-06-17,24.396,24.578,24.361,24.47,1333130
2013-06-18,24.361,24.617,24.361,24.597,1876371
2013-06-19,24.451,24.508,24.087,24.16,3571470
2013-06-20,23.722,23.722,23.083,23.175,5606625
2013-06-21,23.339,23.394,23.03,23.322,3784072
2013-06-24,23.05,23.14,22.757,22.956,3587941
2013-06-25,23.413,23.632,23.265,23.595,6818056
2013-06-26,23.558,23.849,23.523,23.777,5476453
2013-06-27,23.832,24.013,23.832,23.943,3393521
2013-06-28,24.142,24.287,24.033,24.252,4738952
2013-07-01,24.47,24.543,24.361,24.381,3406301
2013-07-02,24.381,24.543,24.105,24.252,2763823
2013-07-03,23.959,24.16,23.869,24.07,2584027
2013-07-05,24.47,24.508,24.234,24.341,4207461
2013-07-08,24.087,24.287,24.033,24.179,2619538
2013-07-09,24.381,24.562,24.361,24.47,2539199
2013-07-10,24.652,24.799,24.578,24.597,2596242
2013-07-11,25.363,25.619,25.363,25.619,5840984
2013-07-12,25.363,25.473,25.272,25.383,2809747
2013-07-15,25.545,25.654,25.473,25.526,2898033
2013-07-16,25.526,25.654,25.453,25.637,3041037
2013-07-17,25.674,25.746,25.619,25.711,2463337
2013-07-18,25.254,25.311,24.961,25.018,3058906
2013-07-19,24.617,24.652,24.488,24.617,3590887
2013-07-22,24.799,25.035,24.779,24.961,3640916
2013-07-23,25.254,25.311,25.182,25.201,2878427
2013-07-24,25.219,25.219,24.945,25.018,1887053
2013-07-25,25.018,25.162,24.98,25.143,2595598
2013-07-26,25.053,25.09,24.871,25.035,1805931
2013-07-29,24.799,24.889,24.799,24.818,1317299
2013-07-30,25.182,25.219,25.053,25.109,1130448
2013-07-31,24.779,25.09,24.726,24.853,4815234
2013-08-01,24.779,25.072,24.779,25.018,3304444
2013-08-02,24.871,25.053,24.853,24.98,2697430
2013-08-05,24.928,24.961,24.818,24.945,1634965
2013-08-06,24.617,24.652,24.451,24.47,2465983
2013-08-07,23.943,24.013,23.849,23.943,2665519
2013-08-08,24.125,24.306,23.959,24.214,2669156
2013-08-09,24.033,24.16,23.998,24.05,2492255
2013-08-12,24.05,24.234,24.033,24.16,1871921
2013-08-13,24.47,24.525,24.306,24.47,2244649
2013-08-14,24.306,24.396,24.269,24.324,3018541
2013-08-15,23.998,24.05,23.832,23.998,3563736
2013-08-16,24.287,24.381,24.179,24.179,2108204
2013-08-19,24.105,24.16,23.923,23.959,2284211
2013-08-20,23.923,24.07,23.906,23.959,3359738
2013-08-21,23.777,23.869,23.615,23.687,4628554
2013-08-22,23.814,23.943,23.814,23.869,3064424
2013-08-23,24.197,24.306,24.105,24.197,2599271
2013-08-26,24.197,24.287,24.05,24.105,1729154
2013-08-27,23.869,23.959,23.687,23.742,6320480
2013-08-28,24.033,24.214,23.923,23.998,2925008
2013-08-29,24.396,24.562,24.306,24.381,3264064
2013-08-30,24.67,24.707,24.488,24.578,3832363
2013-09-03,25.219,25.254,24.928,24.945,3921816
2013-09-04,25.109,25.344,25.109,25.291,4186505
2013-09-05,25.328,25.545,25.328,25.453,2963186
2013-09-06,25.637,25.674,25.363,25.512,5147418
2013-09-09,25.619,25.893,25.619,25.819,3926169
2013-09-10,25.893,25.948,25.819,25.893,2488205
2013-09-11,25.711,25.819,25.694,25.819,2205653
2013-09-12,25.654,25.711,25.545,25.582,2614038
2013-09-13,25.526,25.674,25.512,25.637,2837166
2013-09-16,25.928,26.037,25.856,25.893,4531102
2013-09-17,25.893,25.91,25.746,25.803,3476657
2013-09-18,25.619,26.44,25.565,26.331,7230550
2013-09-19,26.385,26.44,26.219,26.311,8474012
2013-09-20,26.368,26.368,25.856,25.928,4021742
2013-09-23,26.037,26.094,25.928,25.985,3412568
2013-09-24,26.002,26.11,25.928,25.985,5076866
2013-09-25,25.91,25.928,25.694,25.766,2566880
2013-09-26,25.637,25.727,25.565,25.711,2135922
2013-09-27,25.602,25.619,25.473,25.582,2439311
2013-09-30,25.201,25.4,25.129,25.383,3956047
2013-10-01,25.473,25.856,25.453,25.836,5608749
2013-10-02,25.619,25.836,25.602,25.803,3356844
2013-10-03,26.475,26.475,26.166,26.258,4189131
2013-10-04,26.276,26.569,26.219,26.495,2530521
2013-10-07,26.057,26.276,26.018,26.147,2218074
2013-10-08,26.348,26.368,25.985,26.037,4206178
2013-10-09,26.147,26.219,25.948,26.166,4211362
2013-10-10,26.293,26.676,26.258,26.53,6937757
2013-10-11,26.385,26.585,26.385,26.585,2459197
2013-10-14,26.219,26.44,26.147,26.403,3528559
2013-10-15,26.368,26.475,26.204,26.311,3289816
2013-10-16,26.239,26.44,26.219,26.385,2254621
2013-10-17,26.276,26.585,26.258,26.569,2091182
2013-10-18,26.622,26.751,26.569,26.696,2901730
2013-10-21,26.53,26.602,26.44,26.495,2192257
2013-10-22,26.786,26.932,26.712,26.768,4314239
2013-10-23,26.311,26.311,26.186,26.204,4894610
2013-10-24,26.44,26.475,26.331,26.385,2815910
2013-10-25,26.186,26.385,26.186,26.348,2083545
2013-10-28,26.331,26.53,26.311,26.458,2175408
2013-10-29,26.549,26.622,26.512,26.549,1691259
2013-10-30,26.712,26.731,26.385,26.475,3175727
2013-10-31,26.569,26.622,26.42,26.475,3556068
2013-11-01,26.385,26.44,26.239,26.276,5619521
2013-11-04,26.258,26.331,26.219,26.311,1831237
2013-11-05,26.037,26.037,25.856,25.875,3240901
2013-11-06,26.057,26.077,25.928,25.948,2240388
2013-11-07,26.018,26.018,25.637,25.674,3037267
2013-11-08,25.526,25.727,25.436,25.694,5891017
2013-11-11,25.602,25.637,25.492,25.545,1631250
2013-11-12,25.526,25.582,25.344,25.526,12921228
2013-11-13,25.109,25.436,25.09,25.4,4646985
2013-11-14,25.201,25.42,25.129,25.383,4824708
2013-11-15,25.545,25.819,25.453,25.727,5336215
2013-11-18,25.783,25.948,25.654,25.654,2769760
2013-11-19,25.856,25.91,25.694,25.727,2613984
2013-11-20,25.711,25.766,25.436,25.512,3063514
2013-11-21,25.236,25.254,25.109,25.201,3375485
2013-11-22,25.291,25.4,25.219,25.344,1867979
2013-11-25,25.545,25.565,25.272,25.291,2868349
2013-11-26,25.619,25.694,25.565,25.637,1810283
2013-11-27,25.91,25.948,25.803,25.819,2049635
2013-11-29,26.276,26.311,26.204,26.219,1892570
2013-12-02,26.129,26.204,25.803,25.836,3768006
2013-12-03,25.965,26.147,25.928,26.002,2813586
2013-12-04,26.11,26.186,25.893,26.11,3004886
2013-12-05,25.91,25.985,25.803,25.819,2948935
2013-12-06,26.204,26.293,26.11,26.204,2823366
2013-12-09,26.293,26.368,26.276,26.311,2064160
2013-12-10,26.258,26.311,26.186,26.276,1594638
2013-12-11,26.239,26.293,26.018,26.037,2895793
2013-12-12,25.948,25.985,25.819,25.836,2783686
2013-12-13,25.928,25.948,25.803,25.91,2271137
2013-12-16,25.856,26.037,25.819,25.875,4354682
2013-12-17,25.893,25.893,25.746,25.766,2783626
2013-12-18,25.75,26.27,25.545,26.121,5626577
2013-12-19,25.656,25.75,25.526,25.713,3699776
2013-12-20,25.842,25.899,25.731,25.787,2343649
2013-12-23,25.955,26.067,25.955,26.01,1984752
2013-12-24,25.973,25.993,25.807,25.973,575236
2013-12-26,25.955,25.993,25.862,25.899,583079
2013-12-27,26.178,26.327,26.178,26.307,2536030
2013-12-30,26.53,26.715,26.53,26.678,1415998
2013-12-31,26.661,26.809,26.604,26.79,1913711
2014-01-02,26.438,26.473,26.067,26.102,3865549
2014-01-03,26.028,26.067,25.936,26.01,2794092
2014-01-06,25.842,25.862,25.713,25.713,1779176
2014-01-07,25.842,25.881,25.75,25.881,2771404
2014-01-08,25.899,25.916,25.807,25.881,1553583
2014-01-09,25.75,25.787,25.602,25.75,1898924
2014-01-10,25.899,26.141,25.881,26.067,3183346
2014-01-13,25.993,26.028,25.713,25.824,3403638
2014-01-14,25.916,26.121,25.862,26.067,2554761
2014-01-15,26.178,26.288,26.159,26.27,1472785
2014-01-16,26.288,26.344,26.233,26.327,1948741
2014-01-17,26.233,26.252,26.121,26.196,1744996
2014-01-21,26.178,26.213,25.993,26.121,2454570
2014-01-22,26.307,26.364,26.233,26.327,2182578
2014-01-23,26.102,26.141,25.824,25.936,3330960
2014-01-24,26.028,26.047,25.713,25.731,4154495
2014-01-27,25.397,25.434,25.119,25.305,5712532
2014-01-28,25.379,25.526,25.305,25.49,5325834
2014-01-29,25.248,25.305,24.934,25.045,5968415
2014-01-30,25.266,25.359,25.08,25.1,6208504
2014-01-31,24.934,25.285,24.894,25.211,4272590
2014-02-03,25.062,25.119,24.637,24.672,4854449
2014-02-04,24.951,25.211,24.894,24.988,7061343
2014-02-05,24.748,24.988,24.672,24.857,5371467
2014-02-06,25.045,25.193,25.025,25.193,4134375
2014-02-07,25.324,25.49,25.248,25.379,3714814
2014-02-10,25.285,25.285,25.119,25.174,1828043
2014-02-11,25.324,25.656,25.305,25.619,3746588
2014-02-12,25.787,25.936,25.731,25.787,3009366
2014-02-13,25.545,25.768,25.51,25.713,2161988
2014-02-14,25.955,26.159,25.916,26.047,2813112
2014-02-18,25.955,26.01,25.881,25.916,2644673
2014-02-19,25.862,26.01,25.75,25.824,3774526
2014-02-20,25.731,25.881,25.602,25.842,2538908
2014-02-21,25.973,26.121,25.973,25.993,2383824
2014-02-24,25.881,26.084,25.862,25.916,2655406
2014-02-25,25.842,25.899,25.639,25.656,2874910
2014-02-26,25.973,26.01,25.807,25.899,2705669
2014-02-27,25.993,26.178,25.993,26.141,3473173
2014-02-28,26.159,26.213,25.973,26.121,5283499
2014-03-03,25.696,25.862,25.656,25.824,3065938
2014-03-04,26.028,26.084,25.955,25.955,2446944
2014-03-05,26.01,26.084,25.955,26.047,1877228
2014-03-06,26.418,26.643,26.418,26.569,3587886
2014-03-07,26.569,26.624,26.252,26.438,2628479
2014-03-10,26.399,26.399,26.233,26.364,2750080
2014-03-11,26.438,26.53,26.141,26.159,3557799
2014-03-12,26.121,26.473,26.102,26.458,3656776
2014-03-13,26.585,26.661,26.159,26.213,3001646
2014-03-14,26.288,26.458,26.233,26.27,5010399
2014-03-17,26.473,26.604,26.473,26.493,3987270
2014-03-18,26.364,26.549,26.364,26.493,3183738
2014-03-19,26.252,26.307,25.824,25.973,3015304
2014-03-20,25.602,25.881,25.51,25.807,3597883
2014-03-21,26.01,26.047,25.713,25.824,4765667
2014-03-24,25.993,26.01,25.768,25.916,3281000
2014-03-25,26.27,26.381,26.252,26.344,7420963
2014-03-26,26.344,26.512,26.327,26.344,2693305
2014-03-27,26.344,26.604,26.307,26.585,2691815
2014-03-28,26.604,26.79,26.569,26.585,4734495
2014-03-31,26.809,26.901,26.715,26.735,4921843
2014-04-01,26.958,27.106,26.958,27.069,4651114
2014-04-02,27.126,27.161,27.069,27.126,1865840
2014-04-03,27.014,27.126,26.864,27.069,3397396
2014-04-04,27.292,27.626,26.995,27.014,10373398
2014-04-07,27.032,27.087,26.864,26.958,4858745
2014-04-08,27.18,27.386,27.18,27.255,3131653
2014-04-09,27.532,27.663,27.311,27.532,3938017
2014-04-10,27.517,27.608,27.18,27.311,3667482
2014-04-11,27.274,27.311,27.2,27.292,3980659
2014-04-14,27.311,27.347,27.161,27.292,2691097
2014-04-15,27.44,27.477,27.069,27.44,5082804
2014-04-16,27.386,27.532,27.331,27.532,4189308
2014-04-17,27.589,27.776,27.571,27.702,2932868
2014-04-21,27.423,27.532,27.423,27.477,1256596
2014-04-22,27.552,27.608,27.532,27.571,1571159
2014-04-23,27.403,27.403,27.235,27.331,2380555
2014-04-24,27.44,27.46,27.274,27.44,1868956
2014-04-25,26.829,26.846,26.678,26.772,4247446
2014-04-28,27.161,27.292,27.014,27.274,3788801
2014-04-29,27.423,27.532,27.403,27.423,3340229
2014-04-30,27.069,27.235,27.05,27.2,2816476
2014-05-01,27.05,27.292,27.05,27.218,1792542
2014-05-02,27.386,27.497,27.311,27.44,2415463
2014-05-05,27.274,27.403,27.2,27.386,1849076
2014-05-06,27.423,27.517,27.366,27.403,2786805
2014-05-07,27.366,27.571,27.292,27.532,2649987
2014-05-08,27.608,27.757,27.571,27.626,2706842
2014-05-09,27.386,27.44,27.292,27.331,2346389
2014-05-12,27.255,27.44,27.2,27.403,2769547
2014-05-13,27.347,27.44,27.292,27.366,3161547
2014-05-14,27.517,27.517,27.311,27.347,6539620
2014-05-15,27.403,27.423,27.235,27.311,2282892
2014-05-16,27.477,27.663,27.403,27.608,2224908
2014-05-19,27.608,27.626,27.532,27.589,2391380
2014-05-20,27.571,27.626,27.46,27.497,2623708
2014-05-21,27.571,27.589,27.497,27.552,1262987
2014-05-22,27.812,27.888,27.794,27.888,1326817
2014-05-23,27.923,27.997,27.903,27.923,3797281
2014-05-27,28.148,28.202,28.034,28.148,4785073
2014-05-28,28.279,28.37,28.239,28.279,3230531
2014-05-29,28.279,28.351,28.259,28.294,2228992
2014-05-30,28.165,28.185,27.997,28.073,3759421
2014-06-02,28.073,28.22,28.073,28.185,3674470
2014-06-03,28.054,28.314,28.054,28.279,4574149
2014-06-04,28.185,28.202,28.089,28.148,1537838
2014-06-05,28.333,28.37,28.202,28.37,1881272
2014-06-06,28.351,28.445,28.333,28.37,2059920
2014-06-09,28.445,28.556,28.406,28.536,2505008
2014-06-10,28.63,28.742,28.591,28.722,3846807
2014-06-11,28.536,28.63,28.536,28.574,4935085
2014-06-12,28.556,28.591,28.464,28.536,3925412
2014-06-13,28.406,28.519,28.37,28.519,4517934
2014-06-16,28.556,28.556,28.425,28.536,1285855
2014-06-17,28.704,28.779,28.65,28.759,2566033
2014-06-18,28.759,29.021,28.665,28.982,4388785
2014-06-19,28.964,29.093,28.964,29.093,3450286
2014-06-20,28.871,28.927,28.742,28.796,1542419
2014-06-23,28.759,28.816,28.722,28.759,2058032
2014-06-24,28.759,28.927,28.665,28.704,3055454
2014-06-25,28.722,28.871,28.665,28.851,1827587
2014-06-26,29.021,29.076,28.982,29.001,2015826
2014-06-27,29.021,29.187,29.001,29.187,2970605
2014-06-30,29.427,29.447,29.318,29.353,3333357
2014-07-01,29.689,29.894,29.652,29.894,2832675
2014-07-02,29.969,30.004,29.894,29.969,4525516
2014-07-03,30.189,30.246,30.098,30.172,1615218
2014-07-07,30.135,30.301,30.098,30.283,9055527
2014-07-08,30.301,30.301,30.098,30.154,3824795
2014-07-09,30.06,30.209,30.041,30.209,2575390
2014-07-10,30.189,30.395,30.098,30.395,4534061
2014-07-11,30.357,30.375,30.266,30.301,2205111
2014-07-14,30.432,30.543,30.432,30.526,3176534
2014-07-15,30.561,30.561,30.32,30.451,3905405
2014-07-16,30.227,30.283,30.06,30.08,4155091
2014-07-17,29.93,29.93,29.353,29.467,7944509
2014-07-18,29.875,29.93,29.783,29.801,3672781
2014-07-21,29.783,30.041,29.783,30.023,3369486
2014-07-22,30.375,30.412,30.301,30.301,4328620
2014-07-23,30.395,30.432,30.283,30.32,2329666
2014-07-24,30.357,30.395,30.283,30.375,2724202
2014-07-25,30.023,30.041,29.894,30.023,1912078
2014-07-28,29.855,30.135,29.855,30.115,3480648
2014-07-29,29.949,30.041,29.894,29.93,3838646
2014-07-30,30.041,30.135,29.894,30.041,3440052
2014-07-31,29.318,29.392,29.113,29.261,8903852
2014-08-01,29.281,29.467,29.207,29.373,4767710
2014-08-04,29.613,29.652,29.467,29.613,4337459
2014-08-05,28.927,28.945,28.759,28.835,5570326
2014-08-06,28.964,29.039,28.89,28.945,2790612
2014-08-07,29.021,29.039,28.851,28.964,4674242
2014-08-08,29.113,29.207,29.021,29.168,4992122
2014-08-11,29.261,29.447,29.261,29.392,2365228
2014-08-12,29.224,29.336,29.207,29.318,2004652
2014-08-13,29.744,29.838,29.633,29.707,2790329
2014-08-14,29.724,29.801,29.689,29.724,1920055
2014-08-15,29.707,29.744,29.504,29.613,4293084
2014-08-18,29.558,29.67,29.504,29.613,2785523
2014-08-19,30.004,30.08,29.91,30.004,5986836
2014-08-20,30.08,30.189,30.041,30.172,1513940
2014-08-21,30.041,30.098,29.93,29.949,2575947
2014-08-22,30.357,30.412,30.209,30.32,2376987
2014-08-25,30.34,30.375,30.283,30.357,1937089
2014-08-26,30.301,30.486,30.301,30.469,2272945
2014-08-27,30.656,30.803,30.656,30.803,2332885
2014-08-28,30.561,30.729,30.506,30.711,2519072
2014-08-29,30.692,30.748,30.561,30.672,4577298
2014-09-02,30.451,30.526,30.34,30.412,2763042
2014-09-03,30.823,30.823,30.656,30.692,1903064
2014-09-04,30.637,30.729,30.486,30.561,2240990
2014-09-05,30.432,30.711,30.395,30.692,3283430
2014-09-08,30.656,30.692,30.506,30.543,2414904
2014-09-09,30.526,30.58,30.357,30.469,3439168
2014-09-10,30.098,30.375,30.098,30.34,3400216
2014-09-11,29.969,30.172,29.91,30.172,5718134
2014-09-12,29.894,29.894,29.597,29.707,5378361
2014-09-15,29.724,29.801,29.504,29.597,3013914
2014-09-16,29.336,29.875,29.336,29.652,5909442
2014-09-17,29.724,29.838,29.597,29.633,4472792
2014-09-18,29.724,29.801,29.707,29.744,2712087
2014-09-19,29.744,29.783,29.484,29.539,3710679
2014-09-22,29.207,29.261,28.982,29.076,3415171
2014-09-23,29.039,29.132,28.945,28.982,2640472
2014-09-24,29.056,29.336,29.056,29.281,3388678
2014-09-25,28.63,28.665,28.425,28.519,5682546
2014-09-26,28.499,28.591,28.445,28.556,5199808
2014-09-29,28.148,28.279,28.034,28.279,5035058
2014-09-30,28.279,28.406,28.239,28.37,4910854
2014-10-01,28.388,28.425,28.073,28.089,7728154
2014-10-02,28.279,28.611,28.22,28.445,7719678
2014-10-03,28.759,29.056,28.759,29.001,6906800
2014-10-06,28.964,29.056,28.851,28.871,3417274
2014-10-07,28.63,28.704,28.48,28.499,4762265
2014-10-08,28.351,28.945,28.314,28.871,5651216
2014-10-09,28.665,28.685,28.294,28.388,8039248
2014-10-10,28.165,28.202,27.645,27.702,9628678
2014-10-13,27.923,28.054,27.608,27.645,4965076
2014-10-14,27.868,28.165,27.776,28.034,4989889
2014-10-15,27.626,27.849,27.143,27.757,8685178
2014-10-16,27.552,28.054,27.477,27.849,8319247
2014-10-17,27.645,27.849,27.552,27.608,4871248
2014-10-20,27.849,28.109,27.849,28.054,4127344
2014-10-21,28.128,28.425,28.109,28.333,3482610
2014-10-22,28.464,28.499,28.22,28.279,4994049
2014-10-23,28.406,28.591,28.37,28.48,2237834
2014-10-24,28.128,28.314,28.089,28.279,3125131
2014-10-27,28.202,28.294,28.109,28.294,3010067
2014-10-28,28.742,28.945,28.685,28.871,5483131
2014-10-29,29.076,29.15,28.796,28.871,4678946
2014-10-30,28.835,28.945,28.742,28.851,2775939
2014-10-31,29.168,29.373,29.093,29.207,4824592
2014-11-03,29.207,29.224,29.056,29.168,3844805
2014-11-04,29.113,29.207,29.021,29.207,1749345
2014-11-05,29.021,29.113,28.908,29.093,2168302
2014-11-06,28.871,28.89,28.704,28.722,2940066
2014-11-07,28.816,28.945,28.796,28.908,1912218
2014-11-10,29.336,29.427,29.281,29.298,2342214
2014-11-11,29.168,29.298,29.168,29.242,1244891
2014-11-12,28.722,28.835,28.665,28.835,3125229
2014-11-13,28.964,29.076,28.927,28.982,1573097
2014-11-14,28.89,29.113,28.871,29.076,2168682
2014-11-17,28.779,28.835,28.704,28.796,1923818
2014-11-18,28.611,28.742,28.611,28.65,3624276
2014-11-19,28.871,29.076,28.835,28.964,2451943
2014-11-20,29.093,29.224,29.076,29.113,2737238
2014-11-21,29.41,29.613,29.373,29.578,5079049
2014-11-24,29.336,29.373,29.261,29.373,1795925
2014-11-25,29.373,29.373,29.224,29.224,3414707
2014-11-26,29.353,29.467,29.281,29.427,2245908
2014-11-28,29.484,29.484,29.336,29.373,2971411
2014-12-01,29.021,29.056,28.851,28.908,2977567
2014-12-02,28.704,28.704,28.574,28.65,3079352
2014-12-03,29.15,29.242,29.132,29.242,4292092
2014-12-04,29.318,29.336,29.187,29.207,1672178
2014-12-05,29.076,29.207,29.001,29.207,2799350
2014-12-08,29.001,29.001,28.851,28.927,3465585
2014-12-09,28.519,28.742,28.464,28.722,2725642
2014-12-10,28.333,28.37,28.109,28.185,3112136
2014-12-11,28.22,28.425,28.148,28.202,3708166
2014-12-12,28.054,28.148,27.888,27.923,3518233
2014-12-15,28.165,28.202,27.794,27.923,4149948
2014-12-16,27.776,28.089,27.608,27.683,6171459
2014-12-17,27.495,28.083,27.286,27.874,4744526
2014-12-18,27.931,27.987,27.798,27.95,3456106
2014-12-19,28.253,28.329,28.083,28.196,3208004
2014-12-22,28.366,28.556,28.273,28.48,2520552
2014-12-23,28.007,28.253,28.007,28.177,1696450
2014-12-24,28.329,28.48,28.31,28.404,756095
2014-12-26,28.499,28.576,28.443,28.462,706900
2014-12-29,28.898,28.898,28.593,28.613,2317754
2014-12-30,28.652,28.726,28.593,28.652,2765882
2014-12-31,28.708,28.765,28.593,28.632,1388060
2015-01-02,28.556,28.556,28.027,28.31,6125832
2015-01-05,28.101,28.101,27.837,27.95,6736079
2015-01-06,27.476,27.589,27.249,27.382,4987700
2015-01-07,27.665,27.874,27.589,27.855,4568420
2015-01-08,28.386,28.519,28.366,28.404,3930231
2015-01-09,28.273,28.273,27.987,28.14,2784422
2015-01-12,28.101,28.14,27.837,27.911,2715547
2015-01-13,28.366,28.462,27.987,28.12,3521318
2015-01-14,27.817,27.987,27.741,27.95,4182758
2015-01-15,28.519,28.669,28.386,28.443,8787966
2015-01-16,28.253,28.689,28.253,28.652,7383996
2015-01-20,28.822,29.087,28.765,29.031,6864936
2015-01-21,29.048,29.314,28.992,29.277,6486466
2015-01-22,29.371,29.826,29.201,29.75,7133052
2015-01-23,29.883,30.035,29.863,29.902,6449961
2015-01-26,29.92,30.072,29.863,30.016,4075021
2015-01-27,29.996,30.053,29.846,29.996,3650527
2015-01-28,30.109,30.109,29.713,29.806,4539050
2015-01-29,29.56,29.637,29.314,29.637,6250497
2015-01-30,29.048,29.162,28.802,28.859,5310403
2015-02-02,29.201,29.467,29.181,29.408,3354138
2015-02-03,29.656,29.769,29.56,29.713,6293400
2015-02-04,29.846,29.976,29.787,29.826,5525615
2015-02-05,29.73,29.92,29.674,29.902,2738880
2015-02-06,29.467,29.541,29.181,29.351,3132453
2015-02-09,29.295,29.295,29.181,29.22,3362001
2015-02-10,29.314,29.447,29.238,29.371,2697054
2015-02-11,29.447,29.637,29.371,29.541,2548927
2015-02-12,29.75,29.996,29.73,29.959,3987731
2015-02-13,29.976,30.318,29.959,30.318,6284383
2015-02-17,30.092,30.205,29.976,30.129,3572033
2015-02-18,29.902,30.129,29.863,30.092,2580786
2015-02-19,29.883,30.016,29.806,29.92,1723926
2015-02-20,29.92,30.166,29.826,30.092,2319108
2015-02-23,30.053,30.092,29.787,29.863,2098809
2015-02-24,30.109,30.395,30.053,30.299,9331137
2015-02-25,30.432,30.545,30.395,30.412,3037364
2015-02-26,30.375,30.375,30.262,30.356,3338910
2015-02-27,30.299,30.471,30.262,30.318,5135296
2015-03-02,30.166,30.356,30.129,30.338,2573011
2015-03-03,30.109,30.242,30.072,30.205,3873291
2015-03-04,30.129,30.148,29.92,30.092,3460921
2015-03-05,30.016,30.129,29.939,30.109,2913821
2015-03-06,29.92,29.959,29.637,29.826,4904375
2015-03-09,29.826,29.826,29.674,29.674,3602882
2015-03-10,29.295,29.351,29.144,29.144,4153042
2015-03-11,29.427,29.504,29.351,29.447,3471265
2015-03-12,29.939,29.959,29.474,29.474,3270777
2015-03-13,29.58,29.637,29.408,29.597,2740197
2015-03-16,29.637,29.826,29.597,29.787,2966911
2015-03-17,29.693,29.92,29.656,29.92,6401868
2015-03-18,30.129,30.791,29.902,30.621,9342180
2015-03-19,30.527,30.565,30.318,30.451,6137737
2015-03-20,30.545,30.678,30.508,30.565,3410418
2015-03-23,30.584,30.641,30.488,30.602,2374162
2015-03-24,30.584,30.678,30.545,30.66,2350572
2015-03-25,30.488,30.527,29.863,29.902,8815451
2015-03-26,29.902,30.016,29.713,29.883,4721410
2015-03-27,29.58,29.73,29.447,29.656,5494907
2015-03-30,29.806,29.939,29.73,29.883,6524091
2015-03-31,29.863,29.92,29.787,29.826,4262986
2015-04-01,29.806,29.826,29.656,29.826,3452636
2015-04-02,30.186,30.471,30.186,30.451,3909019
2015-04-06,30.412,30.697,30.356,30.584,3330782
2015-04-07,30.356,30.395,30.242,30.299,3882524
2015-04-08,30.109,30.129,29.846,30.016,5937199
2015-04-09,30.053,30.186,29.996,30.016,3524371
2015-04-10,30.318,30.375,30.225,30.318,2835031
2015-04-13,30.186,30.242,30.092,30.129,5058895
2015-04-14,30.016,30.109,29.92,29.959,4381392
2015-04-15,29.75,29.976,29.674,29.92,3274827
2015-04-16,30.072,30.262,29.996,30.129,4261691
2015-04-17,29.769,29.92,29.637,29.883,3472268
2015-04-20,29.996,30.129,29.976,29.996,2904741
2015-04-21,29.976,30.072,29.939,29.976,3478798
2015-04-22,30.299,30.527,30.262,30.508,4615547
2015-04-23,31.096,31.456,31.077,31.36,7798141
2015-04-24,31.948,32.044,31.854,31.872,5908233
2015-04-27,32.29,32.384,32.214,32.27,6575228
2015-04-28,32.233,32.233,32.005,32.024,5368665
2015-04-29,31.739,31.854,31.626,31.721,7060477
2015-04-30,31.379,31.379,31.114,31.153,5444983
2015-05-01,31.17,31.456,31.17,31.416,2874083
2015-05-04,31.416,31.475,31.379,31.399,2575545
2015-05-05,31.36,31.379,31.153,31.17,3528894
2015-05-06,31.379,31.379,31.039,31.133,3015267
2015-05-07,30.697,31.057,30.678,31.057,6895009
2015-05-08,31.133,31.303,31.114,31.153,3886854
2015-05-11,31.039,31.096,30.85,30.867,3007916
2015-05-12,30.85,30.924,30.774,30.85,2065896
2015-05-13,31.19,31.303,31.114,31.153,4846118
2015-05-14,30.944,31.057,30.887,31.0,3432846
2015-05-15,30.85,31.114,30.85,31.096,2998098
2015-05-18,31.039,31.133,30.981,31.02,2950136
2015-05-19,31.36,31.512,31.342,31.493,3645254
2015-05-20,31.209,31.36,31.077,31.266,3341863
2015-05-21,30.924,31.114,30.85,31.096,2386195
2015-05-22,31.209,31.247,31.114,31.153,3031083
2015-05-26,31.266,31.303,30.867,31.0,6339951
2015-05-27,31.19,31.532,31.114,31.475,5043379
2015-05-28,31.342,31.416,31.247,31.342,4873656
2015-05-29,31.209,31.209,30.963,30.963,3156367
2015-06-01,30.678,30.697,30.488,30.678,3123693
2015-06-02,30.621,30.811,30.545,30.66,2416923
2015-06-03,30.471,30.641,30.451,30.602,1740777
2015-06-04,29.674,29.769,29.504,29.56,4530898
2015-06-05,29.484,29.504,29.334,29.39,3817879
2015-06-08,29.504,29.58,29.427,29.467,2496122
2015-06-09,29.314,29.334,29.068,29.087,4072956
2015-06-10,29.617,29.996,29.597,29.863,6288955
2015-06-11,29.787,29.826,29.656,29.656,1926858
2015-06-12,29.693,29.769,29.637,29.75,1549633
2015-06-15,29.504,29.693,29.467,29.693,3224444
2015-06-16,29.523,29.674,29.523,29.597,1376854
2015-06-17,29.504,29.826,29.371,29.674,3007388
2015-06-18,29.902,30.072,29.826,29.92,2938888
2015-06-19,29.863,29.996,29.769,29.787,2559291
2015-06-22,30.242,30.338,30.205,30.318,2529316
2015-06-23,30.356,30.432,30.299,30.395,4072953
2015-06-24,30.318,30.356,30.148,30.148,4060637
2015-06-25,30.565,30.641,30.412,30.412,2316006
2015-06-26,30.375,30.412,30.166,30.225,2606311
2015-06-29,29.846,29.976,29.617,29.617,2494274
2015-06-30,30.092,30.166,29.826,29.902,4016019
2015-07-01,30.471,30.527,30.225,30.338,3088026
2015-07-02,30.356,30.451,30.242,30.299,2224392
2015-07-06,29.92,30.166,29.863,29.959,3115678
2015-07-07,29.883,29.883,29.504,29.787,4802100
2015-07-08,28.916,28.916,28.499,28.556,11208717
2015-07-09,28.802,28.955,28.48,28.48,4338434
2015-07-10,28.916,29.048,28.822,28.955,3900944
2015-07-13,29.277,29.408,29.238,29.371,4017256
2015-07-14,29.181,29.39,29.181,29.371,3159654
2015-07-15,29.22,29.334,29.125,29.162,3002227
2015-07-16,29.181,29.427,29.105,29.371,6668161
2015-07-17,29.371,29.39,29.257,29.39,3921842
2015-07-20,29.105,29.257,29.011,29.181,3509103
2015-07-21,29.371,29.408,29.201,29.201,3620507
2015-07-22,28.765,28.802,28.576,28.613,2777192
2015-07-23,28.443,28.499,28.31,28.347,5423505
2015-07-24,28.044,28.064,27.722,27.855,5957781
2015-07-27,27.382,27.476,27.212,27.306,7155997
2015-07-28,27.495,27.722,27.495,27.722,4237849
2015-07-29,27.476,27.855,27.419,27.837,8083645
2015-07-30,27.855,28.007,27.704,27.968,4233838
2015-07-31,27.95,28.007,27.704,27.874,7155734
2015-08-03,27.458,27.458,27.173,27.286,5253863
2015-08-04,27.419,27.515,27.173,27.249,3803102
2015-08-05,27.515,27.571,27.362,27.419,4331099
2015-08-06,27.003,27.04,26.833,26.926,5432869
2015-08-07,26.85,26.926,26.774,26.813,3594596
2015-08-10,27.059,27.476,27.003,27.419,4350625
2015-08-11,26.338,26.434,26.131,26.301,6635844
2015-08-12,25.885,25.998,25.789,25.942,12781359
2015-08-13,25.903,26.112,25.866,25.959,4369834
2015-08-14,26.035,26.055,25.942,26.055,2748483
2015-08-17,25.41,25.713,25.354,25.696,3968494
2015-08-18,25.203,25.297,25.031,25.107,7828064
2015-08-19,24.765,24.898,24.445,24.728,7447253
2015-08-20,24.558,24.635,24.463,24.539,5639822
2015-08-21,23.914,24.123,23.554,23.591,9588420
2015-08-24,22.038,23.535,21.659,22.72,17200008
2015-08-25,24.519,24.558,23.572,23.611,12662144
2015-08-26,24.123,24.519,23.82,24.425,10990077
2015-08-27,24.748,25.316,24.748,25.277,8192886
2015-08-28,25.164,25.277,25.107,25.221,5680510
2015-08-31,25.184,25.354,25.031,25.316,7453374
2015-09-01,24.635,24.842,24.445,24.576,6502084
2015-09-02,24.937,25.107,24.898,25.051,6405562
2015-09-03,25.184,25.467,25.107,25.184,3576126
2015-09-04,24.709,24.765,24.349,24.558,4043273
2015-09-08,25.164,25.334,25.088,25.334,3366088
2015-09-09,26.149,26.264,25.619,25.656,4853238
2015-09-10,25.676,25.942,25.506,25.828,4304552
2015-09-11,25.77,25.846,25.696,25.846,4242493
2015-09-14,25.77,25.828,25.696,25.789,2161697
2015-09-15,25.639,26.018,25.58,25.942,3733073
2015-09-16,26.225,26.454,26.225,26.358,3881788
2015-09-17,26.434,27.173,26.415,26.604,6587080
2015-09-18,26.264,26.434,26.075,26.112,4815610
2015-09-21,25.809,25.885,25.676,25.828,2848857
2015-09-22,25.164,25.316,25.107,25.26,2909071
2015-09-23,25.164,25.316,25.088,25.127,6247448
2015-09-24,24.635,24.765,24.369,24.709,5631306
2015-09-25,24.994,25.051,24.635,24.709,3527362
2015-09-28,24.502,24.502,24.046,24.14,5398179
2015-09-29,24.16,24.33,23.951,24.273,6936091
2015-09-30,24.898,24.994,24.709,24.937,5580136
2015-10-01,25.467,25.524,25.26,25.467,5930498
2015-10-02,25.107,25.752,25.014,25.752,6033827
2015-10-05,25.942,26.321,25.942,26.264,4958455
2015-10-06,26.035,26.207,25.959,26.055,3276848
2015-10-07,26.643,26.833,26.51,26.68,5480652
2015-10-08,26.415,26.756,26.395,26.68,6219536
2015-10-09,26.946,27.249,26.794,26.85,5554330
2015-10-12,26.87,26.907,26.756,26.794,2248035
2015-10-13,26.51,26.737,26.471,26.471,1981423
2015-10-14,26.528,26.774,26.491,26.661,2979629
2015-10-15,27.286,27.362,27.079,27.229,4048499
2015-10-16,27.022,27.325,27.022,27.249,4569951
2015-10-19,26.983,27.04,26.889,27.003,3186926
2015-10-20,26.983,27.079,26.946,27.059,1797615
2015-10-21,26.68,26.756,26.585,26.643,3088026
2015-10-22,26.833,27.212,26.833,27.096,3702095
2015-10-23,27.249,27.325,27.173,27.229,3665628
2015-10-26,27.268,27.306,27.136,27.192,2316006
2015-10-27,26.983,27.003,26.85,26.946,3172093
2015-10-28,26.737,26.964,26.415,26.643,6046335
2015-10-29,26.188,26.415,26.168,26.358,2959628
2015-10-30,26.454,26.491,26.282,26.338,3192569
2015-11-02,26.547,26.833,26.528,26.794,3421249
2015-11-03,27.04,27.438,26.983,27.268,5547221
2015-11-04,27.874,27.874,27.552,27.589,4805002
2015-11-05,27.476,27.665,27.343,27.532,3152937
2015-11-06,26.547,26.946,26.491,26.926,6791070
2015-11-09,26.415,26.51,26.207,26.301,6997902
2015-11-10,26.075,26.149,25.903,26.035,5191303
2015-11-11,25.733,25.942,25.733,25.846,5165813
2015-11-12,25.846,26.018,25.676,25.696,2946330
2015-11-13,25.354,25.486,25.203,25.316,3808485
2015-11-16,25.373,25.752,25.334,25.752,3517125
2015-11-17,25.846,25.998,25.752,25.789,5128450
2015-11-18,25.41,25.866,25.41,25.846,4107287
2015-11-19,26.149,26.245,26.075,26.168,4816085
2015-11-20,26.245,26.415,26.188,26.264,4411526
2015-11-23,26.264,26.282,26.112,26.112,2263232
2015-11-24,25.846,26.131,25.77,26.055,3176209
2015-11-25,25.959,25.998,25.846,25.922,2706053
2015-11-27,25.58,25.6,25.43,25.449,2900311
2015-11-30,25.391,25.676,25.334,25.639,6351627
2015-12-01,25.942,26.168,25.942,26.168,4876888
2015-12-02,25.828,25.959,25.733,25.789,5611791
2015-12-03,25.866,25.903,25.58,25.676,3249365
2015-12-04,25.524,26.075,25.524,25.998,7156419
2015-12-07,25.903,25.942,25.696,25.77,3915035
2015-12-08,25.127,25.41,25.07,25.391,5337195
2015-12-09,24.994,25.24,24.898,24.994,5474695
2015-12-10,24.955,25.145,24.918,24.955,3398649
2015-12-11,24.386,24.482,24.273,24.312,4554910
2015-12-14,24.502,24.615,24.33,24.576,4638950
2015-12-15,24.805,24.994,24.805,24.918,4547680
2015-12-16,25.127,25.449,25.031,25.297,5361021
2015-12-17,25.334,25.391,25.107,25.107,5469523
2015-12-18,25.07,25.127,24.918,25.031,4456541
2015-12-21,25.205,25.322,25.01,25.225,3336126
2015-12-22,25.244,25.459,25.146,25.42,3749787
2015-12-23,25.459,25.635,25.459,25.635,4480155
2015-12-24,25.518,25.615,25.498,25.537,667815
2015-12-28,25.557,25.567,25.4,25.537,2663751
2015-12-29,25.283,25.342,25.244,25.283,6009154
2015-12-30,25.068,25.166,24.912,24.912,1770477
2015-12-31,25.127,25.195,24.932,24.951,1858640
2016-01-04,24.091,24.248,23.984,24.189,5339851
2016-01-05,24.15,24.306,24.052,24.111,3697500
2016-01-06,23.681,23.72,23.466,23.564,5915970
2016-01-07,22.997,23.31,22.919,23.017,7572114
2016-01-08,23.212,23.251,22.86,22.9,7447933
2016-01-11,23.075,23.095,22.802,22.997,5512425
2016-01-12,23.075,23.134,22.841,22.958,6679431
2016-01-13,23.154,23.212,22.724,22.743,7384830
2016-01-14,22.88,23.251,22.724,23.173,10455505
2016-01-15,22.274,22.45,22.001,22.157,15847022
2016-01-19,23.154,23.193,22.685,22.86,8957035
2016-01-20,22.235,22.411,21.903,22.313,12231692
2016-01-21,22.392,22.743,22.255,22.509,7977379
2016-01-22,23.056,23.114,22.9,23.075,5626080
2016-01-25,23.114,23.193,22.9,22.9,5015134
2016-01-26,23.075,23.271,23.036,23.212,4908718
2016-01-27,23.232,23.408,22.987,23.056,5932104
2016-01-28,23.388,23.466,23.154,23.29,5800194
2016-01-29,23.857,24.15,23.857,24.091,6262517
2016-02-01,23.974,24.209,23.916,24.091,3207671
2016-02-02,23.935,23.974,23.749,23.798,5371494
2016-02-03,24.033,24.365,23.642,24.326,7359324
2016-02-04,24.404,24.834,24.404,24.59,6993645
2016-02-05,24.384,24.414,24.13,24.209,4944548
2016-02-08,23.876,24.082,23.662,23.955,6767747
2016-02-09,23.662,23.994,23.447,23.662,6844939
2016-02-10,23.896,24.209,23.662,23.681,6186887
2016-02-11,23.427,23.588,23.271,23.447,6709160
2016-02-12,23.583,23.72,23.447,23.72,4499037
2016-02-16,24.599,24.873,24.544,24.756,6640828
2016-02-17,24.814,25.049,24.736,24.971,4570412
2016-02-18,24.99,25.107,24.932,24.99,4163797
2016-02-19,24.814,24.932,24.736,24.736,4522072
2016-02-22,24.99,25.186,24.951,25.166,3352065
2016-02-23,24.951,24.99,24.795,24.795,2976309
2016-02-24,24.443,24.805,24.345,24.717,3182716
2016-02-25,25.029,25.186,24.951,25.127,3639616
2016-02-26,25.205,25.264,24.971,24.99,3085555
2016-02-29,25.107,25.303,25.049,25.088,4696659
2016-03-01,25.596,25.869,25.596,25.83,4761037
2016-03-02,25.654,25.889,25.615,25.85,4829711
2016-03-03,25.967,26.104,25.957,26.045,2930200
2016-03-04,26.221,26.612,26.221,26.495,5132133
2016-03-07,26.319,26.524,26.182,26.397,3592892
2016-03-08,26.123,26.221,26.026,26.084,3605145
2016-03-09,26.182,26.319,26.123,26.143,3402490
2016-03-10,26.202,26.289,25.938,26.221,3415128
2016-03-11,26.612,26.788,26.573,26.729,3539868
2016-03-14,26.671,26.768,26.631,26.69,2717259
2016-03-15,26.143,26.241,26.065,26.241,3549840
2016-03-16,26.299,27.022,26.299,26.925,5194280
2016-03-17,27.003,27.276,26.964,27.257,4782468
2016-03-18,27.315,27.511,27.315,27.374,3756913
2016-03-21,27.218,27.335,27.139,27.276,2907232
2016-03-22,27.022,27.218,26.973,27.081,3285108
2016-03-23,26.846,26.925,26.729,26.729,4354479
2016-03-24,26.671,26.768,26.594,26.749,2679169
2016-03-28,26.592,26.69,26.553,26.631,1431228
2016-03-29,26.475,26.866,26.407,26.807,3783748
2016-03-30,27.452,27.511,27.296,27.315,3595721
2016-03-31,27.159,27.198,27.012,27.081,3148121
2016-04-01,26.553,26.964,26.456,26.944,4771726
2016-04-04,26.944,26.983,26.671,26.69,2458811
2016-04-05,26.377,26.475,26.143,26.162,5896820
2016-04-06,25.713,26.241,25.713,26.221,5558472
2016-04-07,25.811,25.83,25.557,25.615,5598446
2016-04-08,26.084,26.153,25.869,25.948,4361024
2016-04-11,26.299,26.436,26.221,26.26,3536964
2016-04-12,26.221,26.436,26.084,26.377,4014310
2016-04-13,26.768,26.846,26.69,26.788,4927721
2016-04-14,26.592,26.612,26.495,26.573,3030033
2016-04-15,26.749,26.788,26.553,26.553,3798215
2016-04-18,26.592,26.788,26.514,26.749,2696107
2016-04-19,26.71,26.885,26.69,26.768,4224919
2016-04-20,26.28,26.456,26.202,26.397,2942959
2016-04-21,26.397,26.407,26.143,26.143,3602022
2016-04-22,26.162,26.299,26.131,26.143,2256880
2016-04-25,26.299,26.397,26.104,26.143,3274744
2016-04-26,26.456,26.465,26.338,26.417,5675272
2016-04-27,26.299,26.573,26.202,26.485,3911000
2016-04-28,25.948,26.104,25.791,25.801,4358303
2016-04-29,25.557,25.596,25.342,25.518,4433700
2016-05-02,25.557,25.694,25.44,25.664,4519609
2016-05-03,25.186,25.186,25.01,25.068,4905085
2016-05-04,24.892,24.951,24.697,24.717,4648291
2016-05-05,24.775,24.795,24.638,24.678,4135206
2016-05-06,24.58,24.765,24.56,24.638,2914186
2016-05-09,24.58,24.638,24.384,24.394,3989152
2016-05-10,24.56,24.756,24.56,24.697,2084872
2016-05-11,24.56,24.658,24.521,24.521,2924819
2016-05-12,24.502,24.599,24.326,24.424,2792538
2016-05-13,24.287,24.365,24.13,24.15,4574774
2016-05-16,24.365,24.521,24.365,24.482,2717481
2016-05-17,24.502,24.599,24.384,24.443,2488242
2016-05-18,24.365,24.726,24.365,24.599,6796789
2016-05-19,24.306,24.326,24.17,24.306,4388982
2016-05-20,24.56,24.756,24.56,24.697,3143541
2016-05-23,25.4,25.479,25.283,25.283,4272603
2016-05-24,25.244,25.44,25.244,25.42,2507386
2016-05-25,25.596,25.772,25.596,25.674,3320619
2016-05-26,25.83,25.928,25.762,25.85,3145210
2016-05-27,26.026,26.123,25.928,25.948,2771715
2016-05-31,26.084,26.202,26.026,26.065,4023919
2016-06-01,26.299,26.358,26.241,26.28,2964821
2016-06-02,26.26,26.417,26.241,26.358,2966334
2016-06-03,26.729,26.866,26.651,26.729,4351088
2016-06-06,26.768,26.964,26.768,26.846,4627218
2016-06-07,27.12,27.257,27.1,27.179,6873067
2016-06-08,27.374,27.472,27.276,27.374,3929008
2016-06-09,27.042,27.159,26.983,27.12,4015119
2016-06-10,26.631,26.729,26.475,26.592,3777557
2016-06-13,26.299,26.495,26.241,26.26,3209041
2016-06-14,26.514,26.544,26.338,26.397,4801406
2016-06-15,26.768,27.042,26.671,26.768,4155145
2016-06-16,26.26,26.573,26.123,26.563,4558090
2016-06-17,26.671,26.729,26.495,26.612,3162896
2016-06-20,27.022,27.188,27.022,27.1,3410993
2016-06-21,27.179,27.296,27.061,27.276,3173537
2016-06-22,27.276,27.393,27.12,27.159,4492251
2016-06-23,27.393,27.765,27.325,27.745,4775220
2016-06-24,26.358,26.856,26.104,26.202,9093053
2016-06-27,26.182,26.182,25.772,26.104,6232543
2016-06-28,26.612,26.749,26.524,26.729,3421771
2016-06-29,27.12,27.276,27.12,27.257,4633397
2016-06-30,27.413,27.511,27.237,27.472,4638331
2016-07-01,27.706,27.804,27.647,27.765,3312671
2016-07-05,27.315,27.413,27.198,27.237,3707528
2016-07-06,26.807,27.081,26.671,27.071,3440484
2016-07-07,27.276,27.335,27.1,27.198,3168518
2016-07-08,27.354,27.628,27.257,27.608,3495119
2016-07-11,27.941,28.116,27.941,27.999,2418307
2016-07-12,28.292,28.37,28.234,28.37,2095316
2016-07-13,28.292,28.341,28.182,28.312,3283222
2016-07-14,28.546,28.644,28.449,28.585,2840119
2016-07-15,28.859,28.888,28.683,28.781,2477642
2016-07-18,28.917,29.308,28.917,29.25,3226372
2016-07-19,29.074,29.084,28.937,28.996,2061243
2016-07-20,28.996,29.132,28.917,29.113,2103545
2016-07-21,29.171,29.328,29.084,29.171,4214986
2016-07-22,29.132,29.269,29.098,29.23,2500680
2016-07-25,28.878,28.937,28.771,28.82,1494554
2016-07-26,29.093,29.25,29.035,29.211,3206658
2016-07-27,29.289,29.328,29.015,29.211,3957477
2016-07-28,29.308,29.445,29.23,29.406,1835634
2016-07-29,29.25,29.425,29.142,29.367,3072250
2016-08-01,29.816,29.846,29.679,29.719,3676628
2016-08-02,29.64,29.679,29.308,29.523,4387398
2016-08-03,29.269,29.562,29.269,29.543,2577155
2016-08-04,29.523,29.719,29.504,29.621,1858356
2016-08-05,29.933,30.148,29.914,30.129,2529628
2016-08-08,30.207,30.266,30.148,30.187,1450042
2016-08-09,30.324,30.481,30.324,30.442,1816427
2016-08-10,30.696,30.774,30.539,30.637,2889995
2016-08-11,30.363,30.598,30.266,30.578,3725457
2016-08-12,30.285,30.383,30.217,30.324,2183151
2016-08-15,30.305,30.461,30.305,30.461,2553774
2016-08-16,30.246,30.246,30.09,30.187,2719999
2016-08-17,29.933,29.982,29.679,29.953,3675569
2016-08-18,30.031,30.187,29.982,30.168,1938794
2016-08-19,29.523,29.699,29.425,29.679,3869327
2016-08-22,29.269,29.279,29.132,29.25,2531921
2016-08-23,29.562,29.64,29.386,29.406,3769717
2016-08-24,29.425,29.562,29.347,29.543,4899602
2016-08-25,29.777,29.953,29.777,29.914,3524904
2016-08-26,29.894,30.187,29.504,29.719,5247490
2016-08-29,29.719,29.894,29.66,29.836,2316812
2016-08-30,29.758,29.806,29.601,29.699,2445297
2016-08-31,29.425,29.501,29.289,29.367,3303240
2016-09-01,29.289,29.484,29.191,29.465,2655065
2016-09-02,29.719,29.816,29.64,29.816,5042505
2016-09-06,30.461,30.676,30.344,30.637,8045040
2016-09-07,30.91,30.959,30.696,30.696,5388746
2016-09-08,30.676,30.735,30.5,30.559,3007973
2016-09-09,29.875,29.875,29.338,29.386,6070240
2016-09-12,29.035,29.621,29.015,29.504,5161101
2016-09-13,29.054,29.162,28.722,28.878,6668455
2016-09-14,29.035,29.298,28.976,29.093,5149262
2016-09-15,29.113,29.621,28.996,29.582,5915203
2016-09-16,29.406,29.484,29.132,29.367,3706898
2016-09-19,30.363,30.481,30.207,30.285,4572755
2016-09-20,30.481,30.481,30.285,30.305,2646883
2016-09-21,30.481,31.057,30.471,30.989,5597537
2016-09-22,30.891,31.047,30.774,30.891,2366801
2016-09-23,30.891,30.891,30.559,30.598,4278881
2016-09-26,30.324,30.383,30.187,30.207,2382768
2016-09-27,30.324,30.598,30.139,30.598,3001124
2016-09-28,30.617,30.832,30.422,30.832,3967785
2016-09-29,30.774,30.813,30.5,30.539,4491853
2016-09-30,30.481,30.715,30.451,30.676,1981550
2016-10-03,30.617,30.676,30.461,30.676,2667101
2016-10-04,30.793,30.852,30.383,30.442,3149414
2016-10-05,30.656,30.813,30.617,30.735,2596350
2016-10-06,30.481,30.813,30.442,30.774,2402148
2016-10-07,30.852,30.852,30.52,30.774,2671427
2016-10-10,30.832,31.243,30.832,31.047,3174395
2016-10-11,30.481,30.5,30.285,30.402,4419242
2016-10-12,30.559,30.832,30.539,30.735,3513563
2016-10-13,30.207,30.422,29.953,30.344,4389530
2016-10-14,30.383,30.461,30.148,30.207,3369948
2016-10-17,30.148,30.285,30.139,30.187,1759323
2016-10-18,30.617,30.754,30.539,30.715,2024877
2016-10-19,30.832,30.969,30.774,30.91,2616384
2016-10-20,30.813,30.989,30.754,30.813,2775876
2016-10-21,30.676,30.832,30.598,30.754,2205801
2016-10-24,30.95,30.979,30.832,30.95,1747677
2016-10-25,31.125,31.223,31.067,31.086,2507497
2016-10-26,30.91,31.077,30.881,30.93,2224835
2016-10-27,30.852,30.852,30.5,30.52,3447239
2016-10-28,30.656,30.754,30.461,30.578,3213090
2016-10-31,30.637,30.842,30.637,30.793,2914976
2016-11-01,30.715,30.754,30.266,30.461,4840206
2016-11-02,30.344,30.422,30.09,30.168,5734146
2016-11-03,30.148,30.207,29.992,30.09,2838201
2016-11-04,29.973,30.109,29.875,29.914,2342986
2016-11-07,30.578,30.92,30.529,30.92,5267491
2016-11-08,30.696,31.12,30.622,31.008,7247905
2016-11-09,30.09,30.266,29.797,29.943,10689594
2016-11-10,30.041,30.07,29.206,29.279,14329419
2016-11-11,28.839,29.186,28.61,29.064,9870097
2016-11-14,28.957,29.064,28.712,28.781,9133593
2016-11-15,29.113,29.406,29.074,29.367,5110463
2016-11-16,29.025,29.23,28.996,29.181,4982324
2016-11-17,29.347,29.494,29.269,29.347,4431814
2016-11-18,29.279,29.318,29.132,29.25,4651491
2016-11-21,29.465,29.611,29.455,29.562,2874519
2016-11-22,29.963,30.09,29.875,30.051,5404373
2016-11-23,29.748,29.914,29.748,29.797,6513652
2016-11-25,30.021,30.08,29.953,29.992,1543948
2016-11-28,30.109,30.197,30.041,30.06,3834958
2016-11-29,30.002,30.183,29.914,30.119,3696291
2016-11-30,30.168,30.168,29.992,30.031,8022721
2016-12-01,29.982,29.982,29.665,29.709,6251778
2016-12-02,29.719,29.855,29.692,29.797,3244902
2016-12-05,29.738,29.885,29.709,29.865,3672493
2016-12-06,30.08,30.217,30.051,30.187,7686221
2016-12-07,30.207,30.578,30.178,30.539,5696080
2016-12-08,30.686,30.823,30.603,30.803,3638498
2016-12-09,30.725,30.754,30.637,30.637,2582963
2016-12-12,30.529,30.593,30.422,30.471,2909103
2016-12-13,30.627,30.881,30.627,30.764,3102919
2016-12-14,30.52,30.598,29.933,29.943,6827463
2016-12-15,30.285,30.398,30.158,30.305,6993297
2016-12-16,30.06,30.1,29.831,29.924,3260637
2016-12-19,29.904,29.914,29.66,29.66,4714088
2016-12-20,29.699,29.787,29.689,29.689,5012181
2016-12-21,29.68,29.68,29.53,29.54,2504575
2016-12-22,29.06,29.095,28.92,29.06,2755105
2016-12-23,29.0,29.16,28.98,29.16,2215419
2016-12-27,29.14,29.255,29.14,29.23,1751858
2016-12-28,29.44,29.45,29.25,29.26,2797885
2016-12-29,29.38,29.58,29.34,29.56,3522967
2016-12-30,29.5,29.51,29.285,29.37,3366904
2017-01-03,29.68,29.88,29.62,29.74,3964702
2017-01-04,29.85,29.925,29.75,29.8,4464594
2017-01-05,30.24,30.38,30.21,30.35,3987280
2017-01-06,30.24,30.35,30.165,30.27,2503106
2017-01-09,30.15,30.33,30.125,30.28,4078770
2017-01-10,30.35,30.56,30.34,30.42,2356745
2017-01-11,30.37,30.605,30.29,30.59,4965527
2017-01-12,30.91,30.915,30.69,30.8,9279352
2017-01-13,30.66,30.79,30.66,30.79,2911096
2017-01-17,30.83,30.87,30.68,30.71,3531962
2017-01-18,30.57,30.57,30.32,30.37,2808014
2017-01-19,30.41,30.45,30.21,30.32,3830899
2017-01-20,30.53,30.64,30.41,30.64,3486880
2017-01-23,30.95,31.07,30.9,31.06,2789521
2017-01-24,31.18,31.37,31.18,31.3,3430282
2017-01-25,31.56,31.64,31.5,31.62,4535203
2017-01-26,31.67,31.72,31.525,31.55,4143768
2017-01-27,31.54,31.62,31.44,31.56,3638994
2017-01-30,31.44,31.49,31.315,31.44,3136108
2017-01-31,31.62,31.76,31.445,31.52,4711211
2017-02-01,31.63,31.69,31.49,31.54,6048379
2017-02-02,31.25,31.42,31.24,31.36,4921573
2017-02-03,31.59,31.77,31.56,31.69,3797696
2017-02-06,31.71,31.76,31.67,31.69,2746530
2017-02-07,31.66,31.68,31.54,31.58,2256116
2017-02-08,31.6,31.69,31.56,31.62,3049344
2017-02-09,31.89,31.92,31.76,31.78,4025576
2017-02-10,32.14,32.29,32.065,32.28,3205398
2017-02-13,32.32,32.5,32.32,32.49,3681974
2017-02-14,32.57,32.625,32.39,32.6,4378120
2017-02-15,32.78,33.045,32.75,33.04,3371376
2017-02-16,32.7,32.81,32.66,32.77,4558696
2017-02-17,32.45,32.635,32.45,32.62,5133408
2017-02-21,32.67,32.79,32.65,32.76,3659498
2017-02-22,32.66,32.76,32.59,32.75,3343744
2017-02-23,32.8,32.82,32.67,32.68,4536744
2017-02-24,32.51,32.62,32.47,32.59,4377248
2017-02-27,32.55,32.595,32.46,32.5,3058271
2017-02-28,32.54,32.54,32.32,32.39,3750259
2017-03-01,32.34,32.57,32.315,32.56,4052528
2017-03-02,32.15,32.17,31.945,31.95,3711906
2017-03-03,31.93,32.01,31.8,32.01,3399400
2017-03-06,32.01,32.09,31.97,32.07,2849299
2017-03-07,32.19,32.29,32.17,32.26,3643869
2017-03-08,32.25,32.31,32.16,32.17,2923725
2017-03-09,31.78,31.845,31.63,31.78,3018400
2017-03-10,31.82,32.02,31.805,32.02,3724592
2017-03-13,32.22,32.33,32.16,32.31,5990592
2017-03-14,32.29,32.355,32.21,32.22,2971151
2017-03-15,32.41,33.16,32.35,33.15,7591117
2017-03-16,33.32,33.37,33.23,33.3,4171574
2017-03-17,33.27,33.35,33.26,33.29,3900042
2017-03-20,33.43,33.77,33.43,33.74,7942194
2017-03-21,33.86,33.92,33.43,33.45,7661518
2017-03-22,33.52,33.7099,33.455,33.66,4049329
2017-03-23,33.46,33.655,33.42,33.54,3958367
2017-03-24,33.64,33.76,33.6,33.67,3686332
2017-03-27,33.73,33.9,33.67,33.84,4391197
2017-03-28,33.81,33.89,33.725,33.84,4543720
2017-03-29,33.6,33.68,33.54,33.68,4325273
2017-03-30,33.39,33.555,33.39,33.49,3226079
2017-03-31,33.23,33.36,33.19,33.23,4303305
2017-04-03,33.34,33.51,33.24,33.49,8912431
2017-04-04,33.27,33.45,33.27,33.36,3156978
2017-04-05,33.79,33.9,33.6,33.6,5618148
2017-04-06,33.41,33.43,33.305,33.41,3284708
2017-04-07,33.21,33.359,33.195,33.24,3110144
2017-04-10,33.15,33.16,33.025,33.12,3472611
2017-04-11,33.07,33.14,32.845,33.03,4317363
2017-04-12,33.25,33.32,33.0,33.27,5501698
2017-04-13,33.39,33.47,33.18,33.18,3890418
2017-04-17,33.21,33.27,33.13,33.22,4119747
2017-04-18,32.9,32.94,32.75,32.86,3534567
2017-04-19,32.72,32.74,32.44,32.52,6017716
2017-04-20,32.65,32.78,32.61,32.77,2910805
2017-04-21,32.93,32.975,32.85,32.96,2819120
2017-04-24,33.28,33.39,33.26,33.37,3552531
2017-04-25,33.72,33.85,33.72,33.74,3461544
2017-04-26,33.76,33.825,33.685,33.73,4747539
2017-04-27,33.65,33.7,33.56,33.57,5966230
2017-04-28,33.74,33.77,33.67,33.76,3458163
2017-05-01,33.88,33.985,33.85,33.88,2596518
2017-05-02,34.22,34.39,34.22,34.36,4028631
2017-05-03,34.29,34.3653,34.22,34.29,3694132
2017-05-04,34.26,34.27,34.11,34.11,5854168
2017-05-05,33.94,34.2,33.94,34.2,2883661
2017-05-08,34.15,34.19,34.07,34.07,2694767
2017-05-09,34.21,34.38,34.19,34.3,3909168
2017-05-10,34.28,34.34,34.23,34.33,2023659
2017-05-11,34.38,34.48,34.27,34.43,2706913
2017-05-12,34.4,34.48,34.395,34.44,1783826
2017-05-15,34.63,34.725,34.615,34.71,2761807
2017-05-16,34.56,34.58,34.49,34.55,3576613
2017-05-17,34.35,34.37,34.03,34.03,6633574
2017-05-18,33.96,34.19,33.9,34.09,5994107
2017-05-19,34.3,34.59,34.3,34.52,5207221
2017-05-22,34.47,34.59,34.47,34.57,2285843
2017-05-23,34.51,34.51,34.42,34.47,1913286
2017-05-24,34.54,34.64,34.48,34.63,3069526
2017-05-25,34.88,34.9,34.82,34.83,3862889
2017-05-26,34.82,34.82,34.67,34.71,2452855
2017-05-30,34.7,34.75,34.67,34.7,2928457
2017-05-31,34.51,34.52,34.3,34.38,3286598
2017-06-01,34.58,34.76,34.49,34.74,2582209
2017-06-02,34.81,34.97,34.81,34.95,1991641
2017-06-05,35.17,35.22,35.1,35.16,1933071
2017-06-06,35.03,35.15,35.03,35.12,2623150
2017-06-07,35.01,35.12,34.96,35.08,2793481
2017-06-08,35.21,35.26,35.145,35.24,4264717
2017-06-09,35.13,35.17,34.57,34.78,6082865
2017-06-12,34.57,34.61,34.43,34.54,6750784
2017-06-13,34.7,34.75,34.63,34.72,3601820
2017-06-14,34.76,34.79,34.44,34.57,4161026
2017-06-15,34.22,34.38,34.13,34.37,8731222
2017-06-16,34.61,34.62,34.48,34.53,4281596
2017-06-19,34.94,35.06,34.91,35.06,3935044
2017-06-20,35.22,35.28,35.05,35.05,4444341
2017-06-21,35.35,35.49,35.325,35.35,4733306
2017-06-22,35.49,35.53,35.41,35.45,3915964
2017-06-23,35.54,35.66,35.5,35.59,2780261
2017-06-26,36.42,36.59,36.25,36.31,5196301
2017-06-27,36.1,36.16,35.9,35.91,3759895
2017-06-28,35.79,36.03,35.756,36.0,4151113
2017-06-29,35.82,35.84,35.4,35.61,5986277
2017-06-30,35.77,35.87,35.73,35.76,3624053
2017-07-03,35.84,35.94,35.74,35.82,1715986
2017-07-05,35.72,35.94,35.64,35.92,4583346
2017-07-06,35.46,35.5,35.325,35.37,4268349
2017-07-07,35.41,35.475,35.3,35.43,2709354
2017-07-10,35.35,35.615,35.34,35.59,2613981
2017-07-11,36.01,36.12,35.89,36.08,2481209
2017-07-12,36.36,36.54,36.3,36.47,3404422
2017-07-13,36.4,36.57,36.4,36.55,3674447
2017-07-14,36.59,36.79,36.59,36.77,2862654
2017-07-17,36.57,36.61,36.44,36.51,2032653
2017-07-18,36.6,36.7,36.53,36.64,2468678
2017-07-19,36.85,36.9,36.805,36.89,1802600
2017-07-20,36.79,36.81,36.62,36.62,8293219
2017-07-21,36.35,36.4,36.3,36.39,2355706
2017-07-24,36.71,36.79,36.61,36.7,2280217
2017-07-25,36.75,36.805,36.68,36.7,1624675
2017-07-26,36.58,36.8,36.52,36.78,3142398
2017-07-27,37.1,37.16,36.705,36.86,6435091
2017-07-28,36.55,36.67,36.55,36.66,4952772
2017-07-31,36.69,36.69,36.55,36.6,4394083
2017-08-01,36.69,36.77,36.665,36.75,2085844
2017-08-02,37.06,37.11,36.85,37.02,4656267
2017-08-03,36.92,36.95,36.825,36.91,2664787
2017-08-04,37.07,37.13,36.95,37.1,1492315
2017-08-07,37.28,37.445,37.28,37.42,1754390
2017-08-08,37.37,37.485,37.29,37.36,3247881
2017-08-09,36.86,36.99,36.82,36.98,1992923
2017-08-10,36.29,36.34,35.955,35.96,4292251
2017-08-11,36.28,36.44,36.21,36.36,3435921
2017-08-14,36.25,36.41,36.25,36.38,2186286
2017-08-15,36.27,36.34,36.22,36.25,3206457
2017-08-16,36.35,36.465,36.33,36.43,2787887
2017-08-17,36.38,36.505,36.08,36.1,2461859
2017-08-18,36.26,36.435,36.12,36.26,2364391
2017-08-21,36.33,36.41,36.235,36.38,1829539
2017-08-22,36.69,36.875,36.69,36.81,1902744
2017-08-23,36.65,36.82,36.64,36.79,1930000
2017-08-24,37.17,37.24,37.04,37.14,2265022
2017-08-25,37.31,37.49,37.3,37.33,2572771
2017-08-28,37.38,37.385,37.26,37.3,2927263
2017-08-29,37.03,37.24,37.0078,37.22,2033732
2017-08-30,37.3,37.445,37.26,37.43,2360967
2017-08-31,37.38,37.56,37.38,37.48,2760000
2017-09-01,37.64,37.735,37.625,37.68,2252831
2017-09-05,37.52,37.58,37.22,37.42,4049219
2017-09-06,37.35,37.42,37.31,37.41,2673885
2017-09-07,37.4,37.53,37.39,37.51,2053538
2017-09-08,37.53,37.57,37.43,37.44,2642834
2017-09-11,37.45,37.7,37.45,37.69,2760833
2017-09-12,37.61,37.66,37.52,37.57,2096961
2017-09-13,37.06,37.11,37.0,37.04,2182457
2017-09-14,37.08,37.17,37.02,37.13,2040985
2017-09-15,37.34,37.41,37.255,37.38,2469896
2017-09-18,37.46,37.52,37.385,37.42,2934327
2017-09-19,37.19,37.27,37.14,37.26,2625713
2017-09-20,37.0,37.03,36.51,36.74,4690653
2017-09-21,37.12,37.165,37.0,37.08,3011724
2017-09-22,36.56,36.62,36.471,36.53,4886892
2017-09-25,36.09,36.138,35.85,35.93,4731400
2017-09-26,35.91,36.07,35.905,35.97,4948853
2017-09-27,35.93,36.04,35.835,35.97,4119237
2017-09-28,35.74,35.88,35.72,35.81,4220617
2017-09-29,35.95,36.12,35.93,36.1,3890439
2017-10-02,36.23,36.34,36.21,36.29,3731441
2017-10-03,36.27,36.38,36.27,36.35,2186351
2017-10-04,36.22,36.3,36.21,36.28,1556983
2017-10-05,36.57,36.71,36.54,36.64,2545229
2017-10-06,36.55,36.6,36.435,36.55,1982805
2017-10-09,36.58,36.6375,36.52,36.62,1376606
2017-10-10,36.75,36.865,36.75,36.86,2689495
2017-10-11,37.24,37.41,37.19,37.38,4035314
2017-10-12,37.55,37.62,37.48,37.52,2407265
2017-10-13,37.78,37.87,37.77,37.82,3202980
2017-10-16,37.92,37.93,37.84,37.85,2029661
2017-10-17,37.68,37.79,37.63,37.76,2419335
2017-10-18,37.8,37.89,37.705,37.74,2153488
2017-10-19,37.6,37.77,37.53,37.77,4201319
2017-10-20,37.73,37.8,37.66,37.8,3490627
2017-10-23,37.68,37.71,37.53,37.57,1821083
2017-10-24,37.68,37.695,37.57,37.6,1994866
2017-10-25,37.68,37.73,37.37,37.54,3152134
2017-10-26,37.67,37.71,37.54,37.55,1971135
2017-10-27,37.68,37.97,37.64,37.93,3642227
2017-10-30,37.93,38.03,37.87,37.9,2738032
2017-10-31,38.04,38.115,38.04,38.1,1790789
2017-11-01,38.23,38.255,37.97,38.03,5600249
2017-11-02,37.97,37.99,37.85,37.94,2671512
2017-11-03,37.91,37.96,37.74,37.91,3649216
2017-11-06,37.9,38.01,37.9,37.99,2795162
2017-11-07,38.08,38.09,37.9,37.9,3673278
2017-11-08,37.95,37.98,37.89,37.97,2879472
2017-11-09,37.58,37.615,37.4,37.6,4323260
2017-11-10,37.61,37.64,37.49,37.56,3845519
