Date,Open,High,Low,Close,Volume
2005-02-25,31.502,32.012,31.177,31.66,433023
2005-02-28,32.012,32.142,31.743,31.855,627334
2005-03-01,32.058,32.291,31.883,32.124,840721
2005-03-02,31.706,31.864,31.391,31.539,799123
2005-03-03,31.733,31.91,31.65,31.78,331074
2005-03-04,31.595,32.049,31.595,32.012,252508
2005-03-07,31.78,31.92,31.65,31.696,368793
2005-03-08,31.595,31.678,31.317,31.409,534974
2005-03-09,31.455,31.688,31.177,31.353,640483
2005-03-10,31.4,31.409,30.944,31.131,379570
2005-03-11,31.873,32.022,31.586,31.688,808930
2005-03-14,31.743,32.004,31.696,31.696,360709
2005-03-15,31.121,31.121,30.462,30.657,960887
2005-03-16,30.667,30.76,30.157,30.388,889003
2005-03-17,30.417,30.713,30.111,30.536,684994
2005-03-18,30.574,30.713,30.352,30.574,482491
2005-03-21,30.62,30.713,30.166,30.269,214141
2005-03-22,30.528,30.612,29.897,29.98,540903
2005-03-23,30.073,30.092,29.749,29.877,1204234
2005-03-24,29.71,29.832,29.469,29.562,486263
2005-03-28,30.202,30.202,29.841,29.925,870358
2005-03-29,28.858,29.552,28.858,29.135,1104330
2005-03-30,29.777,29.777,28.839,29.359,1214040
2005-03-31,29.117,29.832,29.117,29.516,743836
2005-04-01,29.702,30.629,29.702,29.877,865402
2005-04-04,29.693,30.388,29.693,30.175,311566
2005-04-05,30.018,30.435,30.018,30.343,179762
2005-04-06,29.925,30.76,29.803,30.574,392610
2005-04-07,30.064,30.899,30.064,30.899,515578
2005-04-08,30.435,30.899,30.435,30.62,240436
2005-04-11,30.249,30.76,30.249,30.285,345729
2005-04-12,30.388,30.612,29.887,30.528,732627
2005-04-13,30.703,30.703,29.98,30.166,353812
2005-04-14,29.693,29.693,28.951,28.996,793087
2005-04-15,28.996,29.228,28.412,28.617,455547
2005-04-18,28.375,28.57,28.162,28.44,886956
2005-04-19,28.765,29.034,28.653,28.951,458674
2005-04-20,29.228,29.228,28.523,28.551,405865
2005-04-21,29.09,29.443,28.996,29.349,486694
2005-04-22,29.257,29.266,28.765,28.903,347669
2005-04-25,29.368,29.684,29.368,29.552,225027
2005-04-26,29.552,29.552,29.154,29.276,358554
2005-04-27,28.227,28.951,28.227,28.719,1944836
2005-04-28,28.486,28.486,27.986,28.199,517732
2005-04-29,28.394,28.719,28.162,28.617,323636
2005-05-02,28.347,28.662,28.301,28.403,231171
2005-05-03,28.319,28.338,28.162,28.236,316416
2005-05-04,28.849,29.582,28.765,29.507,732521
2005-05-05,28.82,29.925,28.82,29.368,174159
2005-05-06,29.451,29.6,29.321,29.415,156052
2005-05-09,29.182,29.405,29.144,29.405,433347
2005-05-10,29.015,29.164,28.82,28.903,578190
2005-05-11,28.719,28.996,28.542,28.951,362217
2005-05-12,29.636,29.636,28.449,28.449,228043
2005-05-13,28.719,28.886,28.478,28.561,223519
2005-05-16,28.719,28.903,28.588,28.903,169955
2005-05-17,28.858,28.951,28.682,28.931,168445
2005-05-18,29.09,29.562,29.053,29.507,321695
2005-05-19,29.6,29.906,29.59,29.851,552327
2005-05-20,29.832,29.915,29.61,29.767,189138
2005-05-23,29.739,29.961,29.61,29.832,110465
2005-05-24,29.043,30.008,29.043,29.961,538425
2005-05-25,29.646,29.646,29.294,29.461,180301
2005-05-26,29.395,29.803,29.395,29.786,258865
2005-05-27,30.472,30.472,29.877,29.961,140642
2005-05-31,29.925,30.018,29.72,29.832,127817
2005-06-01,29.887,30.157,29.739,30.102,305855
2005-06-02,29.925,30.064,29.823,29.998,307794
2005-06-03,30.028,30.285,29.934,30.018,131588
2005-06-06,30.111,30.285,30.028,30.285,183103
2005-06-07,29.97,30.269,29.97,29.998,198513
2005-06-08,30.157,30.295,30.044,30.157,123398
2005-06-09,30.343,30.51,30.211,30.435,306392
2005-06-10,30.528,30.584,30.305,30.5,226535
2005-06-13,30.612,30.686,30.388,30.407,171572
2005-06-14,30.407,30.435,30.202,30.407,70051
2005-06-15,30.713,30.899,30.5,30.87,443154
2005-06-16,30.899,31.037,30.62,30.899,299174
2005-06-17,30.992,31.075,30.899,31.01,277942
2005-06-20,30.574,30.574,30.295,30.482,270613
2005-06-21,30.388,30.518,30.343,30.426,180516
2005-06-22,30.713,30.713,30.555,30.686,302297
2005-06-23,30.944,30.973,30.528,30.62,348100
2005-06-24,30.482,30.518,30.249,30.324,196359
2005-06-27,30.157,30.202,29.99,30.064,144197
2005-06-28,30.018,30.231,29.861,30.157,449405
2005-06-29,29.877,30.064,29.786,29.925,159394
2005-06-30,29.961,30.064,29.619,29.693,320403
2005-07-01,29.97,30.064,29.925,30.064,370947
2005-07-05,29.461,29.934,29.461,29.777,305316
2005-07-06,29.562,29.813,29.516,29.516,422245
2005-07-07,29.276,29.684,29.276,29.684,235263
2005-07-08,29.786,30.073,29.702,30.018,306717
2005-07-11,30.806,31.037,30.629,31.001,187954
2005-07-12,31.066,31.372,31.028,31.308,353381
2005-07-13,31.195,31.372,31.195,31.27,512128
2005-07-14,31.827,32.476,31.743,32.058,510187
2005-07-15,31.595,31.864,31.512,31.688,337108
2005-07-18,31.688,31.78,31.613,31.688,161009
2005-07-19,31.827,32.291,31.827,32.291,480658
2005-07-20,31.966,32.299,31.891,32.124,222439
2005-07-21,32.198,32.745,32.198,32.662,150340
2005-07-22,32.476,32.671,32.392,32.597,185367
2005-07-25,32.755,33.023,32.707,32.736,410607
2005-07-26,32.745,32.848,32.532,32.707,250352
2005-07-27,33.395,33.395,31.512,32.801,432916
2005-07-28,33.265,33.46,33.115,33.432,381293
2005-07-29,33.543,33.636,33.33,33.395,312861
2005-08-01,33.655,33.914,33.646,33.841,216081
2005-08-02,34.155,34.314,33.998,34.295,237311
2005-08-03,34.147,34.286,34.054,34.1,283115
2005-08-04,34.1,34.1,33.729,33.729,678634
2005-08-05,33.079,33.691,32.208,32.707,620331
2005-08-08,32.235,33.46,32.235,33.032,325468
2005-08-09,32.782,33.906,32.782,33.804,652123
2005-08-10,34.249,34.276,33.774,33.868,401663
2005-08-11,34.379,34.843,34.35,34.61,411685
2005-08-12,34.75,34.768,34.369,34.63,330103
2005-08-15,34.147,34.704,33.507,34.517,331504
2005-08-16,33.868,34.081,33.59,33.59,605781
2005-08-17,33.784,34.091,32.866,33.961,340340
2005-08-18,33.079,33.228,32.782,32.904,452531
2005-08-19,32.782,32.932,32.707,32.874,369438
2005-08-22,33.784,34.128,33.729,33.85,300250
2005-08-23,33.774,33.822,33.404,33.497,365344
2005-08-24,33.218,33.218,32.383,32.43,688225
2005-08-25,32.755,33.032,32.727,32.977,460937
2005-08-26,32.987,32.987,32.17,32.208,775519
2005-08-29,31.92,32.245,31.827,32.208,555667
2005-08-30,32.707,32.707,31.808,31.873,566553
2005-08-31,32.17,32.616,32.068,32.569,606319
2005-09-01,33.125,33.386,32.848,33.321,744267
2005-09-02,33.135,34.054,33.079,33.961,660313
2005-09-06,34.22,34.471,34.025,34.471,381832
2005-09-07,34.704,35.018,34.61,34.982,586813
2005-09-08,34.564,34.972,34.564,34.704,512775
2005-09-09,34.935,35.492,34.888,35.353,361680
2005-09-12,35.817,35.817,35.213,35.213,408775
2005-09-13,35.167,35.399,34.982,34.991,288825
2005-09-14,35.492,35.557,35.279,35.418,352843
2005-09-15,35.705,35.808,35.501,35.77,613864
2005-09-16,35.817,35.993,35.724,35.929,221039
2005-09-19,36.196,36.744,35.946,36.42,1085469
2005-09-20,36.42,36.605,35.919,36.003,657512
2005-09-21,36.28,36.559,36.196,36.29,652338
2005-09-22,36.642,36.698,36.299,36.578,872622
2005-09-23,35.631,35.862,35.446,35.817,607505
2005-09-26,36.698,36.744,36.003,36.42,590154
2005-09-27,36.003,36.467,36.003,36.373,367823
2005-09-28,36.902,36.929,36.652,36.828,580023
2005-09-29,36.744,37.106,36.744,36.838,681866
2005-09-30,36.328,37.079,35.862,36.605,431084
2005-10-03,36.605,36.605,36.142,36.345,567199
2005-10-04,36.929,37.497,36.652,36.726,466649
2005-10-05,36.512,36.559,35.91,35.91,1371925
2005-10-06,35.306,35.409,34.573,34.721,1522588
2005-10-07,35.575,35.687,35.306,35.595,812055
2005-10-10,36.261,36.354,35.734,35.853,524844
2005-10-11,36.744,36.744,36.429,36.54,576897
2005-10-12,35.537,35.724,34.796,35.167,993865
2005-10-13,34.982,34.982,33.032,34.546,1059174
2005-10-14,34.379,34.888,33.71,34.843,696417
2005-10-17,34.118,34.796,34.118,34.36,433455
2005-10-18,34.416,34.463,33.774,33.831,217696
2005-10-19,33.218,34.035,32.782,33.831,885447
2005-10-20,33.636,33.683,33.041,33.125,774874
2005-10-21,34.165,34.517,34.054,34.258,837274
2005-10-24,34.286,34.75,34.165,34.712,301113
2005-10-25,34.332,34.396,33.831,34.091,461906
2005-10-26,34.147,34.796,34.147,34.508,1015742
2005-10-27,34.35,34.379,33.774,33.822,647165
2005-10-28,33.312,33.961,33.274,33.914,748039
2005-10-31,34.147,34.61,34.054,34.564,483138
2005-11-01,35.167,35.26,34.972,35.213,1534012
2005-11-02,35.724,36.512,35.604,36.345,1895800
2005-11-03,36.234,36.791,36.178,36.411,589939
2005-11-04,36.142,36.383,35.64,35.817,1036649
2005-11-07,35.955,36.02,35.595,35.846,504045
2005-11-08,35.537,36.476,35.537,35.826,300897
2005-11-09,36.206,36.42,35.965,36.234,442723
2005-11-10,36.42,36.596,36.049,36.512,458458
2005-11-11,37.116,37.413,36.977,37.31,556420
2005-11-14,37.58,37.654,37.31,37.45,1982124
2005-11-15,37.477,37.487,36.921,37.005,655248
2005-11-16,36.958,37.626,36.958,37.394,342172
2005-11-17,37.673,37.959,37.534,37.802,562888
2005-11-18,37.756,37.997,37.673,37.868,486155
2005-11-21,38.034,38.034,36.929,37.468,624534
2005-11-22,36.652,36.736,35.91,36.688,912712
2005-11-23,37.839,38.21,37.635,38.043,710749
2005-11-25,37.997,38.043,37.83,37.932,285700
2005-11-28,38.043,38.043,37.534,37.58,639083
2005-11-29,37.765,37.821,37.347,37.561,535945
2005-11-30,37.942,38.322,37.673,37.849,553403
2005-12-01,38.146,38.917,37.989,38.833,1600184
2005-12-02,38.692,39.194,38.489,38.535,465032
2005-12-05,38.785,38.814,38.424,38.618,582610
2005-12-06,39.426,39.473,39.064,39.342,649105
2005-12-07,39.621,39.621,39.11,39.158,641884
2005-12-08,39.25,39.482,39.092,39.158,613432
2005-12-09,39.11,39.435,39.018,39.334,504045
2005-12-12,39.759,39.853,39.621,39.759,575606
2005-12-13,39.899,40.28,39.899,40.197,673784
2005-12-14,40.132,40.271,40.039,40.197,346160
2005-12-15,40.132,40.317,40.084,40.084,536593
2005-12-16,39.566,39.918,39.566,39.715,946769
2005-12-19,40.039,40.317,39.853,39.891,514390
2005-12-20,40.084,40.317,40.084,40.187,794057
2005-12-21,40.689,41.152,40.689,41.013,1369769
2005-12-22,40.827,41.013,40.781,40.957,653846
2005-12-23,41.06,41.291,41.013,41.207,546507
2005-12-27,41.375,41.662,41.105,41.281,663654
2005-12-28,41.338,41.635,41.329,41.514,474946
2005-12-29,41.709,41.904,41.532,41.616,731658
2005-12-30,41.561,41.755,41.227,41.522,745345
2006-01-03,42.265,43.24,42.265,43.064,1518493
2006-01-04,43.007,43.24,43.007,43.194,1335175
2006-01-05,43.453,43.453,42.914,43.037,1173086
2006-01-06,43.843,44.028,43.472,43.907,1404579
2006-01-09,44.075,44.131,43.927,44.047,1016927
2006-01-10,43.853,43.87,43.165,43.212,944290
2006-01-11,42.914,43.332,42.85,43.332,1665600
2006-01-12,43.472,43.565,42.887,43.017,1329679
2006-01-13,43.519,43.519,43.147,43.323,411685
2006-01-17,42.452,42.637,42.079,42.107,1332588
2006-01-18,40.735,41.384,40.307,41.375,3333680
2006-01-19,41.542,42.33,41.542,42.294,2105738
2006-01-20,41.078,41.105,40.317,40.317,1811953
2006-01-23,40.819,41.152,40.669,41.031,1355975
2006-01-24,41.996,42.497,41.996,42.339,1351017
2006-01-25,43.165,43.212,42.869,42.98,1059174
2006-01-26,43.138,43.89,43.138,43.777,1361795
2006-01-27,44.4,44.677,44.177,44.576,1504591
2006-01-30,44.585,44.725,43.733,44.409,703853
2006-01-31,44.77,45.011,44.651,44.734,1217596
2006-02-01,42.98,44.419,42.98,44.075,2398443
2006-02-02,43.777,44.047,43.194,43.268,1818743
2006-02-03,42.079,42.627,42.024,42.358,1482929
2006-02-06,43.147,43.445,42.971,43.388,877365
2006-02-07,42.683,42.711,41.96,42.072,1398113
2006-02-08,41.847,42.378,41.681,42.275,1769923
2006-02-09,42.33,42.729,42.089,42.303,1075770
2006-02-10,42.924,42.924,41.755,42.729,1097972
2006-02-13,41.597,41.755,40.735,41.198,1659350
2006-02-14,41.719,42.711,41.719,42.646,1066502
2006-02-15,41.468,41.597,41.124,41.588,2026311
2006-02-16,41.755,42.358,41.709,42.265,1748693
2006-02-17,42.173,42.599,42.173,42.432,723035
2006-02-21,43.007,43.231,42.776,42.878,1158753
2006-02-22,42.766,42.813,42.358,42.766,999790
2006-02-23,43.194,43.332,43.007,43.24,594141
2006-02-24,43.611,43.824,43.528,43.713,518486
2006-02-27,43.824,44.168,43.797,44.149,579701
2006-02-28,44.103,44.103,41.597,43.064,1396173
2006-03-01,43.24,43.843,43.24,43.833,753211
2006-03-02,43.611,43.686,43.212,43.482,821754
2006-03-03,42.014,42.619,41.904,42.265,1444993
2006-03-06,42.497,42.637,41.719,41.847,1037619
2006-03-07,41.31,41.31,39.909,40.224,3305014
2006-03-08,40.595,41.003,40.084,40.957,1772833
2006-03-09,41.031,41.681,40.494,40.595,1802794
2006-03-10,41.143,41.727,41.114,41.486,601146
2006-03-13,41.931,42.219,41.811,41.895,914869
2006-03-14,41.597,42.545,41.439,42.396,1075554
2006-03-15,42.219,42.488,42.034,42.432,885663
2006-03-16,42.219,42.358,41.969,42.034,974897
2006-03-17,42.181,42.609,42.155,42.59,739418
2006-03-20,42.683,43.184,42.673,43.101,1042145
2006-03-21,41.802,42.786,41.755,42.173,1182571
2006-03-22,41.43,41.876,41.152,41.876,677017
2006-03-23,41.755,41.847,41.403,41.468,1207142
2006-03-24,41.681,41.838,41.561,41.709,679927
2006-03-27,42.127,42.396,41.969,42.303,854840
2006-03-28,42.497,42.497,41.764,41.773,1013155
2006-03-29,42.246,42.535,42.079,42.535,1020915
2006-03-30,42.442,42.878,42.405,42.461,1361578
2006-03-31,43.351,43.379,43.147,43.286,795028
2006-04-03,44.075,44.651,44.028,44.205,1980831
2006-04-04,44.957,45.124,44.493,44.957,1659566
2006-04-05,45.011,45.597,45.011,45.578,1040529
2006-04-06,45.884,45.911,45.244,45.551,1022962
2006-04-07,45.838,45.874,45.049,45.234,806558
2006-04-10,45.16,45.439,45.049,45.208,717755
2006-04-11,45.003,45.003,44.075,44.094,1316208
2006-04-12,44.4,44.4,43.824,43.991,983195
2006-04-13,44.864,44.909,44.549,44.844,818521
2006-04-17,45.921,45.921,45.513,45.661,1404471
2006-04-18,45.838,46.757,45.838,46.673,1183649
2006-04-19,46.849,46.858,46.506,46.757,647596
2006-04-20,46.395,46.804,46.256,46.617,803432
2006-04-21,47.138,47.229,46.664,46.932,641992
2006-04-24,46.858,46.858,46.209,46.497,716785
2006-04-25,46.395,46.645,45.995,46.265,712797
2006-04-26,47.054,47.341,47.016,47.295,1337762
2006-04-27,46.774,47.304,46.59,46.895,861630
2006-04-28,46.358,46.376,45.838,46.024,2481320
2006-05-01,46.135,46.487,46.117,46.302,1054863
2006-05-02,47.146,49.086,46.673,47.025,1799236
2006-05-03,47.239,47.239,46.71,46.988,531743
2006-05-04,47.212,47.507,46.998,47.396,566553
2006-05-05,47.601,47.99,47.463,47.787,930172
2006-05-08,48.398,48.52,48.148,48.39,1475923
2006-05-09,48.019,48.315,47.88,47.973,1626157
2006-05-10,48.064,48.139,47.656,47.999,714306
2006-05-11,48.047,48.064,46.951,47.099,1270728
2006-05-12,46.858,47.007,46.172,46.228,2113066
2006-05-15,45.467,45.625,44.928,45.253,2057133
2006-05-16,45.42,45.894,44.595,44.957,1159832
2006-05-17,45.003,45.374,43.797,44.047,2353503
2006-05-18,44.511,45.401,43.528,43.602,3140663
2006-05-19,44.195,45.42,43.064,44.4,3710447
2006-05-22,43.519,43.519,41.245,42.339,4193908
2006-05-23,43.286,43.787,42.545,42.545,1511488
2006-05-24,42.646,42.795,41.505,42.358,2816811
2006-05-25,41.931,42.776,41.478,42.693,2032023
2006-05-26,43.045,43.425,42.497,43.184,1455016
2006-05-30,42.721,42.721,41.171,41.236,1241521
2006-05-31,41.384,42.089,41.338,42.034,1754942
2006-06-01,41.755,42.59,41.347,42.516,1591669
2006-06-02,43.147,43.147,42.265,42.554,1280427
2006-06-05,42.284,42.432,41.06,41.245,921333
2006-06-06,41.319,41.412,40.381,41.105,2386913
2006-06-07,40.652,41.198,40.271,40.447,2001845
2006-06-08,38.294,39.297,38.053,39.232,4026755
2006-06-09,40.456,40.456,38.805,38.962,1810229
2006-06-12,39.305,39.389,38.183,38.415,1413740
2006-06-13,37.868,37.942,36.688,37.172,3202307
2006-06-14,38.117,38.758,37.979,38.675,2761418
2006-06-15,38.917,40.335,38.517,40.084,3475076
2006-06-16,40.298,40.976,39.297,39.834,1194534
2006-06-19,39.621,40.039,38.6,38.962,1682951
2006-06-20,38.582,39.027,38.368,38.582,1159400
2006-06-21,38.6,39.973,38.573,39.435,1581000
2006-06-22,38.648,39.491,38.628,38.924,1650728
2006-06-23,38.953,39.175,38.666,39.018,258112
2006-06-26,39.064,39.203,38.758,39.064,930494
2006-06-27,39.51,39.695,38.554,38.591,1241846
2006-06-28,39.695,39.695,38.692,39.342,1505668
2006-06-29,40.132,41.439,40.03,41.329,2045600
2006-06-30,42.211,42.265,40.438,41.866,957868
2006-07-03,42.107,42.497,41.895,42.497,970800
2006-07-05,41.347,41.384,40.411,40.873,2348547
2006-07-06,40.716,41.273,40.622,41.087,1324937
2006-07-07,41.013,41.105,40.502,40.679,1578306
2006-07-10,41.727,41.922,41.254,41.616,664300
2006-07-11,41.616,41.922,41.162,41.793,713875
2006-07-12,41.552,41.606,41.04,41.291,829836
2006-07-13,40.615,41.003,40.084,40.224,1774667
2006-07-14,39.899,40.076,39.435,39.715,1490904
2006-07-17,39.444,39.575,38.767,39.389,1068119
2006-07-18,39.213,39.417,38.609,39.064,1123835
2006-07-19,39.936,40.595,39.084,40.585,2737921
2006-07-20,41.105,41.189,40.01,40.132,1062731
2006-07-21,40.475,40.475,39.715,39.899,1124375
2006-07-24,40.689,41.329,40.307,41.105,1497370
2006-07-25,41.236,41.552,40.856,41.06,1071782
2006-07-26,41.097,41.478,40.846,41.291,832532
2006-07-27,41.847,42.034,41.57,41.802,970047
2006-07-28,41.988,42.452,41.895,42.312,834041
2006-07-31,42.339,42.339,41.681,41.895,530665
2006-08-01,41.486,41.486,40.827,40.827,1250251
2006-08-02,41.394,41.671,41.245,41.394,1643939
2006-08-03,40.827,41.375,40.827,41.264,593818
2006-08-04,41.95,42.294,41.394,41.542,574311
2006-08-07,41.207,41.384,40.976,41.152,588431
2006-08-08,41.495,41.69,41.227,41.338,1669157
2006-08-09,41.913,42.127,41.532,41.532,1086655
2006-08-10,41.43,41.699,41.31,41.616,384958
2006-08-11,41.06,41.273,40.706,40.827,608583
2006-08-14,40.939,41.291,40.809,40.873,777461
2006-08-15,41.347,41.746,41.227,41.606,714306
2006-08-16,41.802,42.173,41.793,41.922,688872
2006-08-17,42.246,42.581,42.127,42.358,681651
2006-08-18,42.497,42.683,42.229,42.637,863138
2006-08-21,42.442,42.545,42.136,42.191,706870
2006-08-22,42.59,42.748,42.265,42.59,297232
2006-08-23,42.386,42.59,41.886,41.913,386360
2006-08-24,41.866,42.053,41.522,41.616,616990
2006-08-25,41.94,42.098,41.783,41.904,660960
2006-08-28,41.802,42.127,41.69,42.024,967246
2006-08-29,42.452,42.599,42.219,42.59,602871
2006-08-30,42.368,42.535,42.284,42.321,416966
2006-08-31,42.506,42.664,42.386,42.554,452637
2006-09-01,42.721,43.128,42.673,43.128,673677
2006-09-05,43.11,43.398,42.971,43.379,832963
2006-09-06,42.99,43.119,42.562,42.702,810869
2006-09-07,42.702,42.702,42.155,42.562,1008306
2006-09-08,42.683,42.86,42.562,42.813,532927
2006-09-11,41.969,42.229,41.616,41.847,1049474
2006-09-12,42.034,42.378,41.811,42.378,779184
2006-09-13,42.191,42.303,41.96,42.219,472145
2006-09-14,42.683,42.729,42.432,42.497,1198198
2006-09-15,42.914,43.147,42.748,42.962,642853
2006-09-18,43.398,43.703,43.332,43.472,549955
2006-09-19,43.74,43.75,42.962,43.332,1279996
2006-09-20,43.843,44.251,43.556,44.075,1863253
2006-09-21,44.269,44.335,43.546,43.694,1174919
2006-09-22,43.24,43.323,42.59,42.962,1125992
2006-09-25,43.425,43.74,42.962,43.713,692752
2006-09-26,43.713,43.769,43.045,43.472,878657
2006-09-27,43.462,43.843,43.369,43.75,643500
2006-09-28,43.89,44.057,43.816,44.028,637251
2006-09-29,43.982,43.982,42.914,42.914,2415255
2006-10-02,43.556,43.833,43.388,43.583,607829
2006-10-03,43.472,43.593,43.212,43.509,1272453
2006-10-04,42.971,43.733,42.84,43.733,1592425
2006-10-05,43.639,44.493,43.639,44.344,1457495
2006-10-06,43.361,43.964,42.414,43.89,821646
2006-10-09,41.847,42.303,41.625,42.219,3505576
2006-10-10,42.312,42.497,42.089,42.321,1223740
2006-10-11,42.191,42.284,41.773,42.127,1195719
2006-10-12,42.432,42.998,42.312,42.934,1277841
2006-10-13,43.165,43.315,42.962,43.081,749115
2006-10-16,43.194,43.62,43.165,43.425,1021237
2006-10-17,42.953,43.128,42.554,43.073,1540910
2006-10-18,43.24,43.528,43.027,43.194,817012
2006-10-19,42.98,43.147,42.924,43.11,705791
2006-10-20,43.128,43.156,42.887,43.119,611709
2006-10-23,42.869,43.24,42.776,43.221,1685108
2006-10-24,43.361,43.379,43.119,43.258,405434
2006-10-25,42.84,43.686,42.664,43.686,2145183
2006-10-26,43.787,44.047,43.723,43.936,659344
2006-10-27,43.833,43.833,43.315,43.379,851175
2006-10-30,42.554,43.379,42.554,43.248,826711
2006-10-31,43.649,43.89,43.573,43.833,671199
2006-11-01,44.177,44.362,43.546,43.703,994296
2006-11-02,44.084,44.233,43.833,44.141,979530
2006-11-03,44.539,44.539,44.205,44.325,629275
2006-11-06,44.224,44.623,44.047,44.623,1356189
2006-11-07,44.585,44.743,44.4,44.446,753105
2006-11-08,44.352,44.623,43.991,44.567,622809
2006-11-09,44.585,45.253,44.585,44.984,1083637
2006-11-10,44.957,45.143,44.901,45.059,618175
2006-11-13,45.067,45.467,45.003,45.429,521504
2006-11-14,45.764,46.024,45.523,45.857,914437
2006-11-15,45.661,45.801,45.587,45.744,604918
2006-11-16,45.754,45.874,45.56,45.708,529048
2006-11-17,45.476,45.523,45.198,45.523,478825
2006-11-20,45.67,45.67,45.188,45.253,1048289
2006-11-21,45.253,45.643,45.226,45.597,397891
2006-11-22,46.145,46.153,45.838,46.108,376984
2006-11-24,45.744,45.986,45.541,45.828,363619
2006-11-27,45.847,46.042,45.086,45.188,1266957
2006-11-28,45.086,45.392,45.003,45.346,1338299
2006-11-29,45.801,46.117,45.792,45.931,1254562
2006-11-30,45.903,46.182,45.708,45.931,1201430
2006-12-01,46.108,46.191,45.253,45.941,1613547
2006-12-04,46.07,46.506,46.024,46.44,1175243
2006-12-05,46.117,46.44,46.024,46.44,882104
2006-12-06,46.005,46.256,45.884,46.079,1088270
2006-12-07,46.246,46.256,45.708,45.857,658589
2006-12-08,45.282,45.541,45.031,45.143,797936
2006-12-11,45.041,45.059,44.78,45.049,307148
2006-12-12,44.734,44.734,44.4,44.613,685640
2006-12-13,45.021,45.077,44.818,44.976,781555
2006-12-14,45.828,46.403,45.828,46.386,804294
2006-12-15,46.516,46.516,46.172,46.292,468912
2006-12-18,46.413,46.654,45.978,46.125,485724
2006-12-19,45.541,45.949,45.42,45.949,725731
2006-12-20,46.219,46.358,46.07,46.145,724114
2006-12-21,46.005,46.079,45.661,45.921,480119
2006-12-22,45.921,45.921,45.513,45.616,608045
2006-12-26,45.634,46.015,45.551,45.995,387653
2006-12-27,45.931,46.256,45.783,46.07,678850
2006-12-28,46.403,46.403,45.792,45.838,952696
2006-12-29,45.754,46.265,45.744,45.838,1314053
2007-01-03,45.532,45.7,44.8,45.217,2219328
2007-01-04,44.836,44.836,44.352,44.716,1946560
2007-01-05,43.982,44.224,43.509,43.639,806774
2007-01-08,43.556,43.89,43.379,43.723,921659
2007-01-09,43.611,43.649,43.007,43.24,1051522
2007-01-10,42.693,43.128,42.127,43.101,1536491
2007-01-11,43.332,43.899,42.914,43.435,1930610
2007-01-12,43.944,44.493,43.89,44.409,582934
2007-01-16,44.603,44.677,44.308,44.549,878549
2007-01-17,44.409,44.456,44.168,44.185,875424
2007-01-18,44.52,44.529,43.777,43.936,955714
2007-01-19,43.583,44.103,43.499,44.047,847835
2007-01-22,43.806,43.936,43.425,43.611,1692760
2007-01-23,43.733,44.141,43.62,44.141,1140647
2007-01-24,44.808,45.133,44.613,45.095,1704290
2007-01-25,44.613,44.77,43.816,43.907,988475
2007-01-26,43.899,44.075,43.556,44.066,1148730
2007-01-29,44.242,44.344,43.509,43.649,1119202
2007-01-30,43.833,44.177,43.74,44.019,863892
2007-01-31,43.295,44.121,43.286,43.899,1125884
2007-02-01,44.66,45.143,44.595,45.049,1466332
2007-02-02,45.67,45.828,45.458,45.532,1434755
2007-02-05,45.911,45.911,45.597,45.783,1613655
2007-02-06,46.162,46.423,46.088,46.395,1273961
2007-02-07,46.191,46.487,46.024,46.135,790608
2007-02-08,45.7,45.894,45.606,45.884,1098186
2007-02-09,46.153,46.292,45.449,45.652,1182463
2007-02-12,45.56,45.56,45.253,45.523,1730659
2007-02-13,45.754,46.079,45.68,46.079,2138496
2007-02-14,46.302,46.988,46.275,46.794,2460465
2007-02-15,46.914,47.082,46.784,46.887,520749
2007-02-16,46.858,47.36,46.794,47.249,1492952
2007-02-20,47.833,47.833,46.858,47.369,985135
2007-02-21,47.415,47.527,47.082,47.499,842231
2007-02-22,47.694,48.176,47.499,47.749,1114137
2007-02-23,47.88,47.99,47.433,47.674,693076
2007-02-26,47.916,48.056,47.35,47.601,613835
2007-02-27,45.958,46.042,42.831,44.567,3221383
2007-02-28,45.021,46.024,45.021,45.458,2189260
2007-03-01,44.26,45.067,42.043,44.66,2113351
2007-03-02,44.001,45.262,44.001,44.279,2108540
2007-03-05,43.482,44.446,42.786,43.639,2283129
2007-03-06,45.105,45.884,44.873,45.606,1993332
2007-03-07,45.15,45.551,45.049,45.095,1525499
2007-03-08,45.282,46.283,45.282,46.108,885984
2007-03-09,46.228,46.395,45.578,45.764,857426
2007-03-12,46.246,46.887,46.191,46.691,726915
2007-03-13,45.978,46.349,45.049,45.115,1245618
2007-03-14,45.049,45.792,44.456,45.792,1502004
2007-03-15,46.051,46.423,45.819,46.079,1317177
2007-03-16,46.302,46.413,45.717,45.783,589183
2007-03-19,46.256,46.932,46.256,46.728,826711
2007-03-20,46.654,46.905,46.44,46.774,1330972
2007-03-21,46.784,47.999,46.637,47.963,862491
2007-03-22,47.406,47.433,46.998,46.998,1527664
2007-03-23,47.155,47.323,46.951,47.007,1176321
2007-03-26,47.082,47.082,46.403,46.971,774766
2007-03-27,46.858,46.905,46.44,46.562,1045487
2007-03-28,46.395,46.479,45.978,46.162,965089
2007-03-29,47.054,47.258,46.683,47.202,976557
2007-03-30,47.276,47.295,46.72,46.924,998283
2007-04-02,47.49,47.787,47.239,47.647,985135
2007-04-03,47.842,48.398,47.749,48.363,815504
2007-04-04,48.148,50.116,48.148,48.482,1147804
2007-04-05,48.446,48.882,48.446,48.649,512418
2007-04-09,49.188,49.188,48.845,48.938,473686
2007-04-10,49.022,49.086,48.714,48.882,710221
2007-04-11,49.457,49.558,48.723,48.78,1392424
2007-04-12,49.457,49.995,48.965,49.939,1066438
2007-04-13,49.708,50.013,49.346,49.902,738175
2007-04-16,49.875,50.273,49.818,50.106,976943
2007-04-17,49.791,49.958,49.614,49.634,1221045
2007-04-18,49.346,50.273,49.346,49.688,1026842
2007-04-19,48.9,49.28,48.556,49.243,1131380
2007-04-20,49.865,50.106,49.735,50.004,580885
2007-04-23,50.032,50.143,49.735,49.837,504476
2007-04-24,50.293,50.32,49.809,50.069,1164088
2007-04-25,50.126,50.394,49.902,50.245,1068741
2007-04-26,50.19,50.329,49.809,50.116,681349
2007-04-27,50.765,50.765,49.3,49.698,917133
2007-04-30,49.828,49.995,49.123,49.233,1042115
2007-05-01,49.27,49.642,49.022,49.642,937886
2007-05-02,49.995,50.785,49.929,50.588,818789
2007-05-03,51.034,51.238,50.617,51.034,1325826
2007-05-04,51.128,51.193,50.682,50.71,969509
2007-05-07,51.321,51.517,51.285,51.414,1025602
2007-05-08,51.238,51.405,50.968,51.36,820784
2007-05-09,51.693,52.204,51.61,52.157,844324
2007-05-10,52.204,52.222,50.922,51.034,1550050
2007-05-11,51.73,52.63,51.73,52.334,1639283
2007-05-14,52.12,52.426,51.535,51.823,689325
2007-05-15,51.675,52.157,51.434,51.545,1038679
2007-05-16,52.083,52.649,51.953,52.592,2301488
2007-05-17,52.176,52.324,51.906,52.055,1584125
2007-05-18,51.749,52.009,51.685,51.879,654386
2007-05-21,52.334,52.575,52.194,52.24,2237219
2007-05-22,52.826,53.075,52.621,52.769,1581974
2007-05-23,52.853,53.354,52.695,52.705,967773
2007-05-24,52.918,52.963,51.591,51.776,1421712
2007-05-25,52.612,52.956,52.472,52.796,884801
2007-05-29,53.03,53.104,52.501,52.843,1040189
2007-05-30,52.055,53.308,52.055,53.308,1358101
2007-05-31,54.039,54.328,53.865,53.91,1133539
2007-06-01,54.718,55.154,54.625,54.977,1986899
2007-06-04,55.673,55.869,55.442,55.72,1265340
2007-06-05,55.72,55.813,55.126,55.488,1166591
2007-06-06,55.627,55.627,54.477,54.708,2329685
2007-06-07,54.847,55.636,54.19,54.467,3365493
2007-06-08,54.467,55.59,54.3,55.581,3589098
2007-06-11,55.256,55.256,54.515,55.014,2804310
2007-06-12,55.154,55.21,54.431,54.541,1563312
2007-06-13,54.997,55.757,54.959,55.59,1553842
2007-06-14,56.602,56.991,56.425,56.853,2425664
2007-06-15,57.075,57.64,57.075,57.436,1209170
2007-06-18,58.012,58.225,57.445,57.696,1604279
2007-06-19,57.528,57.994,57.362,57.854,889003
2007-06-20,57.528,57.66,56.648,56.824,2800794
2007-06-21,57.112,57.771,56.937,57.734,1996931
2007-06-22,56.49,56.87,55.776,56.128,1876228
2007-06-25,56.249,56.499,55.673,55.998,1275901
2007-06-26,56.304,56.722,55.358,55.405,2298527
2007-06-27,54.839,56.073,54.839,55.897,1439058
2007-06-28,56.044,56.555,55.897,56.091,1114676
2007-06-29,55.84,56.278,55.525,55.952,1379038
2007-07-02,57.371,57.984,56.76,57.538,1782285
2007-07-03,57.761,58.55,57.761,58.319,837380
2007-07-05,59.32,60.072,58.791,59.227,1476356
2007-07-06,60.146,60.758,59.821,60.5,1482282
2007-07-09,60.908,61.121,60.684,60.925,1257580
2007-07-10,60.416,60.954,59.941,60.118,2298492
2007-07-11,60.5,60.888,60.259,60.767,1090750
2007-07-12,61.51,62.633,61.51,62.633,1994699
2007-07-13,63.561,63.876,63.421,63.654,1592856
2007-07-16,63.969,63.969,62.633,62.771,2111341
2007-07-17,62.466,63.005,62.466,62.819,1183520
2007-07-18,61.612,62.401,61.38,61.937,1903496
2007-07-19,62.215,62.762,62.215,62.568,1983424
2007-07-20,63.886,63.886,62.205,62.976,2038381
2007-07-23,64.006,64.535,63.923,64.396,1027381
2007-07-24,63.709,64.098,62.558,63.05,2549847
2007-07-25,64.294,64.553,63.125,63.979,2563226
2007-07-26,61.798,62.717,59.728,60.684,6242340
2007-07-27,60.313,61.195,59.395,59.524,4255660
2007-07-30,61.612,62.392,60.703,61.798,2867591
2007-07-31,63.069,63.115,60.824,61.213,3794723
2007-08-01,59.246,60.313,57.576,59.757,7900692
2007-08-02,60.795,60.815,59.023,59.691,1543915
2007-08-03,59.757,60.062,57.112,57.557,4785954
2007-08-06,58.828,59.738,57.928,59.709,3539242
2007-08-07,58.875,60.35,58.587,59.905,3475751
2007-08-08,60.368,62.15,60.368,61.436,5077954
2007-08-09,59.015,59.915,58.086,58.457,2723387
2007-08-10,56.648,58.485,55.952,57.67,4576386
2007-08-13,58.346,58.828,57.799,57.807,2379800
2007-08-14,57.612,57.677,55.627,56.044,3374747
2007-08-15,55.525,55.84,53.725,54.254,4321544
2007-08-16,51.479,53.057,48.807,52.222,10242540
2007-08-17,53.818,55.673,53.197,54.282,6525449
2007-08-20,55.144,55.181,53.364,54.412,4356858
2007-08-21,54.023,54.393,53.576,53.985,2614288
2007-08-22,55.488,56.545,55.238,56.379,3774511
2007-08-23,56.75,57.493,55.609,56.481,3183642
2007-08-24,56.435,57.761,56.285,57.66,2506147
2007-08-27,57.223,57.288,56.462,56.462,1600139
2007-08-28,57.381,57.381,54.977,55.256,3293615
2007-08-29,57.084,58.968,57.01,58.568,3660957
2007-08-30,57.854,58.402,57.297,57.901,2587905
2007-08-31,59.552,60.342,59.182,59.478,3117491
2007-09-04,59.162,60.49,59.079,60.034,3687211
2007-09-05,59.015,59.015,58.262,58.643,1969239
2007-09-06,59.709,60.062,59.162,59.719,966633
2007-09-07,58.699,58.865,57.687,58.152,2167273
2007-09-10,58.364,58.429,56.862,57.789,2753590
2007-09-11,57.92,59.182,57.901,59.023,1461799
2007-09-12,57.881,58.801,57.483,58.356,3254810
2007-09-13,59.385,60.146,58.958,59.607,2027750
2007-09-14,59.616,60.211,59.236,59.867,2117612
2007-09-17,59.433,59.691,58.921,59.403,1417614
2007-09-18,59.182,61.862,58.707,61.51,4977566
2007-09-19,63.189,63.254,61.798,62.558,3699465
2007-09-20,62.076,62.42,61.25,61.798,2362664
2007-09-21,62.512,62.938,62.372,62.688,1825753
2007-09-24,63.199,63.468,62.838,63.189,1241521
2007-09-25,62.446,62.613,61.761,62.521,1811847
2007-09-26,63.089,63.513,62.892,63.394,1826875
2007-09-27,63.895,63.931,63.105,63.931,1956340
2007-09-28,63.421,63.96,62.838,63.153,2322142
2007-10-01,63.931,66.15,63.923,65.714,2731887
2007-10-02,66.14,67.086,66.093,66.716,4343402
2007-10-03,66.465,66.501,65.157,65.463,2926717
2007-10-04,65.759,66.103,65.305,65.816,1264829
2007-10-05,66.344,67.272,65.909,66.752,2305526
2007-10-08,65.547,66.28,65.073,66.067,1341359
2007-10-09,66.726,67.003,66.344,66.809,3081618
2007-10-10,66.382,67.216,66.382,67.012,2222975
2007-10-11,68.618,68.656,66.14,66.809,3807124
2007-10-12,67.041,67.114,66.344,66.855,1579008
2007-10-15,65.658,66.697,65.055,65.426,3021360
2007-10-16,63.931,65.035,63.041,63.654,2990369
2007-10-17,64.794,65.101,63.33,64.582,2773645
2007-10-18,64.164,65.639,64.033,65.092,1878349
2007-10-19,63.292,64.257,62.364,62.587,2651558
2007-10-22,61.101,62.8,60.777,62.327,3464628
2007-10-23,63.478,63.812,62.819,63.672,2315676
2007-10-24,62.661,63.263,61.491,62.922,3284213
2007-10-25,64.869,65.064,63.755,64.906,3726182
2007-10-26,66.688,68.116,66.668,67.838,4445575
2007-10-29,68.228,68.98,67.838,68.813,4003046
2007-10-30,67.681,67.782,67.041,67.041,3271712
2007-10-31,68.479,69.639,67.718,69.369,4635554
2007-11-01,67.272,67.375,64.962,66.196,3822530
2007-11-02,66.743,66.752,64.794,66.25,2900872
2007-11-05,64.711,65.835,64.266,64.962,2410649
2007-11-06,67.393,68.525,66.975,68.525,3104534
2007-11-07,67.142,67.31,65.742,65.788,2467239
2007-11-08,65.732,65.788,62.688,64.525,5002712
2007-11-09,63.263,64.841,62.846,63.709,4832744
2007-11-12,62.855,63.237,60.619,60.898,3192932
2007-11-13,62.902,65.101,62.892,64.665,2449231
2007-11-14,65.501,65.835,64.155,64.48,2742791
2007-11-15,63.997,64.063,62.27,62.762,2221916
2007-11-16,63.505,63.505,61.872,63.041,2209219
2007-11-19,61.928,61.928,59.709,60.285,3985857
2007-11-20,59.293,61.158,59.19,60.591,3268661
2007-11-21,58.161,58.356,56.593,57.168,2900917
2007-11-23,58.068,58.402,56.787,57.901,1383447
2007-11-26,60.091,60.091,57.502,57.715,4650752
2007-11-27,58.69,60.201,58.661,59.941,3960054
2007-11-28,60.266,62.215,59.552,61.612,3500349
2007-11-29,60.731,61.473,60.406,60.703,1627784
2007-11-30,62.354,62.54,61.315,61.547,1806201
2007-12-03,60.795,62.029,60.711,61.083,1916280
2007-12-04,61.362,61.817,60.962,61.166,1091852
2007-12-05,62.633,64.025,62.587,63.458,2183238
2007-12-06,63.625,64.47,63.189,64.442,2068506
2007-12-07,63.709,63.709,63.079,63.478,2835876
2007-12-10,62.725,63.041,62.438,62.549,1221255
2007-12-11,62.745,63.005,60.275,60.275,3743533
2007-12-12,63.163,64.201,61.603,62.633,4289557
2007-12-13,61.538,62.066,60.462,61.612,3172133
2007-12-14,60.48,60.767,59.841,59.941,2022111
2007-12-17,58.495,58.69,57.029,57.297,2456546
2007-12-18,59.274,59.478,57.743,58.921,3427844
2007-12-19,59.366,60.601,59.051,59.747,3678727
2007-12-20,59.051,59.293,58.281,59.015,3455763
2007-12-21,60.313,60.982,59.941,60.777,1617217
2007-12-24,61.705,62.076,61.074,61.603,1482906
2007-12-26,61.129,61.176,60.638,60.805,745556
2007-12-27,60.842,60.87,60.044,60.082,2726249
2007-12-28,60.545,61.046,60.211,60.573,1863650
2007-12-31,60.693,60.693,59.877,60.034,1307351
2008-01-02,59.385,59.664,57.01,58.058,4330829
2008-01-03,58.921,59.385,57.64,58.801,3661858
2008-01-04,58.253,58.253,56.101,56.602,4824294
2008-01-07,57.252,57.891,56.352,57.065,2905208
2008-01-08,57.483,58.114,56.304,56.462,2384694
2008-01-09,57.566,58.383,56.815,57.734,3898284
2008-01-10,57.029,58.995,56.602,58.578,5266722
2008-01-11,56.111,56.824,55.673,55.989,3157177
2008-01-14,55.914,56.648,55.905,56.435,4337972
2008-01-15,55.302,55.302,53.483,54.049,4996849
2008-01-16,53.456,53.985,51.758,52.88,7331270
2008-01-17,54.19,54.19,51.879,52.575,5043959
2008-01-18,54.282,54.431,52.89,53.93,3405796
2008-01-22,50.384,53.762,50.384,52.212,5857293
2008-01-23,49.688,52.862,48.714,52.417,5721578
2008-01-24,52.204,53.465,52.055,52.843,3650352
2008-01-25,53.586,54.756,52.222,52.592,2838750
2008-01-28,51.405,52.501,50.775,52.11,2822846
2008-01-29,52.314,52.463,51.572,52.408,1834380
2008-01-30,50.579,52.769,50.283,50.775,3997822
2008-01-31,51.145,53.094,51.026,52.565,4341819
2008-02-01,52.379,53.92,52.26,53.4,2887085
2008-02-04,54.264,54.69,53.632,54.032,2417721
2008-02-05,53.715,53.818,51.61,51.832,3386835
2008-02-06,52.167,52.826,50.904,50.978,3623141
2008-02-07,50.746,52.639,50.357,51.72,3078514
2008-02-08,51.768,52.528,51.247,52.334,3414408
2008-02-11,52.379,52.658,51.331,52.518,3108239
2008-02-12,52.538,53.567,52.24,52.834,4442622
2008-02-13,52.379,52.843,51.601,52.723,3982848
2008-02-14,53.818,54.245,52.918,53.224,5145567
2008-02-15,53.364,53.743,52.639,53.094,2135831
2008-02-19,54.699,54.82,53.965,54.133,2626836
2008-02-20,53.28,54.235,52.759,53.689,3480297
2008-02-21,53.734,54.254,53.01,53.03,3356257
2008-02-22,53.632,53.632,52.167,53.567,3410654
2008-02-25,53.901,54.931,53.335,54.606,2929794
2008-02-26,54.273,55.238,53.734,54.699,3120046
2008-02-27,54.625,55.562,54.356,54.977,3467573
2008-02-28,55.126,55.331,54.523,54.894,2863157
2008-02-29,54.133,54.18,52.518,52.834,3917592
2008-03-03,52.417,52.789,51.869,52.779,5010661
2008-03-04,51.582,52.584,51.128,52.426,4714428
2008-03-05,52.575,53.271,52.25,53.168,4344536
2008-03-06,52.769,52.816,51.545,51.962,3208290
2008-03-07,51.044,52.129,50.534,51.062,3115711
2008-03-10,50.737,50.737,48.974,49.939,6238235
2008-03-11,51.405,52.11,50.849,52.11,4128050
2008-03-12,51.099,51.813,50.775,50.96,1985632
2008-03-13,49.169,50.116,48.622,49.392,6115101
2008-03-14,48.854,48.854,46.44,47.266,4661765
2008-03-17,45.143,46.543,44.976,46.191,5937227
2008-03-18,47.323,48.39,47.146,48.25,5599955
2008-03-19,48.038,48.696,47.109,47.295,4451656
2008-03-20,48.186,49.095,47.639,49.086,4260009
2008-03-24,49.735,51.109,49.735,50.849,4257271
2008-03-25,51.173,51.758,51.173,51.331,4805147
2008-03-26,50.988,51.321,50.524,51.183,2931406
2008-03-27,51.685,51.702,50.858,50.952,2018540
2008-03-28,51.749,51.842,51.026,51.164,2277038
2008-03-31,51.618,52.027,51.47,51.768,3264673
2008-04-01,52.667,54.171,52.667,54.013,5859361
2008-04-02,54.569,54.746,53.808,54.318,2898569
2008-04-03,54.718,55.256,54.151,54.903,3893023
2008-04-04,54.969,55.386,54.477,54.903,1718065
2008-04-07,55.553,55.86,54.783,55.358,2614102
2008-04-08,54.579,54.83,54.282,54.515,2942217
2008-04-09,54.29,54.756,53.734,54.049,3039387
2008-04-10,54.682,55.071,54.18,54.746,2507799
2008-04-11,54.383,54.885,53.901,54.199,1982247
2008-04-14,54.077,54.348,53.808,54.123,1887044
2008-04-15,53.725,53.827,53.271,53.623,2079685
2008-04-16,54.107,54.579,54.032,54.505,3373597
2008-04-17,53.808,54.068,53.4,53.725,2450703
2008-04-18,54.393,55.014,54.282,54.365,3489945
2008-04-21,54.83,55.248,54.485,55.052,1922276
2008-04-22,54.523,54.682,53.808,54.013,2178917
2008-04-23,54.783,55.683,54.682,55.636,2523978
2008-04-24,55.656,55.794,54.616,55.609,1502263
2008-04-25,56.268,56.453,55.646,56.23,1513534
2008-04-28,56.111,56.435,55.785,56.111,1900660
2008-04-29,55.572,55.572,54.746,55.21,1869265
2008-04-30,55.673,56.202,55.358,55.785,2028635
2008-05-01,55.72,56.824,55.544,56.583,1658950
2008-05-02,56.981,57.065,56.332,56.927,2018140
2008-05-05,56.796,56.898,56.416,56.657,2980416
2008-05-06,55.979,56.778,55.673,56.77,2482625
2008-05-07,55.469,55.84,54.421,54.541,3384715
2008-05-08,54.273,54.773,54.107,54.467,2059178
2008-05-09,53.271,53.483,52.983,53.123,2578488
2008-05-12,53.261,53.985,53.131,53.985,1853604
2008-05-13,54.068,54.123,53.381,53.818,1680150
2008-05-14,53.901,54.515,53.846,54.115,1884226
2008-05-15,55.218,55.86,54.931,55.813,3819786
2008-05-16,56.23,56.416,55.785,56.314,4715899
2008-05-19,56.036,56.323,55.534,55.738,3041728
2008-05-20,54.792,54.847,53.948,54.097,4670957
2008-05-21,54.171,54.374,53.094,53.373,3435170
2008-05-22,53.354,53.873,53.308,53.734,2412921
2008-05-23,53.168,53.177,52.371,52.695,2111281
2008-05-27,53.14,53.651,52.89,53.615,1585741
2008-05-28,53.438,53.659,52.769,53.474,1706114
2008-05-29,54.44,54.885,54.032,54.431,2919357
2008-05-30,55.052,55.405,54.931,55.126,1804408
2008-06-02,54.82,54.885,53.827,54.551,1379816
2008-06-03,54.467,54.81,53.781,54.013,3859295
2008-06-04,54.653,54.653,53.965,54.18,2790178
2008-06-05,54.328,55.284,54.142,54.969,1888286
2008-06-06,54.44,54.477,52.732,52.918,4101944
2008-06-09,53.067,53.113,51.962,52.769,2359619
2008-06-10,51.498,52.093,51.36,51.758,4150685
2008-06-11,51.776,51.999,51.09,51.285,2014860
2008-06-12,50.802,51.591,50.598,50.932,5712309
2008-06-13,50.755,51.434,50.505,51.155,1798487
2008-06-16,51.21,51.517,50.755,51.21,1296949
2008-06-17,51.804,52.334,51.47,51.618,2542265
2008-06-18,51.693,52.064,50.996,51.601,4799503
2008-06-19,51.257,51.795,50.988,51.73,1570713
2008-06-20,50.635,50.672,49.651,49.855,3956220
2008-06-23,49.661,49.772,49.16,49.392,1568706
2008-06-24,49.504,50.032,49.123,49.216,1601463
2008-06-25,49.43,50.106,49.188,49.373,2663023
2008-06-26,48.482,49.141,47.999,48.112,4848514
2008-06-27,47.722,48.056,47.212,47.712,2608718
2008-06-30,47.379,47.778,47.323,47.36,1462226
2008-07-01,46.858,47.007,46.042,46.932,3479096
2008-07-02,46.877,47.007,45.578,45.625,3195952
2008-07-03,45.941,46.228,45.169,45.828,3855579
2008-07-07,45.355,45.744,44.446,45.15,4023475
2008-07-08,44.539,45.495,44.352,45.449,4493216
2008-07-09,45.56,46.061,44.632,44.632,3676948
2008-07-10,45.318,45.874,45.003,45.736,2858170
2008-07-11,45.643,46.395,45.226,45.995,2892252
2008-07-14,46.329,46.329,45.309,45.69,1390014
2008-07-15,44.576,44.947,43.482,44.344,3852176
2008-07-16,44.149,45.69,43.991,45.568,3453047
2008-07-17,45.309,45.708,44.901,45.15,3223330
2008-07-18,44.984,45.143,44.603,44.808,2314595
2008-07-21,45.995,46.265,45.568,45.708,1864573
2008-07-22,45.717,46.395,45.355,46.312,2121511
2008-07-23,46.858,47.787,46.811,47.674,4564756
2008-07-24,48.25,48.417,47.323,47.527,4994182
2008-07-25,47.369,47.787,47.229,47.517,1986006
2008-07-28,47.239,47.527,46.366,46.432,1784202
2008-07-29,46.108,47.463,46.042,47.388,2374634
2008-07-30,47.138,47.536,46.701,47.119,3206035
2008-07-31,46.831,47.202,46.376,46.376,1973142
2008-08-01,46.516,46.516,45.503,45.903,2312642
2008-08-04,45.234,45.551,44.808,44.844,3517273
2008-08-05,45.485,46.098,45.272,45.941,2969231
2008-08-06,46.117,46.831,46.117,46.479,3285819
2008-08-07,45.921,46.005,44.993,45.049,2317836
2008-08-08,45.365,46.349,45.244,46.283,1541945
2008-08-11,45.874,46.607,45.773,46.312,1791472
2008-08-12,45.866,46.015,45.291,45.467,1991437
2008-08-13,45.067,45.234,44.576,44.909,4724891
2008-08-14,45.105,45.625,44.818,45.523,2049746
2008-08-15,45.3,45.541,45.077,45.208,732790
2008-08-18,44.761,45.086,44.352,44.465,1872190
2008-08-19,43.62,43.769,43.221,43.528,1755747
2008-08-20,43.954,44.279,43.611,44.26,1169502
2008-08-21,42.998,43.323,42.786,43.165,2141490
2008-08-22,42.869,42.869,42.497,42.795,2765419
2008-08-25,41.94,41.95,41.087,41.273,2942012
2008-08-26,40.819,41.124,40.66,40.893,2209133
2008-08-27,41.05,41.495,41.05,41.291,1070277
2008-08-28,41.097,41.217,40.789,40.976,2583774
2008-08-29,40.327,40.549,39.946,40.15,2841469
2008-09-02,38.146,38.23,36.949,37.162,5348233
2008-09-03,37.126,37.534,36.744,36.838,5079000
2008-09-04,37.747,37.747,36.393,36.512,3909182
2008-09-05,36.958,37.626,36.791,37.542,4658807
2008-09-08,40.789,40.789,39.056,39.909,7920498
2008-09-09,39.435,39.779,38.359,38.508,5110761
2008-09-10,39.973,40.307,39.473,39.993,3602576
2008-09-11,38.451,39.51,38.248,39.435,3984339
2008-09-12,39.371,40.475,39.203,40.401,4419252
2008-09-15,38.535,39.277,37.979,38.266,4127226
2008-09-16,35.306,37.506,35.26,37.005,7568555
2008-09-17,37.58,37.58,35.204,35.798,7640171
2008-09-18,36.875,39.25,35.872,38.648,10511560
2008-09-19,41.355,41.355,39.891,40.781,7705102
2008-09-22,39.464,39.759,38.2,38.406,5079406
2008-09-23,38.814,39.184,37.858,38.276,5281369
2008-09-24,38.666,39.027,38.415,38.962,1723729
2008-09-25,39.13,40.716,38.991,40.15,4254704
2008-09-26,38.332,39.064,38.146,38.767,2341343
2008-09-29,36.642,36.642,33.497,34.517,6799373
2008-09-30,36.234,36.939,35.808,36.865,4689242
2008-10-01,36.17,36.754,35.696,36.234,2128034
2008-10-02,34.675,34.712,33.774,33.887,5291942
2008-10-03,34.025,35.436,33.395,33.646,5145578
2008-10-06,32.476,32.476,29.998,30.954,11576199
2008-10-07,31.094,31.566,29.127,29.311,7184386
2008-10-08,27.262,29.247,26.947,27.281,12365821
2008-10-09,28.31,28.903,26.195,26.334,5681749
2008-10-10,27.539,28.338,25.295,27.893,10346296
2008-10-13,31.428,34.184,30.843,34.147,9110203
2008-10-14,35.121,35.296,32.392,33.497,8024653
2008-10-15,31.446,31.474,28.635,28.867,6428876
2008-10-16,27.224,28.903,25.832,28.903,8116005
2008-10-17,26.111,28.431,25.981,27.002,5473237
2008-10-20,28.013,28.765,27.372,28.607,4098425
2008-10-21,27.03,27.14,25.573,25.693,3784145
2008-10-22,24.023,24.256,22.353,23.067,5987653
2008-10-23,22.065,23.105,21.249,22.492,10181314
2008-10-24,19.04,20.506,18.845,19.95,9121202
2008-10-27,19.764,20.413,19.161,19.383,8596291
2008-10-28,21.416,23.429,20.524,23.42,13660562
2008-10-29,21.38,24.284,20.795,22.742,12903853
2008-10-30,26.38,27.809,26.148,27.763,14102244
2008-10-31,26.909,26.983,26.056,26.352,11155910
2008-11-03,27.577,27.577,26.706,27.021,3930673
2008-11-04,28.329,29.154,28.088,28.746,4502024
2008-11-05,28.031,28.245,26.472,26.612,4238270
2008-11-06,24.738,24.942,23.364,23.551,7412876
2008-11-07,25.656,26.352,25.025,26.297,4495715
2008-11-10,26.612,26.732,25.127,25.693,4106198
2008-11-11,24.969,25.332,24.153,24.58,4771672
2008-11-12,24.153,24.358,22.882,23.077,7883954
2008-11-13,23.41,25.47,22.27,25.424,13480015
2008-11-14,23.336,24.153,22.78,22.826,6375987
2008-11-17,22.575,23.105,22.279,22.334,5053532
2008-11-18,21.537,21.926,20.978,21.685,4329451
2008-11-19,20.812,21.258,19.532,19.532,4664122
2008-11-20,18.836,19.328,17.63,17.63,7610249
2008-11-21,19.857,20.972,19.151,20.942,6637217
2008-11-24,19.95,21.528,19.95,20.904,6670944
2008-11-25,20.767,20.767,19.337,19.838,4917878
2008-11-26,20.988,21.907,20.637,21.713,4008327
2008-11-28,22.056,22.251,21.879,22.205,1696594
2008-12-01,21.165,21.518,20.071,20.219,4249611
2008-12-02,21.091,21.75,20.775,21.63,3121856
2008-12-03,20.496,21.759,20.442,21.667,3320798
2008-12-04,20.479,21.045,19.969,20.404,2334832
2008-12-05,20.413,21.621,20.052,21.621,2941559
2008-12-08,23.142,23.801,23.067,23.458,6465157
2008-12-09,23.04,23.744,22.938,23.243,3009632
2008-12-10,24.933,25.174,24.543,25.072,4048160
2008-12-11,25.507,25.981,25.025,25.276,4510420
2008-12-12,24.367,25.183,24.274,24.951,2922655
2008-12-15,25.164,25.415,24.46,24.84,1693450
2008-12-16,25.638,27.206,25.545,26.863,4300665
2008-12-17,26.343,26.947,26.343,26.445,4431030
2008-12-18,27.021,27.503,26.157,26.38,6005959
2008-12-19,27.307,27.531,26.835,26.957,2533135
2008-12-22,26.835,26.863,25.74,26.343,2644333
2008-12-23,25.183,25.619,24.885,24.942,3144706
2008-12-24,25.591,25.823,25.36,25.795,624068
2008-12-26,25.573,25.832,25.303,25.628,1087539
2008-12-29,25.925,26.24,25.591,25.981,1976158
2008-12-30,25.507,25.805,25.211,25.693,4773555
2008-12-31,25.897,26.195,25.609,25.953,2173819
2009-01-02,26.101,27.057,25.953,26.927,3153428
2009-01-05,26.927,27.262,26.547,26.992,2941357
2009-01-06,27.568,27.994,27.372,27.622,3205169
2009-01-07,27.548,27.939,27.224,27.622,3796798
2009-01-08,26.983,27.439,26.742,27.439,3068242
2009-01-09,26.427,26.445,25.507,25.888,2387257
2009-01-12,25.368,25.387,24.515,24.692,2710217
2009-01-13,24.942,25.814,24.942,25.564,2964633
2009-01-14,25.397,25.405,24.608,25.017,2662207
2009-01-15,24.33,24.635,23.243,24.338,3615164
2009-01-16,25.332,25.415,24.143,24.858,1969888
2009-01-20,24.348,24.348,23.374,23.41,3434656
2009-01-21,23.838,24.608,23.364,24.487,2847344
2009-01-22,23.856,23.985,23.058,23.725,1681606
2009-01-23,22.734,23.522,22.603,23.291,2363675
2009-01-26,23.494,24.079,23.225,23.484,2458689
2009-01-27,23.94,24.338,23.689,24.033,2484527
2009-01-28,25.554,26.093,25.303,25.748,6389320
2009-01-29,25.109,25.536,24.626,24.821,9182163
2009-01-30,24.979,25.183,24.3,24.617,10882616
2009-02-02,24.059,24.692,24.043,24.477,2031414
2009-02-03,25.211,25.731,24.914,25.675,5729095
2009-02-04,25.999,26.603,25.989,26.166,4556542
2009-02-05,25.842,26.631,25.443,26.472,6008067
2009-02-06,26.732,27.606,26.427,27.401,2325429
2009-02-09,26.603,27.123,26.389,26.696,2406888
2009-02-10,26.231,26.306,24.664,24.905,5142274
2009-02-11,25.276,25.619,25.044,25.545,3190107
2009-02-12,24.84,25.424,24.505,25.295,3421208
2009-02-13,25.174,26.24,25.025,25.22,1385094
2009-02-17,22.548,23.012,22.548,22.566,3562661
2009-02-18,22.585,22.771,22.232,22.455,4651016
2009-02-19,22.687,22.789,21.991,22.038,4000400
2009-02-20,20.711,21.146,20.422,20.757,6543338
2009-02-23,22.065,22.381,20.795,20.821,5926894
2009-02-24,21.287,21.695,20.737,21.638,5341722
2009-02-25,21.11,21.342,20.506,20.998,6482843
2009-02-26,21.267,21.304,20.506,20.59,13712593
2009-02-27,20.265,20.599,19.959,20.228,5845419
2009-03-02,19.569,19.569,18.492,18.576,9721290
2009-03-03,19.253,19.745,19.003,19.179,7212178
2009-03-04,20.496,21.146,20.303,20.84,8614192
2009-03-05,20.21,20.46,19.663,19.857,7218216
2009-03-06,20.488,20.869,19.912,20.451,5241296
2009-03-09,20.442,20.924,20.108,20.413,3547705
2009-03-10,21.731,22.613,21.36,22.52,4961494
2009-03-11,23.05,23.197,22.464,22.78,6837230
2009-03-12,22.427,23.661,22.399,23.494,8328975
2009-03-13,23.291,23.438,22.677,23.105,4980948
2009-03-16,23.884,24.338,23.68,23.725,4670943
2009-03-17,24.497,25.146,23.725,25.025,6068900
2009-03-18,24.914,26.009,24.358,25.86,7119227
2009-03-19,25.953,26.166,25.193,25.266,7249114
2009-03-20,25.322,25.462,24.738,24.84,4530770
2009-03-23,25.462,27.214,25.462,27.14,5135265
2009-03-24,26.464,26.992,26.166,26.491,4364056
2009-03-25,26.983,27.744,26.696,27.243,5067154
2009-03-26,28.171,28.495,27.772,28.254,5351498
2009-03-27,27.615,27.688,27.206,27.503,3806347
2009-03-30,25.795,25.962,25.156,25.452,5650947
2009-03-31,26.334,26.844,26.157,26.407,3805024
2009-04-01,26.963,27.725,26.863,27.586,4933982
2009-04-02,29.182,29.925,28.765,29.443,5653670
2009-04-03,29.655,29.655,28.867,29.655,4935013
2009-04-06,29.284,29.572,28.802,29.368,4179643
2009-04-07,28.829,29.09,28.765,28.811,4778636
2009-04-08,28.227,28.867,28.207,28.468,7604371
2009-04-09,30.082,30.388,30.018,30.333,4108219
2009-04-13,29.97,30.49,29.786,30.249,3415712
2009-04-14,30.175,30.333,29.674,29.767,5404917
2009-04-15,29.693,30.044,29.415,30.035,3055010
2009-04-16,30.147,30.518,29.777,30.111,3262689
2009-04-17,29.952,30.211,29.739,30.102,2324248
2009-04-20,29.433,29.461,28.495,28.514,4200452
2009-04-21,28.931,29.897,28.617,29.897,3403201
2009-04-22,29.777,30.536,29.739,29.952,3317896
2009-04-23,30.333,30.677,30.035,30.555,4101712
2009-04-24,30.51,31.057,30.314,30.76,5563104
2009-04-27,30.111,30.111,29.507,29.6,3845356
2009-04-28,28.635,29.284,28.495,29.006,4196574
2009-04-29,30.128,31.047,29.961,30.834,5387555
2009-04-30,31.855,32.106,31.474,31.753,5053237
2009-05-01,31.883,32.412,31.576,32.235,3147311
2009-05-04,32.801,34.184,32.736,34.109,5397779
2009-05-05,33.887,33.914,33.349,33.767,5391429
2009-05-06,33.45,33.989,33.163,33.673,6170898
2009-05-07,33.98,34.118,32.476,32.662,4864564
2009-05-08,33.738,34.379,33.636,34.36,3262385
2009-05-11,33.673,33.961,33.321,33.395,3467604
2009-05-12,33.757,34.016,33.228,33.553,3874591
2009-05-13,33.302,33.302,32.43,32.476,4665138
2009-05-14,32.328,32.857,32.17,32.616,3827611
2009-05-15,32.588,32.932,32.087,32.273,3985184
2009-05-18,33.061,33.914,33.061,33.914,6004431
2009-05-19,33.59,34.49,33.59,34.109,4380838
2009-05-20,34.684,34.935,34.192,34.276,3688285
2009-05-21,33.562,33.627,33.023,33.302,3406255
2009-05-22,33.507,33.617,33.218,33.33,2146637
2009-05-26,32.077,32.884,31.845,32.82,5264619
2009-05-27,31.91,32.151,31.261,31.474,8538701
2009-05-28,32.671,33.237,32.319,33.107,5036002
2009-05-29,33.357,33.507,32.968,33.507,3981437
2009-06-01,34.147,34.768,34.1,34.721,4798044
2009-06-02,34.388,34.388,33.804,33.942,5281341
2009-06-03,33.774,33.831,32.69,32.949,5496442
2009-06-04,33.006,33.349,32.643,33.349,4243924
2009-06-05,33.85,33.85,32.904,33.135,2913997
2009-06-08,32.69,32.941,32.337,32.773,3020154
2009-06-09,32.643,32.717,32.161,32.466,3032913
2009-06-10,33.349,33.729,32.932,33.386,4588822
2009-06-11,33.46,34.48,33.46,33.998,3731729
2009-06-12,33.748,33.934,33.479,33.914,1914320
2009-06-15,33.357,33.357,32.514,32.698,4409279
2009-06-16,32.987,33.145,32.299,32.347,3119502
2009-06-17,32.225,32.662,31.974,32.337,3833550
2009-06-18,32.319,32.514,31.929,32.198,3585174
2009-06-19,32.569,32.633,32.132,32.235,3834924
2009-06-22,32.347,32.347,31.391,31.419,5828464
2009-06-23,31.251,31.446,29.385,31.335,3998399
2009-06-24,31.576,32.124,31.382,31.529,4196369
2009-06-25,31.539,32.495,31.455,32.421,3245417
2009-06-26,32.319,32.504,32.179,32.337,2511710
2009-06-29,32.466,32.624,32.215,32.514,3009094
2009-06-30,32.514,32.606,31.929,32.282,4833830
2009-07-01,33.33,33.691,33.256,33.321,4455611
2009-07-02,32.941,32.941,32.291,32.291,4013968
2009-07-06,33.302,33.543,33.071,33.507,4326856
2009-07-07,33.655,33.784,32.958,33.135,3449667
2009-07-08,33.45,33.507,32.579,33.115,5205360
2009-07-09,33.312,33.683,33.173,33.386,3194896
2009-07-10,32.987,33.237,32.717,33.089,2402568
2009-07-13,31.78,32.476,31.549,32.198,4975264
2009-07-14,32.43,32.514,32.087,32.449,3132906
2009-07-15,33.7,34.62,33.516,34.527,6568700
2009-07-16,34.499,35.0,34.267,34.796,2811194
2009-07-17,34.805,35.038,34.601,35.01,2523269
2009-07-20,36.328,36.401,35.955,36.123,3979820
2009-07-21,36.521,36.605,35.929,36.28,3687698
2009-07-22,36.17,36.671,35.955,36.429,3046315
2009-07-23,36.467,37.367,36.336,37.013,4088615
2009-07-24,36.652,37.089,36.383,36.929,3146318
2009-07-27,37.487,37.487,36.893,37.394,3932698
2009-07-28,37.468,37.561,36.893,37.347,3253474
2009-07-29,36.912,37.153,36.679,37.079,2672733
2009-07-30,37.932,38.508,37.932,38.22,4562047
2009-07-31,38.397,38.907,38.397,38.638,3661656
2009-08-03,39.444,39.797,39.277,39.667,4030315
2009-08-04,39.11,39.491,38.907,39.305,2885183
2009-08-05,38.889,39.018,38.359,38.897,4297474
2009-08-06,39.194,39.194,38.276,38.692,5337075
2009-08-07,39.473,39.843,39.25,39.65,4088753
2009-08-10,39.027,39.203,38.573,38.712,2853780
2009-08-11,38.535,38.535,37.654,37.821,3681186
2009-08-12,37.645,38.387,37.645,38.117,2922053
2009-08-13,38.535,38.74,38.21,38.628,3711306
2009-08-14,38.889,38.972,38.23,38.517,3532883
2009-08-17,36.772,36.846,36.328,36.328,5355136
2009-08-18,37.468,37.608,37.227,37.487,2843792
2009-08-19,36.968,37.738,36.968,37.718,2503857
2009-08-20,38.043,38.917,38.043,38.675,2520754
2009-08-21,38.962,39.371,38.823,39.305,2573377
2009-08-24,39.548,39.862,39.371,39.566,2549674
2009-08-25,39.435,39.862,39.213,39.305,3179480
2009-08-26,39.305,39.501,39.13,39.399,2809331
2009-08-27,39.184,39.38,38.692,39.287,4680318
2009-08-28,39.528,39.807,39.056,39.297,2585925
2009-08-31,38.879,38.907,38.489,38.591,2661680
2009-09-01,39.538,39.983,38.692,38.823,6225576
2009-09-02,39.11,39.64,39.064,39.501,6515922
2009-09-03,39.909,40.132,39.454,39.853,4230815
2009-09-04,39.685,40.327,39.631,40.177,3192680
2009-09-08,40.531,40.846,40.381,40.577,3720395
2009-09-09,40.456,40.92,40.418,40.642,4706567
2009-09-10,40.966,41.486,40.642,41.421,3149125
2009-09-11,41.662,41.802,41.347,41.579,3191387
2009-09-14,40.911,41.384,40.911,41.207,3940887
2009-09-15,41.811,42.33,41.606,42.256,4993269
2009-09-16,43.064,43.482,42.748,43.462,3584937
2009-09-17,43.286,43.573,43.007,43.175,2901597
2009-09-18,43.398,43.602,43.258,43.398,4654938
2009-09-21,43.017,43.258,42.85,43.11,2995787
2009-09-22,43.974,44.298,43.936,44.149,3489944
2009-09-23,44.195,44.623,43.777,43.816,4976055
2009-09-24,44.066,44.168,42.887,42.998,5406835
2009-09-25,43.323,43.583,43.128,43.323,3398439
2009-09-28,43.332,43.944,43.054,43.676,2908206
2009-09-29,43.74,44.103,43.639,43.733,3485983
2009-09-30,44.269,44.279,43.379,43.964,4868407
2009-10-01,43.007,43.081,41.969,42.117,6420283
2009-10-02,41.579,41.931,41.207,41.857,5103064
2009-10-05,41.94,42.683,41.857,42.545,3807822
2009-10-06,42.432,42.86,42.321,42.525,5271656
2009-10-07,41.719,41.996,41.57,41.913,4138907
2009-10-08,42.405,42.673,42.181,42.562,3419048
2009-10-09,43.268,43.453,43.101,43.258,3818026
2009-10-12,43.027,43.268,42.878,43.054,2467882
2009-10-13,42.84,42.924,42.572,42.766,3648988
2009-10-14,43.769,44.242,43.602,44.242,4171099
2009-10-15,43.853,44.317,43.816,44.224,4964347
2009-10-16,42.664,42.98,42.452,42.757,6257633
2009-10-19,43.054,43.686,42.971,43.593,2843687
2009-10-20,43.499,43.499,42.795,42.906,4766404
2009-10-21,42.619,43.203,42.422,42.516,3696456
2009-10-22,41.821,42.265,41.458,42.191,3720669
2009-10-23,42.693,42.711,41.94,42.155,3419966
2009-10-26,43.081,43.332,42.312,42.432,4011866
2009-10-27,42.33,42.646,41.931,42.053,3113182
2009-10-28,41.281,41.281,40.251,40.317,5348743
2009-10-29,40.66,41.886,40.66,41.719,4054625
2009-10-30,40.976,41.031,39.556,39.788,5782533
2009-11-02,40.317,40.669,39.482,40.02,8246485
2009-11-03,39.351,39.973,39.223,39.825,6591428
2009-11-04,40.819,41.281,40.735,40.93,5036301
2009-11-05,40.735,41.087,40.531,41.023,2569438
2009-11-06,41.05,41.468,40.92,41.291,3290770
2009-11-09,42.014,42.721,41.96,42.581,3024751
2009-11-10,42.145,42.246,41.886,42.089,1929812
2009-11-11,42.786,42.934,42.303,42.452,3782619
2009-11-12,41.96,42.043,41.301,41.449,2722703
2009-11-13,41.709,42.014,41.449,41.847,2339437
2009-11-16,42.432,43.073,42.422,42.823,3826300
2009-11-17,42.405,42.599,42.163,42.59,2091268
2009-11-18,42.581,42.878,42.497,42.766,2930742
2009-11-19,42.673,42.803,42.219,42.461,4053083
2009-11-20,42.525,42.887,42.452,42.757,2308910
2009-11-23,43.482,43.694,43.435,43.489,5911545
2009-11-24,42.953,43.489,42.599,42.85,3785935
2009-11-25,43.073,43.231,42.98,43.128,1416825
2009-11-27,40.289,41.236,40.094,40.827,5717954
2009-11-30,41.097,41.227,40.66,41.18,7143273
2009-12-01,41.988,42.422,41.95,42.294,3639251
2009-12-02,42.619,43.064,42.525,42.739,3876652
2009-12-03,43.248,43.536,42.887,43.101,5148271
2009-12-04,44.028,44.419,43.398,43.666,7930486
2009-12-07,43.528,43.87,43.425,43.703,4797142
2009-12-08,43.482,43.482,42.776,42.98,5800399
2009-12-09,43.156,43.536,43.037,43.489,3827902
2009-12-10,43.686,43.974,43.639,43.75,4070335
2009-12-11,44.038,44.084,43.797,43.974,2209013
2009-12-14,44.215,44.409,44.075,44.224,1774409
2009-12-15,44.149,44.308,43.991,44.103,1804533
2009-12-16,44.288,44.325,44.001,44.047,2684967
2009-12-17,42.934,42.953,42.47,42.516,3121829
2009-12-18,42.795,43.11,42.488,42.609,4151752
2009-12-21,42.693,43.128,42.497,42.757,2875265
2009-12-22,43.064,43.101,42.702,42.869,4754300
2009-12-23,43.101,43.24,42.823,43.165,2404355
2009-12-24,43.435,43.974,43.435,43.861,1042637
2009-12-28,44.185,44.335,43.899,44.075,1752181
2009-12-29,44.158,44.158,43.88,43.927,1482874
2009-12-30,44.325,44.465,44.185,44.185,1548982
2009-12-31,44.613,44.613,44.195,44.205,2282269
2010-01-04,45.318,45.903,45.234,45.792,5337470
2010-01-05,45.764,45.874,45.541,45.81,4872179
2010-01-06,46.246,46.469,46.162,46.469,3484018
2010-01-07,45.616,45.754,45.467,45.523,3724487
2010-01-08,45.921,46.256,45.717,46.191,2934320
2010-01-11,46.349,46.506,46.051,46.479,5568863
2010-01-12,46.108,46.135,45.67,45.838,3652804
2010-01-13,45.727,45.968,45.485,45.911,4073921
2010-01-14,45.978,46.349,45.931,46.191,3398446
2010-01-15,46.32,46.376,45.792,45.838,3337363
2010-01-19,46.312,46.895,46.117,46.784,4815706
2010-01-20,46.191,46.236,45.476,45.911,4502557
2010-01-21,46.432,46.57,45.42,45.467,5536248
2010-01-22,45.15,45.179,44.094,44.177,6465582
2010-01-25,44.78,45.021,44.362,44.603,4433790
2010-01-26,43.499,43.936,43.24,43.472,5755589
2010-01-27,42.869,43.332,42.637,43.165,5746600
2010-01-28,43.602,44.001,42.786,42.934,5183137
2010-01-29,42.831,43.184,42.005,42.163,5850189
2010-02-01,42.525,43.221,42.525,43.175,3727871
2010-02-02,42.646,43.398,42.525,43.323,8009514
2010-02-03,43.482,43.509,42.962,43.128,5071765
2010-02-04,42.721,42.823,41.542,41.588,5387919
2010-02-05,40.93,41.134,40.039,41.087,8391495
2010-02-08,41.087,41.291,40.679,40.735,3483979
2010-02-09,41.773,42.33,41.495,41.913,4539234
2010-02-10,42.005,42.107,41.412,41.838,5344028
2010-02-11,42.294,42.924,41.95,42.823,3676549
2010-02-12,41.988,42.432,41.829,42.396,2556923
2010-02-16,42.98,43.509,42.98,43.24,3192342
2010-02-17,44.001,44.01,43.611,43.853,2822164
2010-02-18,43.472,44.279,43.472,44.131,4502687
2010-02-19,43.278,43.565,43.037,43.184,4210901
2010-02-22,43.88,43.88,43.462,43.639,3117286
2010-02-23,43.489,43.489,42.637,42.766,4194261
2010-02-24,42.962,43.315,42.803,43.027,2412025
2010-02-25,41.709,42.145,41.329,42.127,4129096
2010-02-26,42.173,42.47,41.895,42.275,2081422
2010-03-01,42.84,43.184,42.823,42.897,2088127
2010-03-02,43.499,43.639,43.342,43.398,3271509
2010-03-03,43.833,44.057,43.639,43.666,2448799
2010-03-04,43.649,44.215,43.248,43.482,3247947
2010-03-05,44.344,44.928,44.242,44.909,4581926
2010-03-08,45.244,45.336,45.115,45.208,3401428
2010-03-09,45.041,45.439,44.993,45.3,4486839
2010-03-10,45.327,45.792,45.3,45.69,3512701
2010-03-11,45.318,45.458,44.947,45.42,3207130
2010-03-12,45.717,45.744,45.115,45.169,1776732
2010-03-15,44.909,44.957,44.501,44.844,2271305
2010-03-16,44.677,45.086,44.677,45.077,2513348
2010-03-17,45.81,46.182,45.68,45.866,3735399
2010-03-18,45.7,45.7,45.346,45.551,1597517
2010-03-19,45.828,45.911,45.282,45.7,5888740
2010-03-22,45.105,45.568,45.031,45.476,3166703
2010-03-23,45.652,45.931,45.485,45.838,1934670
2010-03-24,45.476,45.578,45.282,45.495,2130357
2010-03-25,45.874,45.978,45.374,45.503,2752915
2010-03-26,46.108,46.117,44.761,45.226,9252802
2010-03-29,45.968,46.135,45.792,46.098,3806666
2010-03-30,46.236,46.349,45.911,46.312,1920375
2010-03-31,46.051,46.58,46.005,46.395,2937670
2010-04-01,47.379,47.954,47.379,47.889,8118502
2010-04-05,48.371,48.51,48.064,48.363,3300458
2010-04-06,48.148,48.473,48.019,48.39,3024340
2010-04-07,48.158,48.158,47.647,47.925,4493315
2010-04-08,47.981,48.436,47.806,48.315,2462963
2010-04-09,48.353,48.39,48.13,48.297,2633262
2010-04-12,47.61,47.787,47.564,47.674,3581140
2010-04-13,47.433,47.768,47.369,47.62,3310959
2010-04-14,48.594,48.872,48.491,48.771,3816315
2010-04-15,48.788,49.022,48.649,48.882,3364024
2010-04-16,48.455,48.622,47.694,47.935,4758157
2010-04-19,47.007,47.471,46.849,47.388,4767687
2010-04-20,47.907,48.038,47.572,47.973,3020186
2010-04-21,48.547,48.714,48.223,48.584,5724650
2010-04-22,48.279,48.761,47.861,48.687,6169692
2010-04-23,48.491,48.946,48.363,48.938,3802041
2010-04-26,49.012,49.317,48.965,49.086,1628675
2010-04-27,48.436,48.566,47.221,47.35,4792539
2010-04-28,47.861,48.092,47.499,47.999,3330653
2010-04-29,48.333,48.631,48.139,48.622,2445125
2010-04-30,48.845,48.845,48.038,48.112,3492496
2010-05-03,47.749,48.195,47.62,48.009,2103400
2010-05-04,47.119,47.183,45.783,46.051,7705395
2010-05-05,45.198,45.941,44.752,45.169,12177042
2010-05-06,44.957,45.309,41.439,43.369,9380892
2010-05-07,43.899,44.141,42.673,43.509,9513520
2010-05-10,46.209,46.479,45.801,46.292,5975978
2010-05-11,45.021,45.978,44.873,45.439,5273716
2010-05-12,45.272,45.616,45.095,45.541,4611857
2010-05-13,46.005,46.292,45.643,45.792,3318685
2010-05-14,45.476,45.56,44.734,45.179,4965782
2010-05-17,44.734,44.993,43.713,44.585,3702252
2010-05-18,44.539,44.873,43.332,43.361,8869956
2010-05-19,42.887,43.212,42.265,42.934,7637534
2010-05-20,39.964,40.706,39.435,40.177,10887617
2010-05-21,39.175,40.92,39.056,40.92,8969605
2010-05-24,40.632,41.031,40.298,40.381,4657535
2010-05-25,37.858,39.184,37.718,39.158,10608004
2010-05-26,39.759,39.862,38.859,39.056,7522307
2010-05-27,40.966,41.644,40.819,41.579,6868325
2010-05-28,41.886,41.904,40.744,40.827,6595014
2010-06-01,40.484,41.31,40.327,40.354,4937043
2010-06-02,40.585,41.886,40.549,41.821,6671297
2010-06-03,42.599,42.748,41.866,42.201,5682723
2010-06-04,41.616,41.931,40.986,41.134,6252116
2010-06-07,41.152,41.31,40.271,40.373,5185868
2010-06-08,41.171,41.281,40.373,41.18,5048160
2010-06-09,40.995,41.319,40.428,40.735,6094148
2010-06-10,41.394,41.709,41.143,41.552,4626300
2010-06-11,41.338,41.866,41.04,41.857,3545268
2010-06-14,42.813,43.119,42.506,42.619,3415163
2010-06-15,42.869,43.861,42.627,43.723,3343482
2010-06-16,43.416,44.038,43.379,43.787,3013213
2010-06-17,43.954,43.954,43.305,43.62,3405452
2010-06-18,44.205,44.493,44.001,44.465,2852261
2010-06-21,45.717,45.958,45.003,45.365,5037608
2010-06-22,45.234,45.392,44.269,44.436,3936392
2010-06-23,44.362,44.501,43.843,44.269,3763491
2010-06-24,44.269,44.39,43.703,43.974,3431420
2010-06-25,43.833,44.141,43.379,43.982,4727638
2010-06-28,43.954,44.01,43.666,43.769,2283958
2010-06-29,42.378,42.461,41.681,41.821,5120488
2010-06-30,42.028,42.374,41.47,41.488,3718471
2010-07-01,41.821,41.829,40.986,41.671,8803547
2010-07-02,41.31,41.449,40.781,41.06,4702488
2010-07-06,42.191,42.693,41.811,42.173,4890909
2010-07-07,41.94,42.729,41.552,42.711,3073653
2010-07-08,43.221,43.295,42.729,43.147,3378626
2010-07-09,43.816,44.112,43.676,44.028,2702416
2010-07-12,43.964,44.233,43.769,44.112,2667754
2010-07-13,44.168,44.493,44.121,44.419,3009156
2010-07-14,44.529,44.909,44.4,44.873,3396954
2010-07-15,44.77,44.818,44.131,44.716,3302421
2010-07-16,43.927,44.028,42.84,43.027,3018681
2010-07-19,43.472,43.639,43.064,43.573,2096799
2010-07-20,43.379,44.484,43.342,44.362,4047134
2010-07-21,44.595,44.668,43.787,44.028,2266757
2010-07-22,44.382,44.976,44.317,44.844,3448566
2010-07-23,44.844,45.336,44.697,45.327,2427467
2010-07-26,45.495,46.024,45.346,45.986,2577186
2010-07-27,46.182,46.971,45.801,45.847,3145494
2010-07-28,45.597,45.838,45.429,45.523,3386753
2010-07-29,45.828,46.005,45.327,45.467,2800023
2010-07-30,45.282,45.69,45.059,45.513,2482023
2010-08-02,46.804,47.229,46.728,46.979,2122376
2010-08-03,47.007,47.258,46.774,47.165,3504015
2010-08-04,47.212,47.388,46.979,47.202,2639225
2010-08-05,46.72,46.979,46.58,46.951,2238165
2010-08-06,46.72,47.155,46.553,47.007,2051863
2010-08-09,47.266,47.341,47.072,47.165,2260933
2010-08-10,46.199,46.766,46.079,46.516,3610372
2010-08-11,44.957,45.086,44.539,44.613,3213511
2010-08-12,43.853,44.4,43.769,44.4,2725202
2010-08-13,44.697,44.938,44.539,44.8,2129747
2010-08-16,44.484,44.984,44.419,44.873,1576806
2010-08-17,45.754,46.024,45.625,45.69,1842623
2010-08-18,45.773,46.07,45.625,45.847,1463121
2010-08-19,46.283,46.45,45.643,45.921,2831475
2010-08-20,45.652,45.727,45.374,45.7,1610633
2010-08-23,45.736,45.866,45.3,45.429,2011416
2010-08-24,44.966,44.966,44.372,44.8,2833167
2010-08-25,43.899,44.335,43.629,44.158,2916853
2010-08-26,44.26,44.576,43.87,43.927,2755747
2010-08-27,44.308,44.632,43.703,44.539,2149147
2010-08-30,44.818,45.049,44.436,44.465,2502484
2010-08-31,44.242,44.576,44.019,44.344,3001164
2010-09-01,45.449,46.246,45.449,46.061,3630693
2010-09-02,45.801,46.098,45.643,46.079,1999132
2010-09-03,46.098,46.607,46.098,46.479,1932576
2010-09-07,45.995,48.714,45.894,45.978,2167852
2010-09-08,46.199,46.6,46.108,46.386,1548868
2010-09-09,46.942,47.128,46.766,46.849,3121311
2010-09-10,46.988,47.379,46.942,47.249,1650649
2010-09-13,47.74,47.99,47.74,47.889,1746317
2010-09-14,47.582,48.074,47.36,47.851,2465171
2010-09-15,47.74,48.102,47.61,48.056,2045357
2010-09-16,47.396,47.63,47.323,47.536,2569878
2010-09-17,47.731,47.935,47.555,47.674,2318923
2010-09-20,48.083,48.584,47.973,48.482,2381020
2010-09-21,48.381,48.649,48.122,48.594,2766726
2010-09-22,48.52,48.751,48.381,48.631,2436479
2010-09-23,48.186,48.473,47.981,48.064,4316789
2010-09-24,48.584,49.095,48.491,48.965,3516231
2010-09-27,48.992,49.123,48.882,48.882,2424732
2010-09-28,48.872,49.095,48.491,49.076,3102487
2010-09-29,49.336,49.531,48.9,49.317,2651860
2010-09-30,49.717,49.939,49.336,49.634,4600995
2010-10-01,50.293,50.71,50.283,50.514,4204170
2010-10-04,50.403,50.653,50.264,50.635,2878184
2010-10-05,50.561,51.202,50.505,51.183,3628338
2010-10-06,51.414,51.999,51.183,51.935,5495788
2010-10-07,51.859,51.859,51.193,51.47,2705970
2010-10-08,51.202,51.832,51.145,51.665,2805505
2010-10-11,51.071,51.257,50.877,51.183,1921568
2010-10-12,50.245,50.551,49.865,50.403,4958418
2010-10-13,50.829,51.285,50.775,51.026,4088414
2010-10-14,51.321,51.685,51.247,51.414,3433180
2010-10-15,51.832,51.962,51.321,51.628,3086804
2010-10-18,50.588,51.962,50.514,51.962,3951090
2010-10-19,49.105,49.43,48.751,48.983,6135782
2010-10-20,49.772,50.403,49.651,50.088,4694564
2010-10-21,50.421,50.505,49.791,50.088,4047358
2010-10-22,50.802,50.858,50.608,50.755,2702722
2010-10-25,51.498,52.009,51.498,51.628,2264576
2010-10-26,51.267,51.545,51.183,51.479,1999509
2010-10-27,50.727,50.829,50.19,50.57,2507285
2010-10-28,51.35,51.414,50.952,51.071,2427877
2010-10-29,50.255,50.488,50.087,50.47,2302411
2010-11-01,51.461,51.693,51.071,51.36,2322100
2010-11-02,51.99,52.147,51.859,51.962,1731107
2010-11-03,52.547,52.796,51.999,52.695,3098413
2010-11-04,53.326,53.706,53.28,53.623,3094541
2010-11-05,53.131,53.345,52.927,53.298,2851003
2010-11-08,52.872,53.02,52.612,53.01,1851617
2010-11-09,53.214,53.448,52.463,52.658,2654269
2010-11-10,53.659,53.679,52.983,53.474,3622754
2010-11-11,52.946,53.168,52.759,53.168,2389700
2010-11-12,51.879,52.036,51.267,51.461,3527037
2010-11-15,51.582,51.749,51.377,51.47,2236389
2010-11-16,51.267,51.303,50.106,50.283,4766399
2010-11-17,50.496,50.839,50.45,50.543,2782031
2010-11-18,52.1,52.277,51.916,52.036,2942622
2010-11-19,52.184,52.518,51.879,52.444,2520314
2010-11-22,52.435,52.575,51.935,52.491,2497029
2010-11-23,49.596,49.875,49.336,49.642,8779970
2010-11-24,51.36,51.685,51.193,51.414,5883398
2010-11-26,49.708,50.217,49.642,49.651,2697324
2010-11-29,49.809,49.986,49.494,49.828,3823691
2010-11-30,49.855,50.337,49.754,50.078,2961645
2010-12-01,51.443,51.795,51.321,51.618,2998528
2010-12-02,51.916,52.555,51.852,52.481,2901874
2010-12-03,52.751,53.326,52.751,53.177,2782259
2010-12-06,52.88,53.159,52.751,53.067,2926946
2010-12-07,53.632,53.715,53.131,53.214,2077960
2010-12-08,52.853,52.963,52.472,52.963,2332439
2010-12-09,53.586,53.808,53.428,53.743,2607420
2010-12-10,53.615,53.873,53.438,53.772,1449008
2010-12-13,53.856,54.19,53.856,54.023,1652387
2010-12-14,54.19,54.449,54.161,54.402,2017366
2010-12-15,53.493,53.873,53.187,53.4,2635017
2010-12-16,53.428,54.023,53.168,53.939,5231613
2010-12-17,54.039,54.039,53.641,53.892,1658549
2010-12-20,54.207,54.383,54.023,54.273,3934309
2010-12-21,54.457,54.643,54.402,54.402,2426681
2010-12-22,54.495,54.634,54.449,54.56,1735453
2010-12-23,54.374,54.477,54.254,54.477,1615880
2010-12-27,54.013,54.338,53.818,54.226,1816491
2010-12-28,54.19,54.736,54.19,54.682,1417137
2010-12-29,55.199,55.534,55.143,55.395,1928037
2010-12-30,55.946,56.458,55.946,56.44,3900514
2010-12-31,56.501,56.812,56.398,56.775,1659067
2011-01-03,57.084,57.483,57.084,57.325,2377323
2011-01-04,57.576,57.734,57.112,57.455,2251461
2011-01-05,57.084,57.595,57.084,57.473,3147735
2011-01-06,57.512,57.528,57.01,57.075,3029564
2011-01-07,57.149,57.612,56.945,57.381,3337602
2011-01-10,56.815,56.843,56.342,56.528,2534918
2011-01-11,57.195,57.261,56.898,57.13,1899512
2011-01-12,57.946,58.364,57.928,58.281,3603702
2011-01-13,57.891,57.891,57.557,57.844,2928879
2011-01-14,58.03,58.513,58.03,58.439,1462868
2011-01-18,58.225,58.373,57.994,58.235,2965001
2011-01-19,58.503,58.791,58.003,58.235,2951301
2011-01-20,57.724,58.04,57.288,57.807,2813301
2011-01-21,57.075,57.307,56.583,56.703,2993821
2011-01-24,57.065,57.576,56.973,57.512,2259377
2011-01-25,57.39,57.548,57.103,57.214,5008729
2011-01-26,58.309,58.634,58.132,58.364,3324122
2011-01-27,58.68,58.801,58.439,58.707,2348283
2011-01-28,58.754,58.782,56.686,56.937,5950548
2011-01-31,57.206,57.498,56.961,56.971,5897712
2011-02-01,57.677,58.948,57.483,58.754,14763927
2011-02-02,58.69,59.134,58.513,58.634,3835728
2011-02-03,58.429,58.764,58.262,58.503,2660203
2011-02-04,58.578,58.809,58.161,58.587,2114741
2011-02-07,58.466,58.707,58.272,58.411,2645396
2011-02-08,58.114,58.244,57.724,58.216,2440802
2011-02-09,56.927,57.01,56.462,56.686,6467079
2011-02-10,55.144,55.794,55.034,55.71,5751012
2011-02-11,54.216,55.256,54.107,55.024,6184273
2011-02-14,55.331,55.525,55.265,55.358,3102226
2011-02-15,55.488,55.544,55.265,55.321,3571372
2011-02-16,55.21,55.405,55.098,55.302,5113366
2011-02-18,56.073,56.23,55.85,56.128,2314419
2011-02-22,53.901,54.318,53.177,53.901,10553775
2011-02-23,54.023,54.254,53.207,53.632,3680075
2011-02-24,53.391,53.689,53.047,53.641,4197633
2011-02-25,54.171,54.328,54.013,54.282,3407627
2011-02-28,53.614,54.005,53.614,53.874,2147320
2011-03-01,54.29,54.505,53.047,53.075,3230564
2011-03-02,53.271,53.882,53.242,53.698,6003002
2011-03-03,54.894,55.238,54.792,55.126,4095722
2011-03-04,55.673,56.044,55.293,55.785,4836858
2011-03-07,55.331,55.488,54.449,54.662,3915999
2011-03-08,55.238,55.905,55.042,55.544,2721950
2011-03-09,55.673,55.831,55.469,55.627,2713942
2011-03-10,54.402,54.402,53.651,53.753,5343950
2011-03-11,53.075,54.032,53.03,53.91,6418045
2011-03-14,54.023,54.606,54.023,54.532,4600108
2011-03-15,52.093,53.659,52.055,53.54,16772020
2011-03-16,53.557,53.93,52.417,52.528,9949042
2011-03-17,53.762,54.123,53.576,53.994,7986435
2011-03-18,54.801,55.061,54.457,54.708,7710412
2011-03-21,55.59,55.887,55.451,55.72,4206832
2011-03-22,55.748,55.943,55.664,55.738,2958611
2011-03-23,55.627,55.998,55.422,55.757,5452107
2011-03-24,56.536,57.103,56.519,56.945,7540473
2011-03-25,57.409,57.837,57.307,57.65,2977310
2011-03-28,57.705,57.827,57.455,57.502,3663567
2011-03-29,57.911,58.383,57.807,58.253,5053393
2011-03-30,59.153,59.487,59.032,59.375,3876193
2011-03-31,59.546,59.95,59.546,59.706,3821605
2011-04-01,60.786,61.037,60.507,60.999,8009538
2011-04-04,60.657,60.805,60.536,60.667,4317517
2011-04-05,60.629,61.037,60.629,60.786,3979595
2011-04-06,60.982,61.176,60.805,60.954,3620092
2011-04-07,60.536,60.684,60.108,60.359,3886592
2011-04-08,60.758,60.815,60.229,60.285,3425115
2011-04-11,60.368,60.397,59.747,59.767,3681441
2011-04-12,59.051,59.107,58.606,58.68,4544396
2011-04-13,60.536,60.667,59.941,60.118,3651098
2011-04-14,60.118,60.908,60.053,60.805,6084582
2011-04-15,60.833,60.972,60.564,60.888,3594134
2011-04-18,59.783,59.924,59.366,59.803,3317101
2011-04-19,60.416,60.638,60.259,60.591,2203863
2011-04-20,62.633,63.022,62.605,62.679,4395342
2011-04-21,63.079,63.458,62.838,63.43,1873089
2011-04-25,63.282,63.43,63.041,63.32,1698430
2011-04-26,63.172,63.746,63.005,63.533,3100488
2011-04-27,63.497,63.625,62.671,63.43,5739033
2011-04-28,63.272,63.413,62.892,63.413,4464053
2011-04-29,63.427,64.001,63.183,64.001,2972465
2011-05-02,64.739,64.943,64.423,64.618,4140921
2011-05-03,63.645,63.663,62.958,63.356,4247580
2011-05-04,62.623,62.79,61.881,62.086,6687102
2011-05-05,61.612,61.798,60.962,61.399,7552217
2011-05-06,61.678,62.41,61.621,61.845,6858029
2011-05-09,60.999,61.482,60.86,61.408,3252535
2011-05-10,61.621,62.086,61.603,61.983,3405793
2011-05-11,62.253,62.253,61.009,61.074,6561617
2011-05-12,60.201,61.018,59.988,60.898,5077568
2011-05-13,60.591,60.647,59.153,59.683,7046089
2011-05-16,59.236,59.85,59.153,59.45,3090543
2011-05-17,59.311,59.468,58.819,59.339,8355545
2011-05-18,60.313,60.786,60.072,60.629,3062710
2011-05-19,59.941,60.017,59.433,59.998,2411828
2011-05-20,59.941,59.96,59.385,59.616,2793929
2011-05-23,57.473,57.512,57.14,57.436,5264830
2011-05-24,58.058,58.123,57.724,57.743,3357994
2011-05-25,57.316,57.789,57.178,57.724,3374769
2011-05-26,58.884,59.134,58.55,59.051,4652567
2011-05-27,59.877,60.275,59.793,60.211,3416228
2011-05-31,61.234,61.476,60.916,61.252,4189554
2011-06-01,61.149,61.26,60.082,60.259,4362510
2011-06-02,60.425,60.591,59.96,60.442,2669526
2011-06-03,59.767,60.387,59.683,60.137,3172120
2011-06-06,59.915,60.062,59.311,59.44,2378408
2011-06-07,59.974,60.123,59.723,59.741,2465732
2011-06-08,59.247,59.257,58.715,58.93,3082280
2011-06-09,58.93,59.377,58.604,59.293,2440159
2011-06-10,58.09,58.147,57.353,57.54,3920916
2011-06-13,58.105,58.216,57.632,57.807,2330951
2011-06-14,59.153,59.626,59.07,59.265,2904823
2011-06-15,58.568,58.764,57.799,58.04,3548928
2011-06-16,57.614,57.839,57.157,57.53,2950760
2011-06-17,57.773,57.82,57.297,57.446,3947852
2011-06-20,56.815,57.12,56.629,57.112,2907096
2011-06-21,58.025,58.584,57.83,58.52,4682021
2011-06-22,58.221,58.668,58.192,58.24,3062114
2011-06-23,57.419,58.118,56.989,58.1,4034595
2011-06-24,58.856,58.911,58.221,58.305,2870778
2011-06-27,58.202,58.846,58.053,58.668,3130447
2011-06-28,58.399,59.275,58.231,59.275,3461071
2011-06-29,59.573,60.02,59.275,59.993,3333432
2011-06-30,59.978,60.796,59.885,60.628,3687306
2011-07-01,60.87,61.802,60.757,61.625,3510330
2011-07-05,62.036,62.381,61.97,62.054,2675414
2011-07-06,61.98,62.436,61.765,62.222,4115944
2011-07-07,62.856,63.454,62.839,63.37,3105265
2011-07-08,62.679,62.949,62.287,62.93,2090778
2011-07-11,61.84,61.933,61.075,61.271,2936791
2011-07-12,60.339,60.833,60.02,60.263,3647129
2011-07-13,61.066,61.942,60.898,61.28,3131324
2011-07-14,61.541,61.616,60.666,60.908,3856361
2011-07-15,61.504,61.57,60.954,61.205,2092274
2011-07-18,60.44,60.572,59.703,60.161,2641438
2011-07-19,60.776,61.289,60.74,61.271,2648211
2011-07-20,61.915,61.952,61.514,61.775,1772263
2011-07-21,61.942,62.429,61.588,62.157,1873753
2011-07-22,62.222,62.409,61.98,62.278,1450285
2011-07-25,61.821,62.026,61.393,61.765,1825265
2011-07-26,62.073,62.287,61.747,62.073,1779383
2011-07-27,62.026,62.083,61.103,61.299,4538094
2011-07-28,62.044,62.044,61.243,61.531,2718388
2011-07-29,60.72,61.42,60.468,61.262,2928091
2011-08-01,62.261,62.371,61.225,61.457,4981166
2011-08-02,60.572,60.572,59.368,59.434,4031720
2011-08-03,58.594,58.659,57.261,58.537,4958430
2011-08-04,56.3,56.402,54.602,54.668,10043412
2011-08-05,55.292,55.479,52.96,54.443,9562022
2011-08-08,51.664,52.01,48.959,49.434,8965821
2011-08-09,49.51,51.393,47.961,51.299,10379680
2011-08-10,49.043,49.659,47.849,47.979,7541492
2011-08-11,49.547,52.056,49.211,51.328,10210902
2011-08-12,50.414,50.713,49.948,50.582,3938796
2011-08-15,51.105,51.953,51.057,51.701,2620531
2011-08-16,52.084,52.307,51.337,51.701,6912823
2011-08-17,52.42,53.016,52.084,52.428,3546038
2011-08-18,49.891,49.967,48.67,49.145,5739600
2011-08-19,47.429,48.521,47.26,47.438,4825660
2011-08-22,48.081,48.081,46.674,46.926,4030863
2011-08-23,48.363,49.565,48.017,49.565,4168691
2011-08-24,48.605,49.137,48.399,49.108,3607199
2011-08-25,49.127,49.351,47.794,47.914,3827850
2011-08-26,48.67,49.659,47.979,49.49,4076009
2011-08-29,50.973,51.645,50.937,51.58,2858175
2011-08-30,51.309,51.795,51.057,51.45,3128249
2011-08-31,52.845,53.174,52.611,52.883,3506196
2011-09-01,52.858,53.362,52.205,52.252,3578263
2011-09-02,51.454,51.727,50.815,50.975,1806109
2011-09-06,49.304,50.452,48.922,50.339,7930788
2011-09-07,51.822,52.373,51.701,52.363,3131653
2011-09-08,51.189,51.608,50.685,50.927,3709491
2011-09-09,49.649,49.807,48.447,48.679,4834796
2011-09-12,47.569,48.717,47.476,48.67,3801795
2011-09-13,48.531,48.922,48.175,48.865,3323903
2011-09-14,48.333,48.949,47.485,48.557,5053940
2011-09-15,48.902,49.295,48.576,49.184,2791512
2011-09-16,49.919,50.069,49.359,49.975,5251087
2011-09-19,47.616,48.195,47.476,48.101,2278821
2011-09-20,48.912,49.164,48.343,48.343,2377035
2011-09-21,47.943,48.241,46.59,46.617,4135899
2011-09-22,43.512,44.108,42.159,42.597,12706880
2011-09-23,42.822,43.576,42.701,43.53,5841563
2011-09-26,42.859,44.174,42.411,44.062,4738456
2011-09-27,46.012,46.973,45.648,45.872,5475308
2011-09-28,45.405,45.685,44.165,44.23,3974350
2011-09-29,46.03,46.311,44.836,45.303,3893729
2011-09-30,44.762,44.998,43.401,43.439,4772687
2011-10-03,43.223,43.922,42.141,42.225,5604816
2011-10-04,42.477,43.801,41.665,43.652,11365161
2011-10-05,43.166,44.118,42.84,43.979,4437086
2011-10-06,44.296,45.396,43.997,45.349,4654252
2011-10-07,45.992,46.105,45.078,45.228,4662369
2011-10-10,46.432,47.438,46.432,47.336,3416130
2011-10-11,46.44,47.27,46.338,47.056,2635100
2011-10-12,48.213,49.127,48.195,48.501,4736333
2011-10-13,47.904,48.325,47.578,47.988,2810103
2011-10-14,49.137,49.342,48.885,49.268,2156463
2011-10-17,49.285,49.359,48.045,48.147,3178696
2011-10-18,48.363,49.677,47.887,49.416,3403319
2011-10-19,50.078,50.096,49.137,49.285,4187537
2011-10-20,48.39,48.464,47.29,48.165,3724790
2011-10-21,49.295,49.584,48.996,49.416,3224013
2011-10-24,50.955,51.972,50.853,51.748,3959240
2011-10-25,51.253,51.431,50.516,50.646,2930145
2011-10-26,51.207,51.431,50.134,50.955,5161023
2011-10-27,53.743,54.677,53.352,54.117,5130261
2011-10-28,53.174,53.734,52.914,53.595,2091878
2011-10-31,52.347,52.516,51.633,51.671,1729262
2011-11-01,50.526,51.299,50.33,50.862,2527087
2011-11-02,52.185,52.27,51.58,52.064,1344297
2011-11-03,52.074,52.223,51.366,52.01,1279115
2011-11-04,52.601,52.865,52.15,52.743,1795196
2011-11-07,52.252,52.876,51.98,52.868,1975535
2011-11-08,52.485,53.044,52.046,52.932,2234183
2011-11-09,50.881,51.169,49.789,49.901,3420688
2011-11-10,49.995,50.116,49.228,49.649,2952319
2011-11-11,50.61,51.357,50.582,51.141,2233714
2011-11-14,51.095,51.131,50.675,50.899,1322962
2011-11-15,50.6,51.291,50.516,51.021,2337213
2011-11-16,49.948,50.62,49.677,49.752,3662516
2011-11-17,50.21,50.358,48.372,48.735,5309034
2011-11-18,49.359,49.444,48.818,49.145,2792692
2011-11-21,47.755,47.803,46.916,47.559,3950239
2011-11-22,47.952,48.417,47.803,48.269,2685795
2011-11-23,47.186,47.186,46.301,46.422,2859866
2011-11-25,46.318,46.655,46.133,46.189,2484761
2011-11-28,48.372,48.725,48.287,48.492,4357429
2011-11-29,49.397,50.096,49.351,49.406,5580997
2011-11-30,51.417,52.376,51.342,52.292,3979730
2011-12-01,52.475,52.876,52.121,52.214,2697482
2011-12-02,52.836,52.883,51.775,51.85,2582464
2011-12-05,52.801,52.979,52.205,52.606,2561045
2011-12-06,51.99,52.244,51.661,52.01,2106529
2011-12-07,51.746,52.207,51.492,52.056,4133096
2011-12-08,51.398,51.53,50.214,50.401,2595721
2011-12-09,50.101,51.088,49.998,51.003,2466763
2011-12-12,49.799,49.891,48.949,49.379,2551754
2011-12-13,49.49,49.67,48.354,48.701,3503278
2011-12-14,48.334,48.457,47.64,47.817,3119796
2011-12-15,48.138,48.437,47.794,47.933,2953725
2011-12-16,48.523,48.626,48.156,48.288,4599582
2011-12-19,46.587,46.681,46.041,46.153,4917700
2011-12-20,47.516,48.635,47.479,48.457,3215261
2011-12-21,48.777,49.087,48.249,49.002,4065213
2011-12-22,49.387,49.548,49.227,49.5,1735089
2011-12-23,49.463,49.942,49.368,49.894,1273753
2011-12-27,48.532,49.284,48.532,48.693,1244148
2011-12-28,48.88,48.927,48.09,48.381,2923901
2011-12-29,48.72,49.114,48.673,49.058,1883583
2011-12-30,48.982,49.293,48.767,49.114,1316593
2012-01-03,50.704,51.257,50.664,51.003,3020795
2012-01-04,50.336,50.805,50.091,50.769,2013643
2012-01-05,50.139,50.242,49.64,50.167,2233063
2012-01-06,49.565,49.565,48.937,49.049,2612755
2012-01-09,48.729,49.106,48.673,48.937,2491730
2012-01-10,50.074,50.28,49.829,49.951,2713499
2012-01-11,49.199,49.5,49.049,49.416,3795775
2012-01-12,49.989,50.046,49.528,49.989,2760088
2012-01-13,50.091,50.223,49.687,50.082,2298132
2012-01-17,51.257,51.437,50.91,51.05,3274474
2012-01-18,51.267,52.01,51.173,51.887,2856659
2012-01-19,52.414,52.855,52.309,52.79,3369176
2012-01-20,53.363,53.578,53.137,53.344,3084738
2012-01-23,53.634,54.415,53.541,54.076,2486073
2012-01-24,53.541,54.171,53.428,54.068,2290289
2012-01-25,53.719,54.669,53.457,54.565,3035081
2012-01-26,54.791,54.839,53.907,54.058,2484139
2012-01-27,54.246,54.556,54.151,54.453,2229483
2012-01-30,53.137,53.625,52.95,53.578,2402576
2012-01-31,54.236,54.274,53.475,53.907,2531051
2012-02-01,54.321,55.016,54.321,54.706,2739375
2012-02-02,55.035,55.355,54.924,54.951,1577998
2012-02-03,55.168,55.647,54.951,55.477,3594762
2012-02-06,54.48,54.809,54.34,54.809,2057341
2012-02-07,54.66,55.233,54.51,55.148,1933210
2012-02-08,55.534,55.759,55.374,55.609,1613368
2012-02-09,55.769,55.863,55.318,55.627,1856983
2012-02-10,54.283,54.283,53.963,54.236,2608535
2012-02-13,55.214,55.421,54.96,55.28,1644844
2012-02-14,54.839,54.951,54.453,54.866,2405993
2012-02-15,55.534,55.665,55.252,55.345,3244287
2012-02-16,54.641,55.627,54.631,55.402,2559448
2012-02-17,56.032,56.116,55.703,55.844,1604344
2012-02-21,55.853,55.91,55.421,55.599,4668553
2012-02-22,55.581,55.627,55.308,55.505,2333520
2012-02-23,55.101,55.101,54.716,54.998,2031271
2012-02-24,55.336,55.721,55.27,55.674,1730861
2012-02-27,54.51,54.998,54.312,54.875,2384998
2012-02-28,55.195,55.43,55.008,55.383,1689239
2012-02-29,56.352,56.691,56.116,56.267,2861876
2012-03-01,56.407,56.961,56.352,56.681,2073172
2012-03-02,56.492,56.596,56.257,56.521,1296670
2012-03-05,55.863,55.956,55.589,55.787,1513531
2012-03-06,54.5,54.556,53.822,54.171,4057094
2012-03-07,54.565,54.931,54.471,54.866,721411
2012-03-08,55.994,56.229,55.9,56.116,1738135
2012-03-09,56.2,56.295,56.013,56.116,1480724
2012-03-12,55.647,55.731,55.327,55.402,2678974
2012-03-13,56.078,57.188,55.994,57.131,2708118
2012-03-14,56.717,56.877,56.247,56.417,2363391
2012-03-15,56.558,57.121,56.492,57.01,3257982
2012-03-16,56.756,56.935,56.632,56.821,1875955
2012-03-19,56.606,57.225,56.586,57.085,1465665
2012-03-20,56.2,56.304,55.825,56.295,2131328
2012-03-21,56.078,56.247,55.881,56.078,3262871
2012-03-22,55.637,55.647,55.214,55.458,2872587
2012-03-23,55.524,55.918,55.26,55.796,2241750
2012-03-26,56.003,56.558,55.938,56.558,1354758
2012-03-27,56.304,56.501,56.2,56.267,1937837
2012-03-28,56.239,56.295,55.477,55.769,4545844
2012-03-29,55.355,55.694,54.951,55.656,2150296
2012-03-30,56.05,56.088,55.74,55.956,3138557
2012-04-02,56.267,57.085,56.22,56.971,1901325
2012-04-03,57.583,57.864,57.085,57.394,2249113
2012-04-04,56.285,56.37,55.976,56.277,4502766
2012-04-05,56.632,57.01,56.606,56.783,2419984
2012-04-09,55.834,55.863,55.627,55.674,1846969
2012-04-10,55.308,55.355,54.236,54.274,3519460
2012-04-11,54.904,55.186,54.8,54.998,2122264
2012-04-12,54.904,55.825,54.819,55.825,2671292
2012-04-13,55.825,55.891,55.383,55.477,2813521
2012-04-16,55.599,55.759,55.026,55.374,2754051
2012-04-17,55.487,55.976,55.355,55.816,2967863
2012-04-18,55.374,55.694,55.28,55.467,1834539
2012-04-19,55.374,55.796,54.866,55.158,2267091
2012-04-20,54.697,55.111,54.697,54.885,1910134
2012-04-23,53.907,54.171,53.523,54.115,2212227
2012-04-24,54.256,54.585,54.181,54.34,1697136
2012-04-25,54.669,54.96,54.641,54.924,2005747
2012-04-26,54.679,55.44,54.679,55.336,1399014
2012-04-27,55.647,55.881,55.467,55.656,2375869
2012-04-30,55.759,55.759,55.458,55.674,1223013
2012-05-01,55.684,56.464,55.345,56.023,1745558
2012-05-02,55.948,56.192,55.881,56.192,1600535
2012-05-03,56.257,56.407,55.825,55.918,3256284
2012-05-04,55.572,55.656,54.669,54.829,4352460
2012-05-07,54.744,55.016,54.603,54.96,1787042
2012-05-08,54.435,54.575,53.757,54.462,3042327
2012-05-09,53.598,54.096,53.296,53.767,2568010
2012-05-10,54.133,54.191,53.71,53.777,2500512
2012-05-11,52.79,53.24,52.676,52.827,1697490
2012-05-14,52.046,52.347,51.925,52.15,2023783
2012-05-15,51.868,52.112,51.371,51.53,2103854
2012-05-16,50.064,50.375,49.67,49.754,4099028
2012-05-17,49.717,49.81,49.106,49.106,1922532
2012-05-18,48.842,49.022,48.165,48.344,2886513
2012-05-21,48.663,49.64,48.578,49.5,2807671
2012-05-22,49.622,49.923,49.199,49.453,3080465
2012-05-23,48.982,49.143,48.109,49.114,3422652
2012-05-24,49.077,49.134,48.344,48.654,1637556
2012-05-25,48.701,48.852,48.513,48.569,1137490
2012-05-29,49.632,50.186,49.594,49.885,2863731
2012-05-30,49.396,49.453,49.002,49.124,2106923
2012-05-31,49.51,49.725,48.964,49.453,1799106
2012-06-01,48.683,48.823,48.194,48.325,4703416
2012-06-04,48.315,48.39,47.865,48.259,2673660
2012-06-05,48.09,48.494,48.005,48.39,1401283
2012-06-06,48.87,50.026,48.87,49.762,1751838
2012-06-07,51.098,51.407,50.562,50.562,3199472
2012-06-08,49.772,50.223,49.65,50.158,1086502
2012-06-11,50.646,50.713,49.65,49.66,1340826
2012-06-12,50.525,50.948,50.299,50.882,1283384
2012-06-13,50.656,51.117,50.44,50.571,1391917
2012-06-14,50.713,51.192,50.562,51.134,1342665
2012-06-15,50.854,51.446,50.797,51.388,2114941
2012-06-18,51.473,51.896,51.388,51.746,2044209
2012-06-19,52.376,52.902,52.292,52.592,1932548
2012-06-20,52.526,52.714,52.018,52.385,3800356
2012-06-21,52.056,52.103,50.788,50.89,1548170
2012-06-22,50.619,50.619,49.998,50.486,1479262
2012-06-25,48.917,49.022,48.475,48.898,1735313
2012-06-26,49.246,49.434,48.88,49.209,2155530
2012-06-27,49.358,49.538,49.227,49.518,3131984
2012-06-28,49.029,49.274,48.738,49.236,2056671
2012-06-29,51.033,51.548,51.033,51.512,2581931
2012-07-02,51.314,51.314,50.769,50.975,1834423
2012-07-03,51.586,52.085,51.483,52.028,1103384
2012-07-05,51.887,52.112,51.69,51.85,1506805
2012-07-06,50.722,50.779,50.327,50.496,2271834
2012-07-09,50.148,50.233,49.961,50.158,1195513
2012-07-10,50.486,50.505,49.565,49.67,1734345
2012-07-11,49.847,50.046,49.5,49.772,1300438
2012-07-12,48.448,48.767,48.174,48.617,1988064
2012-07-13,49.067,49.857,49.067,49.697,1703393
2012-07-16,49.453,49.717,49.246,49.472,1281107
2012-07-17,49.914,50.233,49.378,50.176,1726330
2012-07-18,49.284,49.894,49.284,49.679,1659027
2012-07-19,50.308,50.467,50.074,50.355,1239571
2012-07-20,49.877,49.914,49.575,49.792,1400953
2012-07-23,48.279,48.578,47.865,48.523,1370085
2012-07-24,48.861,48.889,48.138,48.429,1611984
2012-07-25,48.738,48.889,48.364,48.617,1377656
2012-07-26,49.434,49.802,49.311,49.65,2014091
2012-07-27,50.628,51.775,50.562,51.624,1931666
2012-07-30,51.332,51.558,51.183,51.248,1720636
2012-07-31,52.638,52.752,52.244,52.244,2122234
2012-08-01,52.996,53.015,52.423,52.526,1680925
2012-08-02,51.492,51.896,51.042,51.388,1973060
2012-08-03,52.179,52.808,52.14,52.592,1860778
2012-08-06,52.855,53.204,52.78,52.92,1214296
2012-08-07,53.071,53.494,53.062,53.222,1852343
2012-08-08,53.137,53.617,53.09,53.372,831915
2012-08-09,54.274,54.537,54.207,54.283,1585131
2012-08-10,54.274,54.885,54.115,54.819,1224855
2012-08-13,54.171,54.34,53.871,54.151,1174284
2012-08-14,54.772,54.809,54.443,54.556,718983
2012-08-15,54.2,54.405,54.133,54.246,1173108
2012-08-16,54.5,54.931,54.331,54.791,1627718
2012-08-17,54.312,54.34,54.115,54.283,1395284
2012-08-20,53.888,54.519,53.871,54.49,5553764
2012-08-21,54.65,54.734,54.076,54.115,1640553
2012-08-22,53.513,54.151,53.448,54.03,2093146
2012-08-23,53.963,54.021,53.569,53.644,1723734
2012-08-24,53.127,53.832,53.071,53.729,1211553
2012-08-27,53.222,53.334,52.977,53.025,2076827
2012-08-28,53.025,53.296,52.996,53.052,1370935
2012-08-29,53.4,53.503,53.24,53.363,1229046
2012-08-30,52.743,52.818,52.207,52.469,1570036
2012-08-31,52.893,53.184,52.545,52.902,1211309
2012-09-04,52.564,52.705,52.131,52.554,2180195
2012-09-05,51.69,51.766,51.427,51.766,2455269
2012-09-06,51.831,53.137,51.831,52.967,2099205
2012-09-07,53.862,54.34,53.862,54.217,2325887
2012-09-10,53.888,53.898,53.296,53.41,1063896
2012-09-11,53.804,54.227,53.757,53.878,1262692
2012-09-12,54.537,54.679,54.302,54.443,1471373
2012-09-13,54.283,56.098,54.142,55.948,2710888
2012-09-14,56.775,57.545,56.756,56.905,2839519
2012-09-17,56.624,56.651,56.023,56.239,1400705
2012-09-18,56.229,56.473,56.06,56.323,1284629
2012-09-19,56.362,56.624,56.182,56.492,1274146
2012-09-20,55.609,55.966,55.298,55.956,2112794
2012-09-21,56.362,56.362,55.844,55.938,1019130
2012-09-24,55.825,56.078,55.674,55.966,1486798
2012-09-25,56.023,56.163,54.989,54.998,2550072
2012-09-26,55.026,55.138,54.641,54.847,1603812
2012-09-27,55.721,56.229,55.543,56.023,1484757
2012-09-28,55.825,55.844,55.467,55.572,2481545
2012-10-01,55.976,56.727,55.759,56.06,1458044
2012-10-02,56.2,56.277,55.355,55.618,3147792
2012-10-03,55.938,55.966,55.412,55.74,2788026
2012-10-04,55.918,56.277,55.806,56.154,1703133
2012-10-05,56.427,56.802,56.05,56.257,1791727
2012-10-08,55.599,55.787,55.496,55.731,1088544
2012-10-09,55.552,55.581,54.782,54.931,1818552
2012-10-10,54.5,54.5,53.862,53.992,1949483
2012-10-11,54.35,54.49,54.106,54.2,1441725
2012-10-12,53.757,54.123,53.55,53.795,1575121
2012-10-15,54.021,54.34,53.795,54.274,1324042
2012-10-16,54.641,55.158,54.641,55.016,2322687
2012-10-17,55.223,55.552,55.026,55.412,1470917
2012-10-18,55.327,55.749,55.26,55.392,1662769
2012-10-19,54.716,54.725,53.795,53.973,2257046
2012-10-22,54.725,55.054,54.435,54.716,2001956
2012-10-23,53.466,53.494,52.959,53.23,1961138
2012-10-24,53.617,53.729,53.194,53.222,1390658
2012-10-25,54.697,55.063,54.115,54.387,1723950
2012-10-26,53.842,54.068,53.523,53.917,1321100
2012-10-31,54.51,54.556,53.878,54.115,1470846
2012-11-01,54.086,54.725,54.048,54.585,1363348
2012-11-02,54.8,54.931,54.266,54.377,2228639
2012-11-05,54.292,54.641,54.096,54.565,1815982
2012-11-06,55.111,55.496,54.979,55.308,2480965
2012-11-07,55.035,55.158,54.191,54.462,2592898
2012-11-08,54.34,54.669,53.654,53.729,3908154
2012-11-09,53.878,54.405,53.757,53.871,2155692
2012-11-12,54.133,54.368,54.076,54.207,1577033
2012-11-13,53.569,54.011,53.484,53.692,3309181
2012-11-14,54.191,54.274,53.005,53.204,3209617
2012-11-15,53.127,53.475,52.92,53.334,2415717
2012-11-16,52.911,53.334,52.621,53.24,2192459
2012-11-19,53.945,54.669,53.945,54.595,1623843
2012-11-20,54.312,54.829,54.191,54.829,2068811
2012-11-21,54.425,54.716,54.35,54.603,2301817
2012-11-23,55.392,55.515,55.045,55.458,1006882
2012-11-26,55.233,55.26,55.026,55.223,1851425
2012-11-27,55.599,55.731,55.233,55.308,1895819
2012-11-28,55.138,55.9,54.819,55.796,1289968
2012-11-29,56.154,56.332,55.938,56.108,1572274
2012-11-30,56.21,56.257,55.994,56.05,1940456
2012-12-03,56.464,56.501,56.003,56.06,1266083
2012-12-04,56.041,56.247,55.402,56.013,1709659
2012-12-05,56.417,56.707,56.267,56.342,1837029
2012-12-06,56.492,56.877,56.379,56.84,1344297
2012-12-07,57.169,57.281,56.952,57.169,1414701
2012-12-10,57.234,57.573,57.01,57.535,1988805
2012-12-11,57.77,58.118,57.694,58.081,1602018
2012-12-12,58.174,58.494,57.977,58.109,1663007
2012-12-13,58.362,58.767,58.203,58.325,1685503
2012-12-14,58.316,58.635,58.259,58.372,1272689
2012-12-17,58.193,58.767,58.165,58.72,1420588
2012-12-18,58.25,58.625,58.052,58.569,2504017
2012-12-19,58.747,58.927,58.503,58.625,1774773
2012-12-20,58.25,58.588,58.156,58.54,1798064
2012-12-21,57.601,58.062,57.46,57.94,2676221
2012-12-24,57.845,57.948,57.704,57.827,445957
2012-12-26,58.033,58.203,57.677,57.685,932523
2012-12-27,57.855,58.277,57.535,57.948,3428014
2012-12-28,58.503,58.842,58.438,58.513,3450981
2012-12-31,58.56,59.594,58.54,59.536,1400912
2013-01-02,60.777,61.088,60.674,61.06,2945661
2013-01-03,59.923,60.392,59.856,60.017,3200824
2013-01-04,59.612,59.856,59.453,59.772,2902351
2013-01-07,59.425,59.443,59.19,59.274,1797137
2013-01-08,59.124,59.132,58.738,58.889,1791689
2013-01-09,58.832,59.096,58.757,58.889,1502146
2013-01-10,59.481,59.659,59.198,59.604,3440893
2013-01-11,59.246,59.34,58.992,59.265,2136058
2013-01-14,59.274,59.312,58.907,59.19,1864697
2013-01-15,58.466,58.785,58.362,58.776,2779393
2013-01-16,58.316,58.55,58.127,58.409,2026026
2013-01-17,58.869,59.198,58.767,58.945,1659161
2013-01-18,58.588,58.729,58.287,58.691,1699579
2013-01-22,58.654,58.663,58.362,58.56,1922833
2013-01-23,57.677,57.967,57.583,57.912,1890127
2013-01-24,57.319,57.526,57.188,57.319,2367039
2013-01-25,56.135,56.239,55.684,56.182,3732062
2013-01-28,55.223,55.609,55.223,55.562,3160498
2013-01-29,56.125,56.446,56.05,56.295,2264861
2013-01-30,56.267,56.398,55.91,55.994,2919482
2013-01-31,56.013,56.108,55.881,55.984,1957699
2013-02-01,56.041,56.116,55.825,55.956,2371663
2013-02-04,55.552,55.572,55.101,55.27,3192374
2013-02-05,55.589,55.759,55.392,55.477,2051037
2013-02-06,55.035,55.214,54.829,55.186,1534820
2013-02-07,55.158,55.158,54.641,54.989,2449112
2013-02-08,55.647,56.003,55.647,55.976,1912816
2013-02-11,55.74,56.257,55.74,56.2,1352390
2013-02-12,55.891,56.473,55.853,56.2,1959888
2013-02-13,57.02,57.196,56.802,56.925,2130583
2013-02-14,56.961,57.349,56.952,57.339,1538167
2013-02-15,57.432,57.441,57.169,57.309,1350564
2013-02-19,57.563,57.855,57.516,57.526,3810609
2013-02-20,58.682,58.691,57.997,58.043,2846276
2013-02-21,57.902,57.921,57.46,57.779,3536166
2013-02-22,58.137,58.316,57.997,58.25,2135011
2013-02-25,58.277,58.277,56.775,56.868,2445765
2013-02-26,57.593,57.723,57.375,57.619,1443239
2013-02-27,57.677,58.466,57.619,58.438,1418951
2013-02-28,58.456,58.532,57.94,57.977,1723313
2013-03-01,57.658,58.211,57.46,58.211,2382775
2013-03-04,57.714,57.94,57.414,57.94,2807999
2013-03-05,58.25,58.625,58.241,58.447,2655789
2013-03-06,58.287,58.287,57.921,58.062,1925295
2013-03-07,57.573,57.874,57.432,57.789,1830295
2013-03-08,57.404,57.553,57.188,57.423,2667379
2013-03-11,56.971,57.094,56.85,57.02,1880331
2013-03-12,56.511,56.661,56.182,56.304,2572932
2013-03-13,56.182,56.229,55.844,56.182,2227146
2013-03-14,56.182,56.285,55.976,56.192,1100923
2013-03-15,55.383,55.421,55.008,55.252,2799853
2013-03-18,54.914,55.111,54.809,54.885,2606140
2013-03-19,54.979,55.073,54.292,54.687,2508276
2013-03-20,54.809,54.894,54.537,54.556,2004720
2013-03-21,53.878,54.011,53.692,53.739,2871145
2013-03-22,54.039,54.312,54.039,54.292,1844915
2013-03-25,55.214,55.421,54.697,54.96,3329573
2013-03-26,55.515,55.918,55.515,55.872,2154109
2013-03-27,55.505,56.088,55.402,55.966,1660821
2013-03-28,55.731,55.928,55.589,55.853,1857209
2013-04-01,55.656,55.816,55.223,55.27,2074728
2013-04-02,54.951,55.214,54.819,54.924,3414018
2013-04-03,54.809,55.008,54.292,54.425,3604431
2013-04-04,53.289,53.55,53.015,53.448,2457246
2013-04-05,52.038,52.526,51.812,52.414,2854238
2013-04-08,51.953,52.207,51.783,52.14,1749363
2013-04-09,52.309,52.79,52.056,52.564,2825904
2013-04-10,53.279,53.747,53.204,53.569,1765559
2013-04-11,53.381,53.634,53.363,53.484,1610972
2013-04-12,52.122,52.216,51.521,51.802,5010247
2013-04-15,52.592,52.592,51.512,51.586,4912789
2013-04-16,53.015,53.212,52.836,53.174,2734820
2013-04-17,52.376,52.376,51.878,52.292,3170007
2013-04-18,51.878,51.878,51.388,51.502,2160272
2013-04-19,52.122,52.14,51.858,51.915,1269546
2013-04-22,52.451,52.638,52.282,52.516,1573936
2013-04-23,52.526,52.808,52.414,52.714,1961330
2013-04-24,52.996,53.269,52.95,53.052,2031594
2013-04-25,53.598,54.011,53.598,53.871,2333718
2013-04-26,53.569,53.578,53.315,53.4,1340632
2013-04-29,53.757,54.03,53.598,53.832,1320757
2013-04-30,54.415,55.054,54.256,54.904,2198938
2013-05-01,54.716,54.8,54.227,54.359,1596553
2013-05-02,54.191,54.687,54.058,54.679,1628522
2013-05-03,54.857,55.298,54.829,55.12,2020429
2013-05-06,54.744,54.931,54.621,54.772,1622336
2013-05-07,54.97,55.063,54.734,54.989,1351739
2013-05-08,55.176,55.252,54.96,55.111,1624955
2013-05-09,55.43,55.656,55.026,55.168,2307993
2013-05-10,53.381,53.673,53.147,53.617,7107745
2013-05-13,53.541,53.757,53.279,53.372,1769388
2013-05-14,54.096,54.405,54.076,54.34,1495191
2013-05-15,54.021,54.246,53.907,54.133,1628689
2013-05-16,54.603,54.839,54.575,54.621,2048852
2013-05-17,54.631,54.809,54.453,54.669,1670608
2013-05-20,54.754,54.951,54.595,54.894,1695103
2013-05-21,54.885,54.998,54.585,54.847,919906
2013-05-22,55.008,55.477,54.246,54.396,1936085
2013-05-23,53.608,54.076,53.533,53.992,1798798
2013-05-24,53.617,53.739,53.466,53.692,1734422
2013-05-28,54.51,54.556,54.133,54.246,1609519
2013-05-29,54.387,54.49,54.123,54.34,1407767
2013-05-30,54.565,55.016,54.565,54.847,1564529
2013-05-31,54.679,54.679,54.142,54.171,2168049
2013-06-03,54.697,55.336,54.453,55.26,3127891
2013-06-04,54.847,55.168,54.425,54.612,2375554
2013-06-05,54.2,54.246,53.663,53.682,2011134
2013-06-06,53.739,53.955,53.372,53.917,3764727
2013-06-07,52.95,53.127,52.696,53.109,2394176
2013-06-10,52.865,52.865,52.423,52.507,1851710
2013-06-11,51.69,52.17,51.521,51.802,4432426
2013-06-12,51.935,52.038,51.286,51.38,1957745
2013-06-13,51.078,51.727,50.89,51.633,2839143
2013-06-14,51.314,51.454,50.713,50.919,2149192
2013-06-17,51.248,51.454,50.966,51.219,1507870
2013-06-18,51.362,51.651,51.173,51.502,1479173
2013-06-19,51.322,51.332,50.139,50.176,2755925
2013-06-20,48.503,48.738,47.611,48.259,6661203
2013-06-21,48.213,48.344,47.667,48.213,2929024
2013-06-24,47.113,47.507,46.577,47.132,3667102
2013-06-25,48.138,48.315,47.582,47.986,4285242
2013-06-26,47.855,48.138,47.64,47.93,3326897
2013-06-27,49.266,49.717,49.266,49.622,3216712
2013-06-28,49.65,50.176,49.358,49.998,2518154
2013-07-01,50.704,50.938,50.525,50.552,2226045
2013-07-02,50.206,50.46,49.518,49.81,2387597
2013-07-03,48.946,49.443,48.87,49.266,1767232
2013-07-05,48.937,49.161,48.279,48.598,2533649
2013-07-08,48.494,48.842,48.494,48.72,1917864
2013-07-09,49.293,49.528,48.973,49.311,2193065
2013-07-10,49.236,49.51,49.049,49.171,2267289
2013-07-11,51.304,51.878,50.993,51.831,4682514
2013-07-12,51.238,51.304,50.966,51.219,2113604
2013-07-15,51.643,51.783,51.454,51.643,2193064
2013-07-16,51.548,51.586,51.257,51.512,1651040
2013-07-17,52.046,52.17,51.878,52.085,1597534
2013-07-18,51.502,51.661,51.352,51.483,1267639
2013-07-19,51.512,51.633,51.332,51.606,1498538
2013-07-22,51.614,51.962,51.53,51.896,1766088
2013-07-23,52.423,52.601,52.292,52.319,1515550
2013-07-24,52.77,52.798,52.038,52.16,3560226
2013-07-25,52.319,52.865,52.301,52.667,3111357
2013-07-26,52.658,53.09,52.516,53.042,1812542
2013-07-29,52.545,52.714,52.441,52.526,2553236
2013-07-30,52.883,52.911,52.63,52.714,1043467
2013-07-31,52.367,52.967,52.17,52.469,2715058
2013-08-01,52.798,53.147,52.696,53.042,3190232
2013-08-02,52.911,53.315,52.911,53.147,1761764
2013-08-05,53.099,53.119,52.827,52.977,1043074
2013-08-06,52.611,52.63,52.301,52.554,1281170
2013-08-07,51.85,51.972,51.643,51.841,1463800
2013-08-08,52.272,52.489,51.953,52.319,2059295
2013-08-09,52.235,52.319,51.943,52.028,1133156
2013-08-12,52.018,52.309,51.98,52.225,1197102
2013-08-13,52.798,53.109,52.611,52.92,2884223
2013-08-14,53.344,53.344,53.127,53.156,1837976
2013-08-15,52.592,52.959,52.103,52.752,4935491
2013-08-16,53.296,53.513,53.062,53.109,1850986
2013-08-19,53.127,53.212,52.714,52.761,1243235
2013-08-20,52.254,52.573,52.179,52.469,1302322
2013-08-21,51.483,51.661,51.069,51.144,2870293
2013-08-22,51.342,51.643,51.342,51.53,1919905
2013-08-23,52.075,52.367,51.943,52.272,2030354
2013-08-26,52.621,52.78,52.329,52.404,954819
2013-08-27,52.028,52.17,51.727,51.775,1681997
2013-08-28,52.254,52.78,52.103,52.536,2219884
2013-08-29,53.391,53.955,53.391,53.625,2535904
2013-08-30,53.973,53.992,53.598,53.786,2250451
2013-09-03,54.791,54.819,54.236,54.302,4467399
2013-09-04,54.941,55.637,54.924,55.581,2154295
2013-09-05,55.749,55.966,55.589,55.787,2899576
2013-09-06,56.417,56.877,56.144,56.765,4952706
2013-09-09,57.131,57.648,57.036,57.46,2293486
2013-09-10,57.948,58.099,57.752,57.94,3026517
2013-09-11,58.099,58.306,57.93,58.241,2255710
2013-09-12,57.921,57.948,57.638,57.685,2736814
2013-09-13,57.658,57.837,57.516,57.752,3087406
2013-09-16,58.418,58.503,58.184,58.296,2567395
2013-09-17,58.184,58.259,57.864,58.033,5617068
2013-09-18,58.25,60.618,57.948,60.412,6160984
2013-09-19,60.073,60.242,59.481,60.119,4665284
2013-09-20,59.94,59.94,58.889,58.907,3422379
2013-09-23,58.625,58.823,58.485,58.691,3831525
2013-09-24,58.747,58.927,58.579,58.663,2591261
2013-09-25,58.211,58.316,57.958,58.043,2195009
2013-09-26,58.569,58.823,58.569,58.672,1747379
2013-09-27,58.625,58.72,58.343,58.447,2220618
2013-09-30,57.93,58.062,57.704,57.799,2762392
2013-10-01,58.25,58.72,58.184,58.645,2879165
2013-10-02,58.325,58.738,58.287,58.729,2457265
2013-10-03,59.086,59.236,58.184,58.607,2679913
2013-10-04,58.438,58.823,58.401,58.757,1905376
2013-10-07,58.287,58.588,58.25,58.428,1433403
2013-10-08,58.71,58.852,58.211,58.277,3263368
2013-10-09,58.409,58.823,58.099,58.503,2712749
2013-10-10,59.086,59.679,59.001,59.621,5582822
2013-10-11,59.848,60.252,59.809,60.025,2212756
2013-10-14,59.669,60.337,59.669,60.214,1573505
2013-10-15,60.589,60.666,60.261,60.261,2612718
2013-10-16,60.599,60.985,60.562,60.796,3487104
2013-10-17,60.891,61.426,60.891,61.351,1852884
2013-10-18,61.586,61.698,61.379,61.576,2089739
2013-10-21,61.398,61.474,61.276,61.36,2128159
2013-10-22,61.746,62.094,61.708,61.727,2571569
2013-10-23,60.693,60.767,60.497,60.589,3884766
2013-10-24,60.75,60.834,60.571,60.777,4244515
2013-10-25,60.299,60.636,60.299,60.571,1390185
2013-10-28,61.022,61.125,60.928,60.994,1302109
2013-10-29,61.323,61.417,61.266,61.323,2596677
2013-10-30,61.549,61.642,61.003,61.145,2189312
2013-10-31,60.589,60.618,60.044,60.054,3151266
2013-11-01,60.571,60.571,60.119,60.477,3845956
2013-11-04,60.129,60.307,59.904,60.299,2029851
2013-11-05,59.829,59.829,59.396,59.527,2737050
2013-11-06,59.978,60.008,59.79,59.865,1582059
2013-11-07,59.405,59.594,58.494,58.645,3846415
2013-11-08,58.456,58.795,58.221,58.747,2893943
2013-11-11,58.343,58.438,58.174,58.231,1673283
2013-11-12,58.598,58.767,58.269,58.466,3521983
2013-11-13,57.375,58.052,57.375,58.014,3532841
2013-11-14,57.94,58.485,57.789,58.428,2546947
2013-11-15,59.679,60.119,59.519,59.97,4071847
2013-11-18,60.543,60.608,60.194,60.233,1831911
2013-11-19,60.711,61.022,60.599,60.599,2277199
2013-11-20,60.523,60.636,59.772,59.829,2035585
2013-11-21,59.227,59.584,59.142,59.453,1953900
2013-11-22,59.481,59.819,59.35,59.612,2612878
2013-11-25,60.102,60.129,59.358,59.396,2478050
2013-11-26,59.923,60.204,59.856,59.97,2970485
2013-11-27,60.345,60.477,60.214,60.422,2300013
2013-11-29,61.079,61.276,60.957,61.116,1609456
2013-12-02,60.674,60.777,59.865,60.054,3142353
2013-12-03,59.443,59.669,59.124,59.461,3034085
2013-12-04,58.645,59.058,58.503,58.927,3302550
2013-12-05,58.738,58.954,58.588,58.691,1867294
2013-12-06,59.519,59.94,59.443,59.688,3242558
2013-12-09,60.168,60.307,59.978,60.025,1801956
2013-12-10,59.659,59.839,59.546,59.809,1570532
2013-12-11,59.274,59.274,58.466,58.588,4572094
2013-12-12,58.672,58.672,58.372,58.391,2561232
2013-12-13,58.616,58.701,58.343,58.579,1708809
2013-12-16,59.106,59.396,58.992,59.358,3668751
2013-12-17,59.076,59.106,58.804,58.898,3308723
2013-12-18,59.287,60.307,58.763,60.05,5894330
2013-12-19,58.81,59.106,58.448,59.001,4335414
2013-12-20,59.039,59.325,58.982,59.011,3413256
2013-12-23,59.554,59.782,59.458,59.669,1746596
2013-12-24,59.649,59.831,59.649,59.735,720490
2013-12-26,59.697,59.735,59.355,59.373,885128
2013-12-27,60.565,60.851,60.431,60.774,2093731
2013-12-30,60.698,60.975,60.651,60.917,2102108
2013-12-31,61.223,61.718,61.203,61.661,3083204
2014-01-02,59.507,59.554,58.572,58.773,5934520
2014-01-03,58.486,58.658,58.133,58.41,2983600
2014-01-06,57.933,58.047,57.761,57.943,4288763
2014-01-07,58.143,58.315,58.038,58.162,2092566
2014-01-08,58.028,58.067,57.733,57.905,3355614
2014-01-09,57.866,57.866,57.333,57.704,3069004
2014-01-10,57.552,58.105,57.523,57.819,4912417
2014-01-13,58.248,58.295,57.475,57.694,2829945
2014-01-14,57.915,58.276,57.694,58.057,2530225
2014-01-15,57.981,57.991,57.78,57.952,1645780
2014-01-16,57.971,58.047,57.761,57.923,2492187
2014-01-17,57.485,57.609,57.352,57.581,3920450
2014-01-21,57.991,58.105,57.542,57.677,4141702
2014-01-22,57.876,58.038,57.714,57.981,2236609
2014-01-23,56.798,56.913,56.207,56.589,4873390
2014-01-24,56.045,56.045,54.929,54.958,7220581
2014-01-27,55.435,55.788,55.035,55.435,5110863
2014-01-28,55.893,56.15,55.845,55.988,4226000
2014-01-29,55.95,56.351,55.502,55.797,7260182
2014-01-30,56.331,56.609,56.093,56.189,3539805
2014-01-31,55.664,56.331,55.378,56.293,4368565
2014-02-03,55.587,55.626,54.605,54.796,6266175
2014-02-04,55.187,55.493,54.968,55.216,4549079
2014-02-05,55.015,55.463,54.901,55.331,3562169
2014-02-06,55.731,56.275,55.721,56.179,3140110
2014-02-07,56.437,56.646,56.198,56.464,4588409
2014-02-10,56.398,56.398,56.036,56.217,2046382
2014-02-11,56.626,57.313,56.569,57.095,4087844
2014-02-12,57.399,57.591,57.208,57.257,2429073
2014-02-13,56.331,57.112,56.331,57.028,2131353
2014-02-14,57.857,58.295,57.809,57.905,3260001
2014-02-18,57.685,57.78,57.323,57.333,2529442
2014-02-19,57.171,57.333,56.579,56.771,3230040
2014-02-20,56.417,56.798,56.322,56.732,3116183
2014-02-21,57.257,57.437,57.075,57.095,3869802
2014-02-24,57.181,59.087,57.181,57.429,2768492
2014-02-25,57.723,57.723,57.247,57.38,3186286
2014-02-26,58.077,58.162,57.733,57.866,2956031
2014-02-27,58.239,58.629,58.181,58.525,2605693
2014-02-28,58.496,58.543,57.829,58.239,4330648
2014-03-03,57.552,57.761,57.352,57.761,2912532
2014-03-04,58.086,58.525,58.086,58.239,3024884
2014-03-05,58.001,58.162,57.915,58.086,1960083
2014-03-06,58.563,58.906,58.505,58.753,2513984
2014-03-07,58.448,58.477,58.067,58.429,2377080
2014-03-10,57.591,57.714,57.313,57.714,1805757
2014-03-11,57.952,58.028,57.284,57.352,3031381
2014-03-12,56.369,56.999,56.302,56.989,3192198
2014-03-13,57.009,57.036,55.769,56.027,4456997
2014-03-14,55.769,56.169,55.769,55.902,3190345
2014-03-17,56.732,56.96,56.617,56.865,3032742
2014-03-18,56.703,57.227,56.703,57.112,3873715
2014-03-19,56.923,56.942,55.921,56.083,3204880
2014-03-20,55.301,55.731,55.225,55.673,2923273
2014-03-21,56.121,56.369,55.921,55.95,4169654
2014-03-24,56.531,56.531,56.159,56.341,2470921
2014-03-25,56.617,56.751,56.398,56.617,2748972
2014-03-26,57.446,57.628,57.247,57.37,3523845
2014-03-27,57.866,58.209,57.714,58.114,3275654
2014-03-28,58.353,58.534,58.229,58.286,1893391
2014-03-31,58.61,58.849,58.581,58.648,2641077
2014-04-01,59.211,59.458,59.192,59.392,2907927
2014-04-02,59.335,59.401,59.23,59.401,1455987
2014-04-03,59.355,59.468,59.077,59.439,2143122
2014-04-04,60.02,60.327,59.392,59.421,5685947
2014-04-07,59.478,59.745,59.192,59.335,1919889
2014-04-08,60.44,60.575,60.278,60.317,2666788
2014-04-09,60.87,61.366,60.679,61.137,3085444
2014-04-10,60.994,61.061,60.45,60.45,6344700
2014-04-11,60.192,60.536,60.175,60.526,4560669
2014-04-14,60.813,60.87,60.431,60.585,1655263
2014-04-15,60.089,60.231,59.507,60.04,3067559
2014-04-16,60.403,60.946,60.383,60.936,2400923
2014-04-17,60.517,60.774,60.479,60.727,2695756
2014-04-21,60.727,60.87,60.631,60.87,1443078
2014-04-22,60.975,61.022,60.851,60.879,2203183
2014-04-23,60.489,60.499,60.221,60.403,972476
2014-04-24,60.383,60.546,60.136,60.507,959400
2014-04-25,59.507,59.517,59.211,59.478,2034686
2014-04-28,59.917,60.069,59.679,59.927,2451810
2014-04-29,59.993,60.212,59.897,60.175,1682656
2014-04-30,59.487,59.669,59.363,59.64,1537280
2014-05-01,59.669,60.04,59.239,59.936,1192864
2014-05-02,59.544,59.821,59.535,59.773,1792880
2014-05-05,59.593,59.669,59.392,59.649,1324011
2014-05-06,59.563,60.251,59.563,59.831,2169462
2014-05-07,59.363,59.535,59.22,59.517,1390237
2014-05-08,59.659,60.059,59.659,59.831,2402369
2014-05-09,59.63,59.85,59.525,59.716,1080953
2014-05-12,60.288,60.575,60.288,60.526,1456528
2014-05-13,61.041,61.318,61.041,61.184,1690871
2014-05-14,61.642,61.804,61.509,61.557,2165095
2014-05-15,61.661,61.718,61.118,61.223,2557249
2014-05-16,61.785,62.062,61.728,61.995,2100706
2014-05-19,61.995,62.214,61.938,62.214,1721014
2014-05-20,61.823,61.957,61.595,61.595,1996458
2014-05-21,61.814,62.023,61.804,61.976,995388
2014-05-22,62.147,62.263,62.042,62.224,1241518
2014-05-23,62.109,62.224,61.985,62.042,1954950
2014-05-27,61.423,61.461,61.28,61.432,1558977
2014-05-28,62.119,62.31,62.1,62.128,1412949
2014-05-29,62.425,62.472,62.3,62.443,837778
2014-05-30,61.718,61.747,61.509,61.623,1062065
2014-06-02,61.69,61.718,61.575,61.661,1160469
2014-06-03,61.747,61.871,61.681,61.776,1570469
2014-06-04,61.528,61.785,61.309,61.728,1691027
2014-06-05,61.737,61.929,61.604,61.88,1249938
2014-06-06,62.319,62.673,62.1,62.348,2116831
2014-06-09,62.186,62.29,62.062,62.233,1586333
2014-06-10,62.501,62.643,62.491,62.605,2288646
2014-06-11,62.3,62.405,62.281,62.366,1600761
2014-06-12,62.253,62.415,61.823,61.976,2193033
2014-06-13,61.223,61.299,61.061,61.28,1740308
2014-06-16,61.423,61.537,61.309,61.395,1018694
2014-06-17,61.451,61.595,61.366,61.537,2122231
2014-06-18,61.242,61.785,61.071,61.728,2712028
2014-06-19,61.375,61.566,61.356,61.518,2047526
2014-06-20,60.612,60.688,60.345,60.651,1692586
2014-06-23,60.985,61.032,60.889,60.946,1200454
2014-06-24,61.69,61.929,61.48,61.604,1564876
2014-06-25,61.108,61.575,61.08,61.547,1837373
2014-06-26,61.909,61.976,61.671,61.843,1061808
2014-06-27,61.919,61.976,61.804,61.947,742071
2014-06-30,62.062,62.147,61.976,61.995,1141850
2014-07-01,62.128,62.528,62.119,62.491,2344805
2014-07-02,62.796,62.862,62.653,62.72,2518155
2014-07-03,62.72,62.891,62.605,62.882,747260
2014-07-07,62.052,62.177,61.957,62.157,1239037
2014-07-08,61.957,62.023,61.718,61.804,1324736
2014-07-09,61.709,62.023,61.671,61.995,1419076
2014-07-10,61.118,61.537,61.089,61.537,1411759
2014-07-11,61.061,61.071,60.889,60.985,2503750
2014-07-14,61.356,61.366,61.213,61.356,712150
2014-07-15,61.499,61.547,61.175,61.318,1722190
2014-07-16,61.661,61.737,61.509,61.557,1032461
2014-07-17,61.642,61.728,60.909,60.946,1387195
2014-07-18,61.537,61.785,61.423,61.737,2214241
2014-07-21,61.451,61.929,61.442,61.766,2619370
2014-07-22,62.357,62.634,62.329,62.501,3117052
2014-07-23,62.31,62.348,62.128,62.281,1505375
2014-07-24,62.109,62.186,61.995,62.138,3136600
2014-07-25,62.329,62.433,62.195,62.271,1433492
2014-07-28,62.759,63.139,62.759,63.063,2844060
2014-07-29,63.702,63.835,63.655,63.749,6214091
2014-07-30,64.512,64.607,64.016,64.226,3051142
2014-07-31,63.673,63.673,62.938,63.024,3966572
2014-08-01,63.387,63.702,63.177,63.501,2701949
2014-08-04,63.407,63.569,63.159,63.51,3311380
2014-08-05,62.911,62.921,62.481,62.557,3083583
2014-08-06,62.263,62.596,62.195,62.357,1835035
2014-08-07,62.186,62.214,61.843,61.957,2694686
2014-08-08,61.661,62.204,61.661,62.119,4795274
2014-08-11,62.31,62.376,62.214,62.319,2234159
2014-08-12,62.177,62.491,62.177,62.462,1761641
2014-08-13,62.882,62.938,62.69,62.862,1919872
2014-08-14,63.397,63.444,63.331,63.417,1113220
2014-08-15,63.596,63.854,62.967,63.225,2555628
2014-08-18,63.024,63.387,63.014,63.311,2035550
2014-08-19,63.473,63.721,63.473,63.664,1450385
2014-08-20,63.235,63.368,63.092,63.225,2242336
2014-08-21,62.348,62.433,62.29,62.386,1809441
2014-08-22,62.7,62.786,62.433,62.729,1480427
2014-08-25,62.958,63.024,62.852,62.948,1192079
2014-08-26,63.177,63.596,63.177,63.569,2552071
2014-08-27,63.51,63.635,63.368,63.578,1597593
2014-08-28,63.12,63.578,63.12,63.559,2676792
2014-08-29,63.454,63.454,63.235,63.311,1541702
2014-09-02,62.519,62.528,62.271,62.357,2299379
2014-09-03,62.433,62.557,62.204,62.204,1683432
2014-09-04,62.348,62.538,62.119,62.186,1237975
2014-09-05,61.88,62.109,61.737,62.052,3651012
2014-09-08,61.785,61.957,61.118,61.395,3138173
2014-09-09,61.184,61.184,60.354,60.641,3246477
2014-09-10,60.479,61.022,60.221,60.889,2455334
2014-09-11,60.546,60.717,60.507,60.641,1865622
2014-09-12,60.747,60.965,60.612,60.755,3775825
2014-09-15,60.661,60.679,60.423,60.517,1268592
2014-09-16,60.555,61.413,60.555,61.213,2794267
2014-09-17,61.28,61.661,61.061,61.099,2122610
2014-09-18,60.593,60.641,60.517,60.593,1448622
2014-09-19,60.67,60.737,60.354,60.469,2969977
2014-09-22,59.688,59.802,59.277,59.497,2590350
2014-09-23,59.316,59.583,59.259,59.316,1956901
2014-09-24,59.573,60.013,59.431,59.944,2178675
2014-09-25,59.22,59.239,58.753,58.858,2443231
2014-09-26,59.097,59.097,58.791,58.982,1875163
2014-09-29,58.028,58.295,57.981,58.229,1640364
2014-09-30,57.905,57.981,57.647,57.694,4232988
2014-10-01,56.913,57.075,56.179,56.189,4929672
2014-10-02,55.921,56.255,55.617,55.979,4233279
2014-10-03,55.883,56.245,55.445,56.121,3606397
2014-10-06,55.997,56.113,55.865,56.036,1997477
2014-10-07,55.826,55.826,55.483,55.531,1679105
2014-10-08,55.321,55.912,54.853,55.835,3366426
2014-10-09,55.531,55.779,54.567,54.929,3610298
2014-10-10,54.273,54.396,53.804,53.843,5648902
2014-10-13,54.863,55.015,54.31,54.329,2909787
2014-10-14,54.453,54.767,54.329,54.501,3065213
2014-10-15,54.415,54.577,53.691,54.425,4957785
2014-10-16,53.948,54.577,53.538,54.233,4863231
2014-10-17,54.273,54.386,53.89,54.157,2648146
2014-10-20,54.701,54.968,54.538,54.911,1940288
2014-10-21,54.901,55.159,54.815,55.101,2208750
2014-10-22,55.063,55.101,54.786,54.872,1471706
2014-10-23,54.997,55.159,54.911,54.949,1928503
2014-10-24,54.863,55.015,54.759,54.901,3627203
2014-10-27,55.015,55.225,54.968,55.197,2044111
2014-10-28,55.416,55.769,55.397,55.721,2437423
2014-10-29,56.655,56.884,56.103,56.275,4057695
2014-10-30,56.226,56.636,56.189,56.609,2544663
2014-10-31,55.931,56.074,55.759,55.902,5133297
2014-11-03,55.245,55.301,54.759,54.968,4076743
2014-11-04,54.683,54.729,54.481,54.71,1502394
2014-11-05,54.052,54.052,53.585,53.843,5067187
2014-11-06,54.376,54.634,54.015,54.071,3351642
2014-11-07,54.138,54.425,54.101,54.386,1778001
2014-11-10,55.073,55.12,54.853,54.853,1486793
2014-11-11,54.538,54.538,54.329,54.405,2273584
2014-11-12,54.481,54.853,54.481,54.597,3234856
2014-11-13,54.577,54.624,54.273,54.405,1745633
2014-11-14,53.471,53.995,53.443,53.966,2702275
2014-11-17,54.138,54.138,53.853,53.909,1630653
2014-11-18,54.443,54.511,54.319,54.329,1192911
2014-11-19,53.681,53.681,53.29,53.529,2537202
2014-11-20,53.367,53.509,53.299,53.394,1826365
2014-11-21,54.062,54.167,53.804,54.148,3483449
2014-11-24,54.224,54.233,53.929,54.187,1724672
2014-11-25,54.224,54.329,54.081,54.101,1776311
2014-11-26,54.538,54.863,54.538,54.845,2375366
2014-11-28,54.683,54.683,54.138,54.233,2236261
2014-12-01,53.919,54.233,53.728,53.823,2349650
2014-12-02,53.853,53.853,53.661,53.738,1923411
2014-12-03,53.795,53.863,53.7,53.718,2121581
2014-12-04,54.319,54.52,54.205,54.273,2150048
2014-12-05,54.425,54.425,53.872,53.957,2689988
2014-12-08,54.062,54.148,53.948,53.986,2312989
2014-12-09,54.071,54.386,54.062,54.349,4057317
2014-12-10,53.833,53.833,53.281,53.519,4097945
2014-12-11,53.394,53.394,52.889,53.061,3959985
2014-12-12,52.871,52.879,52.269,52.327,4236087
2014-12-15,53.205,53.271,52.794,52.861,4250070
2014-12-16,53.538,54.081,53.461,53.623,6394068
2014-12-17,52.98,53.656,52.952,53.308,4915523
2014-12-18,53.183,53.241,52.97,53.183,4527597
2014-12-19,53.559,53.675,53.298,53.347,3699075
2014-12-22,53.868,54.128,53.839,53.964,2495104
2014-12-23,53.636,53.829,53.193,53.357,2430288
2014-12-24,53.665,53.8,53.598,53.656,904844
2014-12-26,53.868,54.138,53.868,53.916,935173
2014-12-29,53.656,53.733,53.54,53.713,2167920
2014-12-30,53.125,53.298,52.98,53.28,2154322
2014-12-31,53.472,53.713,53.298,53.347,1939597
2015-01-02,53.531,53.531,52.575,52.788,4421733
2015-01-05,52.517,52.517,51.986,52.131,4089466
2015-01-06,52.054,52.237,51.794,51.938,2984245
2015-01-07,52.304,52.624,52.227,52.594,3311559
2015-01-08,53.328,53.781,53.231,53.617,3757779
2015-01-09,54.312,54.36,54.003,54.109,3788192
2015-01-12,54.437,54.437,54.061,54.119,2145487
2015-01-13,54.679,54.871,54.351,54.592,2906945
2015-01-14,53.733,54.466,53.733,54.244,2486758
2015-01-15,54.649,54.669,54.264,54.331,2452725
2015-01-16,54.36,54.379,53.868,54.254,4161589
2015-01-20,54.234,54.292,54.003,54.225,2957053
2015-01-21,54.572,54.862,54.225,54.736,2499036
2015-01-22,54.91,55.585,54.63,55.364,3602193
2015-01-23,55.451,55.546,55.315,55.364,1902659
2015-01-26,55.296,55.528,55.151,55.46,1466431
2015-01-27,55.451,55.451,55.141,55.238,1703748
2015-01-28,55.248,55.479,54.92,55.035,2864836
2015-01-29,54.871,54.939,54.485,54.929,2691343
2015-01-30,53.955,54.128,53.656,53.695,4368753
2015-02-02,54.187,54.804,54.128,54.592,2381424
2015-02-03,54.63,55.054,54.437,54.997,2873958
2015-02-04,55.277,55.518,55.18,55.257,1650625
2015-02-05,54.669,55.074,54.611,55.026,1597426
2015-02-06,54.418,54.428,53.974,54.177,1990964
2015-02-09,53.887,54.157,53.887,54.148,1880323
2015-02-10,53.887,53.906,53.608,53.752,1804588
2015-02-11,53.492,53.617,53.029,53.106,11819339
2015-02-12,53.318,53.685,53.318,53.626,2691640
2015-02-13,53.926,54.148,53.849,54.061,2289742
2015-02-17,53.849,54.023,53.79,53.964,1380136
2015-02-18,53.569,54.1,53.549,54.013,1545194
2015-02-19,53.82,53.974,53.617,53.762,1647881
2015-02-20,53.887,54.341,53.675,54.196,2562701
2015-02-23,54.003,54.215,53.897,54.032,1503130
2015-02-24,54.013,54.534,53.829,54.418,2198353
2015-02-25,54.553,54.813,54.553,54.726,2513105
2015-02-26,54.871,54.91,54.756,54.804,2070936
2015-02-27,54.746,54.843,54.592,54.64,2459304
2015-03-02,54.997,55.074,54.852,55.054,1781405
2015-03-03,55.325,55.421,55.209,55.228,2885197
2015-03-04,55.171,55.228,54.881,55.035,2437772
2015-03-05,55.151,55.238,54.997,55.074,1244331
2015-03-06,55.084,55.141,54.601,54.794,3135181
2015-03-09,54.553,54.553,54.234,54.37,2478919
2015-03-10,53.501,53.511,53.019,53.039,3344955
2015-03-11,53.289,53.347,53.086,53.183,2075231
2015-03-12,53.849,53.868,53.626,53.636,2298477
2015-03-13,53.067,53.116,52.642,52.865,2485862
2015-03-16,53.521,53.81,53.472,53.636,2187787
2015-03-17,54.91,55.026,54.669,55.007,4251825
2015-03-18,54.765,56.048,54.64,55.923,5110399
2015-03-19,55.373,55.373,54.968,55.2,2256917
2015-03-20,55.441,55.866,55.431,55.74,2925306
2015-03-23,55.788,55.981,55.71,55.884,2369058
2015-03-24,55.913,56.087,55.913,56.038,1614023
2015-03-25,56.202,56.348,55.74,55.769,3172493
2015-03-26,55.528,55.528,55.045,55.325,2138971
2015-03-27,55.373,55.392,55.122,55.305,1506027
2015-03-30,55.469,55.653,55.382,55.556,1965578
2015-03-31,55.151,55.325,55.103,55.228,1944855
2015-04-01,55.171,55.421,55.074,55.373,1811980
2015-04-02,55.807,56.048,55.73,55.971,2993503
2015-04-06,56.319,56.888,56.319,56.714,3446627
2015-04-07,56.261,56.261,56.048,56.068,2943361
2015-04-08,56.724,56.878,56.512,56.686,3902239
2015-04-09,56.609,56.676,56.396,56.522,2277242
2015-04-10,57.399,57.573,57.274,57.506,3034856
2015-04-13,57.553,57.727,57.312,57.332,3695058
2015-04-14,58.123,58.413,58.085,58.335,3736412
2015-04-15,58.547,58.857,58.413,58.683,2131078
2015-04-16,58.934,59.57,58.924,59.357,3537028
2015-04-17,58.991,59.078,58.779,58.875,4153468
2015-04-20,59.454,59.754,59.454,59.58,3043110
2015-04-21,59.513,59.541,59.272,59.28,2331131
2015-04-22,59.802,59.85,59.561,59.744,3068943
2015-04-23,60.313,60.902,60.256,60.709,2974225
2015-04-24,60.535,60.738,60.274,60.438,2342659
2015-04-27,60.4,60.535,60.342,60.458,2064038
2015-04-28,60.313,60.641,60.236,60.631,3153613
2015-04-29,59.725,60.023,59.608,59.782,3470465
2015-04-30,59.28,59.377,58.972,59.021,2786943
2015-05-01,58.865,59.136,58.788,59.011,2538927
2015-05-04,59.397,59.58,59.252,59.513,3624167
2015-05-05,59.367,59.483,58.788,58.837,3190631
2015-05-06,58.373,58.547,58.055,58.229,3707867
2015-05-07,57.708,57.737,57.389,57.611,2932654
2015-05-08,57.853,57.978,57.621,57.872,2510530
2015-05-11,57.506,57.515,57.148,57.178,2512084
2015-05-12,56.878,57.332,56.82,57.187,1403069
2015-05-13,57.593,57.776,57.534,57.544,2191793
2015-05-14,57.949,58.296,57.94,58.209,1771974
2015-05-15,57.38,57.689,57.274,57.67,2569601
2015-05-18,57.515,57.553,57.322,57.342,1328971
2015-05-19,57.515,57.621,57.409,57.476,1529870
2015-05-20,57.785,58.017,57.631,57.804,1718705
2015-05-21,57.178,57.496,57.139,57.476,1507167
2015-05-22,57.872,57.959,57.747,57.766,1964126
2015-05-26,57.178,57.196,56.656,56.801,2728647
2015-05-27,55.904,56.02,55.72,55.952,3441859
2015-05-28,55.797,55.827,55.605,55.797,1742898
2015-05-29,55.807,55.913,55.692,55.769,2276920
2015-06-01,55.412,55.412,55.064,55.228,2578632
2015-06-02,54.804,55.122,54.726,55.064,2560931
2015-06-03,54.679,54.9,54.601,54.707,1723573
2015-06-04,54.466,54.611,54.234,54.331,1920078
2015-06-05,53.916,54.177,53.82,53.877,3092585
2015-06-08,53.887,53.936,53.752,53.916,1595367
2015-06-09,53.906,53.926,53.704,53.762,1518700
2015-06-10,53.984,54.331,53.984,54.264,3286866
2015-06-11,54.032,54.157,53.906,54.013,1906418
2015-06-12,53.375,53.462,53.211,53.462,2189756
2015-06-15,53.308,53.337,53.029,53.203,1500638
2015-06-16,52.806,52.893,52.604,52.855,2313091
2015-06-17,52.749,53.501,52.508,53.318,3757762
2015-06-18,53.839,54.061,53.752,53.839,4011892
2015-06-19,53.916,53.984,53.733,53.733,1950861
2015-06-22,54.534,54.649,54.437,54.437,2075231
2015-06-23,54.698,54.881,54.649,54.813,2472733
2015-06-24,54.437,54.466,54.283,54.341,1632160
2015-06-25,54.331,54.649,54.07,54.109,2387920
2015-06-26,53.877,53.887,53.695,53.82,1665119
2015-06-29,53.289,53.289,52.681,52.932,2501202
2015-06-30,53.501,53.588,53.173,53.173,2593253
2015-07-01,54.341,54.341,53.656,53.752,2152030
2015-07-02,53.955,54.119,53.772,53.81,1194789
2015-07-06,52.382,52.421,51.938,52.189,3334071
2015-07-07,51.658,51.832,51.196,51.774,3779008
2015-07-08,51.05,51.07,50.54,50.558,6108889
2015-07-09,51.707,51.755,51.205,51.214,2677704
2015-07-10,51.726,51.842,51.62,51.697,3328268
2015-07-13,51.986,51.986,51.735,51.774,1847425
2015-07-14,51.34,51.369,51.06,51.33,2399203
2015-07-15,51.137,51.156,50.848,50.983,1772455
2015-07-16,51.591,51.812,51.484,51.571,1992110
2015-07-17,51.166,51.166,50.973,51.089,2558515
2015-07-20,50.645,50.694,50.317,50.645,2023410
2015-07-21,50.781,50.935,50.771,50.838,2078030
2015-07-22,50.346,50.423,50.105,50.22,2139697
2015-07-23,50.038,50.105,49.661,49.69,2095959
2015-07-24,49.015,49.198,48.657,48.803,2315785
2015-07-27,49.111,49.313,49.092,49.121,2266762
2015-07-28,49.603,49.979,49.516,49.854,1792392
2015-07-29,50.172,50.481,50.018,50.172,3326817
2015-07-30,49.054,49.149,48.821,49.063,2284900
2015-07-31,49.487,49.633,49.256,49.382,3248878
2015-08-03,48.899,48.976,48.523,48.639,2391909
2015-08-04,49.285,49.42,49.015,49.082,2083109
2015-08-05,49.218,49.295,48.803,48.803,1696730
2015-08-06,48.503,48.639,48.233,48.272,1700343
2015-08-07,48.146,48.349,48.118,48.262,1514733
2015-08-10,48.436,48.87,48.329,48.812,1418035
2015-08-11,47.375,47.375,47.017,47.191,3015990
2015-08-12,46.96,47.298,46.853,47.249,5171341
2015-08-13,47.384,47.529,47.239,47.355,1716628
2015-08-14,47.403,47.664,47.345,47.462,1334396
2015-08-17,46.767,46.94,46.622,46.776,2076890
2015-08-18,46.525,46.593,46.439,46.478,2776061
2015-08-19,46.294,46.632,46.043,46.168,5441329
2015-08-20,45.338,45.397,45.03,45.117,3798286
2015-08-21,44.895,44.991,44.046,44.065,5637005
2015-08-24,41.932,44.297,41.431,43.129,10624098
2015-08-25,45.368,45.579,43.959,43.987,6356387
2015-08-26,44.866,45.31,44.548,45.261,5596895
2015-08-27,45.937,46.496,45.783,46.448,6924243
2015-08-28,46.304,46.439,46.071,46.304,3598878
2015-08-31,46.13,46.322,45.927,46.158,3623441
2015-09-01,45.348,45.638,45.107,45.194,5192898
2015-09-02,45.994,45.994,45.686,45.976,3290749
2015-09-03,45.802,46.178,45.676,45.725,2640496
2015-09-04,45.271,45.271,44.471,44.557,3195813
2015-09-08,45.474,45.676,45.251,45.666,3242866
2015-09-09,46.757,46.892,46.227,46.255,4086204
2015-09-10,46.322,46.863,46.313,46.796,4140326
2015-09-11,46.525,46.873,46.478,46.873,1989001
2015-09-14,46.506,46.699,46.371,46.478,1635684
2015-09-15,46.728,47.152,46.699,47.017,3142437
2015-09-16,48.503,48.957,48.407,48.851,4542335
2015-09-17,48.754,49.825,48.696,48.783,5498139
2015-09-18,48.667,48.87,48.165,48.233,3724492
2015-09-21,47.712,47.77,47.423,47.577,2736884
2015-09-22,46.94,47.008,46.767,46.95,2617592
2015-09-23,46.853,46.921,46.506,46.535,2878518
2015-09-24,45.976,46.439,45.85,46.284,3569973
2015-09-25,46.709,46.796,46.265,46.332,2055021
2015-09-28,46.024,46.168,45.271,45.397,4485828
2015-09-29,45.425,45.541,45.04,45.251,2935152
2015-09-30,47.008,47.162,46.873,47.065,3896332
2015-10-01,47.77,47.895,47.519,47.837,2947692
2015-10-02,47.239,48.339,47.191,48.31,4708059
2015-10-05,48.687,49.275,48.629,49.275,4852770
2015-10-06,49.005,49.343,48.928,49.159,2456013
2015-10-07,50.568,50.877,50.471,50.645,4026038
2015-10-08,50.51,51.099,50.481,51.05,3384338
2015-10-09,51.909,52.373,51.34,51.514,4886531
2015-10-12,51.562,51.562,51.273,51.32,2236398
2015-10-13,50.781,51.099,50.645,50.694,3760560
2015-10-14,51.166,51.398,51.079,51.234,2070360
2015-10-15,52.478,52.739,52.391,52.672,4827248
2015-10-16,52.199,52.468,52.18,52.401,2886544
2015-10-19,52.295,52.391,51.967,52.102,2374094
2015-10-20,52.324,52.468,52.209,52.353,1642213
2015-10-21,52.14,52.199,51.852,51.958,2764350
2015-10-22,52.083,52.788,52.083,52.729,3150625
2015-10-23,52.932,53.047,52.681,52.826,2306561
2015-10-26,52.855,52.865,52.662,52.778,1274490
2015-10-27,52.575,52.575,52.324,52.391,1594123
2015-10-28,52.778,52.893,51.668,51.958,5415728
2015-10-29,51.648,52.016,51.591,51.938,2739682
2015-10-30,52.632,52.729,52.421,52.468,2193798
2015-11-02,52.788,53.424,52.788,53.375,4015632
2015-11-03,53.472,54.244,53.472,54.119,3232428
2015-11-04,53.704,53.733,53.183,53.347,2715566
2015-11-05,53.164,53.337,52.97,53.308,1981538
2015-11-06,52.045,52.295,51.803,52.286,3269295
2015-11-09,51.707,51.707,51.079,51.214,3774703
2015-11-10,50.732,50.838,50.568,50.761,2499129
2015-11-11,51.186,51.214,50.954,51.022,1955421
2015-11-12,50.587,50.819,50.336,50.443,2010662
2015-11-13,49.825,49.825,49.372,49.459,2752120
2015-11-16,49.275,49.969,49.275,49.931,2863120
2015-11-17,49.777,49.835,49.516,49.641,2642777
2015-11-18,49.767,50.307,49.69,50.202,2761965
2015-11-19,50.809,51.137,50.799,51.022,4252550
2015-11-20,51.369,51.571,51.243,51.282,3314380
2015-11-23,51.176,51.32,51.089,51.166,2708175
2015-11-24,51.514,51.958,51.369,51.842,3142229
2015-11-25,51.88,51.948,51.755,51.842,1683360
2015-11-27,51.765,51.812,51.504,51.533,1028755
2015-11-30,50.742,50.992,50.713,50.964,5948865
2015-12-01,51.484,51.909,51.446,51.852,3142141
2015-12-02,50.954,51.041,50.713,50.886,3147852
2015-12-03,50.433,50.54,49.979,50.336,3149750
2015-12-04,49.854,50.578,49.728,50.462,2760618
2015-12-07,49.633,49.671,49.14,49.304,2910692
2015-12-08,48.552,48.812,48.455,48.774,3386885
2015-12-09,48.706,49.005,48.484,48.6,3196123
2015-12-10,49.024,49.131,48.754,48.821,3075069
2015-12-11,48.165,48.233,47.818,47.905,3926906
2015-12-14,48.252,48.474,47.895,48.368,4014291
2015-12-15,48.908,49.246,48.86,49.082,2894939
2015-12-16,49.874,50.597,49.728,50.376,4955245
2015-12-17,49.439,49.536,49.092,49.102,4864559
2015-12-18,49.671,49.748,49.266,49.295,3629556
2015-12-21,49.949,50.127,49.642,50.067,2549019
2015-12-22,50.275,50.571,50.136,50.532,3654496
2015-12-23,50.749,51.026,50.69,50.947,1789384
2015-12-24,50.482,50.601,50.403,50.551,877526
2015-12-28,49.88,49.998,49.731,49.968,2223063
2015-12-29,50.393,50.611,50.077,50.077,5188695
2015-12-30,49.494,49.682,49.405,49.484,2014603
2015-12-31,49.247,49.445,49.069,49.079,1926669
2016-01-04,47.745,47.943,47.459,47.933,4245371
2016-01-05,48.299,48.427,48.086,48.14,2475303
2016-01-06,47.36,47.39,47.004,47.182,3989142
2016-01-07,46.569,47.004,46.392,46.431,4533474
2016-01-08,46.708,46.797,46.135,46.174,7728202
2016-01-11,46.53,46.836,46.243,46.688,3627090
2016-01-12,46.599,46.723,46.254,46.55,4356716
2016-01-13,47.261,47.419,46.313,46.421,3802700
2016-01-14,46.589,47.024,46.322,46.925,4713255
2016-01-15,44.919,45.285,44.504,44.949,4905488
2016-01-19,46.639,46.668,45.996,46.233,3306226
2016-01-20,44.801,45.117,43.892,44.801,5387953
2016-01-21,45.305,45.858,45.018,45.403,4125609
2016-01-22,46.698,46.866,46.471,46.757,3542666
2016-01-25,46.767,46.925,46.105,46.125,2861880
2016-01-26,46.243,46.574,46.056,46.56,2358836
2016-01-27,46.629,46.846,45.947,46.214,3275185
2016-01-28,46.787,46.856,46.392,46.688,3474187
2016-01-29,46.56,47.212,46.54,47.172,3921948
2016-02-01,46.767,47.187,46.688,47.044,2716711
2016-02-02,46.392,46.392,45.581,45.71,3789327
2016-02-03,45.917,46.688,45.275,46.668,5130531
2016-02-04,47.627,48.071,47.39,47.558,3804106
2016-02-05,47.459,47.459,46.787,46.975,2547865
2016-02-08,46.135,46.826,45.927,46.648,3732270
2016-02-09,45.967,46.668,45.69,46.154,4083855
2016-02-10,46.668,47.32,46.342,46.382,3891935
2016-02-11,45.394,45.744,45.245,45.453,5072708
2016-02-12,45.463,45.932,45.344,45.917,3747441
2016-02-16,45.947,46.273,45.848,46.273,2940835
2016-02-17,46.303,46.935,46.253,46.816,2612013
2016-02-18,46.441,46.5,46.095,46.313,2661158
2016-02-19,46.046,46.342,46.036,46.075,2444372
2016-02-22,46.787,47.044,46.777,47.044,1932966
2016-02-23,46.629,46.708,46.219,46.253,2198331
2016-02-24,45.809,46.451,45.65,46.303,2497123
2016-02-25,46.016,46.48,45.888,46.461,2812852
2016-02-26,46.352,46.461,45.69,45.749,2027076
2016-02-29,46.125,46.273,46.016,46.036,2450791
2016-03-01,46.955,47.449,46.688,47.33,4082505
2016-03-02,47.222,47.725,47.143,47.706,3099898
2016-03-03,48.052,48.388,48.012,48.358,2146093
2016-03-04,48.506,49.183,48.506,49.148,4216732
2016-03-07,48.467,49.089,48.467,48.99,3326770
2016-03-08,48.042,48.136,47.834,47.864,2913003
2016-03-09,48.081,48.373,48.052,48.18,3021163
2016-03-10,48.941,49.178,48.526,48.98,3065943
2016-03-11,49.662,50.156,49.662,50.048,2872704
2016-03-14,49.86,49.86,49.583,49.642,1559448
2016-03-15,49.316,49.415,49.188,49.376,2415701
2016-03-16,49.336,50.492,49.306,50.423,3216255
2016-03-17,51.115,51.727,51.055,51.638,3449450
2016-03-18,51.461,51.648,51.451,51.52,1819640
2016-03-21,51.372,51.554,51.283,51.47,1239103
2016-03-22,51.5,51.945,51.441,51.787,1664773
2016-03-23,51.293,51.322,50.947,50.947,1939093
2016-03-24,50.808,50.986,50.715,50.947,1686697
2016-03-28,50.937,51.105,50.937,50.966,972093
2016-03-29,51.154,52.073,51.144,52.073,1915790
2016-03-30,52.804,52.923,52.597,52.656,2434175
2016-03-31,52.567,52.671,52.128,52.192,2667281
2016-04-01,50.769,51.549,50.65,51.441,2150963
2016-04-04,51.411,51.559,51.065,51.075,1850840
2016-04-05,50.285,50.408,50.097,50.117,2319886
2016-04-06,50.581,51.026,50.463,51.016,2387023
2016-04-07,50.591,50.621,50.176,50.225,2999418
2016-04-08,51.164,51.164,50.7,50.838,2352694
2016-04-11,51.233,51.589,51.233,51.352,3138917
2016-04-12,51.5,51.945,51.317,51.836,2805886
2016-04-13,52.478,52.696,52.231,52.429,5706607
2016-04-14,52.518,52.528,52.241,52.31,2529678
2016-04-15,52.409,52.468,52.162,52.182,5080378
2016-04-18,52.31,52.607,52.142,52.577,3474111
2016-04-19,53.358,53.624,53.244,53.377,3274251
2016-04-20,53.032,53.264,52.933,53.111,1536532
2016-04-21,53.269,53.279,52.725,52.814,2424867
2016-04-22,52.518,52.597,52.207,52.291,1910132
2016-04-25,52.291,52.291,52.009,52.083,2230368
2016-04-26,52.508,52.597,52.31,52.488,3326258
2016-04-27,52.261,52.617,52.073,52.557,2062333
2016-04-28,51.994,52.409,51.925,52.221,4275012
2016-04-29,51.836,51.915,51.302,51.629,3967556
2016-05-02,51.856,51.994,51.658,51.935,2445637
2016-05-03,51.223,51.362,50.789,50.897,4734894
2016-05-04,50.403,50.413,49.939,49.939,5418631
2016-05-05,50.245,50.393,49.682,49.82,3480050
2016-05-06,49.721,50.008,49.474,49.87,3573488
2016-05-09,49.84,50.018,49.524,49.563,2862207
2016-05-10,50.127,50.393,50.127,50.393,2594885
2016-05-11,50.265,50.433,50.077,50.156,1736433
2016-05-12,50.324,50.383,49.919,49.978,2864859
2016-05-13,49.376,49.415,48.98,48.99,3007099
2016-05-16,49.316,49.435,49.257,49.366,1917904
2016-05-17,49.326,49.376,48.951,49.059,2571310
2016-05-18,48.467,48.733,48.066,48.259,3248223
2016-05-19,48.21,48.368,48.106,48.279,2724676
2016-05-20,48.437,48.565,48.388,48.486,2348004
2016-05-23,48.595,48.798,48.565,48.664,3946870
2016-05-24,48.348,48.56,48.318,48.467,3710569
2016-05-25,49.247,49.405,49.178,49.316,1990978
2016-05-26,49.474,49.573,49.257,49.346,2122706
2016-05-27,49.504,49.534,49.158,49.198,1573847
2016-05-31,49.237,49.395,49.148,49.168,2656371
2016-06-01,49.188,49.435,49.143,49.346,1816480
2016-06-02,49.504,49.908,49.504,49.899,3346155
2016-06-03,50.502,50.848,50.383,50.838,2929213
2016-06-06,51.055,51.638,51.046,51.441,3670910
2016-06-07,51.727,52.053,51.727,52.024,2250171
2016-06-08,52.379,52.538,52.261,52.439,2054192
2016-06-09,51.994,52.202,51.885,52.034,2049362
2016-06-10,51.362,51.49,50.937,51.134,2293385
2016-06-13,50.057,50.522,50.057,50.117,1845611
2016-06-14,49.731,49.85,49.43,49.712,2600829
2016-06-15,50.304,50.7,50.176,50.245,2957675
2016-06-16,49.553,50.067,49.257,50.008,2168459
2016-06-17,50.067,50.067,49.692,49.959,1839501
2016-06-20,51.204,51.461,51.115,51.164,2876999
2016-06-21,51.312,51.54,51.174,51.461,1576760
2016-06-22,52.024,52.132,51.816,51.885,3342028
2016-06-23,52.241,52.794,52.113,52.765,2056096
2016-06-24,49.949,50.532,49.386,49.386,5902136
2016-06-27,48.98,48.99,48.111,48.368,4924883
2016-06-28,49.741,49.939,49.553,49.889,3227110
2016-06-29,50.759,51.085,50.759,51.055,3435031
2016-06-30,51.332,51.515,51.144,51.441,3280857
2016-07-01,52.152,52.34,52.029,52.202,2372406
2016-07-05,51.757,51.767,51.367,51.372,2178485
2016-07-06,50.117,50.69,49.968,50.67,3322230
2016-07-07,51.154,51.322,50.897,51.065,2329867
2016-07-08,51.381,51.846,51.352,51.836,1948873
2016-07-11,52.182,52.31,52.034,52.053,2112176
2016-07-12,52.439,52.883,52.36,52.765,3810463
2016-07-13,52.982,53.012,52.626,52.814,1929993
2016-07-14,53.644,54.01,53.634,53.832,1833788
2016-07-15,53.713,53.832,53.55,53.694,1504198
2016-07-18,53.555,53.911,53.555,53.911,1244589
2016-07-19,53.397,53.457,53.25,53.308,1201820
2016-07-20,53.417,53.476,53.234,53.308,1846768
2016-07-21,53.209,53.363,53.101,53.16,1687043
2016-07-22,53.496,53.664,53.387,53.664,978704
2016-07-25,53.397,53.466,53.051,53.061,751515
2016-07-26,53.802,53.99,53.605,53.644,2160540
2016-07-27,53.941,54.089,53.585,53.931,1827399
2016-07-28,53.921,54.128,53.862,54.128,940813
2016-07-29,54.79,55.037,54.692,54.998,3268096
2016-08-01,55.423,55.541,55.255,55.393,2699615
2016-08-02,55.107,55.107,54.474,54.603,2320125
2016-08-03,53.921,54.217,53.842,54.217,1950641
2016-08-04,54.296,54.593,54.257,54.474,1702937
2016-08-05,55.117,55.294,55.013,55.285,1683291
2016-08-08,55.7,55.769,55.601,55.66,1191380
2016-08-09,56.253,56.599,56.154,56.352,1479581
2016-08-10,56.618,56.697,56.391,56.589,3048180
2016-08-11,56.638,57.093,56.495,57.052,3385647
2016-08-12,56.628,56.737,56.421,56.53,1165047
2016-08-15,57.043,57.394,56.984,57.152,1646015
2016-08-16,57.014,57.014,56.826,56.905,1635580
2016-08-17,56.035,56.263,55.64,56.154,1929990
2016-08-18,56.569,56.984,56.52,56.964,1793187
2016-08-19,56.371,56.628,56.144,56.569,1346313
2016-08-22,56.115,56.115,55.719,55.848,1417243
2016-08-23,56.47,56.609,56.164,56.194,1463835
2016-08-24,56.085,56.144,55.912,56.124,1857676
2016-08-25,56.085,56.263,56.075,56.253,1659080
2016-08-26,56.105,56.767,55.354,55.541,3873166
2016-08-29,55.759,56.085,55.7,56.006,1288661
2016-08-30,56.332,56.421,55.976,56.026,1247386
2016-08-31,55.966,55.976,55.66,55.68,2505336
2016-09-01,55.561,55.937,55.482,55.937,2486171
2016-09-02,56.48,56.658,56.248,56.52,3405034
2016-09-06,57.518,58.318,57.419,58.269,4787610
2016-09-07,58.269,58.437,58.17,58.318,2932267
2016-09-08,58.071,58.081,57.597,57.646,2282606
2016-09-09,56.747,56.747,55.68,55.69,3353298
2016-09-12,54.741,55.986,54.702,55.818,3305765
2016-09-13,54.672,54.672,53.931,54.01,4789099
2016-09-14,54.138,54.909,54.138,54.257,4182751
2016-09-15,54.474,54.958,54.198,54.879,4944718
2016-09-16,54.346,54.622,53.906,54.543,2998514
2016-09-19,55.294,55.472,55.057,55.067,2749707
2016-09-20,55.62,55.719,55.443,55.551,1611809
2016-09-21,56.085,57.241,56.016,57.152,3516360
2016-09-22,57.695,57.923,57.409,57.607,2464923
2016-09-23,57.211,57.32,56.945,56.964,1656997
2016-09-26,56.727,56.786,56.342,56.352,1817784
2016-09-27,57.221,57.616,57.103,57.607,1867924
2016-09-28,57.488,57.933,57.142,57.933,2369866
2016-09-29,57.824,57.903,56.954,57.122,2534839
2016-09-30,57.271,57.597,57.053,57.439,2129856
2016-10-03,57.31,57.503,57.014,57.35,2553817
2016-10-04,57.014,57.083,56.174,56.243,3330680
2016-10-05,56.777,57.033,56.678,56.974,1958526
2016-10-06,56.786,57.3,56.688,57.271,3095864
2016-10-07,57.399,57.399,56.648,56.925,2041861
2016-10-10,57.271,57.686,57.271,57.508,1315140
2016-10-11,55.828,55.828,55.205,55.364,3525762
2016-10-12,55.265,55.635,55.186,55.423,2309488
2016-10-13,54.543,55.028,54.262,54.879,2714237
2016-10-14,55.255,55.383,54.702,54.702,3005992
2016-10-17,54.929,55.097,54.889,55.008,1179297
2016-10-18,55.927,56.115,55.848,55.927,1863839
2016-10-19,56.194,56.446,56.07,56.362,1229552
2016-10-20,55.927,56.095,55.611,55.739,2032332
2016-10-21,55.304,55.62,55.205,55.522,3173666
2016-10-24,56.194,56.194,55.719,55.798,1450121
2016-10-25,55.818,55.867,55.62,55.818,1598573
2016-10-26,55.107,55.196,54.869,54.919,2152250
2016-10-27,55.156,55.156,54.538,54.553,1955755
2016-10-28,54.761,54.988,54.375,54.593,2947397
2016-10-31,54.593,54.781,54.484,54.692,1950326
2016-11-01,54.869,54.869,54.02,54.247,3202376
2016-11-02,54.069,54.138,53.664,53.832,2617639
2016-11-03,54.059,54.237,53.822,53.891,2246547
2016-11-04,53.704,54.089,53.674,53.733,2520647
2016-11-07,54.474,55.156,54.474,55.097,3657382
2016-11-08,55.077,55.887,54.978,55.7,3910710
2016-11-09,53.496,53.872,53.061,53.091,9059267
2016-11-10,53.289,53.387,52.172,52.478,9008541
2016-11-11,52.202,52.468,51.703,52.221,4871596
2016-11-14,51.796,51.94,51.609,51.708,4072838
2016-11-15,51.796,52.37,51.737,52.281,3043307
2016-11-16,51.777,51.994,51.549,51.787,2343747
2016-11-17,51.994,52.083,51.737,51.767,2391795
2016-11-18,51.846,51.9,51.322,51.332,3679644
2016-11-21,51.658,51.757,51.465,51.54,1568943
2016-11-22,52.152,52.804,52.152,52.794,3145784
2016-11-23,52.35,52.379,52.034,52.172,2483493
2016-11-25,52.221,52.399,52.221,52.399,568565
2016-11-28,52.508,52.646,52.375,52.399,1538225
2016-11-29,52.449,52.883,52.424,52.765,2058819
2016-11-30,52.982,52.982,52.557,52.626,2703956
2016-12-01,52.785,52.903,52.617,52.824,2748816
2016-12-02,52.538,52.745,52.468,52.656,1840896
2016-12-05,52.735,52.943,52.656,52.903,2026993
2016-12-06,53.308,53.308,52.962,53.15,2659756
2016-12-07,53.595,54.395,53.536,54.296,4139918
2016-12-08,54.425,54.86,54.356,54.751,2840987
2016-12-09,54.445,54.573,54.301,54.346,1727316
2016-12-12,54.405,54.568,54.326,54.405,2139539
2016-12-13,54.603,54.929,54.553,54.86,1363286
2016-12-14,54.524,54.8,53.368,53.417,3254304
2016-12-15,53.713,53.738,53.486,53.545,3326343
2016-12-16,53.634,53.654,53.412,53.585,1807563
2016-12-19,53.595,53.792,53.575,53.615,1864791
2016-12-20,53.516,53.674,53.476,53.615,2014206
2016-12-21,53.54,53.58,53.33,53.35,1667555
2016-12-22,52.8,52.88,52.6,52.77,2387414
2016-12-23,52.79,53.1,52.75,53.09,1688233
2016-12-27,52.99,53.135,52.975,53.08,1184931
2016-12-28,53.04,53.12,52.88,52.99,1810995
2016-12-29,53.22,53.56,53.03,53.54,2221936
2016-12-30,53.71,53.71,53.1,53.22,1868267
2017-01-03,53.96,54.035,53.8,54.03,3069282
2017-01-04,54.28,54.51,54.245,54.4,2253107
2017-01-05,54.73,55.07,54.66,54.94,2837513
2017-01-06,54.56,54.56,54.33,54.34,1695998
2017-01-09,54.05,54.36,54.05,54.24,1467474
2017-01-10,54.45,54.7,54.4,54.47,1408602
2017-01-11,55.48,56.04,55.23,55.99,3974761
2017-01-12,56.24,56.745,56.2274,56.72,3959575
2017-01-13,56.23,56.72,56.23,56.69,1499340
2017-01-17,56.91,57.08,56.895,57.08,2399983
2017-01-18,56.59,56.71,56.165,56.26,1998090
2017-01-19,56.32,56.32,55.94,56.16,2096921
2017-01-20,56.18,56.36,56.03,56.16,2296381
2017-01-23,56.43,57.0,56.43,56.96,1495255
2017-01-24,57.0,57.1,56.92,56.94,1653848
2017-01-25,57.06,57.64,57.01,57.56,2456702
2017-01-26,57.56,57.63,57.3399,57.35,2234615
2017-01-27,57.2,57.43,56.98,57.2,1868804
2017-01-30,56.97,57.12,56.75,57.12,1680311
2017-01-31,57.67,58.02,57.66,57.88,2098691
2017-02-01,57.93,58.0,57.69,57.9,2415200
2017-02-02,58.47,58.625,58.31,58.44,2131798
2017-02-03,58.78,59.09,58.68,58.91,1677263
2017-02-06,58.77,58.86,58.65,58.81,1417170
2017-02-07,58.16,58.27,58.065,58.23,1487206
2017-02-08,57.89,58.1,57.86,58.01,1925682
2017-02-09,58.06,58.19,57.97,58.07,2017688
2017-02-10,57.84,58.14,57.77,58.12,2746685
2017-02-13,57.92,58.11,57.75,58.08,1790953
2017-02-14,58.13,58.175,57.73,58.14,2282133
2017-02-15,58.16,58.83,58.08,58.8,1855981
2017-02-16,58.39,58.43,58.115,58.15,2334529
2017-02-17,57.71,57.99,57.68,57.97,1312623
2017-02-21,58.8,59.1,58.71,59.07,1576532
2017-02-22,58.95,59.23,58.84,59.2,1311914
2017-02-23,59.55,59.77,59.475,59.52,2118936
2017-02-24,58.92,59.09,58.915,59.07,1007362
2017-02-27,58.79,58.88,58.51,58.67,1259655
2017-02-28,59.03,59.05,58.49,58.56,2446410
2017-03-01,58.57,59.01,58.51,58.95,2549075
2017-03-02,58.67,58.71,58.075,58.16,2146152
2017-03-03,57.68,57.78,57.38,57.73,2703406
2017-03-06,57.54,57.75,57.53,57.69,1776779
2017-03-07,57.99,58.18,57.915,58.07,2077635
2017-03-08,58.13,58.21,57.79,57.83,1428850
2017-03-09,57.69,57.69,57.21,57.44,1833284
2017-03-10,58.08,58.435,57.95,58.36,1812755
2017-03-13,58.95,59.33,58.95,59.31,3310107
2017-03-14,59.54,59.54,59.31,59.35,1484453
2017-03-15,59.76,61.4,59.72,61.31,5350889
2017-03-16,61.31,61.41,60.97,61.16,3796607
2017-03-17,61.26,61.41,61.2,61.29,2442576
2017-03-20,61.98,62.43,61.98,62.25,2963917
2017-03-21,62.62,62.7811,61.83,61.83,3420015
2017-03-22,61.9,62.43,61.86,62.35,2091989
2017-03-23,62.23,62.39,61.95,62.08,2380475
2017-03-24,62.17,62.55,62.1,62.47,1957687
2017-03-27,62.26,62.48,62.12,62.44,1414523
2017-03-28,62.14,62.48,62.14,62.4,3105350
2017-03-29,62.42,62.54,62.27,62.51,2279668
2017-03-30,62.08,62.3122,62.05,62.15,1344490
2017-03-31,61.96,62.12,61.87,61.87,1920352
2017-04-03,61.86,62.11,61.73,62.07,1781183
2017-04-04,61.29,61.61,61.29,61.51,1697733
2017-04-05,61.24,61.41,60.99,61.04,2164482
2017-04-06,60.83,60.89,60.74,60.85,1770965
2017-04-07,60.56,60.65,60.305,60.35,2142560
2017-04-10,59.83,59.83,59.4,59.52,3495909
2017-04-11,59.26,59.33,58.895,59.11,3646350
2017-04-12,59.43,59.75,59.3,59.7,3796929
2017-04-13,60.13,60.3,59.92,59.92,2988368
2017-04-17,60.14,60.52,60.06,60.52,1956961
2017-04-18,59.77,59.8,59.35,59.56,2311731
2017-04-19,59.75,59.81,59.3,59.33,2267783
2017-04-20,60.13,60.49,60.13,60.49,2213749
2017-04-21,60.85,61.01,60.68,60.96,2811268
2017-04-24,61.6,61.69,61.14,61.38,2094063
2017-04-25,62.22,62.48,62.2,62.33,2448553
2017-04-26,62.22,62.41,62.04,62.2,1788389
2017-04-27,62.26,62.33,62.04,62.12,3490977
2017-04-28,62.0,62.15,61.88,62.1,2039139
2017-05-01,62.08,62.59,62.05,62.45,2023357
2017-05-02,63.13,63.33,62.98,63.29,1592376
2017-05-03,62.99,63.04,62.59,62.84,1445770
2017-05-04,63.34,63.38,63.0,63.01,3522645
2017-05-05,62.9,63.43,62.84,63.41,2370487
2017-05-08,65.19,65.38,64.9,65.03,4978977
2017-05-09,65.18,66.02,65.17,65.64,6308673
2017-05-10,64.53,64.95,64.44,64.94,3790255
2017-05-11,65.8,66.115,65.355,65.99,3284280
2017-05-12,65.77,65.93,65.6212,65.88,2554709
2017-05-15,66.42,66.58,66.31,66.51,1972744
2017-05-16,66.36,66.59,66.32,66.58,1605319
2017-05-17,66.09,66.14,65.35,65.41,4044548
2017-05-18,65.16,65.66,64.87,65.47,2981148
2017-05-19,66.13,66.81,66.13,66.77,2374600
2017-05-22,66.9,67.235,66.9,67.07,2093957
2017-05-23,66.86,66.98,66.62,66.8,2126178
2017-05-24,66.97,67.25,66.83,67.22,1659578
2017-05-25,67.7,67.97,67.7,67.92,3580443
2017-05-26,68.22,68.49,68.1,68.44,2976149
2017-05-30,67.35,67.72,67.24,67.48,2853096
2017-05-31,68.2,68.23,67.555,67.72,1912482
2017-06-01,67.56,67.87,67.4,67.74,2741371
2017-06-02,68.55,68.78,68.41,68.66,3279061
2017-06-05,68.56,68.63,68.39,68.5,2124479
2017-06-06,68.26,68.61,68.26,68.5,1504327
2017-06-07,67.95,68.04,67.56,67.82,2922217
2017-06-08,68.22,68.325,68.08,68.29,1981966
2017-06-09,68.61,68.735,67.8,67.94,5377416
2017-06-12,67.25,67.3,67.005,67.23,4520122
2017-06-13,67.69,68.18,67.69,68.14,2239713
2017-06-14,68.77,69.01,68.28,68.53,3705601
2017-06-15,67.35,67.47,67.06,67.4,3134725
2017-06-16,67.25,67.36,66.98,67.27,2957087
2017-06-19,67.76,67.83,67.47,67.67,2544989
2017-06-20,67.4,67.45,66.835,66.88,1888916
2017-06-21,66.86,67.035,66.7,66.84,2237470
2017-06-22,67.25,67.6,67.22,67.45,1961853
2017-06-23,67.65,68.16,67.65,68.04,2072271
2017-06-26,68.57,68.6,68.275,68.38,1210186
2017-06-27,68.22,68.23,67.69,67.74,1678351
2017-06-28,67.7,68.17,67.68,68.16,1684470
2017-06-29,67.89,67.955,66.99,67.34,2802585
2017-06-30,67.93,68.0096,67.56,67.81,1502120
2017-07-03,67.75,67.995,67.68,67.8,836844
2017-07-05,67.24,67.35,66.95,67.31,1929313
2017-07-06,66.81,66.93,66.54,66.55,2756378
2017-07-07,66.87,67.025,66.62,66.95,1999482
2017-07-10,67.02,67.415,67.02,67.39,1148498
2017-07-11,67.52,67.68,67.35,67.51,2263172
2017-07-12,68.08,68.79,68.08,68.7,2062499
2017-07-13,69.02,69.205,68.87,69.11,1362578
2017-07-14,69.91,70.52,69.81,70.43,3434930
2017-07-17,70.09,70.12,69.92,70.02,1385579
2017-07-18,70.22,70.54,70.135,70.46,2635060
2017-07-19,70.76,70.905,70.555,70.71,1540797
2017-07-20,71.01,71.01,70.74,70.95,1673171
2017-07-21,71.37,71.5,71.22,71.46,1722062
2017-07-24,71.67,71.78,71.55,71.65,1014920
2017-07-25,71.41,71.505,71.18,71.18,2531285
2017-07-26,71.0,71.615,70.995,71.57,1587060
2017-07-27,71.5,71.58,70.68,70.99,2585023
2017-07-28,69.33,69.67,69.33,69.64,5463757
2017-07-31,69.88,69.88,69.55,69.7,2021952
2017-08-01,70.16,70.38,70.16,70.25,1649359
2017-08-02,70.2,70.36,69.93,70.12,1844926
2017-08-03,68.87,69.06,68.45,68.68,1986729
2017-08-04,69.18,69.36,68.93,69.18,1417458
2017-08-07,69.08,69.4,69.08,69.4,1183216
2017-08-08,69.29,69.465,68.72,68.81,3174828
2017-08-09,67.1,67.61,67.02,67.47,4273370
2017-08-10,66.7,66.76,65.76,65.81,5287078
2017-08-11,66.0,66.26,65.86,66.02,2776663
2017-08-14,66.9,67.47,66.86,67.3,4246966
2017-08-15,67.52,67.855,67.415,67.62,2069795
2017-08-16,67.4,67.725,67.4,67.68,2757495
2017-08-17,67.57,67.64,66.74,66.77,3630113
2017-08-18,67.39,67.8,67.17,67.45,3219619
2017-08-21,67.49,67.595,67.33,67.44,2247414
2017-08-22,68.02,68.58,68.02,68.51,1814019
2017-08-23,68.11,68.4544,68.1,68.37,1875187
2017-08-24,68.85,69.1,68.6644,68.85,2634428
2017-08-25,69.11,69.46,69.09,69.3,2214687
2017-08-28,69.17,69.23,68.98,69.1,1095216
2017-08-29,68.22,68.67,68.02,68.53,2013125
2017-08-30,68.6,68.75,68.54,68.63,2432722
2017-08-31,68.2,68.58,68.16,68.47,1630019
2017-09-01,68.54,68.675,68.37,68.66,3288649
2017-09-05,67.11,67.17,66.46,66.73,4686344
2017-09-06,66.97,67.21,66.76,66.95,5450518
2017-09-07,67.83,67.97,67.71,67.82,2145926
2017-09-08,67.54,67.57,67.17,67.35,2435565
2017-09-11,68.03,68.52,67.92,68.46,2038144
2017-09-12,68.31,68.45,68.22,68.31,1676662
2017-09-13,68.17,68.21,67.83,67.93,1301819
2017-09-14,68.08,68.31,67.93,68.31,2707948
2017-09-15,68.88,68.88,68.62,68.73,2272709
2017-09-18,69.98,70.25,69.83,69.84,2177388
2017-09-19,70.04,70.12,69.85,70.07,1477217
2017-09-20,70.02,70.2,69.27,69.7,2574281
2017-09-21,69.78,69.94,69.601,69.69,1923336
2017-09-22,69.36,69.4,69.17,69.33,1484990
2017-09-25,69.3,69.41,68.58,68.88,2807160
2017-09-26,68.69,68.81,68.465,68.7,2023774
2017-09-27,68.25,68.26,67.8,68.15,5131019
2017-09-28,67.81,68.11,67.8,68.06,2342017
2017-09-29,68.71,69.2,68.5826,69.06,3404368
2017-10-02,69.14,69.65,69.13,69.22,2452692
2017-10-03,69.68,70.0,69.51,69.88,1781222
2017-10-04,69.86,70.015,69.69,69.97,2770085
2017-10-05,70.05,70.67,70.05,70.5,3388512
2017-10-06,70.01,70.5,69.76,70.23,3405855
2017-10-09,70.09,70.26,69.98,70.18,1859464
2017-10-10,70.94,71.21,70.93,71.07,3903004
2017-10-11,71.57,71.86,71.465,71.78,2306595
2017-10-12,72.23,72.37,72.15,72.21,2579991
2017-10-13,72.62,72.95,72.62,72.84,3200557
2017-10-16,72.56,72.67,72.245,72.36,3458890
2017-10-17,72.39,72.44,72.16,72.35,1975162
2017-10-18,72.52,72.64,72.33,72.52,1742968
2017-10-19,71.7,72.06,71.58,72.03,2228358
2017-10-20,72.56,72.67,72.4,72.58,1893017
2017-10-23,72.8,72.8,72.35,72.36,1552820
2017-10-24,72.84,73.01,72.69,72.72,1234821
2017-10-25,73.05,73.08,72.3,72.69,2212848
2017-10-26,72.66,72.81,72.305,72.35,1690504
2017-10-27,72.85,73.64,72.79,73.52,2535264
2017-10-30,73.22,73.44,73.05,73.13,1515131
2017-10-31,74.64,74.815,74.58,74.76,2095457
2017-11-01,76.19,76.455,76.0714,76.23,4141893
2017-11-02,75.75,75.94,75.56,75.87,1986398
2017-11-03,75.97,76.06,75.42,75.79,1661010
2017-11-06,75.67,75.92,75.61,75.92,1183408
2017-11-07,75.36,75.43,74.98,74.98,3060620
2017-11-08,75.49,75.81,75.49,75.78,1344479
2017-11-09,74.51,74.75,74.025,74.71,3052918
2017-11-10,74.62,74.62,74.17,74.41,2205004
