Date,Open,High,Low,Close,Volume
2007-09-10,83.62,84.839,83.62,84.757,17578
2007-09-11,84.696,84.74,84.522,84.557,52020
2007-09-12,84.831,84.831,84.59,84.722,103443
2007-09-13,84.662,84.662,84.337,84.397,18654
2007-09-14,84.789,84.789,84.414,84.466,59203
2007-09-17,84.482,84.482,84.238,84.322,32646
2007-09-18,84.36,84.36,84.103,84.264,160252
2007-09-19,83.993,84.197,83.902,84.163,36120
2007-09-20,84.029,84.029,83.346,83.38,36120
2007-09-21,83.541,83.703,83.524,83.654,44249
2007-09-24,83.585,83.636,83.576,83.611,34322
2007-09-25,83.934,83.951,83.771,83.771,57043
2007-09-26,83.549,83.873,83.549,83.789,56202
2007-09-27,83.739,85.876,83.739,84.021,56925
2007-09-28,84.322,84.322,83.926,84.213,51661
2007-10-01,83.967,84.119,83.967,84.119,43296
2007-10-02,84.119,84.37,84.103,84.33,18654
2007-10-03,84.322,84.37,84.037,84.283,45681
2007-10-04,84.246,84.99,84.146,84.422,94955
2007-10-05,83.926,84.045,83.789,84.045,60755
2007-10-08,84.054,84.264,83.909,84.255,17699
2007-10-09,84.037,84.119,83.917,84.037,27740
2007-10-10,84.119,84.292,83.984,84.238,18654
2007-10-11,83.984,84.292,83.984,84.292,22726
2007-10-12,84.07,84.292,84.045,84.078,33724
2007-10-15,84.095,84.137,83.993,84.103,38626
2007-10-16,84.021,84.283,84.021,84.221,43046
2007-10-17,84.33,84.655,84.33,84.631,33129
2007-10-18,84.638,84.807,84.638,84.765,57761
2007-10-19,85.007,85.207,84.958,84.983,64102
2007-10-22,85.098,85.148,84.831,85.041,43772
2007-10-23,85.041,85.165,84.958,85.165,31208
2007-10-24,85.207,85.377,85.125,85.291,36713
2007-10-25,85.216,85.216,84.765,84.865,35642
2007-10-26,84.831,86.552,84.538,84.583,101173
2007-10-29,84.662,84.757,84.638,84.757,15906
2007-10-30,84.67,84.713,84.583,84.687,36234
2007-10-31,84.499,85.207,84.255,84.473,49630
2007-11-01,84.397,84.397,84.021,84.206,46642
2007-11-02,83.951,84.197,83.789,84.078,40903
2007-11-05,84.086,84.086,83.771,83.805,37316
2007-11-06,83.694,83.902,83.41,83.576,34322
2007-11-07,83.628,83.628,83.285,83.507,32410
2007-11-08,83.558,83.593,83.41,83.41,35160
2007-11-09,83.419,83.789,83.403,83.789,22602
2007-11-12,83.703,83.789,83.654,83.789,22006
2007-11-13,83.789,83.789,83.593,83.73,53935
2007-11-14,84.457,84.457,83.661,84.119,120426
2007-11-15,84.037,84.457,84.002,84.457,50466
2007-11-16,84.119,84.397,84.037,84.292,29538
2007-11-19,84.206,84.37,83.909,84.37,141233
2007-11-20,84.422,84.422,83.83,83.83,48912
2007-11-21,83.873,84.33,83.873,84.33,66851
2007-11-23,84.283,84.314,84.246,84.297,13039
2007-11-26,84.37,85.498,84.37,85.377,119117
2007-11-27,85.05,85.132,84.406,84.624,83715
2007-11-28,84.614,84.662,84.538,84.583,32526
2007-11-29,84.874,85.459,84.823,85.156,50709
2007-11-30,84.874,85.291,84.823,85.141,51783
2007-12-03,85.116,85.156,84.925,85.063,83231
2007-12-04,84.807,84.874,84.583,84.823,84309
2007-12-05,84.703,84.807,84.53,84.566,91965
2007-12-06,84.566,84.624,84.146,84.273,30498
2007-12-07,84.292,84.292,83.888,84.163,67926
2007-12-10,84.078,84.18,83.855,84.171,45564
2007-12-11,83.838,84.856,83.789,84.789,62067
2007-12-12,84.457,84.831,84.33,84.624,115170
2007-12-13,84.457,84.696,84.37,84.538,92803
2007-12-14,84.206,84.422,84.206,84.337,109425
2007-12-17,84.283,84.53,84.037,84.53,75460
2007-12-18,86.233,86.233,84.548,84.934,187627
2007-12-19,85.291,85.291,84.624,85.223,78209
2007-12-20,84.883,85.183,84.507,84.696,99615
2007-12-21,83.62,84.831,83.62,84.597,104407
2007-12-24,84.337,85.132,84.095,84.414,24281
2007-12-26,84.246,84.447,84.012,84.314,63623
2007-12-27,85.156,85.156,84.37,84.624,75460
2007-12-28,85.283,85.283,84.457,84.696,66492
2007-12-31,84.874,85.411,84.874,85.257,86883
2008-01-02,86.119,86.119,84.798,85.525,43174
2008-01-03,86.119,86.119,84.958,85.427,41500
2008-01-04,86.966,86.966,85.352,85.386,65931
2008-01-07,84.662,85.516,84.662,85.291,149787
2008-01-08,85.283,85.291,85.125,85.165,150969
2008-01-09,86.127,86.127,85.336,85.386,71184
2008-01-10,85.542,85.584,85.199,85.257,33544
2008-01-11,85.794,86.966,85.165,85.368,42456
2008-01-14,85.911,85.971,85.465,85.748,112652
2008-01-15,85.835,86.643,85.626,86.217,120782
2008-01-16,86.302,86.302,85.65,85.893,37128
2008-01-17,85.954,86.584,85.844,86.416,178016
2008-01-18,86.448,86.448,85.853,86.158,87130
2008-01-22,86.338,86.569,85.794,86.225,112616
2008-01-23,86.85,86.942,86.319,86.328,46942
2008-01-24,86.424,86.424,85.835,85.954,89352
2008-01-25,85.893,86.078,85.725,86.02,73041
2008-01-28,85.962,86.037,85.902,85.98,54466
2008-01-29,85.868,85.868,85.459,85.716,54647
2008-01-30,85.682,85.835,84.865,85.207,184028
2008-01-31,85.183,85.699,85.063,85.482,58957
2008-02-01,85.474,85.876,85.24,85.785,65703
2008-02-04,85.42,85.584,85.403,85.569,37826
2008-02-05,86.078,86.078,85.885,86.046,52785
2008-02-06,85.794,86.037,85.775,86.029,61527
2008-02-07,85.962,86.046,85.441,85.785,124582
2008-02-08,85.395,85.853,85.395,85.835,65680
2008-02-11,85.835,86.203,85.835,86.119,48781
2008-02-12,85.734,86.07,85.707,85.893,57958
2008-02-13,85.674,86.005,85.516,85.642,64861
2008-02-14,85.377,85.377,84.457,84.839,67424
2008-02-15,85.165,85.183,84.917,85.141,39103
2008-02-19,84.974,84.974,84.18,84.273,56438
2008-02-20,84.37,84.789,84.229,84.789,35947
2008-02-21,84.865,84.865,83.855,84.49,86800
2008-02-22,84.292,84.575,84.037,84.137,115873
2008-02-25,84.103,84.283,83.532,83.694,69542
2008-02-26,83.449,83.765,83.449,83.765,54296
2008-02-27,83.49,83.661,82.908,83.235,97196
2008-02-28,82.707,82.707,81.538,81.812,341117
2008-02-29,81.737,81.737,80.626,81.267,368517
2008-03-03,83.09,83.09,81.252,81.946,368309
2008-03-04,81.927,82.675,81.927,82.675,278323
2008-03-05,82.682,82.983,82.559,82.868,166349
2008-03-06,82.868,83.32,82.868,83.32,127206
2008-03-07,83.636,83.687,83.403,83.602,142028
2008-03-10,83.873,83.873,83.602,83.628,144946
2008-03-11,83.67,83.789,83.049,83.498,109294
2008-03-12,83.41,83.748,83.371,83.679,68192
2008-03-13,83.441,83.532,83.126,83.302,102802
2008-03-14,83.302,83.567,83.252,83.465,87875
2008-03-17,83.371,83.661,83.26,83.585,66098
2008-03-18,83.193,83.387,83.074,83.201,64938
2008-03-19,82.948,83.661,82.948,83.661,82697
2008-03-20,83.703,83.943,83.285,83.943,109302
2008-03-24,83.49,83.49,82.576,83.329,133998
2008-03-25,83.252,83.329,83.031,83.285,76659
2008-03-26,83.434,83.449,83.177,83.329,49390
2008-03-27,83.329,85.74,82.931,83.32,144718
2008-03-28,83.278,83.62,83.252,83.62,56275
2008-03-31,83.549,83.846,83.387,83.567,52788
2008-04-01,83.009,83.285,82.448,82.723,184089
2008-04-02,83.09,83.09,82.488,82.758,127458
2008-04-03,83.252,83.252,82.731,82.853,61077
2008-04-04,84.197,84.197,82.924,83.329,108276
2008-04-07,83.169,83.846,83.169,83.822,96711
2008-04-08,83.395,84.206,83.395,84.137,151282
2008-04-09,84.874,84.9,84.255,84.892,68061
2008-04-10,84.422,85.024,84.422,84.678,66609
2008-04-11,84.662,85.073,84.655,85.041,66609
2008-04-14,84.662,85.063,84.638,84.909,59766
2008-04-15,85.073,85.498,84.53,85.08,139412
2008-04-16,85.199,85.498,84.703,84.949,154027
2008-04-17,84.74,85.248,84.74,85.207,144494
2008-04-18,85.183,85.327,84.731,85.327,110827
2008-04-21,85.707,85.707,84.638,84.965,50329
2008-04-22,85.032,85.032,84.624,84.99,77578
2008-04-23,84.999,84.999,84.557,84.74,87284
2008-04-24,84.848,84.848,84.346,84.53,86446
2008-04-25,84.447,84.447,84.002,84.33,96763
2008-04-28,84.337,84.514,84.292,84.414,94103
2008-04-29,84.414,84.548,84.37,84.457,45031
2008-04-30,84.59,84.78,84.188,84.614,128719
2008-05-01,84.538,84.557,84.406,84.538,94762
2008-05-02,84.297,84.414,83.703,84.33,90860
2008-05-05,84.119,84.33,84.119,84.292,47637
2008-05-06,84.499,84.499,84.063,84.155,69019
2008-05-07,84.273,84.314,84.054,84.314,75296
2008-05-08,84.283,84.457,84.246,84.414,59384
2008-05-09,84.614,84.696,84.33,84.696,53918
2008-05-12,84.789,84.814,84.662,84.74,48928
2008-05-13,84.722,84.722,84.548,84.638,67745
2008-05-14,84.662,84.934,84.597,84.78,85391
2008-05-15,84.648,84.865,84.49,84.865,57516
2008-05-16,84.848,85.08,84.807,85.024,58620
2008-05-19,85.08,85.283,85.032,85.231,57257
2008-05-20,85.098,85.559,85.098,85.482,73937
2008-05-21,85.929,85.929,85.231,85.327,63165
2008-05-22,85.291,85.403,85.08,85.207,43602
2008-05-23,85.291,85.45,85.165,85.165,50626
2008-05-27,85.141,85.183,85.073,85.183,55273
2008-05-28,85.69,85.69,84.874,84.874,63003
2008-05-29,84.748,84.848,84.606,84.774,43780
2008-05-30,84.662,84.883,84.538,84.883,48982
2008-06-02,84.774,84.831,84.713,84.798,77840
2008-06-03,84.67,84.874,84.631,84.78,105944
2008-06-04,84.917,84.917,84.597,84.614,28735
2008-06-05,84.696,84.713,84.514,84.631,40204
2008-06-06,84.655,84.722,84.514,84.538,42128
2008-06-09,84.548,84.678,84.514,84.678,46249
2008-06-10,84.583,84.583,84.221,84.305,57028
2008-06-11,84.614,84.614,84.206,84.292,74951
2008-06-12,84.221,84.229,83.62,83.748,61260
2008-06-13,83.585,83.739,83.498,83.654,40810
2008-06-16,83.813,83.813,83.419,83.498,54415
2008-06-17,83.822,83.83,83.41,83.524,67516
2008-06-18,83.449,83.524,83.26,83.434,40577
2008-06-19,83.441,83.49,83.201,83.243,71759
2008-06-20,82.8,82.8,82.404,82.413,87230
2008-06-23,82.559,82.853,81.946,82.032,119775
2008-06-24,82.273,82.404,82.215,82.365,49299
2008-06-25,82.314,82.488,82.083,82.439,38368
2008-06-26,82.165,82.774,82.165,82.774,37164
2008-06-27,82.541,83.16,82.515,82.783,94182
2008-06-30,82.931,83.193,82.74,83.193,45878
2008-07-01,83.066,83.457,82.809,83.009,135966
2008-07-02,82.991,83.371,82.991,83.363,47040
2008-07-03,83.363,83.363,83.099,83.269,17844
2008-07-07,83.78,83.78,83.354,83.49,33248
2008-07-08,83.498,83.756,83.498,83.748,37558
2008-07-09,83.917,84.206,83.789,84.163,55601
2008-07-10,84.273,84.305,84.163,84.305,72233
2008-07-11,84.337,84.37,83.712,83.789,76163
2008-07-14,83.611,84.07,83.611,83.679,31479
2008-07-15,83.88,84.414,83.88,84.397,130577
2008-07-16,84.439,84.439,83.888,84.18,35589
2008-07-17,84.095,84.095,83.507,83.636,57748
2008-07-18,83.293,83.83,83.293,83.441,70539
2008-07-21,83.099,83.654,83.099,83.654,45109
2008-07-22,83.576,83.576,83.278,83.395,57427
2008-07-23,83.21,83.293,83.026,83.201,66430
2008-07-24,83.201,83.576,83.169,83.41,45403
2008-07-25,82.876,83.354,82.876,83.152,36564
2008-07-28,83.371,83.403,83.0,83.371,23645
2008-07-29,83.169,83.371,83.049,83.21,24785
2008-07-30,83.017,83.363,82.8,83.338,94959
2008-07-31,83.434,83.532,83.218,83.441,45449
2008-08-01,83.226,83.41,83.049,83.346,40292
2008-08-04,83.186,83.338,83.031,83.252,71160
2008-08-05,83.354,83.387,83.049,83.26,37982
2008-08-06,83.066,83.117,82.975,83.108,57533
2008-08-07,82.991,83.524,82.991,83.41,30561
2008-08-08,83.302,83.576,83.302,83.567,22423
2008-08-11,83.252,83.636,83.252,83.465,28207
2008-08-12,83.679,83.73,83.41,83.73,53036
2008-08-13,83.873,83.888,83.576,83.62,38347
2008-08-14,84.095,84.188,83.67,84.163,68634
2008-08-15,84.229,84.379,84.07,84.36,64904
2008-08-18,84.346,84.499,84.146,84.292,45137
2008-08-19,84.255,84.514,84.063,84.482,65040
2008-08-20,84.406,84.662,84.238,84.422,72352
2008-08-21,84.414,84.414,84.045,84.322,38933
2008-08-22,84.264,84.388,84.078,84.388,44773
2008-08-25,84.388,84.473,84.07,84.406,44200
2008-08-26,84.128,84.457,84.128,84.283,55881
2008-08-27,84.538,84.597,84.273,84.522,44937
2008-08-28,84.246,84.507,84.037,84.264,61842
2008-08-29,84.095,84.457,83.993,84.414,40535
2008-09-02,83.958,84.314,83.846,83.897,67689
2008-09-03,83.873,84.457,83.873,84.414,42867
2008-09-04,84.414,84.557,84.07,84.255,73865
2008-09-05,84.439,84.696,84.197,84.696,47285
2008-09-08,84.774,85.36,84.255,84.78,65943
2008-09-09,84.917,84.958,84.662,84.917,35372
2008-09-10,84.49,84.874,84.397,84.655,79322
2008-09-11,84.648,84.874,84.566,84.831,36624
2008-09-12,84.865,84.917,84.482,84.789,34664
2008-09-15,84.814,84.814,84.264,84.499,46961
2008-09-16,83.838,83.909,83.074,83.62,80001
2008-09-17,83.082,83.739,82.365,82.365,89278
2008-09-18,86.389,86.389,80.432,80.944,107908
2008-09-19,82.559,84.865,76.262,81.638,126055
2008-09-22,81.011,82.783,81.011,82.083,79423
2008-09-23,79.698,82.55,79.698,81.834,81898
2008-09-24,81.779,81.795,80.693,81.071,60279
2008-09-25,81.259,81.946,81.112,81.617,58610
2008-09-26,81.753,82.783,81.4,82.075,52188
2008-09-29,84.447,84.447,80.126,80.693,120285
2008-09-30,81.462,83.074,80.272,81.368,40240
2008-10-01,80.693,82.568,80.025,81.196,51458
2008-10-02,82.568,83.49,79.658,82.576,81253
2008-10-03,81.787,82.783,81.761,82.083,48919
2008-10-06,83.602,83.602,79.606,81.599,123654
2008-10-07,83.888,83.888,79.437,79.472,145621
2008-10-08,79.172,80.068,71.16,77.138,159304
2008-10-09,78.259,80.272,75.007,76.024,78763
2008-10-10,74.481,76.286,71.251,74.421,204152
2008-10-13,76.929,77.767,72.748,75.09,77444
2008-10-14,76.661,78.519,75.25,76.502,108023
2008-10-15,76.38,76.511,74.221,74.221,55846
2008-10-16,73.626,75.556,73.626,74.463,50757
2008-10-17,75.385,76.008,74.849,75.25,112682
2008-10-20,76.195,77.75,76.093,77.75,107222
2008-10-21,76.059,78.11,76.059,77.757,98573
2008-10-22,79.313,80.167,77.649,79.738,107935
2008-10-23,80.263,81.112,80.263,80.501,95524
2008-10-24,78.968,81.112,78.961,80.703,69317
2008-10-27,81.36,81.36,80.272,80.709,40567
2008-10-28,81.103,81.12,80.296,80.399,131947
2008-10-29,80.841,80.85,79.021,79.854,56823
2008-10-30,80.263,80.272,79.228,79.812,66953
2008-10-31,80.102,80.586,79.729,80.331,177734
2008-11-03,81.103,81.103,79.029,80.008,98520
2008-11-04,80.927,80.927,79.668,80.501,107353
2008-11-05,81.061,81.061,79.565,79.803,96278
2008-11-06,80.669,80.693,79.88,80.068,77671
2008-11-07,80.425,80.693,79.762,80.484,112611
2008-11-10,80.8,81.495,80.365,81.244,160621
2008-11-11,81.011,81.504,80.527,81.284,123619
2008-11-12,81.103,81.444,80.348,80.765,112180
2008-11-13,80.685,81.244,80.685,81.02,54585
2008-11-14,81.902,81.902,81.316,81.623,144168
2008-11-17,81.608,81.721,80.899,81.531,64145
2008-11-18,81.707,82.083,81.531,81.954,103604
2008-11-19,81.737,81.86,80.891,81.383,78730
2008-11-20,81.646,81.646,79.992,81.045,70156
2008-11-21,79.975,81.213,79.327,80.552,86893
2008-11-24,79.104,80.068,78.668,79.932,80339
2008-11-25,80.025,80.142,79.246,79.77,74679
2008-11-26,79.574,79.854,79.32,79.704,74463
2008-11-28,79.836,79.932,79.021,79.64,18119
2008-12-01,79.412,79.549,78.762,79.147,93161
2008-12-02,79.394,79.437,78.093,78.093,69217
2008-12-03,78.274,79.196,78.143,79.188,112157
2008-12-04,78.977,79.506,78.62,79.437,86860
2008-12-05,79.747,80.059,78.72,79.272,130795
2008-12-08,78.72,79.344,77.798,78.928,108402
2008-12-09,78.374,79.263,78.25,79.263,153098
2008-12-10,78.928,79.599,78.627,79.222,165501
2008-12-11,79.297,79.313,78.199,78.603,176607
2008-12-12,78.444,79.012,78.274,78.892,112083
2008-12-15,78.737,79.003,78.603,78.961,126111
2008-12-16,79.012,79.281,77.658,78.928,165635
2008-12-17,79.246,79.845,79.071,79.828,219168
2008-12-18,80.184,80.609,79.778,80.561,198642
2008-12-19,80.158,81.617,80.05,81.565,164664
2008-12-22,81.753,82.015,81.137,81.383,140690
2008-12-23,81.834,82.255,81.375,81.581,156187
2008-12-24,82.199,82.348,81.187,82.158,83348
2008-12-26,81.631,82.348,81.631,82.322,76053
2008-12-29,81.927,82.55,81.729,82.515,178687
2008-12-30,82.55,82.774,82.215,82.749,169496
2008-12-31,82.658,83.235,82.598,83.235,210594
2009-01-02,83.031,83.285,82.884,83.201,90434
2009-01-05,83.427,83.62,83.031,83.498,411572
2009-01-06,83.789,83.873,83.186,83.62,121345
2009-01-07,83.771,83.888,83.201,83.285,191984
2009-01-08,83.611,84.457,83.419,84.457,422495
2009-01-09,84.457,84.823,84.037,84.696,82443
2009-01-12,84.774,85.257,84.774,85.199,153865
2009-01-13,85.291,85.482,84.337,84.856,77306
2009-01-14,85.403,85.403,83.855,84.934,92896
2009-01-15,84.473,85.007,84.086,84.457,104207
2009-01-16,84.422,84.514,83.805,84.255,155099
2009-01-20,84.457,86.078,83.62,83.83,128267
2009-01-21,83.611,83.78,82.48,82.641,112428
2009-01-22,82.908,82.908,81.819,82.247,135722
2009-01-23,81.761,82.247,80.971,81.375,125592
2009-01-26,81.18,81.4,80.944,81.112,124599
2009-01-27,81.462,82.666,81.292,82.666,154868
2009-01-28,82.723,82.939,82.158,82.524,84122
2009-01-29,82.707,82.8,82.255,82.783,209794
2009-01-30,82.983,83.226,82.8,83.226,143262
2009-02-02,83.243,83.243,82.939,83.04,113217
2009-02-03,83.201,83.602,83.026,83.524,154749
2009-02-04,83.585,83.62,83.066,83.419,139184
2009-02-05,83.611,83.902,83.293,83.888,115597
2009-02-06,84.155,84.155,83.805,84.037,127228
2009-02-09,84.119,84.213,83.789,84.037,111393
2009-02-10,83.958,84.397,83.873,84.352,101520
2009-02-11,84.337,84.457,83.822,84.457,69049
2009-02-12,84.457,84.614,84.337,84.457,101566
2009-02-13,84.457,84.798,84.322,84.662,84851
2009-02-17,84.538,84.789,84.063,84.557,92319
2009-02-18,84.482,84.765,84.137,84.624,113522
2009-02-19,84.37,84.457,83.789,83.897,138283
2009-02-20,84.213,84.429,83.958,84.037,80560
2009-02-23,83.926,83.943,83.62,83.694,74647
2009-02-24,83.721,83.897,83.628,83.739,106662
2009-02-25,84.029,84.18,83.636,83.909,146998
2009-02-26,83.771,83.984,83.41,83.541,101418
2009-02-27,83.611,83.78,83.201,83.387,96397
2009-03-02,83.169,83.338,82.991,83.226,98124
2009-03-03,83.169,83.338,82.691,83.066,104015
2009-03-04,82.836,82.853,82.515,82.766,108689
2009-03-05,82.632,82.715,82.115,82.715,81614
2009-03-06,82.649,82.715,82.314,82.666,74917
2009-03-09,82.675,82.699,82.282,82.488,85780
2009-03-10,82.598,82.691,82.158,82.598,77356
2009-03-11,82.699,82.699,82.314,82.365,107520
2009-03-12,82.506,82.723,82.314,82.532,79265
2009-03-13,82.497,82.515,82.34,82.439,93734
2009-03-16,82.107,82.506,81.963,81.963,123548
2009-03-17,82.388,82.397,82.032,82.158,116669
2009-03-18,82.032,82.322,81.538,82.215,139746
2009-03-19,82.774,83.201,82.658,83.201,86343
2009-03-20,83.108,83.403,83.017,83.371,90749
2009-03-23,83.363,83.449,83.09,83.243,85465
2009-03-24,83.363,83.541,83.09,83.541,83562
2009-03-25,83.434,83.507,83.186,83.329,101677
2009-03-26,83.243,83.32,83.177,83.252,93627
2009-03-27,83.21,83.285,83.09,83.152,125372
2009-03-30,83.302,83.354,83.074,83.285,63033
2009-03-31,83.363,83.41,83.135,83.363,68587
2009-04-01,83.243,83.371,83.144,83.371,99538
2009-04-02,83.302,83.31,83.031,83.099,82515
2009-04-03,83.278,83.371,82.86,83.269,170499
2009-04-06,83.302,83.38,83.117,83.16,78826
2009-04-07,83.285,83.41,83.235,83.354,100351
2009-04-08,83.354,83.721,83.354,83.67,136147
2009-04-09,83.585,83.721,83.226,83.498,135935
2009-04-13,83.532,83.62,83.201,83.427,85494
2009-04-14,83.252,83.78,83.252,83.567,107837
2009-04-15,84.037,84.037,83.694,83.694,123703
2009-04-16,84.297,84.748,83.805,84.748,147670
2009-04-17,84.823,85.291,84.631,85.283,88174
2009-04-20,85.216,85.266,85.058,85.257,82689
2009-04-21,84.892,85.569,84.892,85.569,94154
2009-04-22,85.507,85.634,85.36,85.465,94218
2009-04-23,85.584,85.642,85.377,85.459,101648
2009-04-24,85.344,85.498,84.774,85.24,82770
2009-04-27,85.223,85.707,84.917,85.336,88111
2009-04-28,85.465,85.482,85.125,85.223,81539
2009-04-29,85.132,85.36,85.08,85.174,78101
2009-04-30,85.199,85.216,84.655,85.015,88078
2009-05-01,84.722,86.966,84.322,85.132,88743
2009-05-04,85.125,85.954,84.943,84.949,101659
2009-05-05,84.662,85.207,84.352,84.606,197947
2009-05-06,84.74,84.874,84.473,84.814,80369
2009-05-07,84.943,84.974,84.548,84.974,149483
2009-05-08,85.073,85.073,84.713,84.848,97049
2009-05-11,85.058,85.063,84.856,85.024,51996
2009-05-12,85.116,85.165,84.925,85.148,61823
2009-05-13,85.248,85.291,84.874,85.024,67402
2009-05-14,85.192,85.377,85.192,85.36,73572
2009-05-15,85.352,85.411,85.231,85.283,82058
2009-05-18,85.427,85.45,84.958,85.377,99036
2009-05-19,85.231,85.489,84.874,85.489,101108
2009-05-20,85.3,85.835,85.199,85.835,91163
2009-05-21,85.498,85.861,85.3,85.828,68968
2009-05-22,85.707,85.794,85.386,85.748,52364
2009-05-26,85.758,85.885,85.395,85.602,72965
2009-05-27,85.459,85.489,84.925,85.199,98233
2009-05-28,85.352,85.352,84.814,84.814,83900
2009-05-29,84.814,85.291,84.583,84.814,97547
2009-06-01,84.687,84.856,83.78,84.246,147963
2009-06-02,84.856,84.856,83.62,83.62,92518
2009-06-03,84.18,84.264,83.687,83.789,91166
2009-06-04,84.171,84.255,83.748,84.197,144828
2009-06-05,84.229,84.229,83.846,83.984,105161
2009-06-08,84.037,84.095,83.679,83.864,64540
2009-06-09,83.83,84.002,83.449,83.62,96469
2009-06-10,83.387,83.403,82.55,82.55,152451
2009-06-11,82.55,83.04,82.532,83.026,75090
2009-06-12,82.965,83.04,82.372,82.783,162706
2009-06-15,83.059,83.169,82.584,83.049,111947
2009-06-16,83.152,83.193,82.916,83.108,86968
2009-06-17,83.243,83.395,83.144,83.252,75574
2009-06-18,83.387,83.387,82.983,83.201,75959
2009-06-19,83.387,83.387,82.783,82.957,85472
2009-06-22,83.481,83.481,82.8,83.135,64105
2009-06-23,83.278,83.32,83.074,83.09,69252
2009-06-24,83.293,83.329,83.031,83.16,52174
2009-06-25,83.16,83.363,82.931,83.009,98549
2009-06-26,83.395,83.395,83.009,83.363,54533
2009-06-29,83.434,83.49,83.218,83.449,65507
2009-06-30,83.507,83.507,83.152,83.338,115895
2009-07-01,83.338,83.481,82.9,83.481,393712
2009-07-02,83.354,83.515,83.117,83.117,177156
2009-07-06,83.473,83.481,83.135,83.441,66681
2009-07-07,83.177,83.576,83.177,83.226,70900
2009-07-08,83.363,83.873,83.363,83.62,102708
2009-07-09,83.62,83.993,83.62,83.765,97609
2009-07-10,84.002,84.246,82.133,83.993,78974
2009-07-13,84.255,84.507,83.909,84.322,81985
2009-07-14,84.273,84.482,83.976,84.078,141161
2009-07-15,84.439,84.457,83.864,84.213,68613
2009-07-16,84.045,84.337,84.045,84.078,71334
2009-07-17,84.197,84.322,83.888,84.197,66911
2009-07-20,84.255,84.255,83.846,84.155,50300
2009-07-21,84.292,84.292,84.045,84.146,92831
2009-07-22,84.238,84.388,83.934,84.206,90758
2009-07-23,84.406,84.447,84.037,84.337,98194
2009-07-24,84.264,84.388,84.128,84.221,62081
2009-07-27,84.352,84.352,84.07,84.171,110526
2009-07-28,84.221,84.314,84.037,84.297,99481
2009-07-29,84.337,84.422,83.934,84.305,72463
2009-07-30,84.522,84.53,84.379,84.473,72411
2009-07-31,84.566,84.883,84.422,84.575,87331
2009-08-03,84.422,84.687,84.264,84.292,89567
2009-08-04,84.054,84.457,84.054,84.414,81018
2009-08-05,84.548,84.662,84.322,84.614,107730
2009-08-06,84.722,84.934,84.473,84.624,124971
2009-08-07,84.397,84.703,84.397,84.583,88686
2009-08-10,84.67,84.678,84.457,84.678,72290
2009-08-11,84.53,84.934,84.322,84.322,155047
2009-08-12,84.538,84.748,84.346,84.557,112063
2009-08-13,84.406,84.722,84.352,84.473,81999
2009-08-14,84.624,84.814,84.337,84.748,147421
2009-08-17,84.789,84.943,84.748,84.748,88324
2009-08-18,85.024,85.073,84.798,85.024,55701
2009-08-19,85.116,85.192,84.883,85.165,54031
2009-08-20,85.24,85.274,84.934,85.183,78612
2009-08-21,85.283,85.283,84.883,85.141,79129
2009-08-24,85.248,85.248,84.839,84.874,96981
2009-08-25,85.116,85.283,84.943,84.958,110342
2009-08-26,85.174,85.36,85.024,85.352,100014
2009-08-27,85.377,85.576,85.174,85.459,69352
2009-08-28,85.734,85.885,85.336,85.844,71755
2009-08-31,85.98,86.15,85.707,85.902,86461
2009-09-01,85.748,85.835,85.441,85.699,108688
2009-09-02,85.707,86.225,85.569,86.225,73610
2009-09-03,86.293,86.457,86.167,86.457,109739
2009-09-04,86.484,86.484,85.559,86.448,113823
2009-09-08,86.398,86.537,86.209,86.484,79056
2009-09-09,86.507,86.522,86.338,86.457,79236
2009-09-10,86.559,86.832,86.346,86.584,85164
2009-09-11,86.805,87.062,86.6,87.029,53162
2009-09-14,87.102,87.171,86.966,87.162,106292
2009-09-15,87.171,87.213,86.974,87.213,86342
2009-09-16,87.376,87.801,86.78,87.015,150660
2009-09-17,86.85,87.592,86.85,87.516,108051
2009-09-18,87.716,87.784,87.506,87.64,92138
2009-09-21,87.707,87.75,87.481,87.64,58729
2009-09-22,87.793,90.141,87.707,88.027,74395
2009-09-23,87.975,88.125,87.801,88.108,77621
2009-09-24,88.045,88.16,87.465,87.592,127757
2009-09-25,88.027,88.209,88.002,88.053,105501
2009-09-28,88.1,88.318,88.1,88.269,77382
2009-09-29,88.053,88.385,88.053,88.344,98753
2009-09-30,88.151,88.502,88.01,88.469,104679
2009-10-01,88.327,88.402,87.143,87.707,692029
2009-10-02,87.759,88.191,87.425,87.481,98285
2009-10-05,87.698,88.134,87.473,88.045,121468
2009-10-06,87.892,88.125,87.818,88.077,90730
2009-10-07,88.053,88.053,87.551,87.64,83648
2009-10-08,87.672,87.759,87.153,87.153,113489
2009-10-09,87.425,87.425,86.233,86.338,133866
2009-10-12,86.522,86.942,86.158,86.259,113072
2009-10-13,86.15,86.729,86.127,86.251,69303
2009-10-14,86.431,86.431,85.199,85.427,175799
2009-10-15,85.291,86.176,85.24,86.054,151600
2009-10-16,85.707,86.127,85.533,86.078,75397
2009-10-19,86.209,86.209,85.542,85.803,60861
2009-10-20,85.962,86.167,85.794,86.02,120376
2009-10-21,86.209,86.38,85.885,86.354,96359
2009-10-22,86.448,86.507,85.962,86.15,132379
2009-10-23,86.507,86.507,86.005,86.354,66973
2009-10-26,86.491,86.491,86.012,86.251,88158
2009-10-27,86.293,86.346,86.095,86.251,81364
2009-10-28,86.346,86.364,86.02,86.02,51198
2009-10-29,85.987,86.209,85.775,86.005,92297
2009-10-30,85.861,86.07,85.707,85.911,94923
2009-11-02,85.642,85.707,85.441,85.61,106610
2009-11-03,85.441,85.707,85.377,85.542,92018
2009-11-04,85.584,85.69,85.336,85.459,58049
2009-11-05,85.427,85.626,85.386,85.45,108798
2009-11-06,85.411,85.507,85.283,85.459,91287
2009-11-09,85.498,85.602,85.319,85.474,76784
2009-11-10,85.474,85.498,85.257,85.3,124319
2009-11-11,85.231,85.525,85.216,85.352,142205
2009-11-12,85.411,85.45,85.24,85.291,102660
2009-11-13,85.42,85.516,85.319,85.474,112752
2009-11-16,85.507,85.551,85.427,85.525,101314
2009-11-17,85.542,85.682,85.498,85.584,96194
2009-11-18,85.542,85.642,85.498,85.542,123461
2009-11-19,85.626,85.775,85.45,85.775,107559
2009-11-20,85.734,85.853,85.658,85.748,77691
2009-11-23,85.868,85.893,85.61,85.885,163221
2009-11-24,85.876,85.929,85.74,85.92,82425
2009-11-25,85.92,85.987,85.876,85.971,77871
2009-11-27,85.954,86.127,85.861,86.086,21200
2009-11-30,86.037,86.233,85.92,86.095,63522
2009-12-01,85.828,86.046,85.699,85.902,112517
2009-12-02,85.936,86.545,85.794,86.062,227787
2009-12-03,86.095,86.167,85.936,85.987,103274
2009-12-04,86.086,86.284,85.962,86.233,68977
2009-12-07,86.158,86.31,86.133,86.167,68413
2009-12-08,86.302,86.5,86.142,86.416,90279
2009-12-09,86.448,86.537,86.242,86.475,76345
2009-12-10,86.457,86.545,86.233,86.251,89508
2009-12-11,86.319,86.373,86.133,86.233,98659
2009-12-14,86.242,86.284,86.101,86.233,94819
2009-12-15,86.259,86.467,86.111,86.225,138771
2009-12-16,86.176,86.467,86.005,86.142,121862
2009-12-17,86.086,86.507,86.062,86.225,113750
2009-12-18,86.101,86.389,86.062,86.217,112270
2009-12-21,86.259,86.364,86.127,86.293,78038
2009-12-22,86.416,86.431,86.127,86.142,169488
2009-12-23,86.242,86.338,86.194,86.293,94226
2009-12-24,86.142,86.259,86.127,86.15,40455
2009-12-28,86.259,86.284,86.086,86.158,63054
2009-12-29,85.996,86.176,85.812,85.98,84211
2009-12-30,85.803,86.111,85.748,85.835,90707
2009-12-31,85.98,86.054,85.748,85.92,68049
2010-01-04,85.794,86.07,85.758,86.046,285945
2010-01-05,86.037,86.167,85.835,86.133,106123
2010-01-06,86.209,86.209,85.876,86.012,228220
2010-01-07,86.037,86.184,86.037,86.111,113390
2010-01-08,86.046,86.209,86.029,86.127,72872
2010-01-11,85.996,86.15,85.996,86.127,97609
2010-01-12,86.046,86.293,86.046,86.293,117587
2010-01-13,86.078,86.284,86.02,86.054,219416
2010-01-14,86.15,86.364,86.133,86.302,90327
2010-01-15,86.398,86.407,86.293,86.38,105041
2010-01-19,86.416,86.416,86.251,86.293,77085
2010-01-20,86.054,86.475,85.794,86.328,106445
2010-01-21,86.319,86.522,86.274,86.373,122345
2010-01-22,86.328,86.507,86.302,86.31,94182
2010-01-25,86.545,86.545,86.354,86.431,106217
2010-01-26,86.424,86.424,86.176,86.251,101037
2010-01-27,86.364,86.407,86.062,86.167,95115
2010-01-28,86.203,86.209,86.086,86.158,68858
2010-01-29,86.184,86.293,86.142,86.242,140144
2010-02-01,86.005,86.07,85.716,86.037,267195
2010-02-02,86.02,86.101,85.885,86.054,136244
2010-02-03,86.142,86.217,85.962,86.086,143679
2010-02-04,86.251,86.467,86.111,86.373,121146
2010-02-05,86.424,86.507,86.251,86.407,224788
2010-02-08,86.5,86.545,86.38,86.38,75292
2010-02-09,86.319,86.529,86.302,86.338,74738
2010-02-10,86.284,86.754,86.259,86.424,79706
2010-02-11,86.448,86.467,86.338,86.431,140874
2010-02-12,88.053,89.432,86.38,86.424,89214
2010-02-16,86.475,86.522,86.424,86.424,82046
2010-02-17,86.529,86.569,86.491,86.491,142190
2010-02-18,86.552,86.576,86.38,86.38,76396
2010-02-19,86.424,86.5,86.328,86.416,123115
2010-02-22,86.448,86.448,86.242,86.338,125686
2010-02-23,86.284,86.514,86.274,86.431,123991
2010-02-24,86.5,86.569,86.416,86.569,72444
2010-02-25,86.576,86.652,86.507,86.6,66762
2010-02-26,86.702,86.702,86.61,86.702,70457
2010-03-01,86.457,86.507,86.389,86.389,90230
2010-03-02,86.424,86.529,86.38,86.484,106622
2010-03-03,86.552,86.584,86.338,86.552,115524
2010-03-04,86.626,86.685,86.424,86.652,112612
2010-03-05,86.754,86.754,86.591,86.702,90221
2010-03-08,86.702,86.762,86.652,86.71,90738
2010-03-09,86.71,86.78,86.685,86.729,73984
2010-03-10,86.754,86.886,86.424,86.771,109381
2010-03-11,86.643,86.886,86.643,86.72,81423
2010-03-12,86.737,86.894,86.694,86.85,59450
2010-03-15,86.908,86.908,86.661,86.71,100219
2010-03-16,86.729,88.209,86.669,86.762,126398
2010-03-17,86.841,86.841,86.702,86.746,68101
2010-03-18,86.868,86.901,86.746,86.814,107462
2010-03-19,86.886,86.942,86.805,86.877,59646
2010-03-22,87.046,87.046,86.787,86.85,84130
2010-03-23,86.925,86.942,86.886,86.886,77860
2010-03-24,86.814,86.841,86.694,86.796,76925
2010-03-25,86.72,86.754,86.467,86.467,119301
2010-03-26,86.529,86.537,86.302,86.467,89562
2010-03-29,86.346,86.507,86.346,86.457,87089
2010-03-30,86.537,86.545,86.38,86.424,77962
2010-03-31,86.484,86.529,86.203,86.38,182888
2010-04-01,86.167,86.242,86.046,86.167,215722
2010-04-05,86.012,86.095,85.893,85.946,146459
2010-04-06,85.954,86.111,85.868,85.987,141778
2010-04-07,85.936,86.251,85.911,86.037,169129
2010-04-08,85.92,86.158,85.902,86.158,101495
2010-04-09,86.203,86.203,86.046,86.095,53185
2010-04-12,86.209,86.251,85.893,86.176,98139
2010-04-13,86.284,86.284,86.095,86.233,64313
2010-04-14,86.364,86.398,86.251,86.373,103915
2010-04-15,86.233,86.5,86.233,86.424,89581
2010-04-16,86.507,86.545,86.38,86.529,72970
2010-04-19,86.484,86.626,86.484,86.484,156893
2010-04-20,86.61,86.737,86.491,86.491,130657
2010-04-21,86.72,86.841,86.569,86.841,118396
2010-04-22,86.841,86.901,86.78,86.841,81758
2010-04-23,86.935,86.935,86.729,86.842,79104
2010-04-26,86.998,87.022,86.618,87.015,184074
2010-04-27,87.153,87.257,86.85,87.006,130939
2010-04-28,87.206,87.257,87.022,87.118,186380
2010-04-29,87.206,87.206,87.006,87.029,115340
2010-04-30,87.037,87.189,87.022,87.084,106499
2010-05-03,86.991,86.991,86.859,86.917,101798
2010-05-04,87.084,87.084,86.841,86.859,105908
2010-05-05,86.894,87.076,86.886,86.886,152990
2010-05-06,87.037,87.102,86.877,86.917,152119
2010-05-07,87.102,87.102,86.78,86.78,85700
2010-05-10,86.991,87.054,86.796,86.966,159457
2010-05-11,87.006,87.054,86.886,86.991,121578
2010-05-12,87.111,87.111,86.859,86.966,85607
2010-05-13,86.991,87.071,86.901,87.071,132597
2010-05-14,87.071,87.206,86.925,87.006,80499
2010-05-17,87.198,87.222,87.015,87.071,173230
2010-05-18,87.162,87.241,87.046,87.213,115943
2010-05-19,87.189,87.316,87.128,87.257,118232
2010-05-20,87.392,87.418,87.213,87.418,105297
2010-05-21,87.489,87.506,87.334,87.418,113082
2010-05-24,87.534,87.542,87.383,87.433,91225
2010-05-25,87.615,87.672,87.425,87.662,125684
2010-05-26,87.64,87.662,87.316,87.631,166552
2010-05-27,87.622,87.622,87.392,87.473,159198
2010-05-28,87.489,87.551,87.425,87.542,122917
2010-06-01,87.275,87.307,87.143,87.213,167360
2010-06-02,87.283,87.283,87.171,87.25,104431
2010-06-03,87.334,87.334,87.198,87.231,104252
2010-06-04,87.257,87.257,87.071,87.111,109710
2010-06-07,87.231,87.25,87.084,87.093,76927
2010-06-08,87.241,87.241,87.084,87.206,144517
2010-06-09,87.198,87.198,87.093,87.162,92402
2010-06-10,87.206,87.206,86.925,86.925,154912
2010-06-11,87.046,87.046,86.934,86.934,57574
2010-06-14,87.029,87.029,86.643,86.796,155932
2010-06-15,86.814,86.814,86.677,86.685,71476
2010-06-16,86.787,86.787,86.677,86.746,106250
2010-06-17,86.677,86.868,86.677,86.868,101200
2010-06-18,86.814,86.823,86.72,86.787,62778
2010-06-21,86.796,86.841,86.643,86.771,129610
2010-06-22,86.823,86.823,86.694,86.746,99222
2010-06-23,86.71,86.78,86.702,86.754,113408
2010-06-24,86.78,86.805,86.71,86.754,95578
2010-06-25,86.859,86.925,86.685,86.823,126735
2010-06-28,86.886,86.966,86.78,86.859,93426
2010-06-29,86.925,86.925,86.787,86.886,136014
2010-06-30,86.876,87.104,86.876,86.991,120043
2010-07-01,86.859,86.886,86.71,86.814,190277
2010-07-02,86.917,87.037,86.85,86.908,114749
2010-07-06,86.823,86.998,86.729,86.832,244420
2010-07-07,86.966,87.102,86.886,86.998,103106
2010-07-08,87.118,87.118,86.991,87.006,104814
2010-07-09,87.143,87.143,86.982,87.029,91539
2010-07-12,87.162,87.162,86.974,87.022,112344
2010-07-13,87.162,87.213,87.093,87.093,88118
2010-07-14,87.062,87.25,87.022,87.241,171799
2010-07-15,87.29,87.44,87.213,87.44,197885
2010-07-16,87.473,87.473,87.36,87.449,109685
2010-07-19,87.489,87.489,87.307,87.383,123932
2010-07-20,87.506,87.568,87.433,87.489,96872
2010-07-21,87.6,87.622,87.516,87.622,161896
2010-07-22,87.707,87.759,87.622,87.716,137165
2010-07-23,87.759,87.801,87.662,87.672,175285
2010-07-26,87.609,87.801,87.489,87.707,208143
2010-07-27,87.741,88.084,87.707,88.045,252872
2010-07-28,87.801,88.469,87.801,88.42,201193
2010-07-29,88.143,88.42,87.85,88.053,142450
2010-07-30,87.875,88.57,87.875,87.95,139079
2010-08-02,87.843,88.01,87.631,87.809,144354
2010-08-03,87.925,88.045,87.615,87.801,128793
2010-08-04,87.843,87.941,87.734,87.908,156346
2010-08-05,88.002,88.002,87.859,87.908,114612
2010-08-06,87.993,88.084,87.9,87.993,133769
2010-08-09,88.369,88.369,87.966,87.993,71003
2010-08-10,88.1,88.183,88.01,88.125,132876
2010-08-11,88.336,88.42,88.134,88.304,78553
2010-08-12,88.304,88.51,88.304,88.494,123698
2010-08-13,88.411,88.578,88.31,88.552,147488
2010-08-16,88.485,88.712,88.485,88.585,84248
2010-08-17,88.704,88.737,88.57,88.585,152771
2010-08-18,88.805,88.896,88.704,88.789,150592
2010-08-19,88.929,88.98,88.745,88.905,109005
2010-08-20,89.045,89.137,88.871,89.137,123323
2010-08-23,89.172,89.181,89.08,89.137,79921
2010-08-24,89.257,89.432,89.163,89.381,97229
2010-08-25,89.463,89.638,89.463,89.638,89280
2010-08-26,89.656,89.673,89.556,89.615,120476
2010-08-27,89.522,89.715,89.522,89.607,72902
2010-08-30,89.522,89.631,89.496,89.597,72937
2010-08-31,89.651,89.694,89.533,89.577,122084
2010-09-01,89.44,89.44,89.239,89.239,171014
2010-09-02,89.181,89.406,89.181,89.356,175212
2010-09-03,89.321,89.321,89.137,89.145,113561
2010-09-07,89.304,89.304,89.163,89.221,146420
2010-09-08,89.287,89.287,89.103,89.181,110558
2010-09-09,89.163,89.189,89.036,89.036,159948
2010-09-10,89.096,89.096,88.946,89.006,96369
2010-09-13,89.045,89.045,88.836,88.955,131828
2010-09-14,88.972,88.972,88.845,88.946,142601
2010-09-15,89.006,89.006,88.814,88.98,149348
2010-09-16,89.055,89.055,88.929,88.937,123833
2010-09-17,88.854,88.989,88.854,88.905,87177
2010-09-20,89.012,89.012,88.871,88.905,128300
2010-09-21,88.871,89.012,88.845,88.955,128731
2010-09-22,88.911,89.197,88.911,89.172,148402
2010-09-23,89.295,89.34,89.23,89.263,67237
2010-09-24,89.331,89.331,89.163,89.221,59719
2010-09-27,89.331,89.331,89.205,89.312,57046
2010-09-28,89.331,89.356,89.263,89.356,89887
2010-09-29,89.349,89.349,89.263,89.263,70203
2010-09-30,89.355,89.355,89.238,89.278,95341
2010-10-01,88.998,89.071,88.896,88.946,125687
2010-10-04,88.929,88.929,88.652,88.712,118466
2010-10-05,88.828,88.828,88.635,88.695,89794
2010-10-06,88.796,88.871,88.635,88.82,111175
2010-10-07,88.845,88.989,88.789,88.972,90143
2010-10-08,88.886,89.055,88.854,89.012,275517
2010-10-11,89.036,89.103,88.905,89.087,97348
2010-10-12,89.155,89.155,88.972,88.989,299481
2010-10-13,89.163,89.163,88.937,88.955,190534
2010-10-14,88.955,89.096,88.754,88.854,270296
2010-10-15,88.745,88.937,88.728,88.745,104662
2010-10-18,88.946,88.946,88.695,88.77,86007
2010-10-19,88.911,88.911,88.72,88.854,87130
2010-10-20,88.946,88.946,88.805,88.805,95295
2010-10-21,88.854,88.929,88.796,88.836,91193
2010-10-22,88.92,88.929,88.789,88.886,72137
2010-10-25,88.98,88.98,88.836,88.871,80859
2010-10-26,88.836,88.911,88.761,88.814,79656
2010-10-27,88.77,88.77,88.175,88.318,233087
2010-10-28,88.429,88.444,88.243,88.243,163275
2010-10-29,88.346,88.405,88.198,88.304,186475
2010-11-01,88.134,88.134,87.984,88.053,91819
2010-11-02,88.134,88.183,88.053,88.07,121267
2010-11-03,88.125,88.16,88.07,88.108,230078
2010-11-04,88.125,88.151,88.053,88.108,141707
2010-11-05,88.002,88.108,88.002,88.077,107657
2010-11-08,88.108,88.125,87.966,87.984,88587
2010-11-09,87.892,87.925,87.283,87.283,254009
2010-11-10,87.198,87.316,86.694,86.796,316134
2010-11-11,86.771,86.771,85.516,85.775,312005
2010-11-12,85.344,86.319,85.344,86.046,240693
2010-11-15,85.498,85.707,83.958,84.457,847182
2010-11-16,84.292,84.397,82.827,83.951,1533825
2010-11-17,83.62,84.662,83.62,84.07,423361
2010-11-18,84.086,84.606,83.549,84.439,511480
2010-11-19,84.379,85.223,84.379,85.141,395797
2010-11-22,85.309,85.584,85.309,85.516,299561
2010-11-23,85.618,85.618,85.336,85.61,253541
2010-11-24,85.707,85.707,85.156,85.156,292406
2010-11-26,85.441,85.602,85.257,85.525,63444
2010-11-29,85.498,85.525,85.098,85.141,267535
2010-11-30,85.459,85.924,85.076,85.595,183633
2010-12-01,85.368,85.386,84.865,84.892,219903
2010-12-02,84.925,85.08,84.757,84.874,232814
2010-12-03,84.874,85.08,84.748,84.965,148744
2010-12-06,84.789,85.024,84.757,84.856,288839
2010-12-07,84.789,84.823,83.427,83.62,550387
2010-12-08,83.371,83.576,82.474,82.991,670519
2010-12-09,82.939,83.243,82.924,83.186,346700
2010-12-10,83.108,83.434,82.939,82.939,246187
2010-12-13,82.559,83.403,82.365,82.8,459731
2010-12-14,82.809,82.809,81.267,81.36,682951
2010-12-15,81.252,81.927,81.02,81.729,801681
2010-12-16,81.842,82.579,81.598,82.482,825191
2010-12-17,82.34,83.703,82.282,83.585,1063191
2010-12-20,83.498,83.532,82.55,82.682,443025
2010-12-21,83.186,83.186,82.699,82.819,296890
2010-12-22,82.691,83.066,82.691,83.009,285213
2010-12-23,82.791,83.017,82.641,82.884,331762
2010-12-27,82.707,83.338,82.584,83.144,375188
2010-12-28,83.04,83.09,82.632,82.641,361577
2010-12-29,82.538,82.819,82.325,82.665,419227
2010-12-30,82.502,82.933,82.502,82.892,245977
2010-12-31,82.925,83.021,82.908,82.933,180516
2011-01-03,82.827,83.26,82.783,83.26,286329
2011-01-04,83.293,83.532,83.04,83.498,273117
2011-01-05,83.395,83.395,83.04,83.126,308944
2011-01-06,83.04,83.09,82.891,82.891,169138
2011-01-07,82.939,82.975,82.615,82.965,214111
2011-01-10,82.845,82.991,82.749,82.836,208887
2011-01-11,82.791,82.9,82.598,82.827,218365
2011-01-12,82.766,82.766,82.158,82.314,262733
2011-01-13,82.158,82.174,81.299,81.368,565312
2011-01-14,81.228,81.267,80.151,80.492,907128
2011-01-18,80.357,81.59,80.314,81.418,769643
2011-01-19,81.306,81.721,81.128,81.556,427157
2011-01-20,81.707,81.714,81.275,81.523,346515
2011-01-21,81.48,82.282,81.48,82.23,407089
2011-01-24,82.165,82.699,82.024,82.641,493429
2011-01-25,82.448,82.991,82.174,82.55,460397
2011-01-26,82.9,83.186,82.8,83.169,741493
2011-01-27,83.152,83.177,82.876,83.059,325652
2011-01-28,83.177,83.269,82.924,83.226,358398
2011-01-31,83.45,83.45,82.452,82.78,305486
2011-02-01,82.506,82.931,82.506,82.931,240670
2011-02-02,82.924,82.924,82.532,82.675,138731
2011-02-03,82.48,82.845,82.48,82.568,145736
2011-02-04,82.55,82.649,82.331,82.365,172904
2011-02-07,82.515,82.615,81.707,82.413,1038260
2011-02-08,82.305,82.623,82.239,82.379,263938
2011-02-09,82.658,82.682,82.448,82.615,200539
2011-02-10,82.774,83.031,82.448,82.948,249530
2011-02-11,83.193,84.848,83.193,84.283,627478
2011-02-14,84.197,84.255,83.32,83.41,512643
2011-02-15,83.576,83.62,83.285,83.293,313012
2011-02-16,83.507,83.524,83.082,83.126,247428
2011-02-18,83.434,83.864,83.434,83.78,201917
2011-02-22,84.021,84.029,83.329,83.387,250953
2011-02-23,83.441,83.909,83.38,83.62,298706
2011-02-24,83.558,84.273,83.532,84.045,225758
2011-02-25,83.855,84.337,83.739,84.18,151364
2011-02-28,84.381,84.46,84.188,84.423,189176
2011-03-01,84.391,84.602,84.215,84.267,208114
2011-03-02,84.517,84.517,84.046,84.046,89551
2011-03-03,84.19,84.267,83.812,84.138,150932
2011-03-04,84.145,84.188,83.677,83.862,225181
2011-03-07,83.668,84.001,83.316,83.325,265849
2011-03-08,83.298,83.836,83.298,83.643,153255
2011-03-09,83.728,83.933,83.625,83.829,146980
2011-03-10,83.872,83.967,83.522,83.902,170513
2011-03-11,83.754,83.871,83.521,83.796,137613
2011-03-14,83.879,83.933,83.709,83.709,76413
2011-03-15,83.684,84.01,83.608,83.9,165204
2011-03-16,84.246,84.466,83.886,84.205,174879
2011-03-17,83.877,84.213,83.877,84.093,158137
2011-03-18,83.951,84.19,83.943,84.079,108015
2011-03-21,84.043,84.127,83.886,84.078,103000
2011-03-22,83.925,84.053,83.746,83.764,126926
2011-03-23,83.925,83.965,83.796,83.879,132087
2011-03-24,83.811,83.956,83.709,83.764,104151
2011-03-25,83.83,83.917,83.72,83.729,76974
2011-03-28,83.728,83.95,83.728,83.764,88129
2011-03-29,83.879,83.879,83.521,83.617,158860
2011-03-30,83.617,83.777,83.521,83.538,145427
2011-03-31,83.509,83.608,83.418,83.418,111494
2011-04-01,83.644,84.424,83.415,83.863,674116
2011-04-04,84.071,84.129,83.701,83.797,80694
2011-04-05,83.8,83.848,83.54,83.8,92093
2011-04-06,83.72,83.958,83.454,83.454,124824
2011-04-07,83.628,83.988,83.628,83.891,252618
2011-04-08,83.951,83.951,83.72,83.747,83981
2011-04-11,83.821,83.838,83.6,83.812,76130
2011-04-12,83.722,83.988,83.722,83.954,126413
2011-04-13,83.888,83.977,83.854,83.951,72375
2011-04-14,83.902,84.079,83.897,84.079,85338
2011-04-15,84.133,84.465,84.006,84.455,207506
2011-04-18,84.267,84.57,84.147,84.57,103499
2011-04-19,84.602,84.778,84.51,84.763,404379
2011-04-20,84.709,84.845,84.643,84.803,80327
2011-04-21,84.816,84.929,84.697,84.886,125394
2011-04-25,84.786,85.173,84.786,85.04,157210
2011-04-26,85.255,85.351,85.076,85.221,71238
2011-04-27,85.385,85.394,85.221,85.342,87347
2011-04-28,85.385,85.619,85.342,85.552,184147
2011-04-29,85.463,85.73,85.422,85.721,110112
2011-05-02,85.742,85.847,85.643,85.831,124845
2011-05-03,85.897,85.906,85.691,85.797,110211
2011-05-04,85.871,86.157,85.847,86.075,101882
2011-05-05,86.216,86.381,86.201,86.284,165887
2011-05-06,86.165,86.388,86.165,86.273,90089
2011-05-09,86.363,86.485,86.258,86.363,263981
2011-05-10,86.318,86.571,86.282,86.373,198262
2011-05-11,86.502,86.725,86.381,86.563,61861
2011-05-12,86.53,87.053,86.53,87.044,198230
2011-05-13,87.06,87.231,87.044,87.16,96647
2011-05-16,87.178,87.221,86.93,87.1,87635
2011-05-17,87.053,87.595,87.053,87.595,187119
2011-05-18,87.745,87.745,87.343,87.426,126293
2011-05-19,87.29,87.367,87.091,87.126,94968
2011-05-20,87.085,87.356,86.942,86.957,100977
2011-05-23,86.882,87.231,86.836,87.188,227973
2011-05-24,87.197,87.434,86.791,87.376,116525
2011-05-25,87.384,87.41,86.97,87.021,143465
2011-05-26,86.93,87.29,86.93,87.169,95757
2011-05-27,87.244,87.414,86.966,87.389,573320
2011-05-31,87.449,87.733,87.182,87.724,433757
2011-06-01,87.654,87.936,87.621,87.654,109353
2011-06-02,87.614,87.852,87.532,87.82,91700
2011-06-03,87.868,88.006,87.76,87.852,161762
2011-06-06,87.936,87.97,87.689,87.689,101801
2011-06-07,87.667,87.891,87.667,87.693,99156
2011-06-08,87.849,87.864,87.684,87.807,70194
2011-06-09,87.864,87.917,87.604,87.703,170399
2011-06-10,87.559,87.734,87.348,87.406,154525
2011-06-13,87.523,87.581,87.192,87.244,177308
2011-06-14,87.226,87.532,87.173,87.348,67278
2011-06-15,87.471,87.514,87.226,87.294,69587
2011-06-16,87.296,87.652,87.296,87.644,76407
2011-06-17,87.44,87.651,87.392,87.643,57103
2011-06-20,87.446,87.75,87.446,87.662,56283
2011-06-21,87.742,87.911,87.567,87.903,160600
2011-06-22,87.944,88.015,87.734,87.82,71832
2011-06-23,87.693,88.003,87.693,87.764,127957
2011-06-24,87.825,87.975,87.764,87.917,99282
2011-06-27,87.825,88.003,87.807,87.966,65977
2011-06-28,87.984,88.019,87.721,87.799,203888
2011-06-29,87.707,87.828,87.495,87.495,61538
2011-06-30,87.465,87.66,87.389,87.605,99588
2011-07-01,87.607,87.614,87.179,87.346,137871
2011-07-05,86.083,87.573,86.083,87.421,189387
2011-07-06,87.509,87.578,87.351,87.491,95004
2011-07-07,87.453,87.531,87.232,87.31,225740
2011-07-08,87.336,87.558,87.327,87.327,167144
2011-07-11,87.409,87.984,87.4,87.949,82544
2011-07-12,87.937,88.107,87.76,87.981,109648
2011-07-13,88.11,88.213,88.011,88.195,76974
2011-07-14,88.274,88.274,87.941,88.086,50573
2011-07-15,88.025,88.168,87.99,88.143,48811
2011-07-18,88.162,88.213,87.994,88.028,106299
2011-07-19,88.042,88.339,88.023,88.32,158506
2011-07-20,88.35,88.663,88.231,88.629,342879
2011-07-21,88.774,88.944,88.374,88.689,297298
2011-07-22,88.56,89.07,88.466,88.892,170413
2011-07-25,88.801,89.062,88.324,88.484,171883
2011-07-26,88.713,88.713,88.27,88.424,110890
2011-07-27,88.528,88.611,88.136,88.136,229702
2011-07-28,88.141,88.448,87.969,87.969,114230
2011-07-29,87.877,88.256,87.877,88.084,148497
2011-08-01,88.38,88.466,87.878,88.069,383304
2011-08-02,88.311,88.678,88.113,88.26,618672
2011-08-03,88.644,89.191,88.441,89.07,309865
2011-08-04,89.165,89.371,88.987,89.309,154883
2011-08-05,89.182,89.437,89.12,89.353,155068
2011-08-08,89.011,89.07,88.1,88.1,461456
2011-08-09,88.06,88.5,88.017,88.305,211801
2011-08-10,88.508,89.299,88.184,89.208,200252
2011-08-11,88.706,89.308,88.331,88.517,120634
2011-08-12,88.85,89.259,88.124,89.079,164555
2011-08-15,89.096,89.632,88.688,89.403,134818
2011-08-16,89.275,89.778,89.208,89.665,148591
2011-08-17,89.589,89.905,89.299,89.872,92746
2011-08-18,89.581,90.271,89.581,90.237,151088
2011-08-19,90.121,90.352,89.908,90.034,160865
2011-08-22,90.066,90.237,89.896,90.16,71750
2011-08-23,89.94,90.211,89.94,90.074,80193
2011-08-24,89.913,90.127,89.598,90.023,98867
2011-08-25,89.922,90.391,89.598,90.297,172527
2011-08-26,90.473,90.499,90.232,90.464,617886
2011-08-29,90.519,90.604,89.982,90.4,155516
2011-08-30,90.613,90.686,90.408,90.415,113413
2011-08-31,90.631,91.072,90.425,91.072,247401
2011-09-01,91.299,91.335,90.345,90.691,306014
2011-09-02,90.892,90.892,90.105,90.123,152657
2011-09-06,90.151,90.933,90.151,90.461,113240
2011-09-07,90.324,90.88,90.175,90.393,596421
2011-09-08,90.365,90.714,90.365,90.696,82602
2011-09-09,90.829,90.829,90.464,90.591,107024
2011-09-12,90.846,90.899,90.591,90.837,105823
2011-09-13,91.012,91.012,90.616,90.699,129956
2011-09-14,90.691,90.943,90.691,90.734,71822
2011-09-15,90.565,90.741,90.369,90.6,103950
2011-09-16,90.52,90.562,90.393,90.452,87990
2011-09-19,90.499,90.846,90.499,90.674,94953
2011-09-20,90.966,90.966,90.541,90.769,153113
2011-09-21,90.812,91.11,90.565,90.908,153779
2011-09-22,91.317,91.753,91.247,91.396,210917
2011-09-23,91.377,91.715,91.377,91.547,99982
2011-09-26,91.671,91.671,91.273,91.44,198657
2011-09-27,91.432,91.44,91.195,91.396,135853
2011-09-28,91.465,91.496,90.959,90.959,130695
2011-09-29,91.003,91.161,90.918,91.045,262977
2011-09-30,91.061,91.331,90.896,91.036,242563
2011-10-03,91.413,91.413,91.018,91.22,301669
2011-10-04,91.373,91.373,90.734,91.023,175393
2011-10-05,91.129,91.304,90.11,90.395,183387
2011-10-06,90.298,90.515,89.912,90.11,214780
2011-10-07,90.184,90.393,89.877,90.349,137280
2011-10-10,90.151,90.365,90.099,90.315,127029
2011-10-11,90.175,90.375,89.62,89.794,187017
2011-10-12,90.126,90.203,89.802,90.203,177192
2011-10-13,90.254,90.819,90.167,90.819,159242
2011-10-14,90.624,90.658,90.402,90.411,115884
2011-10-17,90.688,90.748,90.108,90.254,76555
2011-10-18,90.495,90.606,90.315,90.547,179846
2011-10-19,90.793,90.793,90.305,90.452,131241
2011-10-20,90.606,90.622,90.443,90.615,97312
2011-10-21,90.839,90.848,90.472,90.848,62591
2011-10-24,91.001,91.001,90.409,90.696,369049
2011-10-25,90.776,90.845,90.441,90.715,110250
2011-10-26,90.663,90.941,90.663,90.933,86152
2011-10-27,90.889,91.028,90.562,90.663,134492
2011-10-28,90.796,90.796,90.48,90.658,88654
2011-10-31,90.719,90.798,90.392,90.479,394868
2011-11-01,91.062,91.188,90.873,91.119,67738
2011-11-02,91.071,91.173,90.77,91.164,138328
2011-11-03,91.02,91.146,91.003,91.02,125687
2011-11-04,91.662,91.837,90.997,91.005,147287
2011-11-07,91.086,91.199,90.901,90.945,130350
2011-11-08,90.987,91.071,90.718,90.734,173214
2011-11-09,90.907,91.111,90.907,90.959,87738
2011-11-10,91.075,91.223,90.925,91.084,100390
2011-11-11,91.048,91.129,90.945,91.104,145477
2011-11-14,91.071,91.104,90.893,91.039,114079
2011-11-15,91.031,91.056,90.761,90.839,184830
2011-11-16,90.91,90.92,90.727,90.893,241030
2011-11-17,90.969,90.987,90.779,90.978,154869
2011-11-18,91.02,91.084,90.873,91.084,161965
2011-11-21,91.173,91.285,91.005,91.267,146566
2011-11-22,91.251,91.373,91.048,91.373,189701
2011-11-23,91.409,91.451,91.077,91.451,108712
2011-11-25,91.45,91.45,91.206,91.355,72987
2011-11-28,91.715,91.846,91.048,91.189,120486
2011-11-29,90.997,91.181,90.997,91.173,225251
2011-11-30,91.066,91.211,91.041,91.133,242708
2011-12-01,91.172,91.206,90.994,91.119,186728
2011-12-02,91.214,91.443,91.127,91.443,186080
2011-12-05,91.435,91.496,91.258,91.39,164917
2011-12-06,91.487,91.901,91.487,91.891,248564
2011-12-07,91.883,92.234,91.883,92.187,200960
2011-12-08,92.244,92.254,92.055,92.121,292744
2011-12-09,92.271,92.271,92.0,92.264,146577
2011-12-12,92.316,92.353,92.102,92.297,206624
2011-12-13,92.28,92.316,92.102,92.197,190207
2011-12-14,92.28,92.473,92.177,92.362,212352
2011-12-15,92.528,92.537,92.307,92.443,218970
2011-12-16,92.424,92.633,92.39,92.633,266433
2011-12-19,92.691,92.744,92.443,92.718,216526
2011-12-20,92.761,92.789,92.651,92.77,168242
2011-12-21,92.853,92.919,92.699,92.9,283637
2011-12-22,92.966,93.306,92.816,93.297,191268
2011-12-23,93.277,93.333,92.983,93.184,131802
2011-12-27,93.38,93.552,93.239,93.552,220876
2011-12-28,93.421,93.721,93.38,93.543,197408
2011-12-29,93.665,94.351,93.56,94.255,144132
2011-12-30,94.552,94.552,93.421,93.421,197139
2012-01-03,93.637,93.868,93.174,93.524,485118
2012-01-04,93.956,93.956,93.44,93.675,183569
2012-01-05,93.76,94.467,93.552,94.083,201061
2012-01-06,94.246,95.439,94.246,95.399,584305
2012-01-09,95.409,96.0,95.252,95.72,328990
2012-01-10,95.652,95.652,94.552,94.928,501587
2012-01-11,95.013,95.449,94.696,95.183,320707
2012-01-12,95.183,95.605,95.003,95.252,403304
2012-01-13,95.252,95.671,95.096,95.496,366140
2012-01-17,95.38,95.73,95.337,95.587,425642
2012-01-18,95.634,95.681,95.328,95.643,870242
2012-01-19,95.69,96.386,95.577,95.76,747249
2012-01-20,95.789,95.864,95.171,95.366,909072
2012-01-23,95.567,95.72,95.357,95.577,625475
2012-01-24,95.69,96.261,95.252,95.836,1328428
2012-01-25,96.31,96.743,95.893,96.497,311064
2012-01-26,96.818,97.578,96.507,97.416,534894
2012-01-27,97.55,97.627,96.773,97.243,340168
2012-01-30,97.436,98.047,97.196,97.309,238345
2012-01-31,97.214,97.496,96.675,96.713,313271
2012-02-01,97.233,97.521,96.828,97.426,158971
2012-02-02,97.339,97.904,96.971,97.904,290808
2012-02-03,98.312,98.312,97.205,97.263,362792
2012-02-06,97.077,97.233,96.234,96.458,303609
2012-02-07,96.3,96.991,96.224,96.743,174860
2012-02-08,96.828,97.223,96.602,97.214,218969
2012-02-09,97.272,97.302,96.905,96.905,149685
2012-02-10,97.157,97.446,96.935,97.407,263661
2012-02-13,97.521,98.554,97.214,98.554,730880
2012-02-14,98.416,98.599,98.174,98.312,451365
2012-02-15,98.047,98.292,97.826,98.154,520543
2012-02-16,98.164,98.372,97.836,98.027,954572
2012-02-17,98.262,98.262,97.896,97.963,342748
2012-02-21,98.144,98.436,98.077,98.164,164526
2012-02-22,98.164,98.392,98.027,98.392,443998
2012-02-23,98.282,98.282,95.797,96.416,639734
2012-02-24,96.438,96.616,95.183,95.496,497682
2012-02-27,95.171,95.661,95.133,95.366,622984
2012-02-28,95.319,95.634,95.319,95.544,621930
2012-02-29,95.554,95.873,95.467,95.671,374901
2012-03-01,95.496,95.836,95.366,95.577,587264
2012-03-02,95.39,95.634,95.243,95.486,624260
2012-03-05,95.337,95.615,95.261,95.577,892994
2012-03-06,95.39,95.596,95.328,95.449,450126
2012-03-07,95.486,95.486,95.171,95.223,337996
2012-03-08,95.357,95.366,94.918,95.068,304243
2012-03-09,95.059,95.357,94.888,94.937,497948
2012-03-12,94.937,95.309,94.937,95.086,153908
2012-03-13,95.223,95.223,94.678,94.849,348122
2012-03-14,94.937,94.937,93.936,93.983,551384
2012-03-15,94.056,94.351,93.029,93.239,658228
2012-03-16,93.287,93.675,93.084,93.618,331157
2012-03-19,93.249,93.637,93.038,93.342,420452
2012-03-20,93.342,93.684,93.184,93.239,396610
2012-03-21,93.46,93.897,93.174,93.831,262795
2012-03-22,93.711,94.321,93.552,94.312,191279
2012-03-23,94.285,94.793,94.13,94.361,236029
2012-03-26,94.381,94.811,94.381,94.678,198711
2012-03-27,94.716,94.946,94.552,94.908,245347
2012-03-28,94.946,95.124,94.82,95.003,154814
2012-03-29,95.059,95.059,94.753,94.918,184952
2012-03-30,94.868,95.183,94.552,94.878,210927
2012-04-02,95.059,95.124,94.803,94.811,311630
2012-04-03,94.793,94.829,94.111,94.15,360351
2012-04-04,94.218,94.381,94.083,94.2,236314
2012-04-05,94.303,94.447,93.868,93.907,210663
2012-04-09,94.753,94.928,94.399,94.495,199067
2012-04-10,94.687,94.908,94.602,94.687,279533
2012-04-11,94.973,94.973,94.668,94.849,144195
2012-04-12,94.783,94.839,94.294,94.409,220039
2012-04-13,94.515,94.696,94.275,94.687,232449
2012-04-16,94.753,95.106,94.621,94.64,270994
2012-04-17,94.696,95.086,94.621,94.966,303106
2012-04-18,94.918,95.106,94.811,95.059,189197
2012-04-19,94.973,95.634,94.908,95.506,315024
2012-04-20,95.38,95.643,95.223,95.496,262374
2012-04-23,95.409,95.76,95.151,95.203,257250
2012-04-24,95.544,95.554,95.279,95.554,216214
2012-04-25,95.671,95.681,95.27,95.634,513534
2012-04-26,95.681,95.76,95.506,95.643,184359
2012-04-27,95.615,95.864,95.243,95.807,208674
2012-04-30,95.643,95.797,95.567,95.72,213625
2012-05-01,95.807,95.826,95.634,95.7,198792
2012-05-02,95.932,96.077,95.409,95.903,198464
2012-05-03,95.845,96.291,95.681,96.184,226160
2012-05-04,96.147,97.077,95.941,96.925,519338
2012-05-07,96.554,97.086,96.554,96.809,310548
2012-05-08,96.809,97.04,96.685,96.886,318294
2012-05-09,96.79,96.971,96.636,96.666,361844
2012-05-10,96.448,96.809,96.31,96.507,256582
2012-05-11,96.656,96.818,96.517,96.675,298851
2012-05-14,96.79,96.79,95.439,95.797,440318
2012-05-15,96.339,96.858,96.339,96.636,296246
2012-05-16,96.666,96.703,96.157,96.582,276059
2012-05-17,96.545,96.703,96.367,96.693,216648
2012-05-18,96.467,96.743,96.406,96.723,134762
2012-05-21,96.666,96.685,96.535,96.666,188198
2012-05-22,96.743,96.743,96.396,96.602,171333
2012-05-23,96.675,96.675,96.497,96.646,331367
2012-05-24,96.526,96.636,96.339,96.545,312429
2012-05-25,96.545,96.703,96.396,96.616,205700
2012-05-29,96.406,96.626,96.396,96.626,234994
2012-05-30,96.602,96.693,96.467,96.693,171145
2012-05-31,96.675,96.895,96.477,96.867,210551
2012-06-01,97.067,97.186,96.886,97.02,320994
2012-06-04,97.001,97.001,96.713,96.915,270340
2012-06-05,96.838,96.895,96.386,96.396,250864
2012-06-06,96.564,96.636,96.3,96.396,128511
2012-06-07,96.448,96.448,96.147,96.33,221032
2012-06-08,96.349,96.477,96.3,96.477,146404
2012-06-11,96.426,96.438,96.067,96.147,235668
2012-06-12,96.128,96.184,95.72,95.826,519255
2012-06-13,95.854,96.357,95.836,96.271,138144
2012-06-14,96.166,96.416,96.05,96.406,110051
2012-06-15,96.32,96.467,96.271,96.458,89473
2012-06-18,96.224,96.438,95.681,96.077,971324
2012-06-19,95.883,96.184,95.883,96.077,108712
2012-06-20,96.109,96.147,95.72,95.816,576570
2012-06-21,96.05,96.05,95.7,95.941,158977
2012-06-22,95.922,96.067,95.816,95.922,105948
2012-06-25,96.04,96.194,95.77,96.194,147212
2012-06-26,96.147,96.234,95.893,96.234,166967
2012-06-27,96.067,96.243,95.961,96.119,206775
2012-06-28,96.128,96.33,95.816,96.243,189781
2012-06-29,96.184,96.386,95.932,96.174,186509
2012-07-02,96.693,96.693,95.634,95.7,1165661
2012-07-03,95.661,95.951,95.544,95.643,191431
2012-07-05,95.524,95.903,95.486,95.864,116236
2012-07-06,95.845,96.234,95.73,96.234,175675
2012-07-09,96.184,96.396,96.119,96.367,145303
2012-07-10,96.357,96.867,96.174,96.703,214637
2012-07-11,96.616,97.126,96.386,96.487,292992
2012-07-12,96.693,96.838,96.497,96.693,141202
2012-07-13,96.895,96.915,96.703,96.78,126539
2012-07-16,97.086,97.136,96.753,96.905,97849
2012-07-17,97.03,97.147,96.955,97.126,147078
2012-07-18,97.096,97.456,97.067,97.436,225870
2012-07-19,97.368,97.856,97.067,97.719,191722
2012-07-20,97.54,97.876,97.329,97.846,225228
2012-07-23,97.846,97.943,97.709,97.786,144233
2012-07-24,97.587,97.914,97.587,97.914,117623
2012-07-25,98.003,98.105,97.866,98.105,137761
2012-07-26,98.077,98.204,97.866,98.154,168512
2012-07-27,98.154,98.154,97.719,97.766,165664
2012-07-30,97.679,97.973,97.679,97.973,117384
2012-07-31,98.027,98.184,97.876,98.144,178824
2012-08-01,98.254,98.382,97.924,97.924,499538
2012-08-02,98.027,98.067,97.746,97.924,286354
2012-08-03,97.963,97.963,97.766,97.856,75899
2012-08-06,97.856,98.013,97.806,97.973,245580
2012-08-07,97.973,97.973,97.679,97.737,164948
2012-08-08,97.796,97.896,97.639,97.806,93605
2012-08-09,97.856,97.933,97.617,97.806,110216
2012-08-10,97.699,97.836,97.689,97.836,371203
2012-08-13,97.846,97.886,97.679,97.719,73725
2012-08-14,97.796,97.796,97.496,97.709,196229
2012-08-15,97.756,97.756,97.466,97.466,115545
2012-08-16,97.466,97.597,97.263,97.349,222196
2012-08-17,97.319,97.56,97.319,97.436,165827
2012-08-20,97.496,97.55,97.03,97.378,215535
2012-08-21,97.378,97.578,97.157,97.456,304736
2012-08-22,97.496,97.54,97.349,97.496,150111
2012-08-23,97.456,97.719,97.456,97.578,182098
2012-08-24,97.597,97.719,97.597,97.669,117975
2012-08-27,97.669,97.983,97.669,97.943,145122
2012-08-28,98.013,98.027,97.766,97.766,113996
2012-08-29,97.973,98.067,97.876,97.933,108335
2012-08-30,98.003,98.037,97.904,97.963,135553
2012-08-31,97.993,98.096,97.924,97.983,136000
2012-09-04,98.144,98.144,97.856,97.856,269844
2012-09-05,97.963,98.115,97.914,98.077,125846
2012-09-06,98.057,98.057,97.806,97.806,201594
2012-09-07,97.953,98.115,97.806,97.846,159753
2012-09-10,97.914,97.973,97.728,97.737,140776
2012-09-11,97.816,97.866,97.737,97.846,120793
2012-09-12,97.806,97.806,97.689,97.719,137761
2012-09-13,97.796,97.806,97.54,97.699,142988
2012-09-14,97.607,97.659,97.176,97.329,300342
2012-09-17,97.302,97.436,97.196,97.426,311896
2012-09-18,97.607,97.627,97.387,97.521,131351
2012-09-19,97.639,97.816,97.521,97.786,161168
2012-09-20,97.846,98.027,97.786,97.796,161448
2012-09-21,97.896,97.943,97.737,97.886,162323
2012-09-24,97.963,97.973,97.866,97.943,112635
2012-09-25,97.904,98.164,97.826,98.154,235162
2012-09-26,98.154,98.382,98.057,98.362,193770
2012-09-27,98.372,98.446,98.144,98.352,170529
2012-09-28,98.494,98.564,98.392,98.564,105169
2012-10-01,99.44,99.44,98.436,98.504,518747
2012-10-02,98.648,98.707,98.455,98.574,295647
2012-10-03,98.564,98.737,98.564,98.707,148782
2012-10-04,98.707,98.717,98.609,98.697,147648
2012-10-05,98.668,98.668,98.579,98.619,91719
2012-10-08,98.687,98.697,98.589,98.668,72797
2012-10-09,98.648,98.687,98.534,98.544,134016
2012-10-10,98.609,98.609,98.312,98.579,227665
2012-10-11,98.436,98.599,98.436,98.579,194057
2012-10-12,98.524,98.687,98.524,98.687,132352
2012-10-15,98.648,98.668,98.534,98.658,137454
2012-10-16,98.668,98.747,98.579,98.747,229360
2012-10-17,98.707,98.707,98.455,98.484,208784
2012-10-18,98.589,98.619,98.455,98.504,144830
2012-10-19,98.504,98.638,98.455,98.534,350283
2012-10-22,98.599,98.668,98.504,98.589,247888
2012-10-23,98.697,98.757,98.658,98.668,351531
2012-10-24,98.638,98.786,98.599,98.638,101608
2012-10-25,98.707,98.816,98.628,98.677,141100
2012-10-26,98.697,98.886,98.687,98.816,276233
2012-10-31,98.628,99.024,98.628,99.024,217936
2012-11-01,99.005,99.084,98.936,99.005,233467
2012-11-02,99.034,99.133,98.965,99.044,89541
2012-11-05,99.024,99.222,98.936,99.172,377858
2012-11-06,99.114,99.231,99.054,99.231,217345
2012-11-07,99.48,99.57,99.37,99.48,367525
2012-11-08,99.46,99.6,99.41,99.55,830602
2012-11-09,99.65,99.98,99.65,99.98,216071
2012-11-12,100.01,100.36,99.83,100.36,139870
2012-11-13,100.3,100.8,100.07,100.28,408002
2012-11-14,100.56,100.93,99.67,99.7,254786
2012-11-15,99.92,100.24,99.6,100.22,553582
2012-11-16,100.28,100.28,99.88,99.89,252761
2012-11-19,99.95,100.13,99.94,100.13,179623
2012-11-20,100.64,100.64,99.99,100.33,230161
2012-11-21,100.3,100.32,100.18,100.31,195054
2012-11-23,100.38,100.77,100.02,100.3,74288
2012-11-26,100.31,100.35,100.16,100.35,245259
2012-11-27,100.37,100.43,100.17,100.29,1295233
2012-11-28,100.44,100.6,100.32,100.43,597728
2012-11-29,100.53,100.68,100.43,100.68,454011
2012-11-30,101.03,101.29,100.73,100.89,373334
2012-12-03,101.0,101.0,100.68,100.75,335115
2012-12-04,100.83,100.88,100.38,100.44,260112
2012-12-05,100.34,100.62,100.34,100.48,354834
2012-12-06,100.6,100.63,100.43,100.48,159511
2012-12-07,100.59,100.63,100.25,100.35,179176
2012-12-10,100.47,100.56,100.29,100.29,197938
2012-12-11,100.37,100.43,100.0,100.01,192489
2012-12-12,100.21,100.21,99.43,99.85,249091
2012-12-13,99.75,99.75,99.271,99.55,440478
2012-12-14,99.62,99.62,98.342,98.382,392606
2012-12-17,98.352,98.504,97.578,97.597,583917
2012-12-18,97.776,97.963,96.743,97.302,762382
2012-12-19,97.456,98.003,97.223,97.983,618936
2012-12-20,98.067,98.262,97.826,98.194,321215
2012-12-21,98.087,98.254,98.013,98.174,421848
2012-12-24,98.105,98.272,98.013,98.262,156546
2012-12-26,98.214,98.474,98.164,98.362,302673
2012-12-27,98.262,98.514,98.244,98.392,282321
2012-12-28,98.282,98.524,98.027,98.047,272379
2012-12-31,97.607,98.312,97.607,98.254,524590
2013-01-02,98.332,99.33,97.953,99.281,1110060
2013-01-03,99.33,99.36,99.104,99.301,363789
2013-01-04,99.43,99.43,99.024,99.084,238827
2013-01-07,98.816,99.42,98.677,99.251,277798
2013-01-08,99.271,99.46,99.084,99.43,202844
2013-01-09,99.5,99.78,99.39,99.67,416013
2013-01-10,99.202,99.67,99.162,99.61,266112
2013-01-11,99.54,99.86,99.47,99.85,311002
2013-01-14,99.86,99.88,99.65,99.81,147430
2013-01-15,99.92,99.92,99.74,99.76,177368
2013-01-16,99.8,99.98,99.76,99.83,190440
2013-01-17,99.99,99.99,99.79,99.85,250761
2013-01-18,99.9,100.04,99.85,100.01,247407
2013-01-22,100.03,100.06,99.89,99.92,314329
2013-01-23,99.96,100.0,99.4,99.71,637682
2013-01-24,99.71,99.86,99.56,99.8,330845
2013-01-25,99.68,99.79,99.35,99.46,204781
2013-01-28,99.34,99.44,99.034,99.054,306351
2013-01-29,99.054,99.104,98.965,98.985,168436
2013-01-30,99.034,99.104,98.906,99.034,202000
2013-01-31,98.995,99.182,98.965,99.074,155706
2013-02-01,99.172,99.49,99.143,99.41,497185
2013-02-04,99.44,99.62,99.241,99.59,527941
2013-02-05,99.45,99.58,99.37,99.53,284571
2013-02-06,99.65,99.69,99.49,99.69,329691
2013-02-07,99.71,99.77,99.49,99.5,170626
2013-02-08,99.56,99.81,99.5,99.72,274028
2013-02-11,99.69,99.76,99.41,99.43,183203
2013-02-12,99.45,99.65,99.281,99.37,176379
2013-02-13,99.45,99.48,99.291,99.37,115925
2013-02-14,99.42,99.42,99.152,99.172,227744
2013-02-15,99.172,99.301,99.133,99.162,175896
2013-02-19,99.192,99.36,99.162,99.192,231230
2013-02-20,99.094,99.36,99.094,99.222,137063
2013-02-21,99.222,99.43,99.222,99.34,187704
2013-02-22,99.47,99.48,99.261,99.32,129139
2013-02-25,99.44,99.44,99.124,99.281,137583
2013-02-26,99.5,99.5,99.281,99.33,120158
2013-02-27,99.44,99.56,99.4,99.5,176883
2013-02-28,99.64,99.71,99.46,99.58,144278
2013-03-01,99.7,99.8,99.56,99.79,216393
2013-03-04,99.59,99.73,99.59,99.69,127806
2013-03-05,99.68,99.74,99.47,99.65,181223
2013-03-06,99.49,99.67,99.261,99.35,307964
2013-03-07,99.212,99.261,98.946,98.955,157796
2013-03-08,98.836,98.846,98.362,98.416,265608
2013-03-11,98.372,98.806,98.144,98.154,296708
2013-03-12,98.194,98.292,98.057,98.224,286937
2013-03-13,98.164,98.372,97.953,98.013,258021
2013-03-14,97.963,98.096,97.776,97.806,228343
2013-03-15,97.826,97.993,97.826,97.933,269403
2013-03-18,98.087,98.214,97.886,97.953,468063
2013-03-19,97.973,98.174,97.856,98.115,221891
2013-03-20,98.067,98.254,97.933,98.013,802962
2013-03-21,98.154,98.254,97.896,97.933,287193
2013-03-22,97.866,98.204,97.856,98.204,325505
2013-03-25,98.087,98.234,97.993,98.037,248582
2013-03-26,98.003,98.096,97.943,98.047,131209
2013-03-27,97.953,98.124,97.914,98.096,221044
2013-03-28,98.204,98.372,98.115,98.262,293631
2013-04-01,98.204,98.504,98.134,98.484,518594
2013-04-02,98.352,98.767,98.262,98.707,450635
2013-04-03,98.846,98.896,98.589,98.856,109857
2013-04-04,98.886,98.985,98.737,98.936,220001
2013-04-05,99.084,99.241,98.965,99.222,319134
2013-04-08,99.162,99.4,99.034,99.36,258067
2013-04-09,99.32,99.38,99.133,99.133,252734
2013-04-10,99.222,99.34,98.955,99.094,139834
2013-04-11,99.014,99.39,98.995,99.291,158694
2013-04-12,99.261,99.42,99.133,99.42,146199
2013-04-15,99.43,99.56,99.271,99.4,155815
2013-04-16,99.43,99.53,99.251,99.46,160613
2013-04-17,99.41,99.69,99.311,99.65,165675
2013-04-18,99.68,99.8,99.6,99.77,239259
2013-04-19,99.51,99.7,99.5,99.7,165253
2013-04-22,99.7,99.7,99.51,99.6,142417
2013-04-23,99.64,99.75,99.55,99.65,72091
2013-04-24,99.57,99.77,99.55,99.6,457303
2013-04-25,99.59,99.83,99.58,99.77,189106
2013-04-26,99.86,99.91,99.66,99.9,181710
2013-04-29,99.95,99.98,99.76,99.95,179834
2013-04-30,99.86,100.06,99.86,100.02,149481
2013-05-01,100.14,100.21,100.03,100.11,270346
2013-05-02,100.15,100.28,100.06,100.24,188117
2013-05-03,100.19,100.19,99.89,100.04,149284
2013-05-06,100.12,100.12,99.86,99.92,148196
2013-05-07,99.76,99.91,99.71,99.75,158193
2013-05-08,99.78,100.01,99.71,99.75,274816
2013-05-09,99.7,99.84,99.64,99.65,160423
2013-05-10,99.84,99.88,99.261,99.281,199167
2013-05-13,99.222,99.46,99.114,99.38,158388
2013-05-14,99.59,99.66,99.34,99.46,156455
2013-05-15,99.4,99.58,99.4,99.45,175069
2013-05-16,99.39,99.7,99.38,99.63,209772
2013-05-17,99.53,99.56,99.35,99.41,148749
2013-05-20,99.42,99.55,99.281,99.291,158027
2013-05-21,99.41,99.52,99.162,99.241,155131
2013-05-22,99.291,99.46,99.034,99.114,165788
2013-05-23,99.281,99.4,99.034,99.212,132464
2013-05-24,99.114,99.222,99.034,99.202,126292
2013-05-28,99.162,99.172,98.214,98.214,324425
2013-05-29,98.204,98.282,97.786,97.806,317030
2013-05-30,97.943,98.003,97.796,97.836,159903
2013-05-31,97.826,97.896,96.867,96.961,392423
2013-06-03,96.935,97.607,96.838,96.935,403207
2013-06-04,97.057,97.057,96.675,96.675,572806
2013-06-05,96.713,97.476,96.703,96.876,617525
2013-06-06,96.79,97.214,96.675,97.106,602347
2013-06-07,97.067,97.205,96.713,96.848,376858
2013-06-10,96.646,96.693,96.128,96.243,500315
2013-06-11,96.0,96.703,95.836,96.636,1067645
2013-06-12,96.517,96.693,95.681,95.7,539931
2013-06-13,95.587,96.33,95.577,96.33,456279
2013-06-14,96.119,96.646,95.941,96.396,325792
2013-06-17,96.396,96.564,96.128,96.137,180314
2013-06-18,96.128,96.204,95.605,95.681,381650
2013-06-19,95.681,96.32,95.133,95.151,321061
2013-06-20,94.687,94.687,93.214,93.505,876697
2013-06-21,93.038,93.773,91.763,91.891,1054423
2013-06-24,90.671,92.473,90.079,91.044,1074036
2013-06-25,91.139,92.567,91.009,92.371,658514
2013-06-26,93.665,94.341,93.514,94.285,964334
2013-06-27,94.593,95.289,94.593,95.106,480432
2013-06-28,94.983,95.449,94.63,95.086,727889
2013-07-01,94.417,95.347,94.417,95.133,977501
2013-07-02,95.013,95.409,94.918,95.151,206204
2013-07-03,95.033,95.309,94.593,94.593,201790
2013-07-05,93.773,93.897,92.91,93.142,356234
2013-07-08,93.637,93.821,93.469,93.582,285103
2013-07-09,93.711,93.907,93.56,93.851,233415
2013-07-10,94.227,94.294,93.591,93.721,518658
2013-07-11,94.427,94.839,94.371,94.57,251715
2013-07-12,94.612,95.116,94.331,94.983,432968
2013-07-15,94.773,94.82,94.255,94.39,566974
2013-07-16,94.331,94.584,94.255,94.467,350094
2013-07-17,94.659,94.839,94.602,94.668,255185
2013-07-18,94.593,94.811,94.485,94.593,259245
2013-07-19,94.561,94.687,93.917,94.056,268823
2013-07-22,93.927,93.936,93.076,93.46,321956
2013-07-23,93.56,93.76,93.44,93.533,175234
2013-07-24,93.132,93.352,92.78,92.891,275356
2013-07-25,92.699,93.333,92.585,93.15,205380
2013-07-26,93.421,93.927,93.411,93.811,298234
2013-07-29,93.841,93.841,93.582,93.637,129331
2013-07-30,93.766,93.766,93.514,93.608,312896
2013-07-31,93.496,93.711,93.214,93.627,281295
2013-08-01,93.608,93.831,93.267,93.477,356558
2013-08-02,93.773,93.773,93.411,93.591,208995
2013-08-05,93.477,93.665,93.287,93.315,123897
2013-08-06,93.306,93.371,93.104,93.174,268398
2013-08-07,93.267,93.352,93.159,93.333,190576
2013-08-08,93.362,93.618,93.297,93.401,199770
2013-08-09,93.608,93.618,93.342,93.362,172683
2013-08-12,93.362,93.684,93.362,93.496,176562
2013-08-13,93.533,93.533,92.853,92.891,209288
2013-08-14,92.863,93.222,92.691,92.863,273534
2013-08-15,92.287,92.661,92.187,92.381,336510
2013-08-16,92.264,92.603,91.982,91.991,344763
2013-08-19,92.073,92.453,91.763,91.763,348676
2013-08-20,91.982,92.567,91.948,92.224,404875
2013-08-21,92.046,92.224,91.866,91.966,497782
2013-08-22,91.974,92.224,91.957,91.966,228870
2013-08-23,92.0,92.559,91.948,92.362,227639
2013-08-26,92.433,92.443,92.064,92.149,181497
2013-08-27,92.168,92.362,92.019,92.139,289712
2013-08-28,91.991,92.149,91.901,91.957,149169
2013-08-29,91.81,92.046,91.763,91.991,165319
2013-08-30,92.567,92.91,92.567,92.727,154774
2013-09-03,91.982,92.046,91.622,91.783,183780
2013-09-04,91.81,92.0,91.763,91.837,146946
2013-09-05,91.801,91.828,91.449,91.449,177636
2013-09-06,91.783,91.875,91.603,91.622,188544
2013-09-09,91.783,91.966,91.612,91.652,170098
2013-09-10,91.53,91.801,91.422,91.743,271108
2013-09-11,91.603,91.92,91.603,91.92,151661
2013-09-12,91.801,92.326,91.783,92.197,294015
2013-09-13,92.121,92.443,92.102,92.271,189500
2013-09-16,92.651,92.9,92.594,92.708,279036
2013-09-17,92.966,93.333,92.843,93.066,349757
2013-09-18,93.306,94.181,93.066,93.983,303949
2013-09-19,93.868,94.028,93.741,93.897,440331
2013-09-20,93.992,94.074,93.851,93.983,280853
2013-09-23,94.255,94.265,94.046,94.111,222208
2013-09-24,94.046,94.467,94.046,94.39,255167
2013-09-25,94.361,94.612,94.265,94.495,345668
2013-09-26,94.593,94.602,94.371,94.485,225216
2013-09-27,94.409,94.593,94.409,94.485,91319
2013-09-30,95.203,95.309,95.086,95.309,126789
2013-10-01,94.485,94.612,94.227,94.417,386719
2013-10-02,94.535,94.678,94.485,94.593,128394
2013-10-03,94.515,94.612,94.427,94.535,108167
2013-10-04,94.457,94.57,94.294,94.427,129385
2013-10-07,94.341,94.593,94.341,94.381,118531
2013-10-08,94.543,94.543,94.12,94.15,242159
2013-10-09,94.227,94.275,94.028,94.092,113859
2013-10-10,94.083,94.083,93.897,94.028,115515
2013-10-11,94.02,94.159,93.811,93.811,244872
2013-10-14,93.868,93.917,93.477,93.533,136976
2013-10-15,93.721,93.917,93.371,93.371,321877
2013-10-16,93.46,93.936,93.44,93.868,195970
2013-10-17,93.897,94.255,93.841,94.218,151523
2013-10-18,94.351,94.447,93.841,94.321,132883
2013-10-21,94.321,94.427,94.092,94.236,269937
2013-10-22,94.525,94.724,94.525,94.687,182336
2013-10-23,94.773,95.161,94.733,95.068,829298
2013-10-24,95.171,95.524,95.116,95.399,257110
2013-10-25,95.299,95.544,95.299,95.419,117579
2013-10-28,95.506,95.577,95.328,95.554,157198
2013-10-29,95.467,95.671,95.449,95.671,331393
2013-10-30,95.671,95.873,95.524,95.624,586748
2013-10-31,96.147,96.33,95.932,96.234,329420
2013-11-01,95.73,95.73,95.366,95.38,120930
2013-11-04,95.449,95.524,95.39,95.449,136408
2013-11-05,95.366,95.409,95.161,95.289,325111
2013-11-06,95.289,95.409,95.252,95.347,212207
2013-11-07,95.347,95.605,95.279,95.577,238118
2013-11-08,95.077,95.151,94.839,94.908,197569
2013-11-11,94.973,95.086,94.937,95.003,126802
2013-11-12,94.983,95.077,94.829,94.888,495467
2013-11-13,94.956,95.133,94.918,94.973,350945
2013-11-14,95.059,95.299,94.937,95.133,215491
2013-11-15,95.124,95.252,95.106,95.223,149748
2013-11-18,95.252,95.476,95.252,95.476,324325
2013-11-19,95.233,95.486,95.233,95.337,239903
2013-11-20,95.279,95.524,95.142,95.151,234107
2013-11-21,95.059,95.38,95.023,95.142,306690
2013-11-22,95.203,95.279,95.133,95.193,363589
2013-11-25,95.203,95.309,95.133,95.252,199952
2013-11-26,95.252,95.409,95.213,95.289,199755
2013-11-27,95.366,95.39,95.161,95.319,203678
2013-11-29,95.524,95.643,95.524,95.524,57102
2013-12-02,95.337,95.337,94.937,94.956,815975
2013-12-03,95.068,95.243,95.033,95.213,583535
2013-12-04,95.086,95.124,94.82,94.849,285260
2013-12-05,94.82,94.946,94.743,94.793,267044
2013-12-06,94.803,94.946,94.803,94.849,190915
2013-12-09,94.839,94.918,94.783,94.839,263618
2013-12-10,94.966,95.116,94.946,95.106,396791
2013-12-11,95.013,95.124,94.966,94.993,265391
2013-12-12,95.068,95.133,94.973,94.973,326635
2013-12-13,95.003,95.279,94.956,95.013,381005
2013-12-16,95.068,95.171,94.966,95.077,321506
2013-12-17,95.086,95.223,95.033,95.203,274278
2013-12-18,95.023,95.299,94.937,95.193,450570
2013-12-19,94.993,95.077,94.908,95.023,343132
2013-12-20,94.966,95.106,94.918,94.993,428978
2013-12-23,94.898,95.013,94.621,94.783,564342
2013-12-24,94.803,94.868,94.696,94.803,172426
2013-12-26,94.937,94.983,94.783,94.811,389505
2013-12-27,94.973,94.973,94.716,94.733,489375
2013-12-30,94.908,94.956,94.743,94.946,542261
2013-12-31,94.839,94.983,94.724,94.878,556176
2014-01-02,94.993,95.161,94.983,95.161,475899
2014-01-03,95.077,95.171,94.966,95.171,190263
2014-01-06,95.233,95.309,95.096,95.233,245991
2014-01-07,95.419,95.459,95.193,95.409,202196
2014-01-08,95.309,95.544,95.309,95.476,178061
2014-01-09,95.524,95.845,95.524,95.845,270462
2014-01-10,96.01,96.497,95.951,96.467,311898
2014-01-13,96.477,96.592,96.367,96.507,320183
2014-01-14,96.487,96.626,96.458,96.582,256625
2014-01-15,96.666,96.666,96.467,96.564,188177
2014-01-16,96.607,96.78,96.607,96.753,287942
2014-01-17,96.753,96.945,96.703,96.945,140747
2014-01-21,96.876,96.945,96.78,96.828,274713
2014-01-22,96.799,96.828,96.636,96.723,295710
2014-01-23,96.905,97.157,96.838,97.04,296959
2014-01-24,97.126,97.368,97.049,97.205,242872
2014-01-27,97.214,97.253,96.991,96.991,204581
2014-01-28,97.186,97.205,97.057,97.096,260018
2014-01-29,97.233,97.233,96.915,97.057,286643
2014-01-30,97.067,97.243,96.945,97.233,374911
2014-01-31,97.233,97.329,97.126,97.329,260759
2014-02-03,97.339,97.486,97.176,97.436,331188
2014-02-04,97.397,97.466,96.723,97.116,530170
2014-02-05,97.233,97.233,96.991,97.001,237133
2014-02-06,97.03,97.167,97.03,97.106,207714
2014-02-07,97.106,97.358,97.03,97.329,209645
2014-02-10,97.368,97.436,97.147,97.416,102177
2014-02-11,97.302,97.54,97.186,97.521,261887
2014-02-12,97.501,97.521,97.302,97.378,189215
2014-02-13,97.446,97.486,97.339,97.368,238436
2014-02-14,97.309,97.397,97.243,97.263,132363
2014-02-18,97.292,97.407,97.116,97.147,340561
2014-02-19,97.272,97.407,97.214,97.309,256971
2014-02-20,97.243,97.426,97.233,97.309,209735
2014-02-21,97.466,97.486,97.368,97.397,198902
2014-02-24,97.486,97.521,97.358,97.501,171409
2014-02-25,97.54,97.689,97.531,97.689,228327
2014-02-26,97.679,97.816,97.587,97.816,234329
2014-02-27,97.796,98.096,97.796,98.087,214182
2014-02-28,98.134,98.312,97.953,98.312,318043
2014-03-03,98.372,98.494,98.282,98.464,143771
2014-03-04,98.382,98.382,98.234,98.322,218466
2014-03-05,98.362,98.362,98.037,98.144,1011887
2014-03-06,98.067,98.134,97.943,98.027,263088
2014-03-07,97.904,97.904,97.54,97.55,337983
2014-03-10,97.639,97.756,97.55,97.756,158369
2014-03-11,97.689,97.933,97.54,97.836,120983
2014-03-12,97.904,98.154,97.904,98.096,148070
2014-03-13,98.174,98.362,98.067,98.302,160604
2014-03-14,98.372,98.426,98.262,98.342,176583
2014-03-17,98.464,98.554,98.382,98.554,172857
2014-03-18,98.544,98.544,98.352,98.474,119028
2014-03-19,98.455,98.455,97.983,98.027,167989
2014-03-20,98.096,98.096,97.973,98.027,144693
2014-03-21,98.047,98.154,97.983,98.096,137347
2014-03-24,98.013,98.087,97.983,97.993,168066
2014-03-25,97.886,98.003,97.836,97.866,275777
2014-03-26,98.003,98.194,97.973,98.184,148161
2014-03-27,98.154,98.392,98.124,98.382,113136
2014-03-28,98.436,98.436,98.244,98.342,102027
2014-03-31,98.416,98.416,98.254,98.392,167984
2014-04-01,98.254,98.362,98.174,98.204,337052
2014-04-02,98.262,98.332,98.067,98.115,249415
2014-04-03,98.224,98.254,98.154,98.234,89049
2014-04-04,98.322,98.619,98.312,98.564,154814
2014-04-07,98.564,98.737,98.436,98.737,158461
2014-04-08,98.668,98.806,98.599,98.767,192542
2014-04-09,98.737,98.757,98.609,98.609,391929
2014-04-10,98.697,99.064,98.687,99.034,232674
2014-04-11,99.124,99.37,99.084,99.33,673682
2014-04-14,99.34,99.34,99.172,99.231,187805
2014-04-15,99.281,99.38,99.172,99.35,203545
2014-04-16,99.143,99.39,99.143,99.311,130880
2014-04-17,99.36,99.39,99.044,99.084,526226
2014-04-21,99.35,99.35,99.114,99.251,116108
2014-04-22,99.241,99.33,99.172,99.281,249812
2014-04-23,99.271,99.4,99.241,99.35,136494
2014-04-24,99.39,99.47,99.222,99.46,143950
2014-04-25,99.59,99.62,99.39,99.61,248565
2014-04-28,99.61,99.63,99.41,99.58,134080
2014-04-29,99.58,99.58,99.37,99.49,219701
2014-04-30,99.57,99.66,99.46,99.63,151111
2014-05-01,99.49,99.82,99.49,99.81,231252
2014-05-02,99.79,99.8,99.48,99.71,198308
2014-05-05,99.64,99.77,99.63,99.76,101290
2014-05-06,99.82,99.88,99.68,99.88,153317
2014-05-07,99.9,99.97,99.81,99.9,145398
2014-05-08,99.99,100.16,99.88,100.14,183992
2014-05-09,100.11,100.2,100.02,100.19,104872
2014-05-12,100.18,100.23,100.05,100.18,144380
2014-05-13,100.19,100.32,100.14,100.24,165477
2014-05-14,100.4,100.6,100.3,100.53,250789
2014-05-15,100.58,100.86,100.54,100.82,534517
2014-05-16,100.63,100.8,100.63,100.68,200202
2014-05-19,100.71,100.85,100.6,100.63,194061
2014-05-20,100.7,100.74,100.61,100.68,151363
2014-05-21,100.56,100.61,100.5,100.57,126829
2014-05-22,100.56,100.66,100.48,100.6,127674
2014-05-23,100.64,100.67,100.48,100.63,204693
2014-05-27,100.63,100.68,100.53,100.65,81298
2014-05-28,100.75,100.84,100.68,100.84,150539
2014-05-29,100.83,100.93,100.72,100.88,162848
2014-05-30,100.9,100.93,100.71,100.77,230474
2014-06-02,100.7,100.82,100.53,100.58,244278
2014-06-03,100.57,100.61,98.352,100.38,154066
2014-06-04,100.54,100.54,100.15,100.21,175100
2014-06-05,100.28,100.38,100.17,100.35,158209
2014-06-06,100.38,100.43,100.22,100.32,175826
2014-06-09,100.28,100.3,100.12,100.23,184319
2014-06-10,100.11,100.18,99.92,99.94,183168
2014-06-11,99.99,102.19,99.86,100.03,291857
2014-06-12,99.99,100.16,99.87,100.16,225628
2014-06-13,99.96,100.0,99.85,99.99,157291
2014-06-16,100.09,100.09,99.93,99.93,171884
2014-06-17,99.95,99.99,99.85,99.91,218065
2014-06-18,99.99,100.24,99.95,100.24,260404
2014-06-19,100.15,100.28,100.01,100.13,230803
2014-06-20,100.13,100.17,99.94,100.03,208841
2014-06-23,100.18,100.21,100.03,100.18,126998
2014-06-24,100.27,100.32,100.13,100.14,218743
2014-06-25,100.48,100.58,100.32,100.56,163538
2014-06-26,100.65,100.74,100.5,100.74,181748
2014-06-27,100.65,100.74,100.62,100.64,162692
2014-06-30,100.72,100.8,100.61,100.61,157587
2014-07-01,100.77,100.77,100.48,100.59,329804
2014-07-02,100.57,100.57,100.14,100.14,281689
2014-07-03,100.19,100.24,100.13,100.17,119548
2014-07-07,100.23,100.32,100.06,100.09,184843
2014-07-08,100.33,100.34,100.16,100.25,173176
2014-07-09,100.14,100.31,100.06,100.28,191275
2014-07-10,100.31,100.41,100.25,100.41,152931
2014-07-11,100.34,100.47,100.28,100.37,207470
2014-07-14,100.31,100.37,100.21,100.28,180774
2014-07-15,100.41,100.47,100.29,100.43,167220
2014-07-16,100.48,100.68,100.48,100.66,120276
2014-07-17,100.71,100.84,100.66,100.84,191852
2014-07-18,100.78,100.93,100.71,100.82,152468
2014-07-21,100.91,101.06,100.87,100.95,156495
2014-07-22,100.97,101.1,100.9,101.05,146524
2014-07-23,101.07,101.22,101.01,101.2,120544
2014-07-24,101.02,101.15,101.01,101.03,183826
2014-07-25,101.16,101.34,101.15,101.22,160902
2014-07-28,101.17,101.31,101.06,101.26,103174
2014-07-29,101.56,101.56,101.25,101.33,147493
2014-07-30,101.26,101.26,100.89,100.93,202421
2014-07-31,100.81,101.06,100.78,101.06,149973
2014-08-01,101.15,101.42,101.06,101.42,249948
2014-08-04,101.26,101.26,101.01,101.09,132374
2014-08-05,101.16,101.17,101.01,101.01,212779
2014-08-06,101.16,101.36,101.16,101.32,129383
2014-08-07,101.36,101.5,101.25,101.45,210947
2014-08-08,101.52,101.62,101.42,101.54,146740
2014-08-11,101.54,101.61,101.39,101.47,154906
2014-08-12,101.51,101.63,101.49,101.55,177012
2014-08-13,101.52,101.7,101.5,101.59,259110
2014-08-14,101.71,101.76,101.59,101.67,260269
2014-08-15,101.71,101.94,101.68,101.8,237738
2014-08-18,101.89,101.91,101.66,101.85,218419
2014-08-19,101.87,101.93,101.61,101.61,284427
2014-08-20,101.88,101.88,101.65,101.75,307501
2014-08-21,101.82,101.89,101.75,101.87,158106
2014-08-22,101.88,101.92,101.77,101.89,142155
2014-08-25,101.91,101.94,101.78,101.92,155537
2014-08-26,101.99,102.06,101.82,102.02,192797
2014-08-27,102.03,102.17,101.97,102.14,133504
2014-08-28,102.16,102.29,102.14,102.21,127753
2014-08-29,102.28,102.42,102.21,102.3,157803
2014-09-02,102.21,102.21,102.04,102.11,167423
2014-09-03,102.04,102.07,101.94,102.05,118262
2014-09-04,101.93,102.03,101.81,101.92,169103
2014-09-05,101.98,102.15,101.92,102.0,221592
2014-09-08,102.07,102.16,101.93,102.0,143784
2014-09-09,101.92,101.99,101.89,101.9,114924
2014-09-10,101.89,101.9,101.74,101.74,153000
2014-09-11,101.89,101.94,101.8,101.8,118577
2014-09-12,101.77,101.79,101.6,101.61,212416
2014-09-15,101.77,101.84,101.64,101.76,151341
2014-09-16,101.72,101.8,101.68,101.68,200041
2014-09-17,101.74,101.86,101.68,101.74,197122
2014-09-18,101.81,101.86,101.79,101.85,181385
2014-09-19,101.89,101.98,101.82,101.94,147219
2014-09-22,101.91,102.07,101.91,102.02,177758
2014-09-23,102.01,102.17,101.99,102.11,402479
2014-09-24,102.09,102.16,101.99,101.99,168166
2014-09-25,102.21,102.33,102.16,102.33,198789
2014-09-26,102.27,102.27,102.03,102.11,166168
2014-09-29,102.21,102.25,102.18,102.2,183447
2014-09-30,102.19,102.26,102.09,102.23,138214
2014-10-01,102.24,102.59,102.22,102.58,639678
2014-10-02,102.54,102.55,102.33,102.46,222851
2014-10-03,102.53,102.57,102.37,102.54,211928
2014-10-06,102.45,102.54,102.41,102.5,160259
2014-10-07,102.53,102.76,102.53,102.72,198349
2014-10-08,102.77,102.82,102.58,102.8,224719
2014-10-09,102.86,103.03,102.77,102.91,268047
2014-10-10,103.08,103.11,102.91,102.98,212219
2014-10-13,103.12,103.42,103.03,103.41,242540
2014-10-14,103.38,103.52,103.33,103.51,257580
2014-10-15,104.06,104.43,103.68,103.74,485814
2014-10-16,103.75,103.85,103.29,103.39,439896
2014-10-17,103.49,103.55,103.13,103.25,350716
2014-10-20,103.35,103.42,103.07,103.14,128145
2014-10-21,102.97,102.99,102.87,102.91,229087
2014-10-22,102.93,102.97,102.86,102.91,196055
2014-10-23,102.8,102.82,102.6,102.61,321369
2014-10-24,102.64,102.79,102.58,102.76,153477
2014-10-27,102.68,102.84,102.67,102.73,147784
2014-10-28,102.85,102.89,102.7,102.73,170003
2014-10-29,102.71,102.87,102.65,102.82,132438
2014-10-30,102.78,102.93,102.77,102.93,135067
2014-10-31,102.77,102.87,102.67,102.79,136326
2014-11-03,102.69,102.72,102.57,102.63,252255
2014-11-04,102.58,102.66,102.43,102.52,248853
2014-11-05,102.37,102.52,102.33,102.45,143884
2014-11-06,102.39,102.46,102.29,102.31,167819
2014-11-07,102.3,102.65,102.3,102.56,205788
2014-11-10,102.54,102.57,102.43,102.5,197726
2014-11-11,102.53,102.63,102.48,102.57,120104
2014-11-12,102.61,102.63,102.57,102.57,199970
2014-11-13,102.58,102.58,102.48,102.57,290713
2014-11-14,102.54,102.63,102.5,102.6,216155
2014-11-17,102.57,102.57,102.35,102.45,163363
2014-11-18,102.53,102.53,102.44,102.45,155644
2014-11-19,102.35,102.44,102.26,102.29,345809
2014-11-20,102.48,102.57,102.36,102.49,171326
2014-11-21,102.47,102.61,102.4,102.57,211107
2014-11-24,102.54,102.61,102.53,102.6,248717
2014-11-25,102.58,102.64,102.54,102.61,314787
2014-11-26,102.68,102.81,102.63,102.78,268283
2014-11-28,102.79,102.95,102.67,102.92,150919
2014-12-01,102.86,103.07,102.86,102.88,360143
2014-12-02,102.95,102.96,102.73,102.84,173684
2014-12-03,102.91,102.97,102.86,102.97,186285
2014-12-04,102.97,103.1,102.9,103.04,174935
2014-12-05,102.93,102.99,102.83,102.94,198993
2014-12-08,102.95,103.09,102.84,102.97,251475
2014-12-09,103.12,103.26,103.1,103.2,331505
2014-12-10,103.25,103.38,103.23,103.35,219209
2014-12-11,103.36,103.38,103.23,103.25,271942
2014-12-12,103.33,103.49,103.29,103.47,282797
2014-12-15,103.29,103.42,103.17,103.27,283261
2014-12-16,103.47,103.59,103.31,103.44,380696
2014-12-17,103.37,103.47,103.12,103.22,340718
2014-12-18,103.15,103.23,103.05,103.2,286835
2014-12-19,103.05,103.34,102.99,103.25,249398
2014-12-22,103.31,103.32,103.22,103.23,302384
2014-12-23,103.23,103.33,103.18,103.24,417955
2014-12-24,103.24,103.27,103.19,103.24,166497
2014-12-26,103.19,103.3,103.07,103.29,216709
2014-12-29,103.4,103.54,103.14,103.52,326739
2014-12-30,103.55,103.75,103.42,103.56,419627
2014-12-31,103.66,103.75,103.6,103.73,283026
2015-01-02,103.63,103.91,103.47,103.47,658368
2015-01-05,103.83,103.89,103.6,103.69,639832
2015-01-06,103.89,104.19,103.89,103.98,504089
2015-01-07,104.14,104.3,103.94,104.25,415688
2015-01-08,104.1,104.28,104.1,104.2,247329
2015-01-09,104.19,104.42,104.12,104.4,177410
2015-01-12,104.37,104.55,104.27,104.53,218941
2015-01-13,104.49,104.67,104.4,104.57,204323
2015-01-14,104.95,104.97,104.76,104.84,308113
2015-01-15,104.82,105.14,104.77,105.07,426599
2015-01-16,105.0,105.11,104.77,104.88,310728
2015-01-20,104.97,105.14,104.91,105.02,315844
2015-01-21,104.97,105.12,104.71,104.75,226373
2015-01-22,104.81,104.85,104.57,104.71,237950
2015-01-23,104.82,105.07,104.69,105.07,344245
2015-01-26,104.8,104.98,104.75,104.9,261449
2015-01-27,105.38,105.38,104.99,105.05,248132
2015-01-28,105.09,105.35,105.04,105.31,543144
2015-01-29,105.14,105.35,105.06,105.25,265586
2015-01-30,105.38,105.53,105.14,105.43,313445
2015-02-02,105.3,105.44,105.11,105.36,250395
2015-02-03,105.19,105.22,104.9,104.98,267864
2015-02-04,104.75,105.08,104.75,105.04,199957
2015-02-05,105.0,105.04,104.85,104.85,268902
2015-02-06,104.54,104.8,104.4,104.4,350513
2015-02-09,104.41,104.53,104.23,104.23,241816
2015-02-10,104.31,104.45,103.84,103.94,622374
2015-02-11,104.16,104.16,103.67,103.74,466822
2015-02-12,103.78,103.87,103.69,103.71,517336
2015-02-13,103.79,103.79,103.49,103.59,441442
2015-02-17,103.61,103.68,103.42,103.49,386688
2015-02-18,103.66,103.78,103.54,103.73,369093
2015-02-19,103.65,103.77,103.59,103.6,564261
2015-02-20,103.81,103.91,103.69,103.71,330861
2015-02-23,103.87,104.05,103.84,103.92,347659
2015-02-24,103.73,104.12,103.73,104.12,753298
2015-02-25,104.28,104.28,104.04,104.09,231978
2015-02-26,104.1,104.1,103.86,103.87,238267
2015-02-27,103.98,104.21,103.92,104.21,297473
2015-03-02,104.05,104.15,103.72,103.8,371866
2015-03-03,103.83,103.88,103.62,103.67,258995
2015-03-04,103.85,103.86,103.73,103.85,359373
2015-03-05,103.85,103.86,103.7,103.75,372926
2015-03-06,103.45,103.49,102.77,102.77,675968
2015-03-09,103.04,103.21,102.97,103.12,207849
2015-03-10,103.24,103.53,103.17,103.5,349209
2015-03-11,103.37,103.44,103.31,103.36,228392
2015-03-12,103.56,103.69,103.52,103.66,371972
2015-03-13,103.62,103.77,103.58,103.66,341797
2015-03-16,103.72,103.85,103.66,103.69,181273
2015-03-17,103.67,103.81,103.67,103.75,228289
2015-03-18,103.84,104.43,103.8,104.39,527626
2015-03-19,104.35,104.38,104.2,104.35,306116
2015-03-20,104.38,104.5,104.29,104.32,384042
2015-03-23,104.41,104.52,104.4,104.46,222676
2015-03-24,104.53,104.63,104.47,104.63,436351
2015-03-25,104.55,104.57,104.4,104.43,223413
2015-03-26,104.49,104.5,104.26,104.33,351115
2015-03-27,104.34,104.44,104.3,104.44,162428
2015-03-30,104.35,104.37,104.27,104.33,219816
2015-03-31,104.33,104.45,104.3,104.45,281441
2015-04-01,104.21,104.31,104.17,104.27,239722
2015-04-02,104.17,104.17,104.01,104.1,282711
2015-04-06,104.21,104.4,104.06,104.09,299446
2015-04-07,104.17,104.25,104.1,104.22,257168
2015-04-08,104.27,104.27,104.14,104.19,264817
2015-04-09,104.23,104.23,103.98,104.09,384248
2015-04-10,104.23,104.23,104.02,104.03,247455
2015-04-13,104.04,104.1,103.99,104.07,512904
2015-04-14,104.24,104.26,104.02,104.02,434868
2015-04-15,104.07,104.19,104.07,104.14,184105
2015-04-16,104.14,104.21,104.01,104.09,279080
2015-04-17,104.08,104.19,104.02,104.17,237499
2015-04-20,104.16,104.16,104.02,104.08,240632
2015-04-21,104.02,104.1,103.98,104.01,228617
2015-04-22,104.06,104.06,103.83,103.85,522656
2015-04-23,103.9,103.91,103.74,103.81,334598
2015-04-24,103.81,103.95,103.79,103.93,200090
2015-04-27,103.95,103.95,103.8,103.86,313631
2015-04-28,103.86,103.87,103.71,103.77,259960
2015-04-29,103.63,103.71,103.44,103.6,258781
2015-04-30,103.48,103.54,103.33,103.47,275831
2015-05-01,103.27,103.44,103.11,103.26,286755
2015-05-04,103.26,103.31,103.16,103.27,304188
2015-05-05,103.32,103.33,103.05,103.21,247028
2015-05-06,103.16,103.19,102.83,102.83,306425
2015-05-07,102.93,103.09,102.93,103.09,249108
2015-05-08,103.22,103.24,103.05,103.06,337155
2015-05-11,103.04,103.04,102.7,102.7,724074
2015-05-12,102.69,102.93,102.61,102.89,256240
2015-05-13,103.01,103.01,102.64,102.7,362190
2015-05-14,102.82,102.9,102.71,102.84,309155
2015-05-15,102.87,102.91,102.8,102.9,291301
2015-05-18,102.84,102.84,102.56,102.56,303432
2015-05-19,102.46,102.66,102.44,102.44,273913
2015-05-20,102.48,102.68,102.45,102.45,261774
2015-05-21,102.55,102.79,102.44,102.77,303026
2015-05-22,102.63,102.63,102.45,102.6,211737
2015-05-26,102.62,102.86,102.56,102.75,333959
2015-05-27,102.85,102.85,102.69,102.83,171902
2015-05-28,102.83,102.93,102.79,102.82,435127
2015-05-29,102.93,103.07,102.88,102.97,214697
2015-06-01,103.01,103.07,102.79,102.84,262757
2015-06-02,102.67,102.77,102.46,102.48,452679
2015-06-03,102.42,102.45,102.33,102.38,781804
2015-06-04,102.38,102.63,102.38,102.59,234383
2015-06-05,102.27,102.36,102.14,102.31,280672
2015-06-08,102.39,102.41,102.25,102.3,303868
2015-06-09,102.32,102.34,102.08,102.1,334275
2015-06-10,102.11,102.19,102.04,102.13,219893
2015-06-11,102.28,102.41,102.13,102.35,362413
2015-06-12,102.3,102.6,102.3,102.51,166377
2015-06-15,102.6,102.66,102.43,102.55,494704
2015-06-16,102.66,102.74,102.57,102.72,147926
2015-06-17,102.72,102.72,102.43,102.69,156574
2015-06-18,102.63,102.78,102.56,102.66,252307
2015-06-19,102.78,102.88,102.7,102.85,200961
2015-06-22,102.66,102.68,102.42,102.54,247459
2015-06-23,102.51,102.62,102.42,102.51,463476
2015-06-24,102.69,102.78,102.58,102.78,166695
2015-06-25,102.74,102.77,102.58,102.66,179136
2015-06-26,102.61,102.62,102.52,102.55,218042
2015-06-29,102.72,102.98,102.49,102.98,373771
2015-06-30,102.79,102.82,102.57,102.61,287108
2015-07-01,102.5,102.74,102.5,102.62,189739
2015-07-02,102.62,102.8,102.61,102.78,214940
2015-07-06,102.98,103.07,102.86,102.94,264283
2015-07-07,103.04,103.23,102.93,102.93,367809
2015-07-08,103.28,103.34,103.06,103.29,190007
2015-07-09,103.15,103.24,103.09,103.14,199474
2015-07-10,103.1,103.11,102.97,103.03,263337
2015-07-13,102.95,103.02,102.84,102.98,276277
2015-07-14,103.03,103.13,102.98,103.07,327789
2015-07-15,103.05,103.09,102.95,103.02,261757
2015-07-16,102.97,103.2,102.97,103.1,194742
2015-07-17,103.04,103.3,103.04,103.27,141819
2015-07-20,103.23,103.31,103.16,103.29,223780
2015-07-21,103.3,103.4,103.22,103.38,195371
2015-07-22,103.37,103.54,103.3,103.46,607685
2015-07-23,103.46,103.73,103.44,103.59,227879
2015-07-24,103.59,103.69,103.48,103.68,119305
2015-07-27,103.69,103.8,103.69,103.75,283851
2015-07-28,103.71,103.72,103.63,103.66,151918
2015-07-29,103.6,103.65,103.5,103.55,116256
2015-07-30,103.52,103.67,103.5,103.56,170545
2015-07-31,103.71,103.85,103.69,103.77,181272
2015-08-03,103.69,103.93,103.69,103.9,383725
2015-08-04,103.87,103.88,103.63,103.69,176590
2015-08-05,103.69,103.74,103.54,103.64,171336
2015-08-06,103.63,103.8,103.62,103.69,201005
2015-08-07,103.68,103.79,103.64,103.7,285882
2015-08-10,103.67,103.67,103.43,103.43,354437
2015-08-11,103.69,103.93,103.68,103.89,211451
2015-08-12,103.89,103.99,103.63,103.63,196642
2015-08-13,103.7,103.85,103.63,103.73,273279
2015-08-14,103.62,103.8,103.59,103.74,167348
2015-08-17,103.83,103.88,103.71,103.75,214908
2015-08-18,103.71,103.75,103.59,103.6,170184
2015-08-19,103.58,103.86,103.55,103.84,344569
2015-08-20,103.69,103.97,103.69,103.81,751812
2015-08-21,103.9,104.03,103.83,104.03,335332
2015-08-24,104.28,104.29,103.69,103.72,673914
2015-08-25,103.57,103.81,103.47,103.55,426355
2015-08-26,103.31,103.7,103.17,103.45,319264
2015-08-27,103.7,103.81,103.52,103.71,279160
2015-08-28,103.7,103.81,103.65,103.73,197693
2015-08-31,103.73,103.81,103.58,103.66,366721
2015-09-01,103.91,104.05,103.7,103.97,390259
2015-09-02,103.85,103.98,103.79,103.83,145207
2015-09-03,104.07,104.07,103.85,103.91,294288
2015-09-04,103.94,104.02,103.79,104.02,131691
2015-09-08,103.8,103.84,103.69,103.74,267258
2015-09-09,103.71,103.8,103.55,103.76,312519
2015-09-10,103.71,103.72,103.59,103.65,177143
2015-09-11,103.68,103.78,103.62,103.69,258876
2015-09-14,103.69,103.7,103.59,103.65,196333
2015-09-15,103.61,103.63,103.24,103.24,277319
2015-09-16,103.34,103.48,103.23,103.25,242956
2015-09-17,103.34,103.74,103.28,103.74,293395
2015-09-18,103.76,103.97,103.71,103.97,226506
2015-09-21,103.87,103.87,103.69,103.86,216658
2015-09-22,103.94,104.18,103.94,104.15,343217
2015-09-23,104.16,104.18,104.04,104.13,134218
2015-09-24,104.22,104.38,104.16,104.17,598808
2015-09-25,104.17,104.22,104.12,104.12,251648
2015-09-28,104.29,104.46,104.25,104.41,286764
2015-09-29,104.45,104.62,104.44,104.6,378944
2015-09-30,104.59,104.6,104.32,104.57,384913
2015-10-01,104.71,104.87,104.55,104.55,1589588
2015-10-02,104.85,105.04,104.77,104.9,445042
2015-10-05,104.85,104.85,104.6,104.73,274729
2015-10-06,104.79,104.87,104.67,104.8,379496
2015-10-07,104.75,104.75,104.57,104.66,314351
2015-10-08,104.74,104.74,104.48,104.56,236583
2015-10-09,104.48,104.64,104.47,104.57,248919
2015-10-12,104.73,104.79,104.61,104.76,156239
2015-10-13,104.73,104.79,104.64,104.69,281956
2015-10-14,104.78,104.86,104.7,104.84,327641
2015-10-15,104.8,104.87,104.63,104.67,217660
2015-10-16,104.85,104.85,104.7,104.7,150856
2015-10-19,104.76,104.89,104.68,104.79,325617
2015-10-20,104.81,104.81,104.7,104.76,254356
2015-10-21,104.89,104.99,104.8,104.89,202600
2015-10-22,104.94,104.96,104.76,104.92,240556
2015-10-23,104.82,104.86,104.71,104.76,179292
2015-10-26,104.91,104.94,104.84,104.87,223203
2015-10-27,104.96,105.02,104.9,104.96,189746
2015-10-28,105.01,105.08,104.8,104.83,193927
2015-10-29,104.99,104.99,104.75,104.75,226755
2015-10-30,104.81,104.97,104.77,104.95,200619
2015-11-02,104.97,104.97,104.72,104.88,389365
2015-11-03,104.82,104.91,104.71,104.71,303810
2015-11-04,104.76,104.85,104.69,104.75,244703
2015-11-05,104.77,104.84,104.69,104.74,330935
2015-11-06,104.61,104.62,104.37,104.38,278872
2015-11-09,104.45,104.47,104.28,104.31,403976
2015-11-10,104.25,104.47,104.25,104.37,220448
2015-11-11,104.37,104.42,104.3,104.42,182161
2015-11-12,104.44,104.52,104.37,104.51,483255
2015-11-13,104.45,104.64,104.43,104.62,305686
2015-11-16,104.67,104.71,104.53,104.56,245073
2015-11-17,104.53,104.76,104.53,104.75,331246
2015-11-18,104.78,104.96,104.66,104.95,273656
2015-11-19,104.91,105.15,104.91,105.14,273239
2015-11-20,105.16,105.21,105.12,105.16,233802
2015-11-23,105.24,105.3,105.16,105.26,303183
2015-11-24,105.29,105.36,105.23,105.34,234846
2015-11-25,105.35,105.41,105.26,105.4,268752
2015-11-27,105.43,105.43,105.32,105.41,123527
2015-11-30,105.41,105.49,105.34,105.48,221909
2015-12-01,105.29,105.49,105.24,105.41,793828
2015-12-02,105.46,105.52,105.35,105.45,392287
2015-12-03,105.41,105.41,104.99,105.11,344447
2015-12-04,105.18,105.4,105.11,105.29,470318
2015-12-07,105.21,105.43,105.21,105.4,324362
2015-12-08,105.49,105.55,105.39,105.46,229777
2015-12-09,105.53,105.6,105.4,105.57,492642
2015-12-10,105.61,105.7,105.51,105.62,431192
2015-12-11,105.73,105.91,105.68,105.81,1643198
2015-12-14,105.77,105.77,105.45,105.56,521987
2015-12-15,105.59,105.59,105.45,105.46,297964
2015-12-16,105.41,105.53,105.31,105.47,390091
2015-12-17,105.61,105.79,105.52,105.78,488996
2015-12-18,105.86,106.02,105.7,105.97,478769
2015-12-21,106.03,106.04,105.8,106.02,396871
2015-12-22,105.97,106.03,105.9,105.99,592935
2015-12-23,105.99,106.04,105.86,106.04,335212
2015-12-24,106.08,106.08,105.93,106.03,210181
2015-12-28,106.19,106.19,105.99,106.08,453745
2015-12-29,106.18,106.18,106.04,106.11,360115
2015-12-30,106.17,106.19,106.07,106.18,682268
2015-12-31,106.26,106.37,106.17,106.35,540884
2016-01-04,106.27,106.39,106.11,106.11,1721950
2016-01-05,106.15,106.29,106.15,106.24,405253
2016-01-06,106.41,106.74,106.41,106.71,365644
2016-01-07,106.82,106.87,106.67,106.87,1053679
2016-01-08,106.67,107.02,106.62,106.91,664591
2016-01-11,106.8,106.89,106.72,106.74,518642
2016-01-12,106.74,106.87,106.72,106.78,775843
2016-01-13,106.7,106.87,106.65,106.83,510768
2016-01-14,106.83,106.87,106.54,106.64,492267
2016-01-15,106.76,106.96,106.73,106.94,569799
2016-01-19,106.89,106.98,106.78,106.95,893716
2016-01-20,107.21,107.29,106.99,107.11,534197
2016-01-21,107.15,107.25,106.96,107.04,735493
2016-01-22,106.93,107.06,106.84,106.91,525673
2016-01-25,106.89,106.98,106.84,106.97,343018
2016-01-26,106.91,106.97,106.84,106.94,330273
2016-01-27,106.87,107.02,106.87,106.95,306284
2016-01-28,107.0,107.02,106.87,107.02,271731
2016-01-29,107.01,107.19,106.99,107.16,449561
2016-02-01,107.16,107.19,106.91,106.91,818953
2016-02-02,107.09,107.23,107.03,107.19,751998
2016-02-03,107.27,107.47,107.22,107.28,369663
2016-02-04,107.4,107.41,107.29,107.36,482809
2016-02-05,107.37,107.44,107.27,107.44,378153
2016-02-08,107.54,107.73,107.51,107.72,418330
2016-02-09,107.83,107.83,107.58,107.73,269292
2016-02-10,107.69,107.78,107.61,107.76,379740
2016-02-11,107.97,108.02,107.82,107.9,415815
2016-02-12,107.85,107.85,107.58,107.65,476532
2016-02-16,107.84,107.84,107.62,107.71,338455
2016-02-17,107.53,107.64,107.44,107.56,472995
2016-02-18,107.38,107.6,107.38,107.55,572618
2016-02-19,107.54,107.55,107.4,107.47,857132
2016-02-22,107.45,107.48,107.37,107.37,382956
2016-02-23,107.37,107.41,107.28,107.41,529490
2016-02-24,107.44,107.45,107.24,107.28,399010
2016-02-25,107.4,107.4,107.3,107.35,424849
2016-02-26,107.3,107.3,107.13,107.19,444613
2016-02-29,107.21,107.28,107.14,107.18,474854
2016-03-01,107.18,107.29,106.99,106.99,428865
2016-03-02,106.97,106.98,106.87,106.87,335991
2016-03-03,106.93,107.01,106.87,106.93,366691
2016-03-04,106.95,106.95,106.66,106.73,369928
2016-03-07,106.72,106.77,106.64,106.77,345332
2016-03-08,106.87,106.89,106.79,106.87,423596
2016-03-09,106.84,106.9,106.81,106.84,353336
2016-03-10,106.91,106.93,106.8,106.9,398909
2016-03-11,106.96,106.96,106.79,106.82,273319
2016-03-14,106.9,106.94,106.82,106.89,335184
2016-03-15,106.87,106.91,106.8,106.87,217289
2016-03-16,106.88,107.0,106.81,106.91,281465
2016-03-17,106.97,107.09,106.9,107.04,314312
2016-03-18,107.16,107.16,107.03,107.08,358893
2016-03-21,107.12,107.13,107.05,107.1,368414
2016-03-22,107.25,107.25,107.09,107.12,302809
2016-03-23,107.08,107.23,107.08,107.23,762889
2016-03-24,107.27,107.27,107.08,107.09,353694
2016-03-28,107.24,107.25,107.11,107.22,534811
2016-03-29,107.29,107.44,107.22,107.35,325414
2016-03-30,107.39,107.45,107.3,107.45,306311
2016-03-31,107.62,107.62,107.45,107.6,420408
2016-04-01,107.56,107.65,107.44,107.55,477949
2016-04-04,107.65,107.74,107.58,107.74,877560
2016-04-05,107.87,107.88,107.79,107.84,440438
2016-04-06,108.02,108.03,107.85,107.9,315348
2016-04-07,108.13,108.27,108.02,108.27,407726
2016-04-08,108.26,108.29,108.18,108.29,423606
2016-04-11,108.3,108.32,108.23,108.27,286003
2016-04-12,108.29,108.31,108.21,108.22,312747
2016-04-13,108.26,108.32,108.19,108.29,346117
2016-04-14,108.23,108.31,108.2,108.27,335734
2016-04-15,108.32,108.42,108.3,108.38,379223
2016-04-18,108.36,108.44,108.29,108.43,1044790
2016-04-19,108.52,108.52,108.19,108.35,942983
2016-04-20,108.33,108.47,108.22,108.23,337584
2016-04-21,108.36,108.36,108.17,108.26,391870
2016-04-22,108.23,108.24,108.13,108.17,442974
2016-04-25,108.16,108.2,108.13,108.14,296126
2016-04-26,108.13,108.2,108.07,108.13,245740
2016-04-27,108.19,108.22,108.11,108.16,225283
2016-04-28,108.28,108.32,108.18,108.29,554794
2016-04-29,108.29,108.4,108.18,108.34,330620
2016-05-02,108.4,108.4,108.26,108.29,444023
2016-05-03,108.45,108.64,108.45,108.58,467971
2016-05-04,108.65,108.65,108.5,108.62,320427
2016-05-05,108.66,108.71,108.58,108.69,445019
2016-05-06,108.71,108.72,108.59,108.67,713814
2016-05-09,108.77,108.77,108.67,108.77,336077
2016-05-10,108.76,108.8,108.69,108.79,480062
2016-05-11,108.83,108.99,108.82,108.89,563994
2016-05-12,108.94,108.99,108.89,108.95,378736
2016-05-13,109.01,109.11,109.0,109.08,377219
2016-05-16,109.0,109.0,108.92,108.92,290178
2016-05-17,109.04,109.14,109.04,109.12,284920
2016-05-18,109.18,109.18,108.79,108.84,601193
2016-05-19,108.9,108.95,108.79,108.82,366333
2016-05-20,108.91,108.91,108.71,108.73,302230
2016-05-23,108.83,108.85,108.67,108.78,287647
2016-05-24,108.72,108.78,108.61,108.65,344360
2016-05-25,108.75,108.76,108.61,108.63,293098
2016-05-26,108.74,108.74,108.65,108.68,314826
2016-05-27,108.68,108.7,108.55,108.55,252634
2016-05-31,108.53,108.65,108.49,108.63,348665
2016-06-01,108.76,108.79,108.64,108.64,317431
2016-06-02,108.71,108.79,108.69,108.78,340503
2016-06-03,108.92,109.02,108.87,108.97,315383
2016-06-06,108.95,108.96,108.88,108.92,341206
2016-06-07,109.0,109.0,108.97,108.99,296772
2016-06-08,109.07,109.12,109.05,109.1,279601
2016-06-09,109.18,109.29,109.15,109.28,542660
2016-06-10,109.42,109.52,109.32,109.47,271995
2016-06-13,109.6,109.64,109.48,109.54,290842
2016-06-14,109.69,109.73,109.62,109.73,405660
2016-06-15,109.73,109.84,109.67,109.77,323580
2016-06-16,109.89,110.03,109.82,109.96,299982
2016-06-17,110.0,110.01,109.94,109.98,259653
2016-06-20,109.8,109.88,109.75,109.76,381751
2016-06-21,109.8,109.81,109.68,109.73,246072
2016-06-22,109.75,109.76,109.64,109.67,443789
2016-06-23,109.58,109.59,109.45,109.45,738000
2016-06-24,110.48,110.48,110.15,110.23,535502
2016-06-27,110.56,110.67,110.49,110.59,532149
2016-06-28,110.55,110.59,110.51,110.59,288271
2016-06-29,110.45,110.49,110.3,110.3,362837
2016-06-30,110.41,110.47,110.34,110.42,750561
2016-07-01,110.49,110.68,110.41,110.53,470492
2016-07-05,110.73,110.8,110.66,110.72,331457
2016-07-06,110.8,110.85,110.72,110.78,436457
2016-07-07,110.72,111.86,110.67,111.86,280695
2016-07-08,110.64,110.76,110.6,110.68,384866
2016-07-11,110.67,110.69,110.5,110.51,382543
2016-07-12,110.56,110.57,110.33,110.38,440083
2016-07-13,110.45,110.46,110.31,110.36,348691
2016-07-14,110.31,110.32,110.2,110.23,376903
2016-07-15,110.21,110.21,110.04,110.11,426997
2016-07-18,110.12,110.14,110.02,110.08,377392
2016-07-19,110.03,110.12,110.01,110.1,286748
2016-07-20,110.1,110.1,109.97,110.02,378223
2016-07-21,109.95,110.05,109.87,110.03,546579
2016-07-22,109.91,110.01,109.91,110.01,266916
2016-07-25,110.02,110.04,109.95,109.95,500525
2016-07-26,110.04,110.04,109.93,110.01,424768
2016-07-27,110.04,110.23,110.04,110.15,558252
2016-07-28,110.15,110.21,110.13,110.2,338521
2016-07-29,110.28,110.35,110.22,110.32,309253
2016-08-01,110.19,110.19,110.09,110.13,407773
2016-08-02,110.06,110.1,110.02,110.06,360591
2016-08-03,109.99,110.12,109.98,110.09,393849
2016-08-04,110.22,110.27,110.16,110.24,405750
2016-08-05,110.13,110.13,110.0,110.02,278460
2016-08-08,110.08,110.13,110.03,110.06,400661
2016-08-09,110.12,110.19,110.11,110.15,564427
2016-08-10,110.22,110.23,110.18,110.21,427607
2016-08-11,110.27,110.27,110.07,110.13,746459
2016-08-12,110.31,110.41,110.29,110.36,344503
2016-08-15,110.33,110.34,110.23,110.23,352901
2016-08-16,110.39,110.44,110.24,110.31,470768
2016-08-17,110.39,110.41,110.31,110.35,308892
2016-08-18,110.45,110.52,110.39,110.52,383036
2016-08-19,110.45,110.45,110.37,110.42,471090
2016-08-22,110.56,110.62,110.51,110.59,249944
2016-08-23,110.58,110.6,110.5,110.55,302735
2016-08-24,110.59,110.59,110.5,110.52,240070
2016-08-25,110.54,110.55,110.49,110.52,236582
2016-08-26,110.57,110.61,110.38,110.43,423244
2016-08-29,110.56,110.64,110.48,110.58,283317
2016-08-30,110.59,110.59,110.45,110.53,346822
2016-08-31,110.53,110.55,110.48,110.5,322277
2016-09-01,110.44,110.51,110.39,110.46,466242
2016-09-02,110.36,110.43,110.29,110.31,312401
2016-09-06,110.31,110.45,110.31,110.4,363168
2016-09-07,110.37,110.42,110.33,110.41,379479
2016-09-08,110.37,110.41,110.25,110.26,320547
2016-09-09,110.2,110.2,110.03,110.06,552591
2016-09-12,110.06,110.06,109.95,109.98,355229
2016-09-13,110.02,110.02,109.71,109.76,431293
2016-09-14,109.81,109.83,109.56,109.7,386221
2016-09-15,109.74,109.75,109.63,109.7,430025
2016-09-16,109.72,109.73,109.62,109.73,542011
2016-09-19,109.61,109.72,109.61,109.62,357349
2016-09-20,109.71,109.75,109.68,109.71,223616
2016-09-21,109.69,109.74,109.59,109.68,500808
2016-09-22,109.73,109.86,109.73,109.83,379647
2016-09-23,109.74,109.82,109.71,109.81,414343
2016-09-26,109.87,109.9,109.82,109.85,315066
2016-09-27,109.96,110.02,109.87,109.99,323327
2016-09-28,110.01,110.04,109.97,110.01,309818
2016-09-29,109.97,110.02,109.92,110.0,576218
2016-09-30,109.88,109.94,109.82,109.87,521854
2016-10-03,109.91,109.91,109.79,109.81,593731
2016-10-04,109.76,109.81,109.55,109.58,460787
2016-10-05,109.67,109.67,109.36,109.38,613709
2016-10-06,109.31,109.32,109.13,109.28,485393
2016-10-07,109.27,109.31,109.16,109.3,432876
2016-10-10,109.19,109.19,109.1,109.18,221830
2016-10-11,109.16,109.17,109.03,109.07,411914
2016-10-12,108.97,108.98,108.88,108.95,291192
2016-10-13,109.01,109.02,108.89,108.9,429471
2016-10-14,108.85,108.89,108.75,108.75,327625
2016-10-17,108.8,108.84,108.75,108.79,383007
2016-10-18,108.69,108.81,108.69,108.77,368178
2016-10-19,108.72,108.81,108.67,108.74,359789
2016-10-20,108.8,108.89,108.76,108.89,412594
2016-10-21,108.97,108.98,108.87,108.9,537064
2016-10-24,108.94,108.94,108.7,108.7,369905
2016-10-25,108.76,108.91,108.76,108.87,448369
2016-10-26,108.85,108.86,108.79,108.79,255789
2016-10-27,108.78,108.8,108.58,108.6,483885
2016-10-28,108.62,108.77,108.59,108.72,334065
2016-10-31,108.74,108.81,108.72,108.8,463966
2016-11-01,108.74,108.78,108.63,108.69,360174
2016-11-02,108.89,108.96,108.81,108.92,550568
2016-11-03,108.93,108.98,108.86,108.96,429818
2016-11-04,108.98,109.08,108.96,109.0,497240
2016-11-07,108.9,108.98,108.84,108.92,388974
2016-11-08,108.97,109.02,108.86,108.87,293297
2016-11-09,108.59,108.59,107.89,107.96,901219
2016-11-10,107.74,107.88,107.2,107.42,1516875
2016-11-11,107.37,107.44,107.21,107.23,431662
2016-11-14,106.92,106.98,105.79,106.03,2256011
2016-11-15,106.2,106.48,106.2,106.43,963881
2016-11-16,106.33,106.35,106.16,106.18,813577
2016-11-17,106.14,106.17,105.94,106.03,597381
2016-11-18,106.11,106.14,105.95,106.03,690715
2016-11-21,106.1,106.22,105.85,105.96,709446
2016-11-22,106.0,106.0,105.68,105.73,974395
2016-11-23,105.54,105.61,105.26,105.36,1150705
2016-11-25,105.38,105.49,105.33,105.42,313236
2016-11-28,105.49,105.53,105.22,105.29,913944
2016-11-29,105.22,105.28,104.63,104.71,1467888
2016-11-30,104.32,104.48,103.99,104.34,1237132
2016-12-01,104.37,104.51,104.15,104.36,1377285
2016-12-02,104.28,104.76,104.27,104.63,1305367
2016-12-05,104.42,104.65,104.42,104.57,1254037
2016-12-06,104.75,105.27,104.75,105.2,2339939
2016-12-07,105.39,106.11,105.39,105.99,2412887
2016-12-08,105.88,105.98,105.69,105.89,1938892
2016-12-09,105.8,105.95,105.67,105.75,1467418
2016-12-12,105.61,105.74,105.35,105.55,1307081
2016-12-13,105.57,105.7,105.53,105.63,1522199
2016-12-14,105.67,105.84,105.43,105.45,1517405
2016-12-15,105.49,105.49,105.07,105.09,2093368
2016-12-16,105.05,105.24,105.03,105.16,1461025
2016-12-19,105.32,105.49,105.16,105.4,1940754
2016-12-20,105.4,105.44,105.3,105.44,2647537
2016-12-21,105.47,105.56,105.4,105.56,1418177
2016-12-22,105.54,105.76,105.46,105.71,1987609
2016-12-23,105.73,105.86,105.66,105.81,1158425
2016-12-27,105.76,105.81,105.69,105.78,1808263
2016-12-28,105.83,106.06,105.77,106.04,2762945
2016-12-29,105.98,106.26,105.95,106.22,2369415
2016-12-30,106.23,106.34,106.06,106.15,1408671
2017-01-03,105.92,106.11,105.92,106.05,1135254
2017-01-04,106.09,106.28,106.08,106.27,780318
2017-01-05,106.42,106.51,106.33,106.48,668165
2017-01-06,106.36,106.44,106.31,106.32,734597
2017-01-09,106.6,106.64,106.4,106.58,2225575
2017-01-10,106.54,106.61,106.52,106.55,939298
2017-01-11,106.82,106.9,106.65,106.88,1354770
2017-01-12,107.1,107.28,107.05,107.22,1186353
2017-01-13,107.15,107.15,106.99,107.12,876175
2017-01-17,107.29,107.35,107.04,107.19,1657528
2017-01-18,107.16,107.18,106.93,106.95,769172
2017-01-19,106.89,106.91,106.47,106.51,1309635
2017-01-20,106.45,106.45,106.1,106.3,1117773
2017-01-23,106.36,106.58,106.19,106.42,1471305
2017-01-24,106.47,106.49,106.25,106.28,948875
2017-01-25,106.24,106.35,106.06,106.11,878536
2017-01-26,106.25,106.31,106.04,106.12,1290580
2017-01-27,106.35,106.35,106.2,106.28,590527
2017-01-30,106.42,106.43,106.28,106.28,1151341
2017-01-31,106.36,106.51,106.36,106.43,918930
2017-02-01,106.35,106.35,106.12,106.27,1562853
2017-02-02,106.54,106.54,106.34,106.43,692153
2017-02-03,106.52,106.64,106.32,106.39,1655894
2017-02-06,106.65,106.67,106.39,106.56,1496502
2017-02-07,106.6,106.7,106.51,106.64,764545
2017-02-08,106.9,106.92,106.74,106.86,739522
2017-02-09,106.73,106.79,106.57,106.6,511312
2017-02-10,106.51,106.65,106.51,106.62,466234
2017-02-13,106.57,106.64,106.44,106.54,624295
2017-02-14,106.51,106.55,106.24,106.26,499772
2017-02-15,106.19,106.26,105.99,106.07,801601
2017-02-16,106.29,106.36,106.14,106.34,579997
2017-02-17,106.45,106.5,106.37,106.48,412215
2017-02-21,106.38,106.53,106.31,106.48,517006
2017-02-22,106.62,106.62,106.53,106.62,481558
2017-02-23,106.76,106.79,106.6,106.71,481260
2017-02-24,106.87,107.05,106.87,107.03,681287
2017-02-27,106.98,107.07,106.86,106.89,1122018
2017-02-28,106.96,107.04,106.93,106.99,565798
2017-03-01,106.75,106.82,106.51,106.63,910566
2017-03-02,106.59,106.64,106.48,106.58,451901
2017-03-03,106.62,106.62,106.38,106.46,484997
2017-03-06,106.42,106.51,106.38,106.43,521217
2017-03-07,106.43,106.44,106.37,106.41,429520
2017-03-08,106.23,106.32,106.13,106.23,850414
2017-03-09,106.14,106.2,106.02,106.03,535630
2017-03-10,106.13,106.2,106.1,106.14,563281
2017-03-13,106.19,106.26,106.09,106.14,474230
2017-03-14,106.14,106.24,106.1,106.18,538738
2017-03-15,106.29,106.54,106.17,106.51,715883
2017-03-16,106.52,106.52,106.43,106.45,359837
2017-03-17,106.42,106.59,106.4,106.51,394460
2017-03-20,106.5,106.65,106.5,106.64,347105
2017-03-21,106.58,106.89,106.58,106.89,545510
2017-03-22,106.91,107.06,106.9,107.02,414710
2017-03-23,107.08,107.16,107.02,107.1,1113231
2017-03-24,107.09,107.19,107.06,107.17,621466
2017-03-27,107.31,107.34,107.26,107.34,446279
2017-03-28,107.39,107.39,107.25,107.27,474955
2017-03-29,107.46,107.48,107.43,107.48,408461
2017-03-30,107.36,107.45,107.3,107.3,558471
2017-03-31,107.33,107.38,107.26,107.34,352851
2017-04-03,107.37,107.42,107.3,107.41,1909410
2017-04-04,107.53,107.53,107.44,107.46,567162
2017-04-05,107.5,107.62,107.45,107.56,534209
2017-04-06,107.66,107.68,107.59,107.64,603709
2017-04-07,107.71,107.81,107.69,107.71,695456
2017-04-10,107.79,107.83,107.73,107.8,521314
2017-04-11,107.85,107.99,107.85,107.95,548443
2017-04-12,108.01,108.14,107.96,108.13,561488
2017-04-13,108.15,108.23,108.09,108.2,343303
2017-04-17,108.14,108.21,108.12,108.18,455143
2017-04-18,108.36,108.52,108.3,108.51,939636
2017-04-19,108.49,108.49,108.37,108.43,468968
2017-04-20,108.43,108.44,108.26,108.3,962657
2017-04-21,108.41,108.41,107.57,108.32,546081
2017-04-24,108.1,108.15,107.99,108.07,646481
2017-04-25,108.03,108.06,107.79,107.81,452403
2017-04-26,107.97,107.98,107.81,107.88,479970
2017-04-27,107.93,108.02,107.87,107.94,357302
2017-04-28,107.9,107.95,107.83,107.9,526388
2017-05-01,107.85,107.91,107.71,107.72,552776
2017-05-02,107.76,107.86,107.75,107.86,425521
2017-05-03,107.95,108.01,107.89,107.95,401797
2017-05-04,107.89,107.93,107.83,107.92,455439
2017-05-05,107.96,108.01,107.92,107.99,296847
2017-05-08,107.97,107.98,107.92,107.96,433388
2017-05-09,107.92,107.95,107.89,107.91,468266
2017-05-10,108.02,108.06,107.97,108.02,516800
2017-05-11,108.06,108.15,108.04,108.12,415580
2017-05-12,108.21,108.31,108.21,108.29,323850
2017-05-15,108.32,108.35,108.29,108.3,453616
2017-05-16,108.37,108.46,108.33,108.44,443423
2017-05-17,108.66,108.85,108.66,108.79,822896
2017-05-18,108.84,108.93,108.82,108.91,329814
2017-05-19,108.84,108.93,108.84,108.93,336535
2017-05-22,108.88,108.99,108.85,108.96,380461
2017-05-23,109.07,109.17,109.02,109.07,621477
2017-05-24,109.07,109.14,109.02,109.11,284669
2017-05-25,109.13,109.21,109.1,109.13,343571
2017-05-26,109.18,109.29,109.16,109.22,261707
2017-05-30,109.3,109.4,109.26,109.34,437709
2017-05-31,109.36,109.56,109.36,109.55,423223
2017-06-01,109.39,109.5,109.39,109.46,347327
2017-06-02,109.6,109.76,109.58,109.74,357177
2017-06-05,109.68,109.73,109.62,109.65,414960
2017-06-06,109.89,109.91,109.83,109.86,413950
2017-06-07,109.78,109.9,109.78,109.85,452900
2017-06-08,109.84,109.84,109.69,109.72,455422
2017-06-09,109.62,109.67,109.56,109.62,326462
2017-06-12,109.53,109.65,109.53,109.6,393150
2017-06-13,109.55,109.59,109.5,109.57,472892
2017-06-14,109.76,109.82,109.64,109.73,546019
2017-06-15,109.73,109.73,109.6,109.6,398253
2017-06-16,109.69,109.69,109.63,109.67,330622
2017-06-19,109.65,109.65,109.54,109.6,375920
2017-06-20,109.66,109.72,109.62,109.69,642937
2017-06-21,109.67,109.69,109.63,109.68,399205
2017-06-22,109.74,109.76,109.69,109.72,289786
2017-06-23,109.72,109.78,109.7,109.78,325534
2017-06-26,109.81,109.84,109.79,109.82,516902
2017-06-27,109.7,109.73,109.64,109.68,663375
2017-06-28,109.68,109.68,109.51,109.54,499325
2017-06-29,109.23,109.34,109.03,109.17,666824
2017-06-30,109.13,109.2,109.07,109.09,446687
2017-07-03,109.2,109.25,108.53,109.04,390859
2017-07-05,108.87,109.17,108.87,109.17,441149
2017-07-06,109.05,109.12,108.94,109.1,382270
2017-07-07,108.85,109.06,108.85,109.03,308909
2017-07-10,109.08,109.1,109.02,109.07,409195
2017-07-11,109.04,109.11,108.99,109.11,250486
2017-07-12,109.28,109.29,109.2,109.27,312883
2017-07-13,109.28,109.28,109.19,109.26,281988
2017-07-14,109.42,109.56,109.4,109.54,349702
2017-07-17,109.54,109.56,109.48,109.55,256477
2017-07-18,109.7,109.77,109.67,109.75,299030
2017-07-19,109.77,109.93,109.77,109.9,368449
2017-07-20,109.97,110.06,109.92,110.03,610702
2017-07-21,109.99,110.19,109.98,110.11,820597
2017-07-24,110.09,110.13,110.06,110.12,382761
2017-07-25,110.06,110.06,109.96,109.96,330630
2017-07-26,109.98,110.13,109.94,110.08,455488
2017-07-27,110.01,110.06,109.97,109.98,497286
2017-07-28,109.99,110.03,109.97,110.0,396298
2017-07-31,109.98,110.05,109.98,110.05,347263
2017-08-01,109.99,110.11,109.97,110.11,406128
2017-08-02,110.15,110.22,110.07,110.16,744522
2017-08-03,110.25,110.39,110.25,110.39,454667
2017-08-04,110.21,110.27,110.12,110.27,369847
2017-08-07,110.28,110.35,110.28,110.35,367355
2017-08-08,110.3,110.35,110.27,110.28,338647
2017-08-09,110.49,110.51,110.35,110.39,350185
2017-08-10,110.44,110.57,110.44,110.57,331893
2017-08-11,110.51,110.65,110.48,110.65,300065
2017-08-14,110.5,110.62,110.49,110.58,333616
2017-08-15,110.36,110.5,110.35,110.44,323410
2017-08-16,110.39,110.46,110.36,110.46,359422
2017-08-17,110.35,110.51,110.34,110.5,349311
2017-08-18,110.53,110.55,110.47,110.52,286466
2017-08-21,110.55,110.59,110.52,110.57,248332
2017-08-22,110.54,110.58,110.51,110.54,250896
2017-08-23,110.67,110.71,110.61,110.7,368505
2017-08-24,110.65,110.71,110.63,110.67,349294
2017-08-25,110.68,110.71,110.63,110.7,262395
2017-08-28,110.66,110.73,110.63,110.72,276585
2017-08-29,110.87,110.96,110.83,110.87,251167
2017-08-30,110.89,110.89,110.82,110.86,285310
2017-08-31,110.9,110.94,110.88,110.94,206071
2017-09-01,110.88,110.88,110.76,110.83,232856
2017-09-05,111.02,111.14,110.95,111.08,413109
2017-09-06,111.07,111.16,111.02,111.05,360974
2017-09-07,111.15,111.25,111.15,111.22,404891
2017-09-08,111.18,111.25,111.15,111.25,275373
2017-09-11,111.09,111.16,111.02,111.05,369984
2017-09-12,110.99,111.03,110.89,110.98,399570
2017-09-13,110.95,110.96,110.75,110.85,382536
2017-09-14,110.84,110.87,110.79,110.85,415202
2017-09-15,110.84,110.84,110.75,110.82,375861
2017-09-18,110.74,110.82,110.7,110.79,510117
2017-09-19,110.79,110.82,110.72,110.79,423211
2017-09-20,110.83,110.85,110.5,110.57,556749
2017-09-21,110.61,110.69,110.61,110.65,457705
2017-09-22,110.72,110.78,110.72,110.78,426077
2017-09-25,110.77,110.87,110.77,110.84,537517
2017-09-26,110.77,110.81,110.74,110.81,375417
2017-09-27,110.62,110.62,110.45,110.51,619485
2017-09-28,110.39,110.47,110.32,110.47,434032
2017-09-29,110.46,110.48,110.41,110.46,407829
2017-10-02,110.45,110.51,110.4,110.46,703576
2017-10-03,110.46,110.5,110.42,110.49,448504
2017-10-04,110.52,110.56,110.44,110.55,466174
2017-10-05,110.55,110.59,110.5,110.55,342695
2017-10-06,110.42,110.51,110.35,110.5,402135
2017-10-09,110.57,110.59,110.51,110.59,296119
2017-10-10,110.58,110.67,110.55,110.58,417278
2017-10-11,110.67,110.68,110.62,110.66,356041
2017-10-12,110.68,110.74,110.66,110.74,225610
2017-10-13,110.87,110.91,110.8,110.84,302056
2017-10-16,110.83,110.95,110.8,110.94,266381
2017-10-17,110.9,111.16,110.85,111.08,1025262
2017-10-18,110.97,111.03,110.94,111.02,357196
2017-10-19,111.11,111.17,111.03,111.05,514624
2017-10-20,110.9,110.92,110.79,110.89,380007
2017-10-23,110.89,110.97,110.87,110.93,316876
2017-10-24,110.8,110.82,110.75,110.82,581783
2017-10-25,110.69,110.69,110.46,110.55,1366118
2017-10-26,110.54,110.54,110.38,110.44,493974
2017-10-27,110.39,110.5,110.36,110.46,524416
2017-10-30,110.54,110.59,110.51,110.59,352201
2017-10-31,110.48,110.56,110.48,110.56,320061
2017-11-01,110.56,110.56,110.43,110.52,536082
2017-11-02,110.58,110.62,110.54,110.58,359033
2017-11-03,110.6,110.74,110.55,110.74,363446
2017-11-06,110.81,110.85,110.77,110.85,292074
2017-11-07,110.93,111.13,110.9,111.13,451047
2017-11-08,111.2,111.24,111.12,111.16,337507
2017-11-09,111.2,111.21,111.055,111.06,412454
2017-11-10,110.78,110.83,110.62,110.74,490674
