Date,Open,High,Low,Close,Volume
2007-01-11,107.58,107.58,107.58,107.58,906
2007-01-12,107.64,107.64,107.64,107.64,1108
2007-01-16,107.64,107.64,107.62,107.62,500
2007-01-17,107.68,107.68,107.68,107.68,8282
2007-01-18,107.68,107.68,107.64,107.67,23328
2007-01-19,107.67,107.69,107.65,107.65,13533
2007-01-22,107.7,107.71,107.68,107.69,3027
2007-01-23,107.69,107.71,107.69,107.7,2321
2007-01-24,107.75,107.77,107.75,107.76,4337
2007-01-25,107.77,107.78,107.74,107.76,31612
2007-01-26,107.81,107.81,107.75,107.75,95744
2007-01-29,107.85,107.85,107.83,107.83,20097
2007-01-30,107.82,107.85,107.81,107.83,5551
2007-01-31,107.85,107.88,107.84,107.88,2523
2007-02-01,107.61,107.61,107.56,107.57,11510
2007-02-02,107.6,107.63,107.59,107.6,35756
2007-02-05,107.65,107.65,107.6,107.63,8786
2007-02-06,107.64,107.64,107.61,107.62,10504
2007-02-07,107.7,107.7,107.63,107.68,8584
2007-02-08,107.69,107.69,107.67,107.67,4539
2007-02-09,107.71,107.72,107.62,107.7,25651
2007-02-12,107.7,107.7,107.69,107.7,8584
2007-02-13,107.68,107.71,107.68,107.7,1512
2007-02-14,107.76,107.78,107.76,107.77,24844
2007-02-15,107.78,107.82,107.74,107.78,32524
2007-02-16,107.81,107.82,107.77,107.8,25448
2007-02-20,107.79,107.82,107.79,107.81,15147
2007-02-21,107.81,107.87,107.75,107.85,75043
2007-02-22,107.84,107.85,107.84,107.85,3228
2007-02-23,107.85,107.91,107.85,107.9,8786
2007-02-26,107.93,107.93,107.89,107.91,270770
2007-02-27,107.94,107.94,107.9,107.93,16766
2007-02-28,107.94,108.03,107.94,108.0,299554
2007-03-01,107.75,107.76,107.68,107.74,32828
2007-03-02,107.79,107.83,107.75,107.8,25045
2007-03-05,107.8,107.8,107.76,107.78,31510
2007-03-06,107.79,107.83,107.75,107.79,11109
2007-03-07,107.83,107.83,107.81,107.83,17773
2007-03-08,107.85,107.85,107.82,107.84,18276
2007-03-09,107.83,107.86,107.79,107.83,53427
2007-03-12,107.86,107.86,107.82,107.86,10909
2007-03-13,107.88,107.93,107.86,107.93,128065
2007-03-14,107.95,107.95,107.91,107.94,22621
2007-03-15,107.94,107.94,107.9,107.93,16766
2007-03-16,107.95,107.95,107.92,107.95,14642
2007-03-19,107.96,107.97,107.78,107.95,109684
2007-03-20,107.99,107.99,107.96,107.98,4136
2007-03-21,108.03,108.08,107.99,108.05,141904
2007-03-22,108.05,108.06,108.01,108.02,28680
2007-03-23,108.05,108.08,108.03,108.06,578108
2007-03-26,108.04,108.08,108.03,108.07,10706
2007-03-27,108.05,108.12,108.05,108.1,398532
2007-03-28,108.1,108.16,108.1,108.13,20300
2007-03-29,108.15,108.17,108.14,108.16,23028
2007-03-30,108.18,108.18,108.11,108.16,204619
2007-04-02,107.87,107.91,107.79,107.88,23228
2007-04-03,107.93,107.95,107.86,107.9,25247
2007-04-04,107.95,107.99,107.94,107.96,21006
2007-04-05,107.97,107.99,107.93,107.95,16560
2007-04-09,107.95,107.97,107.93,107.96,34742
2007-04-10,107.96,108.0,107.96,107.99,18176
2007-04-11,108.01,108.07,108.01,108.02,11816
2007-04-12,108.04,108.06,108.03,108.05,31816
2007-04-13,108.05,108.07,108.03,108.07,52517
2007-04-16,108.07,108.09,108.04,108.09,40501
2007-04-17,108.1,108.11,108.07,108.1,20400
2007-04-18,108.14,108.17,108.14,108.17,32117
2007-04-19,108.16,108.18,108.15,108.18,78777
2007-04-20,108.18,108.2,108.13,108.17,71404
2007-04-23,108.19,108.22,108.19,108.2,21614
2007-04-24,108.22,108.25,108.2,108.22,15351
2007-04-25,108.23,108.27,108.21,108.25,43227
2007-04-26,108.27,108.28,108.22,108.22,852921
2007-04-27,108.24,108.29,108.24,108.26,16766
2007-04-30,108.26,108.3,108.26,108.28,11714
2007-05-01,107.99,107.99,107.93,107.98,55748
2007-05-02,108.03,108.04,107.97,108.03,117763
2007-05-03,108.05,108.06,107.99,108.04,57262
2007-05-04,108.06,108.07,108.02,108.06,15954
2007-05-07,108.04,108.07,108.04,108.04,8078
2007-05-08,108.07,108.09,108.07,108.08,9091
2007-05-09,108.12,108.14,108.1,108.14,48681
2007-05-10,108.15,108.17,108.12,108.15,43227
2007-05-11,108.16,108.18,108.15,108.16,11409
2007-05-14,108.18,108.2,108.15,108.17,19089
2007-05-15,108.21,108.22,108.16,108.21,208764
2007-05-16,108.26,108.28,108.24,108.27,14541
2007-05-17,108.25,108.29,108.24,108.28,16661
2007-05-18,108.29,108.3,108.23,108.29,37772
2007-05-21,108.26,108.3,108.26,108.29,30903
2007-05-22,108.3,108.31,108.28,108.29,6766
2007-05-23,108.35,108.36,108.34,108.35,21411
2007-05-24,108.36,108.37,108.34,108.37,4539
2007-05-25,108.4,108.4,108.35,108.39,38783
2007-05-29,108.36,108.4,108.36,108.4,13330
2007-05-30,108.41,108.45,108.41,108.45,10098
2007-05-31,108.43,108.48,108.43,108.46,15853
2007-06-01,108.05,108.06,108.03,108.06,16766
2007-06-04,108.08,108.11,108.06,108.11,63725
2007-06-05,108.08,108.11,108.06,108.1,20400
2007-06-06,108.15,108.16,108.11,108.12,129379
2007-06-07,108.17,108.17,108.12,108.17,29290
2007-06-08,108.18,108.19,108.14,108.19,29086
2007-06-11,108.19,108.2,108.15,108.2,11919
2007-06-12,108.21,108.22,108.16,108.21,86957
2007-06-13,108.24,108.26,108.19,108.19,294706
2007-06-14,108.26,108.27,108.22,108.27,40501
2007-06-15,108.3,108.3,108.25,108.3,76050
2007-06-18,108.25,108.31,108.25,108.31,38377
2007-06-19,108.34,108.34,108.32,108.34,21815
2007-06-20,108.38,108.38,108.34,108.37,41006
2007-06-21,108.4,108.4,108.36,108.38,80091
2007-06-22,108.41,108.41,108.38,108.41,43835
2007-06-25,108.43,108.44,108.39,108.42,54638
2007-06-26,108.41,108.43,108.41,108.42,66754
2007-06-27,108.46,108.49,108.46,108.46,297131
2007-06-28,108.5,108.58,108.47,108.49,60293
2007-06-29,108.51,108.58,108.47,108.52,1685734
2007-07-02,108.08,108.08,107.99,108.05,1677052
2007-07-03,108.06,108.1,108.03,108.03,88773
2007-07-05,108.08,108.09,108.03,108.08,36158
2007-07-06,108.1,108.1,108.05,108.08,46155
2007-07-09,108.1,108.11,108.09,108.11,18682
2007-07-10,108.14,108.16,108.1,108.15,368739
2007-07-11,108.18,108.18,108.14,108.15,20097
2007-07-12,108.19,108.19,108.14,108.17,24134
2007-07-13,108.19,108.2,108.16,108.19,142004
2007-07-16,108.21,108.21,108.18,108.2,53730
2007-07-17,108.22,108.22,108.18,108.22,23228
2007-07-18,108.26,108.27,108.22,108.25,38175
2007-07-19,108.27,108.27,108.23,108.27,28377
2007-07-20,108.29,108.31,108.26,108.31,72516
2007-07-23,108.29,108.32,108.28,108.31,13533
2007-07-24,108.3,108.32,108.29,108.32,30398
2007-07-25,108.34,108.39,108.34,108.35,33329
2007-07-26,108.43,108.49,108.37,108.41,352279
2007-07-27,108.42,108.44,108.4,108.41,77361
2007-07-30,108.45,108.45,108.41,108.41,53325
2007-07-31,108.46,108.46,108.4,108.45,54940
2007-08-01,108.04,108.09,108.02,108.06,92612
2007-08-02,108.08,108.1,108.05,108.1,150891
2007-08-03,108.12,108.13,108.08,108.13,53123
2007-08-06,108.15,108.15,108.1,108.12,131699
2007-08-07,108.12,108.14,108.09,108.13,94125
2007-08-08,108.14,108.15,108.09,108.15,58073
2007-08-09,108.19,108.22,108.17,108.22,30602
2007-08-10,108.26,108.27,108.23,108.24,104125
2007-08-13,108.24,108.27,108.23,108.26,147756
2007-08-14,108.27,108.34,108.26,108.32,228356
2007-08-15,108.34,108.46,108.34,108.43,363792
2007-08-16,108.51,108.64,108.5,108.54,302179
2007-08-17,108.58,108.6,108.49,108.58,94733
2007-08-20,108.59,108.72,108.59,108.71,179674
2007-08-21,108.78,108.81,108.69,108.76,52820
2007-08-22,108.72,108.78,108.7,108.77,75748
2007-08-23,108.74,108.8,108.72,108.76,52618
2007-08-24,108.69,108.73,108.61,108.61,67466
2007-08-27,108.64,108.64,108.55,108.57,60898
2007-08-28,108.6,108.67,108.6,108.66,46255
2007-08-29,108.72,108.74,108.66,108.68,62316
2007-08-30,108.77,108.77,108.71,108.75,51205
2007-08-31,108.7,108.73,108.67,108.73,66153
2007-09-04,108.28,108.33,108.26,108.32,98977
2007-09-05,108.33,108.39,108.32,108.37,57870
2007-09-06,108.31,108.36,108.31,108.32,44440
2007-09-07,108.43,108.45,108.39,108.45,33329
2007-09-10,108.46,108.49,108.42,108.46,151094
2007-09-11,108.5,108.5,108.42,108.45,112007
2007-09-12,108.52,108.52,108.46,108.51,24539
2007-09-13,108.5,108.5,108.46,108.47,46255
2007-09-14,108.52,108.52,108.47,108.47,31816
2007-09-17,108.48,108.5,108.47,108.5,23028
2007-09-18,108.47,108.55,108.47,108.54,41912
2007-09-19,108.58,108.6,108.56,108.6,63100
2007-09-20,108.59,108.63,108.58,108.6,71404
2007-09-21,108.64,108.64,108.6,108.63,277737
2007-09-24,108.6,108.64,108.6,108.64,54233
2007-09-25,108.65,108.67,108.64,108.67,42014
2007-09-26,108.67,108.7,108.66,108.7,52215
2007-09-27,108.7,108.72,108.67,108.71,232392
2007-09-28,108.69,108.72,108.67,108.67,51408
2007-10-01,108.38,108.38,108.31,108.34,119480
2007-10-02,108.34,108.35,108.3,108.35,66453
2007-10-03,108.36,108.41,108.36,108.4,125642
2007-10-04,108.38,108.42,108.37,108.4,16661
2007-10-05,108.36,108.4,108.32,108.37,48781
2007-10-08,108.36,108.41,108.33,108.35,35350
2007-10-09,108.35,108.4,108.35,108.39,85138
2007-10-10,108.41,108.43,108.36,108.43,117157
2007-10-11,108.4,108.44,108.38,108.44,36260
2007-10-12,108.41,108.44,108.38,108.38,28275
2007-10-15,108.36,108.43,108.36,108.38,38478
2007-10-16,108.44,108.46,108.39,108.44,35857
2007-10-17,108.49,108.55,108.47,108.5,71605
2007-10-18,108.55,108.6,108.54,108.59,85138
2007-10-19,108.56,108.63,108.55,108.62,355709
2007-10-22,108.64,108.64,108.59,108.59,21815
2007-10-23,108.6,108.62,108.59,108.62,59689
2007-10-24,108.64,108.71,108.64,108.69,16356
2007-10-25,108.74,108.74,108.67,108.72,66754
2007-10-26,108.71,108.73,108.68,108.72,49285
2007-10-29,108.69,108.72,108.67,108.72,18580
2007-10-30,108.7,108.74,108.69,108.74,17066
2007-10-31,108.72,108.78,108.68,108.73,85647
2007-11-01,108.4,108.45,108.39,108.43,42318
2007-11-02,108.53,108.53,108.43,108.45,174019
2007-11-05,108.49,108.52,108.47,108.49,43935
2007-11-06,108.5,108.52,108.47,108.5,33833
2007-11-07,108.54,108.6,108.54,108.58,34112
2007-11-08,108.6,108.65,108.58,108.64,29290
2007-11-09,108.67,108.71,108.65,108.71,150788
2007-11-12,108.72,108.73,108.62,108.7,222395
2007-11-13,108.68,108.69,108.63,108.65,94557
2007-11-14,108.67,108.72,108.65,108.72,37420
2007-11-15,108.77,108.81,108.76,108.79,45752
2007-11-16,108.79,108.83,108.78,108.8,49249
2007-11-19,108.84,108.89,108.79,108.87,150283
2007-11-20,108.9,108.93,108.86,108.9,108372
2007-11-21,108.94,108.98,108.9,108.92,51005
2007-11-23,108.9,108.94,108.9,108.94,16661
2007-11-26,108.94,108.99,108.88,108.98,148463
2007-11-27,108.98,108.98,108.91,108.95,59386
2007-11-28,108.97,108.99,108.94,108.96,36763
2007-11-29,108.98,109.02,108.97,108.99,54433
2007-11-30,108.97,109.0,108.92,109.0,113523
2007-12-03,109.0,109.0,108.6,108.66,133334
2007-12-04,108.65,108.69,108.6,108.69,80927
2007-12-05,108.68,108.69,108.63,108.69,42422
2007-12-06,108.65,108.71,108.65,108.68,102332
2007-12-07,108.69,108.69,108.62,108.67,45583
2007-12-10,108.67,108.71,108.63,108.71,35513
2007-12-11,108.72,108.82,108.65,108.82,23948
2007-12-12,108.72,108.8,108.67,108.79,45752
2007-12-13,108.79,108.8,108.69,108.79,35350
2007-12-14,108.65,108.77,108.65,108.77,34137
2007-12-17,108.82,108.82,108.73,108.74,33531
2007-12-18,108.67,108.8,108.67,108.73,152309
2007-12-19,108.81,108.84,108.77,108.84,101448
2007-12-20,108.86,108.88,108.84,108.86,50469
2007-12-21,108.79,108.82,108.78,108.8,29390
2007-12-24,108.81,108.82,108.74,108.79,44137
2007-12-26,108.79,108.83,108.77,108.83,28985
2007-12-27,108.51,108.52,108.31,108.51,178361
2007-12-28,108.55,108.55,108.51,108.52,45145
2007-12-31,108.55,108.6,108.49,108.5,55507
2008-01-02,108.67,108.67,108.53,108.6,45302
2008-01-03,108.61,108.61,108.55,108.56,143314
2008-01-04,108.64,108.65,108.58,108.63,103122
2008-01-07,108.62,108.62,108.58,108.58,132298
2008-01-08,108.61,108.65,108.58,108.64,60208
2008-01-09,108.7,108.71,108.63,108.68,361161
2008-01-10,108.69,108.71,108.65,108.71,18956
2008-01-11,108.71,108.77,108.69,108.77,79862
2008-01-14,108.78,108.78,108.74,108.78,35573
2008-01-15,108.78,108.79,108.71,108.75,116643
2008-01-16,108.79,108.86,108.78,108.78,98067
2008-01-17,108.84,108.88,108.79,108.81,134953
2008-01-18,108.81,108.95,108.79,108.94,105589
2008-01-22,109.07,109.07,108.94,109.06,274974
2008-01-23,109.09,109.2,109.05,109.07,108530
2008-01-24,109.07,109.13,109.06,109.09,122104
2008-01-25,109.02,109.15,109.01,109.15,133618
2008-01-28,109.15,109.17,109.09,109.1,102172
2008-01-29,109.1,109.17,109.1,109.17,101073
2008-01-30,109.13,109.24,109.11,109.24,48395
2008-01-31,109.31,109.31,109.2,109.26,80192
2008-02-01,109.01,109.01,108.9,108.99,90450
2008-02-04,108.96,108.97,108.88,108.95,87549
2008-02-05,108.99,109.0,108.94,108.98,105013
2008-02-06,108.96,109.03,108.96,109.0,115160
2008-02-07,109.01,109.05,108.94,109.0,127087
2008-02-08,108.94,109.02,108.94,109.0,70998
2008-02-11,109.02,109.02,108.95,108.98,94733
2008-02-12,109.03,109.03,108.94,108.98,324606
2008-02-13,109.05,109.07,108.99,109.05,67911
2008-02-14,109.02,109.08,109.02,109.07,235538
2008-02-15,109.07,109.08,109.0,109.08,273560
2008-02-19,109.06,109.08,109.0,109.06,98088
2008-02-20,109.09,109.1,109.07,109.09,76050
2008-02-21,109.05,109.13,109.05,109.12,131167
2008-02-22,109.11,109.13,109.09,109.11,92521
2008-02-25,109.11,109.12,109.09,109.11,173447
2008-02-26,109.13,109.14,109.1,109.14,126395
2008-02-27,109.18,109.18,109.12,109.17,147951
2008-02-28,109.21,109.22,109.14,109.15,165493
2008-02-29,109.2,109.22,109.15,109.17,174528
2008-03-03,109.02,109.02,108.92,108.97,150093
2008-03-04,109.02,109.04,108.98,108.99,58316
2008-03-05,109.06,109.08,109.02,109.06,74336
2008-03-06,109.09,109.12,109.06,109.12,63399
2008-03-07,109.1,109.15,109.04,109.08,180603
2008-03-10,109.12,109.16,109.07,109.15,56347
2008-03-11,109.1,109.11,109.03,109.08,149804
2008-03-12,109.07,109.16,109.07,109.16,128284
2008-03-13,109.2,109.2,109.12,109.17,143478
2008-03-14,109.18,109.23,109.13,109.21,206745
2008-03-17,109.3,109.31,109.22,109.31,75550
2008-03-18,109.33,109.41,109.25,109.33,95241
2008-03-19,109.34,109.4,109.28,109.38,337920
2008-03-20,109.38,109.46,109.31,109.4,371615
2008-03-24,109.33,109.33,109.21,109.22,178248
2008-03-25,109.31,109.31,109.19,109.21,182696
2008-03-26,109.32,109.34,109.23,109.23,355696
2008-03-27,109.32,109.34,109.27,109.28,56051
2008-03-28,109.25,109.31,109.25,109.3,58445
2008-03-31,109.34,109.34,109.25,109.29,122708
2008-04-01,109.11,109.11,109.03,109.07,134903
2008-04-02,109.07,109.07,108.99,109.05,98777
2008-04-03,109.04,109.07,109.01,109.07,100288
2008-04-04,109.07,109.09,109.03,109.08,51669
2008-04-07,109.07,109.08,109.01,109.05,62312
2008-04-08,109.03,109.09,109.03,109.09,38473
2008-04-09,109.09,109.15,109.09,109.11,62717
2008-04-10,109.17,109.17,109.12,109.17,70234
2008-04-11,109.15,109.2,109.13,109.17,66555
2008-04-14,109.19,109.19,109.13,109.17,73756
2008-04-15,109.19,109.19,109.12,109.12,59529
2008-04-16,109.14,109.18,109.09,109.16,92889
2008-04-17,109.16,109.17,109.08,109.16,109245
2008-04-18,109.13,109.13,109.06,109.12,131974
2008-04-21,109.07,109.13,109.07,109.13,86236
2008-04-22,109.13,109.17,109.1,109.16,93640
2008-04-23,109.19,109.19,109.13,109.16,86566
2008-04-24,109.18,109.18,109.1,109.16,28141
2008-04-25,109.11,109.16,109.1,109.1,32768
2008-04-28,109.11,109.14,109.11,109.11,50843
2008-04-29,109.12,109.16,109.09,109.14,135160
2008-04-30,109.16,109.21,109.12,109.17,419369
2008-05-01,108.95,109.04,108.95,109.03,101909
2008-05-02,109.0,109.01,108.93,108.99,78021
2008-05-05,108.95,109.01,108.95,109.0,290829
2008-05-06,109.01,109.02,108.96,108.97,82371
2008-05-07,109.05,109.05,108.97,109.03,90018
2008-05-08,109.03,109.04,109.0,109.04,105793
2008-05-09,109.01,109.04,109.0,109.03,64838
2008-05-12,109.04,109.04,108.98,109.0,48218
2008-05-13,108.99,108.99,108.96,108.96,42310
2008-05-14,108.96,109.01,108.92,108.96,128112
2008-05-15,109.02,109.02,108.97,108.97,260951
2008-05-16,108.97,109.02,108.97,109.02,89961
2008-05-19,109.02,109.03,108.99,109.03,158615
2008-05-20,109.04,109.04,109.0,109.03,52697
2008-05-21,109.04,109.04,109.01,109.02,38651
2008-05-22,109.01,109.04,109.0,109.02,45342
2008-05-23,109.03,109.08,109.01,109.02,151665
2008-05-27,109.04,109.04,108.99,109.03,71046
2008-05-28,108.98,109.04,108.98,109.03,46673
2008-05-29,109.02,109.03,108.98,109.03,62807
2008-05-30,109.05,109.05,109.0,109.02,63312
2008-06-02,108.97,108.97,108.8,108.85,48408
2008-06-03,108.84,108.87,108.8,108.87,64570
2008-06-04,108.88,108.88,108.83,108.87,27764
2008-06-05,108.83,108.87,108.82,108.87,46606
2008-06-06,108.86,108.89,108.84,108.88,54988
2008-06-09,108.86,108.86,108.81,108.83,30608
2008-06-10,108.76,108.82,108.76,108.8,321506
2008-06-11,108.84,108.86,108.79,108.82,254755
2008-06-12,108.79,108.85,108.77,108.82,198783
2008-06-13,108.79,108.83,108.77,108.81,171294
2008-06-16,108.79,108.82,108.78,108.81,73489
2008-06-17,108.85,108.86,108.82,108.86,70664
2008-06-18,108.84,108.9,108.84,108.9,59470
2008-06-19,108.9,108.91,108.88,108.91,119595
2008-06-20,108.92,108.93,108.89,108.89,62245
2008-06-23,108.91,108.92,108.87,108.9,77350
2008-06-24,108.87,108.95,108.87,108.94,82246
2008-06-25,108.92,108.97,108.89,108.97,170752
2008-06-26,108.91,109.01,108.91,108.99,136148
2008-06-27,108.96,109.03,108.95,108.99,129848
2008-06-30,109.01,109.02,108.97,109.02,438894
2008-07-01,108.84,108.86,108.81,108.85,473582
2008-07-02,108.81,108.86,108.8,108.86,147404
2008-07-03,108.86,108.88,108.84,108.87,37317
2008-07-07,108.89,108.94,108.84,108.88,405063
2008-07-08,108.84,108.9,108.84,108.88,119098
2008-07-09,108.88,108.93,108.85,108.93,112045
2008-07-10,108.9,108.93,108.89,108.93,99038
2008-07-11,108.92,108.93,108.86,108.92,157580
2008-07-14,108.93,108.96,108.89,108.96,147314
2008-07-15,109.0,109.03,108.96,109.0,144504
2008-07-16,109.02,109.04,108.97,109.01,155307
2008-07-17,109.0,109.02,108.96,109.01,150869
2008-07-18,109.04,109.04,108.99,109.0,202613
2008-07-21,109.01,109.02,108.96,109.02,88448
2008-07-22,109.02,109.02,108.97,109.0,361632
2008-07-23,109.01,109.03,108.97,109.03,173128
2008-07-24,109.04,109.05,109.02,109.03,138017
2008-07-25,109.01,109.05,109.01,109.04,144696
2008-07-28,109.05,109.05,109.02,109.05,130612
2008-07-29,109.05,109.05,109.03,109.04,267548
2008-07-30,109.04,109.07,109.01,109.04,131038
2008-07-31,109.09,109.09,109.05,109.09,139513
2008-08-01,108.88,108.89,108.83,108.87,171848
2008-08-04,108.87,108.88,108.85,108.87,206530
2008-08-05,108.85,108.87,108.84,108.87,82673
2008-08-06,108.89,108.89,108.85,108.88,110539
2008-08-07,108.85,108.92,108.85,108.91,133655
2008-08-08,108.92,108.92,108.88,108.9,119582
2008-08-11,108.84,108.9,108.84,108.88,179024
2008-08-12,108.9,108.9,108.87,108.9,112516
2008-08-13,108.93,108.93,108.89,108.9,136320
2008-08-14,108.92,108.92,108.89,108.91,76860
2008-08-15,108.93,108.94,108.9,108.93,81265
2008-08-18,108.93,108.94,108.88,108.89,120895
2008-08-19,108.9,108.95,108.9,108.94,101274
2008-08-20,108.97,109.0,108.93,109.0,112816
2008-08-21,109.0,109.0,108.94,108.98,102706
2008-08-22,108.98,108.99,108.95,108.98,87595
2008-08-25,109.01,109.01,108.95,109.0,93464
2008-08-26,109.0,109.0,108.94,109.0,138097
2008-08-27,109.04,109.07,108.99,109.03,2315526
2008-08-28,109.02,109.03,108.99,109.02,143633
2008-08-29,108.97,109.02,108.97,109.02,196889
2008-09-02,108.83,108.91,108.76,108.87,646595
2008-09-03,108.89,108.9,108.86,108.89,156900
2008-09-04,108.89,108.91,108.84,108.91,136208
2008-09-05,108.91,108.92,108.85,108.89,285083
2008-09-08,108.84,108.89,108.84,108.88,106258
2008-09-09,108.88,108.92,108.85,108.91,149626
2008-09-10,108.88,108.94,108.88,108.93,118567
2008-09-11,108.91,108.96,108.91,108.94,139770
2008-09-12,108.97,108.97,108.89,108.96,139323
2008-09-15,109.06,109.14,109.05,109.12,545498
2008-09-16,109.19,109.22,109.09,109.16,449372
2008-09-17,109.31,109.41,109.22,109.41,652947
2008-09-18,109.71,109.71,109.27,109.38,677572
2008-09-19,109.2,109.24,108.98,109.13,1117128
2008-09-22,109.06,109.14,109.0,109.13,262691
2008-09-23,109.13,109.2,109.09,109.19,314362
2008-09-24,109.23,109.29,109.13,109.2,184671
2008-09-25,109.28,109.3,109.18,109.3,327666
2008-09-26,109.18,109.48,109.18,109.27,437507
2008-09-29,109.32,109.39,109.18,109.22,516906
2008-09-30,109.35,109.35,109.17,109.19,1493125
2008-10-01,109.16,109.22,109.1,109.2,364357
2008-10-02,109.46,109.46,109.23,109.33,445580
2008-10-03,109.31,109.31,109.14,109.21,1539808
2008-10-06,109.3,109.37,109.16,109.17,548525
2008-10-07,109.3,109.3,109.1,109.25,427128
2008-10-08,109.34,109.36,109.19,109.33,728936
2008-10-09,109.22,109.31,109.18,109.29,513281
2008-10-10,109.24,109.48,109.19,109.39,644201
2008-10-13,109.11,109.44,108.99,108.99,327618
2008-10-14,109.05,109.35,109.04,109.34,344051
2008-10-15,109.34,109.43,109.21,109.43,266902
2008-10-16,109.38,109.43,109.19,109.19,525437
2008-10-17,109.22,109.33,109.18,109.19,146912
2008-10-20,109.19,109.28,109.07,109.12,204675
2008-10-21,109.16,109.21,109.09,109.11,211540
2008-10-22,109.12,109.22,109.11,109.2,235480
2008-10-23,109.16,109.19,109.11,109.14,283760
2008-10-24,109.28,109.28,109.14,109.19,152343
2008-10-27,109.19,109.3,109.19,109.3,150527
2008-10-28,109.29,109.31,109.2,109.3,128286
2008-10-29,109.22,109.34,109.21,109.33,305219
2008-10-30,109.26,109.36,109.26,109.31,162486
2008-10-31,109.31,109.38,109.26,109.26,383990
2008-11-03,109.23,109.23,109.09,109.22,215822
2008-11-04,109.1,109.17,109.09,109.11,196720
2008-11-05,109.11,109.18,109.1,109.13,406346
2008-11-06,109.16,109.28,109.14,109.28,156392
2008-11-07,109.26,109.29,109.18,109.29,159352
2008-11-10,109.19,109.31,109.19,109.31,97047
2008-11-11,109.28,109.33,109.22,109.33,119879
2008-11-12,109.25,109.36,109.23,109.36,189082
2008-11-13,109.26,109.34,109.26,109.33,132691
2008-11-14,109.27,109.34,109.26,109.32,107152
2008-11-17,109.25,109.39,109.25,109.34,108461
2008-11-18,109.37,109.37,109.3,109.33,76805
2008-11-19,109.41,109.41,109.32,109.39,190670
2008-11-20,109.36,109.42,109.32,109.41,334727
2008-11-21,109.4,109.47,109.31,109.47,307779
2008-11-24,109.37,109.44,109.35,109.42,277870
2008-11-25,109.37,109.45,109.35,109.45,134969
2008-11-26,109.37,109.45,109.35,109.45,184187
2008-11-28,109.46,109.47,108.99,109.47,123302
2008-12-01,109.34,109.38,109.25,109.34,126711
2008-12-02,109.27,109.34,109.27,109.32,120084
2008-12-03,109.3,109.37,109.28,109.37,86559
2008-12-04,109.34,109.4,109.29,109.4,226023
2008-12-05,109.4,109.42,109.33,109.39,215797
2008-12-08,109.32,109.37,109.29,109.35,157984
2008-12-09,109.32,109.42,109.32,109.42,238827
2008-12-10,109.4,109.44,109.28,109.44,262533
2008-12-11,109.41,109.45,109.36,109.42,170978
2008-12-12,109.5,109.5,109.38,109.45,315602
2008-12-15,109.42,109.44,109.4,109.44,246472
2008-12-16,109.42,109.42,109.3,109.4,208782
2008-12-17,109.37,109.43,109.35,109.35,312652
2008-12-18,109.4,109.41,109.18,109.35,1938560
2008-12-19,109.27,109.43,109.25,109.4,282359
2008-12-22,109.32,109.43,109.3,109.4,160464
2008-12-23,109.33,109.43,109.32,109.43,110121
2008-12-24,109.4,109.42,109.31,109.42,57070
2008-12-26,109.42,109.42,109.29,109.4,315418
2008-12-29,109.3,109.33,109.17,109.32,488787
2008-12-30,109.17,109.32,109.16,109.31,316392
2008-12-31,109.29,109.3,109.15,109.29,203974
2009-01-02,109.14,109.2,109.1,109.12,409329
2009-01-05,109.04,109.2,109.04,109.2,534631
2009-01-06,109.1,109.25,109.1,109.25,315669
2009-01-07,109.24,109.27,109.12,109.27,457682
2009-01-08,109.18,109.27,109.15,109.15,262603
2009-01-09,109.25,109.29,109.14,109.23,134265
2009-01-12,109.23,109.3,109.19,109.29,270560
2009-01-13,109.22,109.29,109.2,109.29,133284
2009-01-14,109.25,109.36,109.2,109.31,1318405
2009-01-15,109.37,109.37,109.16,109.24,120339
2009-01-16,109.28,109.31,109.17,109.25,107659
2009-01-20,109.36,109.36,109.16,109.25,608691
2009-01-21,109.29,109.29,109.16,109.21,939328
2009-01-22,109.19,109.27,109.16,109.24,362094
2009-01-23,109.27,109.29,109.17,109.28,349333
2009-01-26,109.26,109.27,109.21,109.24,157381
2009-01-27,109.27,109.28,109.21,109.26,144830
2009-01-28,109.26,109.26,109.2,109.26,178056
2009-01-29,109.22,109.26,109.22,109.23,133086
2009-01-30,109.21,109.25,109.18,109.23,144070
2009-02-02,109.22,109.22,109.16,109.21,169104
2009-02-03,109.21,109.21,109.15,109.18,143816
2009-02-04,109.19,109.2,109.11,109.11,218508
2009-02-05,109.17,109.18,109.08,109.18,153258
2009-02-06,109.17,109.17,109.03,109.11,469550
2009-02-09,109.13,109.15,109.06,109.15,456408
2009-02-10,109.11,109.17,109.08,109.17,418050
2009-02-11,109.15,109.16,109.1,109.15,178163
2009-02-12,109.15,109.15,109.1,109.13,188328
2009-02-13,109.1,109.14,109.08,109.14,168133
2009-02-17,109.15,109.16,109.1,109.1,191989
2009-02-18,109.1,109.15,109.06,109.15,271226
2009-02-19,109.08,109.11,109.03,109.03,137067
2009-02-20,109.08,109.14,109.06,109.07,302396
2009-02-23,109.13,109.15,109.07,109.15,316980
2009-02-24,109.09,109.21,109.09,109.14,1222023
2009-02-25,109.2,109.35,109.1,109.1,186622
2009-02-26,109.16,109.16,109.11,109.11,165094
2009-02-27,109.16,109.18,109.13,109.13,200017
2009-03-02,109.06,109.14,109.06,109.1,382341
2009-03-03,109.13,109.16,109.08,109.1,296626
2009-03-04,109.12,109.13,109.07,109.12,196360
2009-03-05,109.13,109.14,109.11,109.11,297004
2009-03-06,109.14,109.15,109.11,109.11,357685
2009-03-09,109.13,109.14,109.11,109.11,282975
2009-03-10,109.14,109.15,109.09,109.13,186435
2009-03-11,109.09,109.13,109.09,109.13,318497
2009-03-12,109.14,109.16,109.13,109.15,144879
2009-03-13,109.15,109.17,109.13,109.17,534577
2009-03-16,109.12,109.15,109.08,109.13,294333
2009-03-17,109.1,109.16,109.1,109.14,479313
2009-03-18,109.14,109.19,109.11,109.18,623416
2009-03-19,109.17,109.18,109.08,109.16,390134
2009-03-20,109.16,109.17,109.1,109.15,135959
2009-03-23,109.11,109.19,109.11,109.17,461058
2009-03-24,109.16,109.19,109.15,109.16,582079
2009-03-25,109.17,109.17,109.13,109.17,607809
2009-03-26,109.17,109.18,109.14,109.18,311745
2009-03-27,109.17,109.18,109.15,109.16,144138
2009-03-30,109.17,109.19,109.15,109.19,243286
2009-03-31,109.17,109.19,109.14,109.19,256744
2009-04-01,109.14,109.14,109.09,109.12,241937
2009-04-02,109.07,109.16,109.07,109.1,248434
2009-04-03,109.07,109.12,109.05,109.12,166775
2009-04-06,109.09,109.1,109.05,109.1,201062
2009-04-07,109.1,109.14,109.09,109.14,111760
2009-04-08,109.12,109.18,109.11,109.14,375385
2009-04-09,109.14,109.15,109.08,109.13,273289
2009-04-13,109.16,109.16,109.07,109.14,204571
2009-04-14,109.09,109.17,109.09,109.16,213737
2009-04-15,109.12,109.18,109.12,109.18,258943
2009-04-16,109.16,109.2,109.14,109.18,437010
2009-04-17,109.14,109.18,109.14,109.16,508693
2009-04-20,109.11,109.19,109.11,109.19,202081
2009-04-21,109.15,109.19,109.13,109.17,390280
2009-04-22,109.16,109.19,109.15,109.19,379279
2009-04-23,109.18,109.2,109.15,109.2,147118
2009-04-24,109.16,109.2,109.13,109.13,179358
2009-04-27,109.18,109.19,109.14,109.14,204684
2009-04-28,109.14,109.19,109.14,109.15,166713
2009-04-29,109.18,109.22,109.15,109.21,146801
2009-04-30,109.21,109.21,109.15,109.2,138594
2009-05-01,109.12,109.14,109.07,109.09,625034
2009-05-04,109.1,109.1,109.05,109.08,152278
2009-05-05,109.11,109.11,109.06,109.06,202909
2009-05-06,109.09,109.1,109.07,109.07,162128
2009-05-07,109.07,109.1,109.05,109.06,351145
2009-05-08,109.04,109.11,109.04,109.05,171535
2009-05-11,109.1,109.13,109.04,109.07,215888
2009-05-12,109.08,109.12,109.07,109.08,134802
2009-05-13,109.11,109.13,109.08,109.09,182741
2009-05-14,109.1,109.13,109.08,109.09,208666
2009-05-15,109.09,109.15,109.09,109.1,116307
2009-05-18,109.09,109.15,109.08,109.08,243499
2009-05-19,109.12,109.14,109.09,109.09,179753
2009-05-20,109.13,109.15,109.12,109.13,296261
2009-05-21,109.15,109.15,109.11,109.13,422619
2009-05-22,109.12,109.14,109.09,109.09,116171
2009-05-26,109.14,109.14,109.07,109.07,179007
2009-05-27,109.13,109.13,109.08,109.09,166868
2009-05-28,109.12,109.17,109.1,109.17,97559
2009-05-29,109.11,109.17,109.1,109.1,255267
2009-06-01,109.17,109.18,109.06,109.14,322652
2009-06-02,109.06,109.12,109.05,109.05,732845
2009-06-03,109.11,109.14,109.07,109.1,534297
2009-06-04,109.07,109.14,109.06,109.08,164780
2009-06-05,109.06,109.1,109.0,109.04,497294
2009-06-08,109.02,109.06,109.0,109.0,454141
2009-06-09,109.01,109.06,109.01,109.03,249104
2009-06-10,109.02,109.09,109.02,109.09,142692
2009-06-11,109.09,109.1,109.07,109.09,134105
2009-06-12,109.09,109.11,109.05,109.05,104556
2009-06-15,109.08,109.12,109.05,109.05,264833
2009-06-16,109.09,109.12,109.05,109.12,516974
2009-06-17,109.12,109.13,109.08,109.13,266754
2009-06-18,109.11,109.12,109.09,109.12,153502
2009-06-19,109.12,109.12,109.07,109.11,612313
2009-06-22,109.11,109.11,109.07,109.07,394063
2009-06-23,109.11,109.11,109.06,109.06,226069
2009-06-24,109.1,109.12,109.06,109.08,288604
2009-06-25,109.1,109.13,109.08,109.12,465022
2009-06-26,109.12,109.13,109.08,109.13,201160
2009-06-29,109.11,109.12,109.1,109.1,246899
2009-06-30,109.1,109.13,109.09,109.13,263187
2009-07-01,109.11,109.11,109.08,109.08,134725
2009-07-02,109.1,109.1,109.07,109.07,227984
2009-07-06,109.08,109.1,109.07,109.07,73489
2009-07-07,109.09,109.1,109.07,109.08,238038
2009-07-08,109.1,109.12,109.09,109.12,153947
2009-07-09,109.12,109.12,109.09,109.12,127287
2009-07-10,109.1,109.12,109.08,109.08,198988
2009-07-13,109.09,109.12,109.08,109.1,423969
2009-07-14,109.1,109.11,109.08,109.1,144793
2009-07-15,109.11,109.11,109.08,109.09,158432
2009-07-16,109.1,109.11,109.09,109.09,201170
2009-07-17,109.1,109.1,109.08,109.08,97562
2009-07-20,109.1,109.1,109.07,109.07,166293
2009-07-21,109.07,109.09,109.07,109.08,335590
2009-07-22,109.1,109.11,109.09,109.09,313274
2009-07-23,109.1,109.11,109.08,109.09,359132
2009-07-24,109.09,109.11,109.08,109.08,970646
2009-07-27,109.08,109.1,109.07,109.1,156394
2009-07-28,109.09,109.12,109.09,109.09,318631
2009-07-29,109.1,109.13,109.1,109.11,263777
2009-07-30,109.12,109.12,109.09,109.09,156601
2009-07-31,109.1,109.12,109.06,109.1,1188003
2009-08-03,109.07,109.08,109.02,109.03,532185
2009-08-04,109.06,109.08,109.04,109.04,172870
2009-08-05,109.06,109.08,109.05,109.06,249037
2009-08-06,109.08,109.08,109.05,109.08,179706
2009-08-07,109.05,109.06,109.04,109.04,128527
2009-08-10,109.05,109.07,109.05,109.05,108369
2009-08-11,109.07,109.07,109.05,109.07,115293
2009-08-12,109.08,109.08,109.06,109.06,188286
2009-08-13,109.08,109.09,109.06,109.08,109057
2009-08-14,109.09,109.09,109.07,109.08,136095
2009-08-17,109.09,109.09,109.07,109.09,64252
2009-08-18,109.09,109.09,109.06,109.09,311225
2009-08-19,109.12,109.12,109.08,109.08,163641
2009-08-20,109.12,109.12,109.08,109.08,154946
2009-08-21,109.08,109.1,109.05,109.09,280907
2009-08-24,109.07,109.12,109.07,109.08,129091
2009-08-25,109.1,109.1,109.07,109.09,175454
2009-08-26,109.09,109.12,109.08,109.12,116105
2009-08-27,109.11,109.12,109.07,109.07,174506
2009-08-28,109.1,109.12,109.08,109.08,126535
2009-08-31,109.1,109.12,109.08,109.12,142686
2009-09-01,109.03,109.05,109.0,109.01,363272
2009-09-02,109.08,109.1,109.06,109.1,379356
2009-09-03,109.11,109.11,109.07,109.1,75225
2009-09-04,109.11,109.11,109.08,109.09,120814
2009-09-08,109.07,109.11,109.06,109.06,101940
2009-09-09,109.11,109.11,109.07,109.09,245812
2009-09-10,109.08,109.11,109.07,109.07,134833
2009-09-11,109.11,109.12,109.1,109.11,166443
2009-09-14,109.08,109.11,109.07,109.08,76916
2009-09-15,109.07,109.11,109.07,109.09,98503
2009-09-16,109.09,109.12,109.08,109.08,186810
2009-09-17,109.09,109.11,109.08,109.09,148019
2009-09-18,109.11,109.11,109.08,109.09,590189
2009-09-21,109.1,109.1,109.07,109.07,166533
2009-09-22,109.07,109.1,109.07,109.09,138750
2009-09-23,109.1,109.12,109.08,109.09,672319
2009-09-24,109.1,109.1,109.08,109.08,815624
2009-09-25,109.1,109.1,109.07,109.07,658931
2009-09-28,109.11,109.13,109.06,109.06,918257
2009-09-29,109.07,109.09,109.06,109.07,494050
2009-09-30,109.08,109.13,109.08,109.09,555722
2009-10-01,109.09,109.09,109.04,109.08,543621
2009-10-02,109.08,109.08,109.04,109.06,207278
2009-10-05,109.08,109.11,109.06,109.06,199387
2009-10-06,109.1,109.11,109.08,109.09,153695
2009-10-07,109.11,109.13,109.09,109.11,192065
2009-10-08,109.1,109.12,109.08,109.1,177454
2009-10-09,109.09,109.1,109.07,109.07,168131
2009-10-12,109.1,109.1,109.06,109.07,113230
2009-10-13,109.08,109.1,109.07,109.08,79169
2009-10-14,109.08,109.1,109.08,109.08,194582
2009-10-15,109.08,109.1,109.08,109.08,212499
2009-10-16,109.08,109.1,109.08,109.08,92047
2009-10-19,109.09,109.1,109.07,109.09,132802
2009-10-20,109.09,109.11,109.07,109.09,607369
2009-10-21,109.08,109.12,109.07,109.12,363529
2009-10-22,109.1,109.13,109.09,109.13,126779
2009-10-23,109.09,109.12,109.09,109.11,212614
2009-10-26,109.12,109.12,109.09,109.09,95106
2009-10-27,109.11,109.13,109.09,109.12,130448
2009-10-28,109.13,109.16,109.11,109.14,1330036
2009-10-29,109.12,109.14,109.08,109.13,476891
2009-10-30,109.13,109.13,109.08,109.12,512131
2009-11-02,109.09,109.11,109.06,109.08,188020
2009-11-03,109.11,109.11,109.06,109.09,285931
2009-11-04,109.11,109.11,109.06,109.06,106232
2009-11-05,109.09,109.1,109.09,109.1,128560
2009-11-06,109.09,109.12,109.08,109.08,168037
2009-11-09,109.12,109.12,109.08,109.09,247773
2009-11-10,109.09,109.13,109.09,109.11,137599
2009-11-11,109.11,109.14,109.09,109.09,328047
2009-11-12,109.09,109.12,109.09,109.1,169207
2009-11-13,109.1,109.12,109.09,109.12,331392
2009-11-16,109.1,109.12,109.1,109.1,116032
2009-11-17,109.1,109.15,109.09,109.14,837312
2009-11-18,109.13,109.14,109.12,109.14,507500
2009-11-19,109.13,109.17,109.12,109.13,152959
2009-11-20,109.13,109.16,109.12,109.15,116841
2009-11-23,109.12,109.14,109.09,109.09,1034134
2009-11-24,109.11,109.14,109.11,109.14,152314
2009-11-25,109.13,109.14,109.11,109.14,455500
2009-11-27,109.15,109.15,109.11,109.13,102814
2009-11-30,109.15,109.15,109.11,109.12,178149
2009-12-01,109.12,109.12,109.07,109.11,443925
2009-12-02,109.08,109.13,109.08,109.09,541566
2009-12-03,109.09,109.12,109.09,109.09,660454
2009-12-04,109.09,109.1,109.08,109.1,397171
2009-12-07,109.1,109.11,109.06,109.07,284162
2009-12-08,109.08,109.11,109.07,109.09,339844
2009-12-09,109.11,109.11,109.08,109.1,223087
2009-12-10,109.09,109.11,109.07,109.07,561664
2009-12-11,109.1,109.1,109.07,109.07,381191
2009-12-14,109.08,109.1,109.07,109.07,385938
2009-12-15,109.06,109.09,109.06,109.09,380930
2009-12-16,109.09,109.1,109.08,109.09,120569
2009-12-17,109.1,109.11,109.07,109.07,522606
2009-12-18,109.09,109.1,109.08,109.08,111479
2009-12-21,109.08,109.1,109.08,109.1,146667
2009-12-22,109.1,109.1,109.07,109.1,328561
2009-12-23,109.1,109.11,109.08,109.1,189273
2009-12-24,109.09,109.1,109.08,109.08,110365
2009-12-28,109.13,109.13,109.08,109.12,291453
2009-12-29,109.09,109.1,109.06,109.1,280161
2009-12-30,109.08,109.1,109.07,109.1,132570
2009-12-31,109.07,109.11,109.07,109.09,152306
2010-01-04,109.08,109.1,109.06,109.1,304041
2010-01-05,109.08,109.1,109.06,109.06,424649
2010-01-06,109.09,109.11,109.06,109.07,568754
2010-01-07,109.08,109.09,109.07,109.07,152071
2010-01-08,109.07,109.11,109.07,109.11,192486
2010-01-11,109.09,109.12,109.09,109.11,350005
2010-01-12,109.1,109.11,109.08,109.1,123586
2010-01-13,109.12,109.12,109.09,109.09,167345
2010-01-14,109.11,109.12,109.09,109.09,108520
2010-01-15,109.09,109.11,109.08,109.08,252277
2010-01-19,109.1,109.12,109.09,109.1,252648
2010-01-20,109.11,109.11,109.09,109.1,144203
2010-01-21,109.09,109.13,109.09,109.1,640468
2010-01-22,109.1,109.1,109.08,109.08,330394
2010-01-25,109.09,109.13,109.08,109.12,189408
2010-01-26,109.1,109.13,109.1,109.12,304163
2010-01-27,109.1,109.12,109.08,109.08,304684
2010-01-28,109.1,109.11,109.08,109.08,379866
2010-01-29,109.1,109.12,109.08,109.12,350213
2010-02-01,109.12,109.12,109.09,109.09,255103
2010-02-02,109.08,109.12,109.08,109.11,408069
2010-02-03,109.11,109.12,109.09,109.1,482961
2010-02-04,109.1,109.11,109.09,109.1,352038
2010-02-05,109.07,109.13,109.07,109.08,1072218
2010-02-08,109.07,109.12,109.07,109.12,639379
2010-02-09,109.1,109.12,109.08,109.12,322020
2010-02-10,109.08,109.11,109.08,109.11,154166
2010-02-11,109.1,109.12,109.09,109.12,520299
2010-02-12,109.08,109.12,109.08,109.12,152754
2010-02-16,109.11,109.12,109.09,109.09,362466
2010-02-17,109.09,109.11,109.09,109.11,102165
2010-02-18,109.09,109.12,109.09,109.12,151070
2010-02-19,109.11,109.12,109.09,109.1,421441
2010-02-22,109.09,109.11,109.09,109.11,145555
2010-02-23,109.1,109.11,109.08,109.11,109994
2010-02-24,109.1,109.12,109.09,109.1,156488
2010-02-25,109.12,109.13,109.1,109.13,211520
2010-02-26,109.1,109.12,109.1,109.12,251456
2010-03-01,109.06,109.11,109.06,109.11,808427
2010-03-02,109.1,109.11,109.06,109.06,1960196
2010-03-03,109.08,109.12,109.07,109.09,1778650
2010-03-04,109.1,109.11,109.08,109.1,813752
2010-03-05,109.09,109.11,109.07,109.09,2000482
2010-03-08,109.09,109.11,109.08,109.11,731090
2010-03-09,109.1,109.11,109.08,109.1,1142688
2010-03-10,109.08,109.1,109.08,109.09,942398
2010-03-11,109.1,109.1,109.08,109.08,221391
2010-03-12,109.1,109.11,109.08,109.1,1202272
2010-03-15,109.09,109.1,109.08,109.1,102014
2010-03-16,109.08,109.1,109.07,109.07,1402623
2010-03-17,109.09,109.11,109.08,109.1,1747216
2010-03-18,109.11,109.11,109.09,109.1,1042733
2010-03-19,109.08,109.1,109.08,109.1,104256
2010-03-22,109.1,109.1,109.09,109.1,112402
2010-03-23,109.09,109.11,109.09,109.11,575491
2010-03-24,109.09,109.11,109.09,109.09,153282
2010-03-25,109.09,109.1,109.08,109.09,795813
2010-03-26,109.08,109.1,109.08,109.08,266770
2010-03-29,109.08,109.11,109.07,109.08,1447959
2010-03-30,109.08,109.11,109.08,109.11,888426
2010-03-31,109.08,109.1,109.08,109.1,689463
2010-04-01,109.07,109.09,109.06,109.06,147559
2010-04-05,109.06,109.08,109.04,109.05,1143811
2010-04-06,109.06,109.09,109.04,109.07,703764
2010-04-07,109.06,109.08,109.06,109.06,877050
2010-04-08,109.06,109.08,109.06,109.06,310182
2010-04-09,109.07,109.08,109.04,109.07,481879
2010-04-12,109.06,109.09,109.06,109.08,852850
2010-04-13,109.08,109.09,109.07,109.07,131926
2010-04-14,109.07,109.09,109.07,109.07,177003
2010-04-15,109.08,109.08,109.07,109.07,133820
2010-04-16,109.07,109.11,109.07,109.11,398112
2010-04-19,109.09,109.09,109.06,109.06,261257
2010-04-20,109.08,109.09,109.07,109.09,92876
2010-04-21,109.07,109.09,109.07,109.08,277916
2010-04-22,109.08,109.1,109.07,109.09,138128
2010-04-23,109.07,109.09,109.07,109.09,113656
2010-04-26,109.07,109.09,109.07,109.09,596812
2010-04-27,109.08,109.09,109.07,109.09,189928
2010-04-28,109.09,109.1,109.06,109.07,344042
2010-04-29,109.07,109.09,109.07,109.08,74662
2010-04-30,109.07,109.09,109.07,109.09,104449
2010-05-03,109.08,109.08,109.06,109.06,102383
2010-05-04,109.06,109.09,109.05,109.05,959844
2010-05-05,109.07,109.08,109.07,109.08,912081
2010-05-06,109.09,109.12,108.99,109.08,2477830
2010-05-07,109.09,109.1,109.05,109.07,1365137
2010-05-10,109.08,109.09,109.06,109.06,594636
2010-05-11,109.07,109.08,109.06,109.07,165295
2010-05-12,109.08,109.09,109.06,109.08,228151
2010-05-13,109.07,109.09,109.07,109.09,464337
2010-05-14,109.08,109.1,109.07,109.1,216497
2010-05-17,109.09,109.09,109.06,109.07,121291
2010-05-18,109.08,109.09,109.07,109.07,120228
2010-05-19,109.09,109.1,109.07,109.09,1886748
2010-05-20,109.08,109.11,109.07,109.1,2133656
2010-05-21,109.09,109.1,109.08,109.1,801986
2010-05-24,109.09,109.1,109.08,109.1,380578
2010-05-25,109.1,109.1,109.07,109.09,457070
2010-05-26,109.09,109.1,109.07,109.07,173932
2010-05-27,109.09,109.11,109.09,109.1,342173
2010-05-28,109.09,109.1,109.08,109.1,271852
2010-06-01,109.09,109.1,109.08,109.09,224365
2010-06-02,109.08,109.1,109.08,109.1,583594
2010-06-03,109.09,109.09,109.08,109.08,464398
2010-06-04,109.08,109.12,109.08,109.12,180258
2010-06-07,109.09,109.1,109.07,109.08,300730
2010-06-08,109.08,109.13,109.07,109.12,621084
2010-06-09,109.09,109.11,109.09,109.09,325650
2010-06-10,109.1,109.12,109.1,109.12,136576
2010-06-11,109.1,109.13,109.1,109.13,331415
2010-06-14,109.1,109.12,109.1,109.12,470136
2010-06-15,109.12,109.12,109.08,109.08,229788
2010-06-16,109.11,109.12,109.09,109.1,1413500
2010-06-17,109.1,109.12,109.1,109.12,253744
2010-06-18,109.11,109.12,109.1,109.1,324042
2010-06-21,109.1,109.12,109.09,109.12,1200198
2010-06-22,109.11,109.12,109.09,109.09,1019823
2010-06-23,109.1,109.12,109.1,109.1,532936
2010-06-24,109.11,109.12,109.1,109.1,154746
2010-06-25,109.1,109.12,109.1,109.12,112624
2010-06-28,109.12,109.12,109.1,109.11,88035
2010-06-29,109.12,109.12,109.09,109.11,609384
2010-06-30,109.11,109.13,109.1,109.13,617092
2010-07-01,109.11,109.11,109.08,109.08,949483
2010-07-02,109.09,109.1,109.08,109.1,228963
2010-07-06,109.09,109.11,109.08,109.08,878354
2010-07-07,109.09,109.13,109.09,109.11,1286765
2010-07-08,109.1,109.13,109.1,109.13,545890
2010-07-09,109.11,109.13,109.11,109.13,212521
2010-07-12,109.11,109.13,109.11,109.13,269256
2010-07-13,109.11,109.13,109.1,109.1,333844
2010-07-14,109.11,109.14,109.1,109.14,166539
2010-07-15,109.13,109.13,109.09,109.11,607102
2010-07-16,109.1,109.12,109.1,109.12,274922
2010-07-19,109.11,109.12,109.1,109.1,126725
2010-07-20,109.11,109.12,109.1,109.11,392666
2010-07-21,109.11,109.13,109.1,109.1,164584
2010-07-22,109.11,109.13,109.1,109.12,197590
2010-07-23,109.11,109.13,109.1,109.1,462372
2010-07-26,109.11,109.12,109.09,109.09,1092883
2010-07-27,109.11,109.12,109.09,109.11,409345
2010-07-28,109.11,109.13,109.1,109.13,716782
2010-07-29,109.1,109.12,109.1,109.1,785432
2010-07-30,109.12,109.12,109.1,109.1,228612
2010-08-02,109.11,109.12,109.09,109.09,363884
2010-08-03,109.1,109.11,109.09,109.09,1080461
2010-08-04,109.1,109.13,109.1,109.13,777305
2010-08-05,109.11,109.13,109.1,109.1,825882
2010-08-06,109.11,109.13,109.1,109.1,209238
2010-08-09,109.1,109.12,109.1,109.1,411855
2010-08-10,109.1,109.12,109.1,109.1,179491
2010-08-11,109.13,109.13,109.11,109.11,167607
2010-08-12,109.11,109.13,109.11,109.13,163358
2010-08-13,109.12,109.13,109.1,109.1,136124
2010-08-16,109.13,109.13,109.11,109.11,243448
2010-08-17,109.12,109.14,109.12,109.12,222506
2010-08-18,109.12,109.14,109.12,109.14,115214
2010-08-19,109.12,109.14,109.11,109.11,84852
2010-08-20,109.12,109.14,109.12,109.14,188606
2010-08-23,109.12,109.13,109.11,109.11,228595
2010-08-24,109.12,109.12,109.1,109.1,524772
2010-08-25,109.1,109.12,109.1,109.11,302912
2010-08-26,109.1,109.12,109.1,109.1,170554
2010-08-27,109.12,109.13,109.11,109.13,95764
2010-08-30,109.1,109.12,109.1,109.11,869796
2010-08-31,109.11,109.14,109.11,109.12,1490651
2010-09-01,109.1,109.12,109.1,109.11,353484
2010-09-02,109.11,109.12,109.11,109.11,167359
2010-09-03,109.11,109.12,109.1,109.12,201382
2010-09-07,109.11,109.12,109.1,109.1,105191
2010-09-08,109.12,109.13,109.1,109.1,1470859
2010-09-09,109.11,109.11,109.1,109.1,299568
2010-09-10,109.1,109.11,109.1,109.1,205761
2010-09-13,109.11,109.14,109.1,109.14,1636329
2010-09-14,109.11,109.13,109.11,109.11,566189
2010-09-15,109.13,109.13,109.12,109.13,195356
2010-09-16,109.12,109.14,109.12,109.14,99834
2010-09-17,109.12,109.14,109.11,109.12,103855
2010-09-20,109.11,109.12,109.11,109.12,161399
2010-09-21,109.12,109.13,109.09,109.12,931017
2010-09-22,109.12,109.15,109.12,109.12,659181
2010-09-23,109.12,109.15,109.12,109.15,690860
2010-09-24,109.14,109.15,109.12,109.12,1538309
2010-09-27,109.15,109.15,109.13,109.14,319865
2010-09-28,109.13,109.15,109.13,109.14,574267
2010-09-29,109.13,109.15,109.13,109.13,129587
2010-09-30,109.13,109.14,109.12,109.14,209083
2010-10-01,109.14,109.14,109.12,109.12,200489
2010-10-04,109.12,109.14,109.1,109.1,1507588
2010-10-05,109.13,109.13,109.1,109.12,676495
2010-10-06,109.13,109.14,109.12,109.12,1487444
2010-10-07,109.13,109.14,109.11,109.11,214210
2010-10-08,109.12,109.15,109.11,109.15,1028865
2010-10-11,109.12,109.15,109.09,109.11,244071
2010-10-12,109.12,109.13,109.11,109.12,273178
2010-10-13,109.13,109.16,109.12,109.14,705035
2010-10-14,109.13,109.13,109.11,109.11,152407
2010-10-15,109.13,109.14,109.12,109.14,169595
2010-10-18,109.13,109.15,109.12,109.12,458920
2010-10-19,109.12,109.15,109.12,109.15,281452
2010-10-20,109.15,109.15,109.13,109.14,62474
2010-10-21,109.14,109.15,109.13,109.13,90346
2010-10-22,109.13,109.15,109.13,109.15,104105
2010-10-25,109.15,109.15,109.13,109.13,217242
2010-10-26,109.14,109.15,109.13,109.15,169854
2010-10-27,109.13,109.15,109.12,109.12,159197
2010-10-28,109.13,109.15,109.12,109.13,117241
2010-10-29,109.16,109.16,109.13,109.14,93447
2010-11-01,109.1,109.1,109.09,109.09,179968
2010-11-02,109.12,109.14,109.11,109.11,100067
2010-11-03,109.13,109.17,109.12,109.15,770348
2010-11-04,109.13,109.15,109.12,109.15,209771
2010-11-05,109.13,109.15,109.12,109.12,1477672
2010-11-08,109.13,109.14,109.12,109.12,326120
2010-11-09,109.13,109.14,109.11,109.11,508965
2010-11-10,109.13,109.13,109.11,109.11,121129
2010-11-11,109.12,109.13,109.1,109.1,98460
2010-11-12,109.12,109.13,109.11,109.11,160508
2010-11-15,109.12,109.14,109.11,109.11,266866
2010-11-16,109.12,109.13,109.11,109.11,227765
2010-11-17,109.13,109.13,109.11,109.12,119144
2010-11-18,109.13,109.13,109.11,109.11,85160
2010-11-19,109.12,109.14,109.11,109.13,199957
2010-11-22,109.14,109.14,109.11,109.14,73029
2010-11-23,109.13,109.13,109.1,109.1,247594
2010-11-24,109.13,109.14,109.11,109.11,99569
2010-11-26,109.13,109.13,109.11,109.11,215571
2010-11-29,109.11,109.13,109.09,109.09,491387
2010-11-30,109.11,109.12,109.1,109.12,104959
2010-12-01,109.1,109.13,109.09,109.09,194085
2010-12-02,109.1,109.12,109.1,109.11,365684
2010-12-03,109.1,109.12,109.1,109.12,155437
2010-12-06,109.1,109.13,109.09,109.13,733725
2010-12-07,109.11,109.13,109.1,109.13,526950
2010-12-08,109.11,109.13,109.1,109.13,81641
2010-12-09,109.13,109.13,109.11,109.13,127601
2010-12-10,109.12,109.14,109.11,109.11,109050
2010-12-13,109.11,109.13,109.1,109.11,78692
2010-12-14,109.11,109.14,109.11,109.13,544008
2010-12-15,109.13,109.13,109.11,109.13,348295
2010-12-16,109.11,109.13,109.11,109.13,126945
2010-12-17,109.13,109.13,109.11,109.11,153340
2010-12-20,109.11,109.14,109.11,109.14,115146
2010-12-21,109.12,109.14,109.11,109.14,197124
2010-12-22,109.12,109.14,109.11,109.11,140618
2010-12-23,109.14,109.15,109.1,109.1,246174
2010-12-27,109.14,109.14,109.1,109.1,200964
2010-12-28,109.13,109.14,109.11,109.14,288647
2010-12-29,109.12,109.15,109.12,109.14,156200
2010-12-30,109.14,109.14,109.12,109.13,125062
2010-12-31,109.14,109.16,109.14,109.15,142282
2011-01-03,109.12,109.14,109.11,109.13,271483
2011-01-04,109.13,109.15,109.13,109.14,177336
2011-01-05,109.13,109.15,109.13,109.14,166612
2011-01-06,109.14,109.14,109.13,109.14,220712
2011-01-07,109.13,109.14,109.13,109.14,106743
2011-01-10,109.12,109.14,109.1,109.1,601858
2011-01-11,109.11,109.12,109.1,109.1,284586
2011-01-12,109.11,109.14,109.1,109.11,313260
2011-01-13,109.11,109.13,109.1,109.1,108284
2011-01-14,109.13,109.13,109.1,109.1,281540
2011-01-18,109.12,109.12,109.1,109.1,92244
2011-01-19,109.11,109.13,109.1,109.11,113608
2011-01-20,109.1,109.13,109.1,109.11,93774
2011-01-21,109.11,109.12,109.1,109.1,232618
2011-01-24,109.11,109.13,109.1,109.12,177289
2011-01-25,109.13,109.13,109.1,109.1,88868
2011-01-26,109.13,109.14,109.09,109.11,190130
2011-01-27,109.12,109.13,109.11,109.11,80087
2011-01-28,109.13,109.14,109.11,109.12,247598
2011-01-31,109.12,109.14,109.11,109.13,431859
2011-02-01,109.11,109.13,109.1,109.13,157498
2011-02-02,109.13,109.13,109.11,109.11,113480
2011-02-03,109.13,109.13,109.11,109.13,257916
2011-02-04,109.11,109.12,109.1,109.1,82950
2011-02-07,109.1,109.12,109.1,109.12,152839
2011-02-08,109.11,109.13,109.11,109.12,959752
2011-02-09,109.12,109.13,109.12,109.13,147413
2011-02-10,109.12,109.13,109.12,109.13,139491
2011-02-11,109.12,109.13,109.12,109.12,495327
2011-02-14,109.12,109.13,109.12,109.13,146365
2011-02-15,109.12,109.13,109.11,109.11,83140
2011-02-16,109.12,109.14,109.12,109.13,77147
2011-02-18,109.14,109.14,109.11,109.11,80164
2011-02-22,109.13,109.13,109.11,109.12,162626
2011-02-23,109.11,109.14,109.1,109.1,209752
2011-02-24,109.1,109.13,109.1,109.11,178635
2011-02-25,109.12,109.13,109.11,109.13,96899
2011-02-28,109.11,109.12,109.1,109.12,140226
2011-03-01,109.12,109.13,109.11,109.11,115105
2011-03-02,109.11,109.12,109.11,109.11,349597
2011-03-03,109.11,109.12,109.11,109.11,173137
2011-03-04,109.12,109.13,109.11,109.11,105931
2011-03-07,109.12,109.12,109.11,109.11,71585
2011-03-08,109.12,109.13,109.11,109.11,227706
2011-03-09,109.11,109.15,109.11,109.15,414466
2011-03-10,109.13,109.16,109.13,109.16,283962
2011-03-11,109.14,109.16,109.12,109.15,199618
2011-03-14,109.13,109.16,109.13,109.16,608292
2011-03-15,109.16,109.16,109.13,109.14,216244
2011-03-16,109.13,109.16,109.13,109.13,302228
2011-03-17,109.13,109.16,109.13,109.13,96194
2011-03-18,109.13,109.16,109.13,109.16,119510
2011-03-21,109.15,109.15,109.13,109.15,62299
2011-03-22,109.13,109.14,109.13,109.13,139100
2011-03-23,109.13,109.16,109.13,109.16,166074
2011-03-24,109.14,109.16,109.13,109.14,135219
2011-03-25,109.16,109.16,109.14,109.15,274802
2011-03-28,109.15,109.16,109.14,109.15,116694
2011-03-29,109.13,109.14,109.13,109.13,251548
2011-03-30,109.14,109.16,109.13,109.13,110730
2011-03-31,109.14,109.17,109.14,109.15,468405
2011-04-01,109.14,109.17,109.13,109.17,556087
2011-04-04,109.17,109.17,109.15,109.16,69532
2011-04-05,109.15,109.18,109.13,109.13,660854
2011-04-06,109.14,109.17,109.14,109.14,563492
2011-04-07,109.14,109.17,109.14,109.17,301469
2011-04-08,109.17,109.18,109.16,109.16,377453
2011-04-11,109.15,109.17,109.15,109.15,124899
2011-04-12,109.16,109.18,109.16,109.18,181427
2011-04-13,109.17,109.19,109.16,109.18,220423
2011-04-14,109.17,109.19,109.16,109.19,119645
2011-04-15,109.18,109.18,109.17,109.17,321344
2011-04-18,109.17,109.19,109.17,109.18,67096
2011-04-19,109.18,109.2,109.17,109.2,237627
2011-04-20,109.17,109.19,109.17,109.19,244045
2011-04-21,109.19,109.21,109.17,109.21,176827
2011-04-25,109.18,109.2,109.16,109.16,171781
2011-04-26,109.17,109.19,109.17,109.17,154931
2011-04-27,109.17,109.2,109.16,109.2,400219
2011-04-28,109.19,109.2,109.17,109.17,194286
2011-04-29,109.2,109.22,109.19,109.21,137954
2011-05-02,109.18,109.2,109.17,109.18,146620
2011-05-03,109.19,109.22,109.19,109.2,132699
2011-05-04,109.19,109.21,109.17,109.21,138780
2011-05-05,109.22,109.22,109.18,109.2,226299
2011-05-06,109.19,109.21,109.18,109.21,122870
2011-05-09,109.19,109.19,109.16,109.16,165576
2011-05-10,109.18,109.19,109.16,109.19,462723
2011-05-11,109.17,109.19,109.16,109.16,196909
2011-05-12,109.17,109.19,109.16,109.17,110226
2011-05-13,109.18,109.21,109.17,109.21,213021
2011-05-16,109.18,109.19,109.16,109.16,318403
2011-05-17,109.19,109.2,109.17,109.2,341708
2011-05-18,109.18,109.19,109.18,109.18,49228
2011-05-19,109.18,109.19,109.18,109.18,87674
2011-05-20,109.18,109.19,109.16,109.16,147668
2011-05-23,109.17,109.19,109.16,109.19,161294
2011-05-24,109.19,109.19,109.17,109.17,89468
2011-05-25,109.17,109.2,109.17,109.19,105457
2011-05-26,109.18,109.2,109.18,109.18,45267
2011-05-27,109.18,109.2,109.18,109.2,67724
2011-05-31,109.17,109.19,109.17,109.19,104792
2011-06-01,109.18,109.2,109.18,109.19,139606
2011-06-02,109.18,109.2,109.18,109.19,143748
2011-06-03,109.18,109.19,109.18,109.19,134127
2011-06-06,109.18,109.19,109.17,109.17,142291
2011-06-07,109.19,109.19,109.17,109.17,142192
2011-06-08,109.2,109.2,109.16,109.16,355027
2011-06-09,109.16,109.17,109.16,109.16,48587
2011-06-10,109.18,109.19,109.15,109.17,162451
2011-06-13,109.16,109.18,109.15,109.15,245641
2011-06-14,109.17,109.18,109.16,109.16,213482
2011-06-15,109.18,109.19,109.16,109.17,283444
2011-06-16,109.19,109.2,109.17,109.18,234082
2011-06-17,109.19,109.2,109.17,109.18,141746
2011-06-20,109.18,109.19,109.17,109.19,58727
2011-06-21,109.17,109.2,109.17,109.2,182877
2011-06-22,109.18,109.2,109.18,109.2,116167
2011-06-23,109.2,109.22,109.19,109.2,204794
2011-06-24,109.19,109.2,109.18,109.18,139754
2011-06-27,109.18,109.2,109.17,109.17,178299
2011-06-28,109.17,109.19,109.16,109.18,206908
2011-06-29,109.2,109.2,109.18,109.2,124534
2011-06-30,109.17,109.21,109.17,109.21,517018
2011-07-01,109.21,109.22,109.21,109.22,167623
2011-07-05,109.22,109.22,109.21,109.22,269428
2011-07-06,109.2,109.22,109.19,109.22,267083
2011-07-07,109.21,109.23,109.2,109.21,203763
2011-07-08,109.22,109.22,109.2,109.2,99744
2011-07-11,109.19,109.22,109.18,109.19,770363
2011-07-12,109.21,109.22,109.19,109.19,131296
2011-07-13,109.18,109.21,109.18,109.19,144068
2011-07-14,109.19,109.22,109.19,109.2,217922
2011-07-15,109.21,109.22,109.2,109.2,81902
2011-07-18,109.19,109.21,109.19,109.19,508485
2011-07-19,109.19,109.21,109.18,109.19,146110
2011-07-20,109.2,109.2,109.17,109.17,121336
2011-07-21,109.17,109.19,109.17,109.17,138518
2011-07-22,109.18,109.19,109.17,109.17,94451
2011-07-25,109.16,109.19,109.16,109.19,142507
2011-07-26,109.19,109.19,109.15,109.15,276461
2011-07-27,109.15,109.18,109.15,109.17,257201
2011-07-28,109.16,109.18,109.14,109.14,116798
2011-07-29,109.14,109.17,109.12,109.15,511033
2011-08-01,109.16,109.18,109.13,109.14,160191
2011-08-02,109.15,109.2,109.15,109.2,494763
2011-08-03,109.17,109.21,109.17,109.21,502706
2011-08-04,109.19,109.22,109.18,109.2,1200096
2011-08-05,109.23,109.23,109.2,109.21,624787
2011-08-08,109.22,109.23,109.19,109.19,1103425
2011-08-09,109.19,109.23,109.13,109.23,1250125
2011-08-10,109.2,109.22,109.18,109.2,1072729
2011-08-11,109.22,109.22,109.19,109.21,302217
2011-08-12,109.19,109.21,109.19,109.2,373672
2011-08-15,109.2,109.22,109.19,109.2,520223
2011-08-16,109.2,109.22,109.2,109.21,260680
2011-08-17,109.22,109.23,109.2,109.21,147873
2011-08-18,109.21,109.22,109.2,109.21,235237
2011-08-19,109.2,109.22,109.19,109.22,462865
2011-08-22,109.22,109.24,109.22,109.23,105116
2011-08-23,109.24,109.24,109.22,109.23,636392
2011-08-24,109.22,109.24,109.22,109.23,596984
2011-08-25,109.22,109.23,109.21,109.21,204853
2011-08-26,109.23,109.23,109.2,109.2,337945
2011-08-29,109.22,109.24,109.22,109.24,254020
2011-08-30,109.22,109.24,109.21,109.21,262414
2011-08-31,109.22,109.23,109.2,109.2,279522
2011-09-01,109.19,109.22,109.19,109.2,108156
2011-09-02,109.21,109.22,109.19,109.19,97050
2011-09-06,109.19,109.22,109.18,109.22,441133
2011-09-07,109.21,109.22,109.19,109.19,134765
2011-09-08,109.21,109.22,109.19,109.19,156852
2011-09-09,109.19,109.2,109.19,109.19,1057844
2011-09-12,109.2,109.21,109.19,109.19,1569435
2011-09-13,109.19,109.21,109.19,109.21,837039
2011-09-14,109.21,109.21,109.19,109.19,704647
2011-09-15,109.19,109.22,109.19,109.22,443519
2011-09-16,109.21,109.22,109.2,109.2,83843
2011-09-19,109.22,109.22,109.2,109.2,1661768
2011-09-20,109.21,109.22,109.2,109.2,821219
2011-09-21,109.22,109.22,109.19,109.19,3641030
2011-09-22,109.19,109.22,109.19,109.21,11495961
2011-09-23,109.22,109.22,109.19,109.2,1385190
2011-09-26,109.2,109.22,109.2,109.22,813610
2011-09-27,109.2,109.21,109.2,109.2,1077135
2011-09-28,109.21,109.22,109.18,109.2,1940677
2011-09-29,109.2,109.21,109.18,109.19,1152907
2011-09-30,109.21,109.21,109.19,109.21,811891
2011-10-03,109.21,109.21,109.19,109.19,1267247
2011-10-04,109.21,109.21,109.19,109.21,514335
2011-10-05,109.2,109.21,109.19,109.21,316055
2011-10-06,109.2,109.22,109.2,109.21,196227
2011-10-07,109.22,109.22,109.2,109.2,459845
2011-10-10,109.22,109.22,109.2,109.22,556448
2011-10-11,109.21,109.21,109.19,109.19,354957
2011-10-12,109.2,109.22,109.19,109.19,452582
2011-10-13,109.21,109.22,109.19,109.19,254673
2011-10-14,109.19,109.21,109.19,109.2,400402
2011-10-17,109.2,109.21,109.19,109.21,5094281
2011-10-18,109.19,109.21,109.19,109.21,583842
2011-10-19,109.19,109.21,109.19,109.21,3319924
2011-10-20,109.19,109.21,109.19,109.19,464108
2011-10-21,109.2,109.21,109.19,109.21,2870070
2011-10-24,109.2,109.21,109.19,109.19,5955886
2011-10-25,109.19,109.2,109.19,109.19,578523
2011-10-26,109.19,109.2,109.19,109.19,383859
2011-10-27,109.19,109.21,109.18,109.18,1032651
2011-10-28,109.2,109.2,109.18,109.18,386607
2011-10-31,109.18,109.2,109.18,109.2,509967
2011-11-01,109.19,109.19,109.18,109.18,770067
2011-11-02,109.19,109.19,109.18,109.18,227491
2011-11-03,109.19,109.2,109.18,109.2,546295
2011-11-04,109.19,109.21,109.19,109.21,359186
2011-11-07,109.2,109.21,109.19,109.21,618239
2011-11-08,109.21,109.21,109.2,109.2,187373
2011-11-09,109.2,109.21,109.18,109.19,801884
2011-11-10,109.2,109.21,109.19,109.19,227174
2011-11-11,109.19,109.21,109.19,109.21,393789
2011-11-14,109.21,109.21,109.19,109.19,189546
2011-11-15,109.2,109.21,109.19,109.19,233531
2011-11-16,109.19,109.22,109.19,109.22,252368
2011-11-17,109.2,109.22,109.19,109.2,2324018
2011-11-18,109.21,109.23,109.2,109.21,198606
2011-11-21,109.21,109.22,109.2,109.22,633699
2011-11-22,109.22,109.22,109.19,109.19,273305
2011-11-23,109.21,109.22,109.19,109.2,516386
2011-11-25,109.19,109.2,109.18,109.18,87025
2011-11-28,109.2,109.2,109.18,109.2,187225
2011-11-29,109.21,109.21,109.18,109.2,104705
2011-11-30,109.19,109.2,109.18,109.18,247296
2011-12-01,109.2,109.21,109.18,109.21,276118
2011-12-02,109.19,109.21,109.19,109.21,257748
2011-12-05,109.2,109.22,109.19,109.19,548612
2011-12-06,109.19,109.21,109.19,109.19,202777
2011-12-07,109.22,109.22,109.2,109.2,896150
2011-12-08,109.22,109.23,109.2,109.21,507466
2011-12-09,109.2,109.21,109.2,109.21,296634
2011-12-12,109.21,109.22,109.19,109.21,2093355
2011-12-13,109.21,109.22,109.2,109.22,170023
2011-12-14,109.21,109.22,109.2,109.21,433364
2011-12-15,109.21,109.21,109.2,109.21,183850
2011-12-16,109.21,109.22,109.2,109.21,125458
2011-12-19,109.2,109.22,109.2,109.22,457873
2011-12-20,109.21,109.23,109.2,109.2,179701
2011-12-21,109.21,109.21,109.2,109.2,106506
2011-12-22,109.2,109.22,109.2,109.2,193525
2011-12-23,109.2,109.21,108.92,109.18,235166
2011-12-27,109.21,109.21,109.13,109.19,354371
2011-12-28,109.21,109.21,109.19,109.19,443763
2011-12-29,109.21,109.21,109.19,109.19,212529
2011-12-30,109.2,109.22,109.2,109.22,203163
2012-01-03,109.19,109.21,109.19,109.19,1132218
2012-01-04,109.2,109.21,109.19,109.19,390815
2012-01-05,109.21,109.21,109.19,109.19,267428
2012-01-06,109.19,109.21,109.19,109.2,282126
2012-01-09,109.21,109.21,109.19,109.21,742651
2012-01-10,109.21,109.21,109.19,109.21,351560
2012-01-11,109.2,109.21,109.19,109.21,278188
2012-01-12,109.2,109.2,109.19,109.19,276590
2012-01-13,109.19,109.2,109.18,109.2,634849
2012-01-17,109.19,109.21,109.19,109.2,459983
2012-01-18,109.19,109.21,109.19,109.2,197155
2012-01-19,109.2,109.21,109.18,109.2,314492
2012-01-20,109.19,109.2,109.18,109.18,187220
2012-01-23,109.19,109.2,109.18,109.19,216438
2012-01-24,109.18,109.21,109.18,109.2,578167
2012-01-25,109.18,109.21,109.18,109.21,272560
2012-01-26,109.21,109.21,109.19,109.21,279441
2012-01-27,109.21,109.21,109.18,109.2,445927
2012-01-30,109.19,109.2,109.18,109.19,250982
2012-01-31,109.18,109.2,109.18,109.19,650451
2012-02-01,109.18,109.2,109.18,109.18,239460
2012-02-02,109.17,109.19,109.17,109.17,421070
2012-02-03,109.17,109.18,109.16,109.16,427518
2012-02-06,109.17,109.19,109.17,109.17,321689
2012-02-07,109.17,109.19,109.17,109.17,202730
2012-02-08,109.18,109.18,109.03,109.17,347346
2012-02-09,109.17,109.18,109.16,109.16,170351
2012-02-10,109.16,109.18,109.16,109.16,213583
2012-02-13,109.18,109.18,109.16,109.16,514200
2012-02-14,109.16,109.17,109.16,109.16,298707
2012-02-15,109.16,109.17,109.16,109.17,174550
2012-02-16,109.16,109.18,109.16,109.16,368343
2012-02-17,109.17,109.18,109.15,109.16,171666
2012-02-21,109.16,109.18,109.16,109.16,150001
2012-02-22,109.18,109.18,109.16,109.18,107536
2012-02-23,109.18,109.18,109.16,109.18,249154
2012-02-24,109.16,109.18,109.16,109.18,244519
2012-02-27,109.16,109.18,109.16,109.16,292366
2012-02-28,109.16,109.18,109.16,109.18,361969
2012-02-29,109.16,109.2,109.16,109.18,275339
2012-03-01,109.16,109.17,109.16,109.16,241596
2012-03-02,109.16,109.18,109.16,109.16,162751
2012-03-05,109.16,109.18,109.16,109.18,251672
2012-03-06,109.17,109.18,109.16,109.18,195254
2012-03-07,109.16,109.18,109.16,109.17,175003
2012-03-08,109.16,109.18,109.16,109.17,225589
2012-03-09,109.16,109.18,109.16,109.18,195488
2012-03-12,109.16,109.18,109.16,109.18,160154
2012-03-13,109.16,109.18,109.16,109.18,309464
2012-03-14,109.17,109.18,109.16,109.18,144771
2012-03-15,109.16,109.18,109.16,109.17,580784
2012-03-16,109.18,109.18,109.16,109.16,160532
2012-03-19,109.16,109.17,109.16,109.16,145913
2012-03-20,109.16,109.17,109.16,109.16,151720
2012-03-21,109.18,109.18,109.16,109.16,150911
2012-03-22,109.16,109.18,109.16,109.17,291896
2012-03-23,109.16,109.18,109.16,109.17,111351
2012-03-26,109.16,109.17,109.16,109.16,185745
2012-03-27,109.17,109.18,109.16,109.16,369395
2012-03-28,109.16,109.18,109.16,109.18,159739
2012-03-29,109.16,109.18,109.16,109.17,194112
2012-03-30,109.19,109.19,109.17,109.18,153483
2012-04-02,109.17,109.18,109.16,109.18,179037
2012-04-03,109.16,109.18,109.16,109.16,195223
2012-04-04,109.16,109.17,109.16,109.16,250058
2012-04-05,109.18,109.18,109.16,109.16,75682
2012-04-09,109.17,109.18,109.16,109.16,156947
2012-04-10,109.16,109.18,109.16,109.17,380755
2012-04-11,109.18,109.18,109.16,109.17,189974
2012-04-12,109.17,109.18,109.17,109.18,128445
2012-04-13,109.18,109.2,109.17,109.2,259658
2012-04-16,109.18,109.2,109.18,109.19,93542
2012-04-17,109.18,109.19,109.18,109.19,86728
2012-04-18,109.17,109.19,109.17,109.18,66793
2012-04-19,109.19,109.19,109.17,109.18,161469
2012-04-20,109.19,109.19,109.17,109.17,137978
2012-04-23,109.17,109.19,109.17,109.17,340632
2012-04-24,109.17,109.18,109.17,109.17,118719
2012-04-25,109.17,109.18,109.17,109.17,183996
2012-04-26,109.17,109.18,109.17,109.17,119578
2012-04-27,109.17,109.18,109.16,109.18,75371
2012-04-30,109.17,109.18,109.17,109.17,93134
2012-05-01,109.17,109.2,109.16,109.18,417613
2012-05-02,109.18,109.19,109.17,109.17,59329
2012-05-03,109.17,109.19,109.16,109.16,169456
2012-05-04,109.17,109.19,109.16,109.19,274451
2012-05-07,109.17,109.19,109.17,109.18,615705
2012-05-08,109.18,109.19,109.17,109.19,575448
2012-05-09,109.18,109.19,109.17,109.17,245872
2012-05-10,109.18,109.19,109.17,109.19,381177
2012-05-11,109.19,109.19,109.16,109.18,134829
2012-05-14,109.17,109.18,109.17,109.17,199883
2012-05-15,109.17,109.19,109.17,109.18,417902
2012-05-16,109.18,109.18,109.17,109.17,246486
2012-05-17,109.17,109.19,109.17,109.17,562608
2012-05-18,109.17,109.21,109.16,109.16,447194
2012-05-21,109.18,109.19,109.16,109.17,331078
2012-05-22,109.17,109.18,109.16,109.17,183221
2012-05-23,109.17,109.19,109.17,109.17,151155
2012-05-24,109.18,109.19,109.17,109.18,117135
2012-05-25,109.18,109.19,109.15,109.19,71330
2012-05-29,109.17,109.19,109.17,109.19,125826
2012-05-30,109.17,109.19,109.17,109.19,330413
2012-05-31,109.17,109.2,109.17,109.2,353630
2012-06-01,109.21,109.22,109.16,109.17,470324
2012-06-04,109.2,109.2,109.18,109.2,290113
2012-06-05,109.19,109.2,109.19,109.2,153557
2012-06-06,109.19,109.2,109.18,109.2,348092
2012-06-07,109.2,109.2,109.18,109.18,212913
2012-06-08,109.18,109.19,109.18,109.19,92249
2012-06-11,109.19,109.2,109.18,109.2,90703
2012-06-12,109.2,109.2,109.18,109.2,295270
2012-06-13,109.19,109.2,109.19,109.2,103306
2012-06-14,109.18,109.2,109.18,109.2,168585
2012-06-15,109.19,109.19,109.18,109.19,143957
2012-06-18,109.19,109.2,109.18,109.18,150748
2012-06-19,109.2,109.2,109.18,109.19,155288
2012-06-20,109.18,109.2,109.18,109.19,217216
2012-06-21,109.18,109.2,109.18,109.2,271651
2012-06-22,109.18,109.19,109.18,109.19,149792
2012-06-25,109.18,109.19,109.18,109.19,80265
2012-06-26,109.18,109.2,109.17,109.18,99532
2012-06-27,109.18,109.19,109.17,109.17,183131
2012-06-28,109.2,109.2,109.18,109.19,68061
2012-06-29,109.19,109.21,109.18,109.2,425228
2012-07-02,109.21,109.21,109.18,109.18,2308102
2012-07-03,109.19,109.2,109.18,109.19,284111
2012-07-05,109.19,109.19,109.18,109.18,189159
2012-07-06,109.19,109.19,109.18,109.19,158994
2012-07-09,109.18,109.19,109.17,109.19,1667997
2012-07-10,109.17,109.19,109.17,109.18,93740
2012-07-11,109.18,109.19,109.17,109.18,106087
2012-07-12,109.19,109.19,109.18,109.18,60349
2012-07-13,109.17,109.19,109.17,109.19,85454
2012-07-16,109.18,109.19,109.18,109.18,135850
2012-07-17,109.18,109.2,109.18,109.18,108085
2012-07-18,109.18,109.2,109.18,109.19,224175
2012-07-19,109.19,109.21,109.18,109.18,175551
2012-07-20,109.18,109.19,109.18,109.18,114464
2012-07-23,109.18,109.2,109.18,109.19,212927
2012-07-24,109.2,109.2,109.18,109.19,280947
2012-07-25,109.18,109.2,109.18,109.18,493934
2012-07-26,109.18,109.19,109.18,109.18,322898
2012-07-27,109.18,109.19,109.17,109.19,251726
2012-07-30,109.18,109.19,109.18,109.18,533560
2012-07-31,109.18,109.19,109.18,109.19,205038
2012-08-01,109.18,109.2,109.18,109.19,232000
2012-08-02,109.2,109.2,109.19,109.2,159897
2012-08-03,109.19,109.2,109.18,109.2,464627
2012-08-06,109.21,109.21,109.18,109.18,413370
2012-08-07,109.18,109.19,109.18,109.19,296262
2012-08-08,109.18,109.19,109.18,109.18,160137
2012-08-09,109.18,109.19,109.18,109.18,243728
2012-08-10,109.18,109.19,109.18,109.19,107618
2012-08-13,109.2,109.2,109.18,109.19,72968
2012-08-14,109.18,109.19,109.18,109.19,85141
2012-08-15,109.18,109.19,109.17,109.18,216788
2012-08-16,109.17,109.19,109.17,109.19,320543
2012-08-17,109.18,109.19,109.18,109.19,105200
2012-08-20,109.19,109.19,109.18,109.18,137974
2012-08-21,109.18,109.19,109.18,109.18,263857
2012-08-22,109.18,109.19,109.18,109.18,105024
2012-08-23,109.18,109.2,109.18,109.2,135325
2012-08-24,109.2,109.2,109.19,109.2,3284647
2012-08-27,109.2,109.2,109.19,109.2,272186
2012-08-28,109.19,109.2,109.19,109.2,134526
2012-08-29,109.19,109.2,109.19,109.19,200756
2012-08-30,109.2,109.2,109.19,109.2,150534
2012-08-31,109.2,109.22,109.2,109.22,117620
2012-09-04,109.19,109.21,109.19,109.2,599219
2012-09-05,109.19,109.2,109.19,109.2,84732
2012-09-06,109.19,109.2,109.18,109.2,202136
2012-09-07,109.19,109.2,109.19,109.2,304929
2012-09-10,109.2,109.2,109.19,109.2,190236
2012-09-11,109.19,109.2,109.19,109.2,161762
2012-09-12,109.19,109.2,109.19,109.2,99456
2012-09-13,109.2,109.21,109.19,109.21,242909
2012-09-14,109.21,109.21,109.2,109.21,324684
2012-09-17,109.2,109.21,109.2,109.21,152000
2012-09-18,109.21,109.21,109.2,109.21,125739
2012-09-19,109.2,109.2,109.19,109.2,146050
2012-09-20,109.19,109.2,109.19,109.2,109735
2012-09-21,109.19,109.2,109.19,109.2,258501
2012-09-24,109.19,109.2,109.19,109.2,181887
2012-09-25,109.19,109.2,109.19,109.19,105814
2012-09-26,109.19,109.2,109.19,109.19,187455
2012-09-27,109.19,109.2,109.19,109.19,129450
2012-09-28,109.21,109.21,109.2,109.21,187483
2012-10-01,109.19,109.2,109.19,109.19,448140
2012-10-02,109.19,109.2,109.19,109.2,73728
2012-10-03,109.19,109.2,109.19,109.19,197951
2012-10-04,109.19,109.2,109.19,109.2,116772
2012-10-05,109.19,109.2,109.19,109.19,210698
2012-10-08,109.2,109.2,109.19,109.2,53968
2012-10-09,109.19,109.2,109.19,109.2,159976
2012-10-10,109.2,109.2,109.19,109.2,173726
2012-10-11,109.2,109.2,109.19,109.19,115930
2012-10-12,109.19,109.2,109.19,109.19,91513
2012-10-15,109.19,109.2,109.19,109.19,140288
2012-10-16,109.19,109.2,109.18,109.19,66067
2012-10-17,109.19,109.2,109.19,109.19,94634
2012-10-18,109.19,109.2,109.19,109.2,79028
2012-10-19,109.18,109.22,109.18,109.19,124982
2012-10-22,109.19,109.2,109.19,109.2,80356
2012-10-23,109.2,109.21,109.2,109.21,140251
2012-10-24,109.19,109.2,109.19,109.19,87014
2012-10-25,109.19,109.2,109.19,109.19,135238
2012-10-26,109.2,109.2,109.19,109.19,75555
2012-10-31,109.21,109.21,109.2,109.2,1863632
2012-11-01,109.2,109.2,109.19,109.2,350052
2012-11-02,109.2,109.2,109.18,109.2,217460
2012-11-05,109.19,109.2,109.18,109.18,470082
2012-11-06,109.19,109.2,109.19,109.19,149661
2012-11-07,109.19,109.2,109.19,109.19,338888
2012-11-08,109.19,109.2,109.19,109.19,358532
2012-11-09,109.18,109.19,109.18,109.18,852015
2012-11-12,109.19,109.19,109.18,109.18,78474
2012-11-13,109.19,109.19,109.18,109.18,156832
2012-11-14,109.18,109.19,109.18,109.18,257334
2012-11-15,109.19,109.2,109.18,109.2,273236
2012-11-16,109.2,109.21,109.2,109.2,202761
2012-11-19,109.19,109.2,109.19,109.19,169375
2012-11-20,109.19,109.2,109.19,109.19,316680
2012-11-21,109.19,109.2,109.19,109.19,198981
2012-11-23,109.2,109.21,109.2,109.2,37155
2012-11-26,109.2,109.2,109.19,109.2,254127
2012-11-27,109.2,109.21,109.19,109.21,104422
2012-11-28,109.2,109.21,109.2,109.21,289410
2012-11-29,109.21,109.21,109.2,109.21,257798
2012-11-30,109.21,109.22,109.21,109.21,139004
2012-12-03,109.2,109.21,109.2,109.2,1581815
2012-12-04,109.2,109.21,109.2,109.2,128841
2012-12-05,109.2,109.21,109.2,109.2,99348
2012-12-06,109.2,109.21,109.2,109.2,110050
2012-12-07,109.21,109.21,109.2,109.21,164459
2012-12-10,109.21,109.21,109.2,109.2,73760
2012-12-11,109.2,109.22,109.2,109.21,290810
2012-12-12,109.21,109.22,109.21,109.21,135973
2012-12-13,109.21,109.22,109.21,109.22,233448
2012-12-14,109.21,109.23,109.21,109.22,138890
2012-12-17,109.22,109.23,109.22,109.22,222691
2012-12-18,109.22,109.23,109.22,109.22,368384
2012-12-19,109.22,109.23,109.22,109.23,107411
2012-12-20,109.22,109.23,109.22,109.22,316422
2012-12-21,109.22,109.23,109.22,109.23,227738
2012-12-24,109.23,109.23,109.22,109.22,195867
2012-12-26,109.23,109.23,109.22,109.22,102720
2012-12-27,109.23,109.23,109.22,109.23,258507
2012-12-28,109.22,109.23,109.22,109.23,149682
2012-12-31,109.23,109.25,109.22,109.25,765488
2013-01-02,109.23,109.24,109.23,109.23,261529
2013-01-03,109.23,109.24,109.22,109.23,360762
2013-01-04,109.22,109.23,109.22,109.23,305848
2013-01-07,109.22,109.23,109.21,109.22,291031
2013-01-08,109.21,109.22,109.21,109.22,142158
2013-01-09,109.21,109.23,109.21,109.23,1695157
2013-01-10,109.22,109.23,109.22,109.23,2766631
2013-01-11,109.22,109.23,109.22,109.23,131519
2013-01-14,109.23,109.23,109.22,109.23,325261
2013-01-15,109.22,109.22,109.21,109.22,73737
2013-01-16,109.21,109.22,109.21,109.22,252996
2013-01-17,109.21,109.22,109.21,109.21,2885214
2013-01-18,109.21,109.22,109.21,109.22,168567
2013-01-22,109.22,109.22,109.21,109.22,367646
2013-01-23,109.22,109.22,109.21,109.22,159218
2013-01-24,109.21,109.22,109.21,109.21,140271
2013-01-25,109.21,109.22,109.21,109.21,148694
2013-01-28,109.22,109.22,109.21,109.21,700765
2013-01-29,109.21,109.22,109.21,109.22,136695
2013-01-30,109.22,109.22,109.21,109.22,112738
2013-01-31,109.21,109.23,109.21,109.22,568906
2013-02-01,109.23,109.23,109.22,109.22,231178
2013-02-04,109.22,109.22,109.21,109.21,123748
2013-02-05,109.22,109.22,109.21,109.22,346639
2013-02-06,109.22,109.22,109.21,109.22,108684
2013-02-07,109.21,109.22,109.21,109.21,123680
2013-02-08,109.21,109.22,109.21,109.22,89338
2013-02-11,109.21,109.22,109.21,109.22,96907
2013-02-12,109.21,109.22,109.21,109.22,143827
2013-02-13,109.21,109.22,109.21,109.22,119583
2013-02-14,109.21,109.22,109.21,109.21,151893
2013-02-15,109.22,109.22,109.21,109.21,52916
2013-02-19,109.2,109.21,109.2,109.21,192319
2013-02-20,109.2,109.21,109.2,109.21,206382
2013-02-21,109.2,109.21,109.2,109.21,105361
2013-02-22,109.2,109.21,109.2,109.21,192206
2013-02-25,109.21,109.21,109.2,109.21,231576
2013-02-26,109.21,109.21,109.2,109.21,138415
2013-02-27,109.2,109.21,109.2,109.21,166137
2013-02-28,109.21,109.22,109.2,109.21,217406
2013-03-01,109.2,109.22,109.2,109.21,141459
2013-03-04,109.2,109.21,109.2,109.2,623682
2013-03-05,109.2,109.21,109.2,109.2,152513
2013-03-06,109.21,109.21,109.2,109.21,87756
2013-03-07,109.21,109.21,109.2,109.21,170797
2013-03-08,109.2,109.21,109.2,109.21,2922843
2013-03-11,109.2,109.21,109.2,109.21,144359
2013-03-12,109.2,109.22,109.2,109.22,2046400
2013-03-13,109.21,109.22,109.21,109.22,1533484
2013-03-14,109.21,109.22,109.21,109.22,112376
2013-03-15,109.22,109.22,109.21,109.22,86809
2013-03-18,109.22,109.22,109.21,109.21,302412
2013-03-19,109.22,109.23,109.21,109.21,806151
2013-03-20,109.22,109.23,109.21,109.21,1648790
2013-03-21,109.23,109.23,109.21,109.22,93783
2013-03-22,109.22,109.23,109.22,109.23,51349
2013-03-25,109.23,109.23,109.22,109.22,856139
2013-03-26,109.22,109.24,109.22,109.22,4579816
2013-03-27,109.22,109.23,109.22,109.23,367529
2013-03-28,109.22,109.23,109.21,109.22,254075
2013-04-01,109.22,109.23,109.21,109.21,1492827
2013-04-02,109.21,109.22,109.21,109.21,2082616
2013-04-03,109.21,109.23,109.21,109.22,336336
2013-04-04,109.22,109.23,109.22,109.22,117355
2013-04-05,109.23,109.23,109.22,109.22,2269700
2013-04-08,109.23,109.23,109.22,109.23,1420529
2013-04-09,109.23,109.23,109.22,109.22,2166290
2013-04-10,109.23,109.23,109.22,109.23,1708030
2013-04-11,109.23,109.23,109.22,109.23,1886353
2013-04-12,109.23,109.23,109.22,109.23,148734
2013-04-15,109.23,109.23,109.22,109.23,797581
2013-04-16,109.23,109.23,109.22,109.23,253710
2013-04-17,109.23,109.23,109.22,109.23,118333
2013-04-18,109.23,109.23,109.22,109.22,327455
2013-04-19,109.23,109.23,109.22,109.22,143403
2013-04-22,109.22,109.23,109.22,109.23,126564
2013-04-23,109.22,109.23,109.22,109.22,107172
2013-04-24,109.22,109.23,109.22,109.22,219773
2013-04-25,109.23,109.23,109.22,109.23,279441
2013-04-26,109.22,109.23,109.22,109.23,242854
2013-04-29,109.22,109.23,109.22,109.23,520486
2013-04-30,109.22,109.24,109.22,109.24,214617
2013-05-01,109.22,109.23,109.22,109.22,239113
2013-05-02,109.22,109.23,109.22,109.22,63735
2013-05-03,109.22,109.24,109.22,109.23,1207211
2013-05-06,109.22,109.23,109.22,109.23,413479
2013-05-07,109.22,109.24,109.22,109.23,1085238
2013-05-08,109.23,109.24,109.23,109.23,109127
2013-05-09,109.23,109.24,109.23,109.24,188007
2013-05-10,109.24,109.24,109.23,109.24,143364
2013-05-13,109.23,109.24,109.23,109.24,268884
2013-05-14,109.24,109.24,109.23,109.24,68654
2013-05-15,109.23,109.24,109.23,109.24,418003
2013-05-16,109.24,109.24,109.22,109.23,158878
2013-05-17,109.22,109.24,109.22,109.23,203782
2013-05-20,109.22,109.23,109.22,109.23,660416
2013-05-21,109.22,109.23,109.22,109.23,137734
2013-05-22,109.23,109.23,109.22,109.23,973819
2013-05-23,109.22,109.23,109.22,109.22,476352
2013-05-24,109.23,109.23,109.22,109.23,692642
2013-05-28,109.22,109.23,109.22,109.22,714925
2013-05-29,109.23,109.23,109.22,109.22,367920
2013-05-30,109.22,109.23,109.22,109.22,649041
2013-05-31,109.22,109.23,109.22,109.23,596590
2013-06-03,109.23,109.24,109.22,109.24,3571014
2013-06-04,109.23,109.24,109.22,109.24,2116044
2013-06-05,109.24,109.24,109.23,109.24,453151
2013-06-06,109.24,109.24,109.23,109.24,548115
2013-06-07,109.22,109.24,109.22,109.23,168421
2013-06-10,109.23,109.24,109.22,109.24,1656686
2013-06-11,109.24,109.24,109.22,109.23,304047
2013-06-12,109.24,109.24,109.22,109.22,411952
2013-06-13,109.24,109.24,109.22,109.23,232745
2013-06-14,109.24,109.24,109.23,109.24,416609
2013-06-17,109.24,109.24,109.22,109.24,866296
2013-06-18,109.24,109.24,109.22,109.23,330665
2013-06-19,109.23,109.23,109.22,109.23,315054
2013-06-20,109.22,109.23,109.22,109.22,1694212
2013-06-21,109.22,109.23,109.22,109.22,550075
2013-06-24,109.22,109.23,109.21,109.23,969902
2013-06-25,109.23,109.23,109.22,109.23,763008
2013-06-26,109.22,109.23,109.22,109.22,505710
2013-06-27,109.23,109.23,109.22,109.22,344800
2013-06-28,109.23,109.23,109.21,109.21,872129
2013-07-01,109.23,109.23,109.22,109.23,2806266
2013-07-02,109.22,109.24,109.22,109.23,455211
2013-07-03,109.24,109.24,109.23,109.23,297449
2013-07-05,109.24,109.24,109.22,109.24,259947
2013-07-08,109.23,109.24,109.23,109.24,792477
2013-07-09,109.24,109.24,109.23,109.24,478564
2013-07-10,109.24,109.24,109.23,109.24,217991
2013-07-11,109.24,109.25,109.22,109.22,853464
2013-07-12,109.24,109.24,109.22,109.23,150214
2013-07-15,109.22,109.24,109.22,109.22,751299
2013-07-16,109.23,109.23,109.22,109.23,184746
2013-07-17,109.22,109.24,109.22,109.24,174591
2013-07-18,109.24,109.24,109.22,109.23,267584
2013-07-19,109.23,109.24,109.23,109.23,242912
2013-07-22,109.23,109.24,109.22,109.22,2060098
2013-07-23,109.22,109.23,109.22,109.22,200926
2013-07-24,109.22,109.25,109.22,109.23,1339467
2013-07-25,109.23,109.25,109.23,109.23,173368
2013-07-26,109.25,109.25,109.23,109.23,240967
2013-07-29,109.23,109.24,109.22,109.23,4011004
2013-07-30,109.23,109.23,109.22,109.22,184930
2013-07-31,109.23,109.24,109.22,109.24,449020
2013-08-01,109.22,109.23,109.22,109.23,226067
2013-08-02,109.22,109.23,109.22,109.23,498417
2013-08-05,109.23,109.24,109.22,109.24,1517843
2013-08-06,109.24,109.24,109.23,109.24,374953
2013-08-07,109.24,109.24,109.23,109.24,265168
2013-08-08,109.24,109.24,109.23,109.24,301362
2013-08-09,109.24,109.24,109.23,109.23,129652
2013-08-12,109.24,109.24,109.23,109.24,407862
2013-08-13,109.23,109.24,109.23,109.24,118979
2013-08-14,109.23,109.24,109.23,109.23,130933
2013-08-15,109.24,109.24,109.22,109.24,523937
2013-08-16,109.24,109.24,109.22,109.24,671295
2013-08-19,109.24,109.24,109.22,109.22,884943
2013-08-20,109.23,109.24,109.22,109.24,224215
2013-08-21,109.23,109.24,109.21,109.22,2541802
2013-08-22,109.22,109.24,109.22,109.22,1975721
2013-08-23,109.23,109.23,109.22,109.22,6574072
2013-08-26,109.23,109.24,109.22,109.23,599178
2013-08-27,109.23,109.24,109.22,109.24,1848119
2013-08-28,109.24,109.24,109.22,109.24,199350
2013-08-29,109.23,109.24,109.23,109.24,137829
2013-08-30,109.24,109.24,109.23,109.24,645979
2013-09-03,109.24,109.25,109.23,109.25,4276525
2013-09-04,109.24,109.25,109.24,109.25,205870
2013-09-05,109.25,109.25,109.24,109.24,230248
2013-09-06,109.24,109.25,109.24,109.25,553778
2013-09-09,109.24,109.25,109.24,109.24,1981873
2013-09-10,109.24,109.25,109.24,109.25,452213
2013-09-11,109.24,109.25,109.24,109.24,836265
2013-09-12,109.24,109.25,109.24,109.25,186865
2013-09-13,109.25,109.25,109.24,109.25,139933
2013-09-16,109.25,109.25,109.23,109.24,931060
2013-09-17,109.23,109.24,109.23,109.23,318086
2013-09-18,109.23,109.29,109.23,109.25,1896254
2013-09-19,109.24,109.26,109.24,109.25,797535
2013-09-20,109.26,109.26,109.24,109.25,271942
2013-09-23,109.24,109.26,109.24,109.25,371763
2013-09-24,109.25,109.26,109.24,109.25,216809
2013-09-25,109.25,109.26,109.24,109.26,395015
2013-09-26,109.25,109.26,109.24,109.26,392307
2013-09-27,109.26,109.26,109.24,109.26,385543
2013-09-30,109.25,109.25,109.24,109.25,5091110
2013-10-01,109.24,109.25,109.24,109.24,1550546
2013-10-02,109.24,109.25,109.23,109.23,662161
2013-10-03,109.23,109.24,109.23,109.23,1248176
2013-10-04,109.23,109.24,109.22,109.24,325109
2013-10-07,109.23,109.23,109.22,109.23,166435
2013-10-08,109.22,109.23,109.22,109.23,207526
2013-10-09,109.23,109.23,109.21,109.21,285082
2013-10-10,109.21,109.22,109.2,109.21,432211
2013-10-11,109.21,109.22,109.21,109.22,473991
2013-10-14,109.2,109.21,109.2,109.21,228448
2013-10-15,109.2,109.22,109.18,109.19,1339378
2013-10-16,109.19,109.21,109.18,109.2,962977
2013-10-17,109.21,109.23,109.21,109.23,336661
2013-10-18,109.23,109.24,109.22,109.24,245687
2013-10-21,109.23,109.24,109.23,109.24,189866
2013-10-22,109.23,109.24,109.23,109.23,158401
2013-10-23,109.23,109.24,109.23,109.24,247562
2013-10-24,109.23,109.24,109.23,109.24,102961
2013-10-25,109.24,109.24,109.23,109.24,417475
2013-10-28,109.23,109.24,109.21,109.22,2765999
2013-10-29,109.22,109.23,109.22,109.22,268348
2013-10-30,109.23,109.23,109.22,109.23,319963
2013-10-31,109.22,109.23,109.22,109.23,233924
2013-11-01,109.22,109.23,109.22,109.22,217537
2013-11-04,109.23,109.23,109.22,109.22,136485
2013-11-05,109.22,109.23,109.22,109.22,131928
2013-11-06,109.22,109.23,109.22,109.22,97833
2013-11-07,109.22,109.23,109.22,109.22,222288
2013-11-08,109.22,109.23,109.22,109.22,213656
2013-11-11,109.23,109.24,109.22,109.23,742650
2013-11-12,109.24,109.24,109.22,109.24,183583
2013-11-13,109.24,109.24,109.22,109.24,285773
2013-11-14,109.24,109.24,109.22,109.24,168225
2013-11-15,109.23,109.24,109.23,109.23,343604
2013-11-18,109.24,109.24,109.23,109.23,1358428
2013-11-19,109.24,109.24,109.23,109.23,217461
2013-11-20,109.24,109.24,109.23,109.24,238562
2013-11-21,109.23,109.24,109.23,109.24,89328
2013-11-22,109.24,109.24,109.23,109.24,434523
2013-11-25,109.23,109.24,109.23,109.24,77746
2013-11-26,109.23,109.24,109.23,109.24,88953
2013-11-27,109.24,109.24,109.23,109.24,133919
2013-11-29,109.24,109.24,109.22,109.23,467314
2013-12-02,109.22,109.24,109.22,109.22,4391201
2013-12-03,109.23,109.23,109.22,109.22,1114391
2013-12-04,109.23,109.23,109.22,109.23,2259559
2013-12-05,109.23,109.24,109.23,109.24,226943
2013-12-06,109.24,109.24,109.23,109.24,166682
2013-12-09,109.24,109.24,109.23,109.23,1304656
2013-12-10,109.24,109.24,109.23,109.24,276396
2013-12-11,109.23,109.24,109.23,109.24,427509
2013-12-12,109.23,109.24,109.22,109.24,604768
2013-12-13,109.23,109.24,109.23,109.24,385534
2013-12-16,109.24,109.24,109.23,109.24,1026533
2013-12-17,109.24,109.24,109.23,109.23,339590
2013-12-18,109.24,109.25,109.23,109.25,484590
2013-12-19,109.25,109.25,109.23,109.23,729950
2013-12-20,109.24,109.24,109.23,109.23,658169
2013-12-23,109.24,109.24,109.23,109.23,1280872
2013-12-24,109.23,109.24,109.23,109.23,198114
2013-12-26,109.24,109.24,109.22,109.23,2453120
2013-12-27,109.23,109.23,109.22,109.23,3504885
2013-12-30,109.22,109.23,109.22,109.23,2909505
2013-12-31,109.23,109.24,109.22,109.24,2048817
2014-01-02,109.22,109.23,109.22,109.22,391986
2014-01-03,109.23,109.24,109.22,109.24,256689
2014-01-06,109.24,109.24,109.22,109.23,184975
2014-01-07,109.23,109.24,109.23,109.23,309116
2014-01-08,109.23,109.24,109.23,109.24,210974
2014-01-09,109.23,109.24,109.23,109.24,233055
2014-01-10,109.23,109.24,109.23,109.24,190092
2014-01-13,109.23,109.24,109.23,109.23,625224
2014-01-14,109.23,109.24,109.23,109.24,184989
2014-01-15,109.24,109.24,109.23,109.24,361767
2014-01-16,109.24,109.24,109.23,109.23,358886
2014-01-17,109.24,109.24,109.23,109.24,407076
2014-01-21,109.24,109.24,109.23,109.23,1978677
2014-01-22,109.24,109.24,109.23,109.23,574837
2014-01-23,109.24,109.24,109.23,109.23,453591
2014-01-24,109.23,109.24,109.23,109.23,519976
2014-01-27,109.23,109.24,109.23,109.23,619596
2014-01-28,109.23,109.24,109.23,109.24,372813
2014-01-29,109.23,109.24,109.23,109.24,375384
2014-01-30,109.23,109.24,109.23,109.24,572700
2014-01-31,109.23,109.24,109.23,109.23,660697
2014-02-03,109.24,109.26,109.23,109.26,6237623
2014-02-04,109.24,109.25,109.24,109.24,670887
2014-02-05,109.25,109.25,109.23,109.23,428446
2014-02-06,109.23,109.25,109.23,109.25,142505
2014-02-07,109.25,109.25,109.23,109.24,392337
2014-02-10,109.23,109.24,109.23,109.24,1315266
2014-02-11,109.23,109.24,109.23,109.24,295677
2014-02-12,109.24,109.24,109.23,109.23,342123
2014-02-13,109.24,109.24,109.23,109.24,625282
2014-02-14,109.24,109.24,109.23,109.23,157429
2014-02-18,109.24,109.24,109.23,109.23,1874981
2014-02-19,109.24,109.24,109.23,109.23,181281
2014-02-20,109.24,109.24,109.23,109.23,386856
2014-02-21,109.23,109.24,109.23,109.23,154604
2014-02-24,109.23,109.24,109.23,109.23,2027606
2014-02-25,109.24,109.25,109.24,109.24,384499
2014-02-26,109.23,109.25,109.23,109.24,196025
2014-02-27,109.24,109.25,109.24,109.24,245604
2014-02-28,109.25,109.25,109.24,109.25,301079
2014-03-03,109.25,109.25,109.23,109.23,4504979
2014-03-04,109.23,109.24,109.23,109.23,241712
2014-03-05,109.24,109.24,109.23,109.24,463438
2014-03-06,109.23,109.25,109.23,109.24,228826
2014-03-07,109.23,109.24,109.23,109.23,244967
2014-03-10,109.23,109.24,109.23,109.24,1567964
2014-03-11,109.23,109.24,109.23,109.23,462254
2014-03-12,109.24,109.24,109.23,109.23,400039
2014-03-13,109.24,109.24,109.23,109.23,166914
2014-03-14,109.24,109.24,109.23,109.24,78354
2014-03-17,109.24,109.25,109.23,109.25,860349
2014-03-18,109.25,109.25,109.24,109.24,145468
2014-03-19,109.24,109.25,109.24,109.25,110089
2014-03-20,109.24,109.25,109.24,109.25,94553
2014-03-21,109.24,109.25,109.24,109.25,60260
2014-03-24,109.25,109.25,109.24,109.25,2106120
2014-03-25,109.25,109.25,109.24,109.25,479639
2014-03-26,109.25,109.26,109.24,109.24,354629
2014-03-27,109.25,109.26,109.24,109.26,233300
2014-03-28,109.26,109.26,109.24,109.26,175244
2014-03-31,109.26,109.26,109.25,109.26,4394588
2014-04-01,109.26,109.26,109.25,109.25,531147
2014-04-02,109.25,109.26,109.25,109.26,1171964
2014-04-03,109.26,109.27,109.25,109.27,1001645
2014-04-04,109.26,109.27,109.25,109.27,417840
2014-04-07,109.27,109.27,109.25,109.25,2239137
2014-04-08,109.25,109.27,109.25,109.27,612181
2014-04-09,109.27,109.27,109.26,109.26,425899
2014-04-10,109.27,109.27,109.26,109.26,100313
2014-04-11,109.26,109.27,109.26,109.26,181259
2014-04-14,109.27,109.27,109.25,109.25,1823072
2014-04-15,109.27,109.27,109.25,109.26,275256
2014-04-16,109.25,109.27,109.25,109.26,212216
2014-04-17,109.27,109.27,109.25,109.25,256204
2014-04-21,109.25,109.27,109.24,109.25,89455
2014-04-22,109.25,109.26,109.25,109.25,104712
2014-04-23,109.26,109.26,109.25,109.25,158505
2014-04-24,109.26,109.26,109.25,109.25,171547
2014-04-25,109.25,109.26,109.25,109.25,76198
2014-04-28,109.27,109.27,109.25,109.25,2318111
2014-04-29,109.26,109.26,109.25,109.26,69796
2014-04-30,109.26,109.26,109.25,109.26,111237
2014-05-01,109.25,109.26,109.25,109.26,318744
2014-05-02,109.25,109.26,109.25,109.26,185186
2014-05-05,109.26,109.26,109.25,109.26,141929
2014-05-06,109.26,109.26,109.25,109.25,212573
2014-05-07,109.25,109.26,109.25,109.26,723029
2014-05-08,109.25,109.26,109.25,109.25,365409
2014-05-09,109.25,109.26,109.25,109.26,124633
2014-05-12,109.25,109.26,109.25,109.25,230063
2014-05-13,109.25,109.26,109.25,109.26,94301
2014-05-14,109.26,109.26,109.25,109.26,291446
2014-05-15,109.25,109.26,109.25,109.25,165277
2014-05-16,109.26,109.26,109.25,109.26,122906
2014-05-19,109.25,109.26,109.25,109.26,1127683
2014-05-20,109.25,109.26,109.25,109.25,213168
2014-05-21,109.26,109.26,109.25,109.26,160040
2014-05-22,109.26,109.26,109.25,109.25,59999
2014-05-23,109.26,109.27,109.25,109.27,64146
2014-05-27,109.26,109.26,109.25,109.26,219899
2014-05-28,109.26,109.26,109.25,109.26,71438
2014-05-29,109.26,109.26,109.25,109.25,983116
2014-05-30,109.26,109.26,109.25,109.26,229518
2014-06-02,109.26,109.26,109.25,109.26,562632
2014-06-03,109.26,109.26,109.25,109.25,186816
2014-06-04,109.26,109.26,109.25,109.25,256941
2014-06-05,109.25,109.26,109.25,109.25,136246
2014-06-06,109.25,109.26,109.25,109.26,196849
2014-06-09,109.25,109.26,109.25,109.26,94746
2014-06-10,109.25,109.26,109.25,109.25,284187
2014-06-11,109.25,109.26,109.25,109.25,78822
2014-06-12,109.26,109.26,109.25,109.25,157386
2014-06-13,109.26,109.26,109.24,109.26,206525
2014-06-16,109.26,109.26,109.25,109.26,847668
2014-06-17,109.26,109.26,109.23,109.24,708626
2014-06-18,109.25,109.25,109.24,109.24,194901
2014-06-19,109.24,109.25,109.24,109.25,75751
2014-06-20,109.24,109.25,109.24,109.24,81093
2014-06-23,109.24,109.25,109.24,109.25,67644
2014-06-24,109.25,109.25,109.24,109.25,139893
2014-06-25,109.25,109.26,109.24,109.25,421387
2014-06-26,109.25,109.26,109.24,109.26,157943
2014-06-27,109.25,109.26,109.24,109.26,139099
2014-06-30,109.25,109.26,109.25,109.26,1029281
2014-07-01,109.26,109.26,109.25,109.26,109252
2014-07-02,109.26,109.26,109.25,109.25,132406
2014-07-03,109.25,109.26,109.25,109.26,108536
2014-07-07,109.26,109.26,109.25,109.26,61737
2014-07-08,109.25,109.26,109.25,109.26,204081
2014-07-09,109.25,109.26,109.25,109.26,109815
2014-07-10,109.25,109.26,109.25,109.25,84338
2014-07-11,109.26,109.26,109.25,109.25,72561
2014-07-14,109.26,109.26,109.25,109.26,69022
2014-07-15,109.25,109.26,109.25,109.26,57776
2014-07-16,109.25,109.26,109.25,109.26,113672
2014-07-17,109.26,109.26,109.25,109.26,147823
2014-07-18,109.25,109.26,109.25,109.26,143025
2014-07-21,109.26,109.26,109.25,109.26,108528
2014-07-22,109.25,109.26,109.25,109.25,111158
2014-07-23,109.25,109.26,109.25,109.26,44548
2014-07-24,109.26,109.26,109.25,109.26,60750
2014-07-25,109.25,109.26,109.25,109.25,57559
2014-07-28,109.26,109.26,109.25,109.25,89687
2014-07-29,109.25,109.26,109.25,109.26,71932
2014-07-30,109.26,109.26,109.25,109.25,115474
2014-07-31,109.26,109.26,109.25,109.25,349414
2014-08-01,109.26,109.26,109.25,109.26,257803
2014-08-04,109.25,109.26,109.25,109.26,1146184
2014-08-05,109.27,109.27,109.25,109.25,295791
2014-08-06,109.25,109.26,109.25,109.26,94020
2014-08-07,109.25,109.27,109.25,109.26,205350
2014-08-08,109.27,109.27,109.26,109.27,85151
2014-08-11,109.26,109.26,109.25,109.26,1550887
2014-08-12,109.26,109.26,109.25,109.25,106499
2014-08-13,109.26,109.26,109.25,109.25,173817
2014-08-14,109.26,109.26,109.25,109.25,221491
2014-08-15,109.26,109.26,109.25,109.26,190078
2014-08-18,109.25,109.28,109.25,109.26,3363055
2014-08-19,109.26,109.27,109.26,109.26,245247
2014-08-20,109.26,109.27,109.26,109.26,98069
2014-08-21,109.26,109.27,109.26,109.27,125096
2014-08-22,109.26,109.27,109.26,109.27,187824
2014-08-25,109.26,109.27,109.25,109.26,3460516
2014-08-26,109.25,109.26,109.25,109.25,384247
2014-08-27,109.25,109.26,109.25,109.25,150399
2014-08-28,109.26,109.26,109.25,109.25,149044
2014-08-29,109.25,109.26,109.25,109.26,125467
2014-09-02,109.25,109.26,109.25,109.26,1931588
2014-09-03,109.26,109.27,109.25,109.26,172997
2014-09-04,109.25,109.26,109.25,109.25,223423
2014-09-05,109.26,109.26,109.25,109.25,208217
2014-09-08,109.25,109.26,109.25,109.25,98211
2014-09-09,109.25,109.26,109.25,109.25,150621
2014-09-10,109.26,109.26,109.25,109.25,149165
2014-09-11,109.26,109.26,109.25,109.25,160226
2014-09-12,109.26,109.26,109.25,109.25,139191
2014-09-15,109.26,109.26,109.25,109.26,958689
2014-09-16,109.26,109.26,109.25,109.26,149544
2014-09-17,109.26,109.26,109.25,109.26,120893
2014-09-18,109.26,109.26,109.25,109.26,374369
2014-09-19,109.26,109.27,109.25,109.27,125043
2014-09-22,109.27,109.27,109.26,109.27,158663
2014-09-23,109.26,109.27,109.26,109.27,537224
2014-09-24,109.27,109.27,109.26,109.27,102182
2014-09-25,109.26,109.28,109.26,109.28,489372
2014-09-26,109.28,109.28,109.27,109.28,306347
2014-09-29,109.27,109.28,109.27,109.28,3580377
2014-09-30,109.28,109.28,109.24,109.24,1129524
2014-10-01,109.27,109.27,109.26,109.26,215253
2014-10-02,109.26,109.27,109.26,109.26,278003
2014-10-03,109.26,109.27,109.24,109.24,2237601
2014-10-06,109.26,109.26,109.25,109.25,168202
2014-10-07,109.26,109.27,109.26,109.26,211362
2014-10-08,109.26,109.27,109.26,109.26,140422
2014-10-09,109.26,109.27,109.26,109.27,233727
2014-10-10,109.26,109.27,109.26,109.26,651444
2014-10-13,109.27,109.27,109.26,109.27,319313
2014-10-14,109.26,109.27,109.26,109.27,798652
2014-10-15,109.26,109.27,109.25,109.25,1211107
2014-10-16,109.25,109.26,109.25,109.25,435099
2014-10-17,109.25,109.26,109.25,109.25,385850
2014-10-20,109.26,109.27,109.25,109.27,13580748
2014-10-21,109.27,109.27,109.26,109.27,769495
2014-10-22,109.27,109.27,109.26,109.27,454311
2014-10-23,109.27,109.27,109.26,109.27,324247
2014-10-24,109.26,109.27,109.26,109.27,164443
2014-10-27,109.27,109.27,109.26,109.27,9550810
2014-10-28,109.27,109.27,109.26,109.27,888434
2014-10-29,109.26,109.27,109.26,109.26,535212
2014-10-30,109.25,109.26,109.25,109.25,184745
2014-10-31,109.25,109.26,109.25,109.26,397880
2014-11-03,109.25,109.26,109.25,109.25,17756665
2014-11-04,109.25,109.26,109.25,109.26,282263
2014-11-05,109.25,109.26,109.25,109.26,324673
2014-11-06,109.25,109.26,109.25,109.25,219157
2014-11-07,109.26,109.26,109.25,109.25,179785
2014-11-10,109.26,109.26,109.25,109.26,802122
2014-11-11,109.25,109.26,109.25,109.26,193693
2014-11-12,109.25,109.26,109.25,109.26,167994
2014-11-13,109.26,109.26,109.25,109.26,196978
2014-11-14,109.26,109.26,109.25,109.26,278551
2014-11-17,109.25,109.26,109.25,109.26,277726
2014-11-18,109.26,109.26,109.25,109.26,315064
2014-11-19,109.26,109.26,109.25,109.26,459944
2014-11-20,109.25,109.26,109.25,109.26,204552
2014-11-21,109.25,109.26,109.25,109.26,457333
2014-11-24,109.26,109.26,109.24,109.24,4780438
2014-11-25,109.24,109.25,109.24,109.24,420351
2014-11-26,109.24,109.26,109.24,109.26,426392
2014-11-28,109.24,109.25,109.24,109.25,341689
2014-12-01,109.24,109.26,109.23,109.26,3387130
2014-12-02,109.25,109.26,109.25,109.25,587126
2014-12-03,109.25,109.26,109.25,109.25,518422
2014-12-04,109.25,109.26,109.25,109.25,167210
2014-12-05,109.25,109.25,109.23,109.25,676680
2014-12-08,109.23,109.24,109.23,109.23,6528019
2014-12-09,109.24,109.24,109.23,109.23,439817
2014-12-10,109.23,109.24,109.23,109.23,395006
2014-12-11,109.24,109.24,109.23,109.23,259041
2014-12-12,109.23,109.24,109.23,109.24,416689
2014-12-15,109.23,109.25,109.23,109.25,3616937
2014-12-16,109.25,109.25,109.23,109.25,1433736
2014-12-17,109.25,109.25,109.23,109.25,554435
2014-12-18,109.23,109.25,109.23,109.23,1655914
2014-12-19,109.24,109.24,109.23,109.24,1922406
2014-12-22,109.23,109.23,109.21,109.21,4632169
2014-12-23,109.22,109.23,109.21,109.22,758457
2014-12-24,109.23,109.23,109.22,109.23,946167
2014-12-26,109.23,109.24,109.22,109.23,766014
2014-12-29,109.24,109.24,109.2,109.21,39676663
2014-12-30,109.22,109.23,109.21,109.22,1352912
2014-12-31,109.23,109.24,109.22,109.24,385067
2015-01-02,109.22,109.23,109.22,109.22,322805
2015-01-05,109.22,109.23,109.22,109.22,267923
2015-01-06,109.23,109.24,109.22,109.23,731519
2015-01-07,109.24,109.25,109.23,109.23,391910
2015-01-08,109.24,109.24,109.23,109.23,206795
2015-01-09,109.24,109.25,109.23,109.24,313683
2015-01-12,109.23,109.26,109.23,109.26,2709080
2015-01-13,109.25,109.26,109.25,109.25,419097
2015-01-14,109.26,109.26,109.25,109.25,368897
2015-01-15,109.25,109.27,109.25,109.26,2203855
2015-01-16,109.26,109.27,109.25,109.26,3016003
2015-01-20,109.26,109.27,109.25,109.26,5993488
2015-01-21,109.26,109.26,109.25,109.25,2287563
2015-01-22,109.26,109.26,109.25,109.26,281129
2015-01-23,109.26,109.26,109.25,109.26,300260
2015-01-26,109.24,109.26,109.24,109.25,2111750
2015-01-27,109.25,109.25,109.24,109.25,419799
2015-01-28,109.25,109.25,109.24,109.24,285551
2015-01-29,109.25,109.27,109.24,109.27,382708
2015-01-30,109.26,109.27,109.25,109.25,1746185
2015-02-02,109.26,109.28,109.26,109.27,21686011
2015-02-03,109.26,109.28,109.26,109.28,2556148
2015-02-04,109.28,109.28,109.26,109.26,545740
2015-02-05,109.28,109.28,109.26,109.26,278040
2015-02-06,109.26,109.27,109.25,109.26,345126
2015-02-09,109.26,109.27,109.25,109.26,3533548
2015-02-10,109.26,109.26,109.25,109.25,1229926
2015-02-11,109.25,109.26,109.25,109.26,745637
2015-02-12,109.26,109.26,109.25,109.25,687889
2015-02-13,109.26,109.26,109.25,109.26,601356
2015-02-17,109.25,109.27,109.25,109.27,4922647
2015-02-18,109.26,109.28,109.26,109.28,432195
2015-02-19,109.28,109.28,109.27,109.28,503254
2015-02-20,109.28,109.28,109.26,109.27,479230
2015-02-23,109.28,109.28,109.26,109.26,577638
2015-02-24,109.26,109.27,109.26,109.26,443401
2015-02-25,109.26,109.27,109.26,109.26,431259
2015-02-26,109.26,109.27,109.26,109.26,385785
2015-02-27,109.27,109.27,109.26,109.27,461256
2015-03-02,109.26,109.27,109.25,109.26,5906322
2015-03-03,109.25,109.26,109.25,109.25,658693
2015-03-04,109.25,109.27,109.25,109.27,668178
2015-03-05,109.27,109.27,109.25,109.25,335653
2015-03-06,109.25,109.26,109.25,109.26,361286
2015-03-09,109.26,109.26,109.25,109.25,958420
2015-03-10,109.25,109.26,109.25,109.26,1824395
2015-03-11,109.26,109.26,109.25,109.25,936618
2015-03-12,109.25,109.26,109.25,109.25,565444
2015-03-13,109.25,109.26,109.25,109.26,434554
2015-03-16,109.25,109.26,109.25,109.26,3684917
2015-03-17,109.25,109.26,109.25,109.25,395196
2015-03-18,109.25,109.26,109.24,109.24,463919
2015-03-19,109.25,109.26,109.25,109.25,389546
2015-03-20,109.25,109.26,109.25,109.25,413360
2015-03-23,109.25,109.26,109.25,109.26,714906
2015-03-24,109.25,109.26,109.25,109.25,426178
2015-03-25,109.26,109.26,109.25,109.25,617717
2015-03-26,109.26,109.26,109.25,109.25,584315
2015-03-27,109.25,109.26,109.25,109.25,375315
2015-03-30,109.25,109.26,109.25,109.25,4850820
2015-03-31,109.25,109.26,109.25,109.26,481825
2015-04-01,109.27,109.27,109.26,109.26,588956
2015-04-02,109.27,109.27,109.25,109.25,861841
2015-04-06,109.26,109.28,109.26,109.26,2110091
2015-04-07,109.27,109.27,109.26,109.26,431634
2015-04-08,109.26,109.27,109.26,109.27,711672
2015-04-09,109.26,109.27,109.26,109.27,570344
2015-04-10,109.27,109.27,109.26,109.27,610555
2015-04-13,109.26,109.27,109.26,109.26,957405
2015-04-14,109.26,109.27,109.26,109.27,370063
2015-04-15,109.27,109.27,109.26,109.27,464576
2015-04-16,109.27,109.27,109.26,109.27,439524
2015-04-17,109.26,109.27,109.26,109.27,571902
2015-04-20,109.26,109.27,109.26,109.26,576387
2015-04-21,109.26,109.27,109.26,109.26,370778
2015-04-22,109.26,109.27,109.26,109.26,324452
2015-04-23,109.26,109.27,109.26,109.27,349881
2015-04-24,109.27,109.27,109.26,109.26,437490
2015-04-27,109.26,109.27,109.26,109.26,1022904
2015-04-28,109.26,109.27,109.26,109.27,553432
2015-04-29,109.26,109.27,109.26,109.26,315974
2015-04-30,109.26,109.28,109.26,109.27,604701
2015-05-01,109.27,109.28,109.26,109.26,461801
2015-05-04,109.28,109.28,109.27,109.27,591276
2015-05-05,109.27,109.28,109.27,109.28,600663
2015-05-06,109.27,109.28,109.27,109.27,286107
2015-05-07,109.27,109.28,109.27,109.28,360772
2015-05-08,109.27,109.29,109.27,109.28,987986
2015-05-11,109.27,109.28,109.27,109.27,472501
2015-05-12,109.27,109.28,109.27,109.28,232595
2015-05-13,109.27,109.28,109.27,109.27,406247
2015-05-14,109.27,109.28,109.27,109.27,457762
2015-05-15,109.27,109.28,109.27,109.27,407003
2015-05-18,109.27,109.28,109.27,109.27,322072
2015-05-19,109.27,109.28,109.27,109.27,516299
2015-05-20,109.27,109.28,109.27,109.27,13237109
2015-05-21,109.27,109.28,109.27,109.27,246341
2015-05-22,109.27,109.28,109.27,109.27,180945
2015-05-26,109.27,109.28,109.26,109.27,2688352
2015-05-27,109.27,109.28,109.27,109.27,273589
2015-05-28,109.27,109.28,109.27,109.28,291062
2015-05-29,109.27,109.28,109.27,109.27,227469
2015-06-01,109.27,109.28,109.27,109.27,1389061
2015-06-02,109.27,109.28,109.27,109.27,274230
2015-06-03,109.27,109.28,109.27,109.28,681600
2015-06-04,109.27,109.28,109.27,109.27,308508
2015-06-05,109.27,109.28,109.26,109.26,187000
2015-06-08,109.26,109.27,109.26,109.26,342917
2015-06-09,109.26,109.27,109.26,109.26,154274
2015-06-10,109.27,109.27,109.26,109.27,259006
2015-06-11,109.27,109.28,109.26,109.28,150948
2015-06-12,109.26,109.28,109.26,109.27,447470
2015-06-15,109.26,109.27,109.26,109.26,324150
2015-06-16,109.26,109.28,109.26,109.26,160460
2015-06-17,109.28,109.28,109.26,109.28,192150
2015-06-18,109.28,109.28,109.26,109.26,296601
2015-06-19,109.26,109.28,109.26,109.27,184984
2015-06-22,109.27,109.28,109.27,109.27,350488
2015-06-23,109.27,109.28,109.27,109.27,265090
2015-06-24,109.27,109.28,109.27,109.27,275507
2015-06-25,109.28,109.28,109.27,109.28,127258
2015-06-26,109.27,109.28,109.26,109.26,250680
2015-06-29,109.28,109.28,109.27,109.27,2458360
2015-06-30,109.27,109.28,109.27,109.28,623975
2015-07-01,109.27,109.28,109.27,109.27,457260
2015-07-02,109.28,109.29,109.27,109.28,918354
2015-07-06,109.28,109.29,109.28,109.28,560600
2015-07-07,109.28,109.29,109.28,109.28,954887
2015-07-08,109.29,109.3,109.28,109.3,628718
2015-07-09,109.29,109.3,109.28,109.28,340294
2015-07-10,109.28,109.29,109.28,109.28,725497
2015-07-13,109.28,109.29,109.28,109.29,2856073
2015-07-14,109.29,109.29,109.28,109.29,390819
2015-07-15,109.28,109.29,109.28,109.29,1126607
2015-07-16,109.28,109.29,109.28,109.29,793617
2015-07-17,109.28,109.29,109.28,109.29,417395
2015-07-20,109.28,109.29,109.27,109.27,1513365
2015-07-21,109.27,109.28,109.27,109.27,522453
2015-07-22,109.27,109.28,109.27,109.27,304368
2015-07-23,109.27,109.28,109.27,109.27,331214
2015-07-24,109.27,109.28,109.27,109.28,321929
2015-07-27,109.27,109.29,109.26,109.27,1684724
2015-07-28,109.28,109.28,109.27,109.27,356341
2015-07-29,109.26,109.28,109.26,109.27,425872
2015-07-30,109.27,109.28,109.27,109.27,432128
2015-07-31,109.27,109.28,109.26,109.26,426580
2015-08-03,109.27,109.28,109.27,109.27,1096508
2015-08-04,109.28,109.28,109.26,109.26,420522
2015-08-05,109.26,109.28,109.26,109.27,417802
2015-08-06,109.26,109.27,109.26,109.27,659869
2015-08-07,109.27,109.27,109.26,109.27,241799
2015-08-10,109.26,109.27,109.25,109.25,963162
2015-08-11,109.25,109.26,109.25,109.26,857251
2015-08-12,109.26,109.26,109.25,109.25,653244
2015-08-13,109.26,109.26,109.25,109.25,142899
2015-08-14,109.26,109.26,109.25,109.25,188618
2015-08-17,109.25,109.26,109.25,109.25,183466
2015-08-18,109.25,109.26,109.25,109.25,181653
2015-08-19,109.26,109.26,109.25,109.25,437680
2015-08-20,109.25,109.27,109.25,109.27,481882
2015-08-21,109.26,109.27,109.26,109.26,2166406
2015-08-24,109.28,109.3,109.26,109.28,1720738
2015-08-25,109.28,109.29,109.26,109.27,9629888
2015-08-26,109.27,109.28,109.26,109.27,1137646
2015-08-27,109.28,109.28,109.26,109.27,732361
2015-08-28,109.28,109.28,109.25,109.26,1000901
2015-08-31,109.27,109.27,109.26,109.27,2446352
2015-09-01,109.27,109.28,109.26,109.27,1544932
2015-09-02,109.27,109.28,109.27,109.27,2154270
2015-09-03,109.28,109.28,109.27,109.28,846792
2015-09-04,109.28,109.28,109.27,109.28,421329
2015-09-08,109.27,109.28,109.26,109.27,1950716
2015-09-09,109.26,109.27,109.25,109.27,1657959
2015-09-10,109.27,109.27,109.25,109.25,530944
2015-09-11,109.25,109.27,109.25,109.25,471076
2015-09-14,109.25,109.26,109.25,109.26,921469
2015-09-15,109.25,109.26,109.23,109.23,708333
2015-09-16,109.23,109.25,109.23,109.25,503170
2015-09-17,109.24,109.32,109.21,109.24,796251
2015-09-18,109.27,109.29,109.26,109.29,963957
2015-09-21,109.28,109.29,109.28,109.28,689867
2015-09-22,109.29,109.3,109.28,109.29,854360
2015-09-23,109.29,109.3,109.29,109.29,502593
2015-09-24,109.3,109.31,109.29,109.29,598147
2015-09-25,109.31,109.31,109.29,109.31,290037
2015-09-28,109.31,109.31,109.3,109.3,824795
2015-09-29,109.31,109.31,109.3,109.3,1880076
2015-09-30,109.3,109.31,109.3,109.3,568466
2015-10-01,109.31,109.32,109.31,109.31,632295
2015-10-02,109.33,109.34,109.31,109.32,406360
2015-10-05,109.32,109.33,109.31,109.31,2794989
2015-10-06,109.31,109.33,109.31,109.32,1663880
2015-10-07,109.32,109.33,109.32,109.32,562850
2015-10-08,109.33,109.33,109.31,109.31,1294657
2015-10-09,109.31,109.32,109.31,109.32,533202
2015-10-12,109.32,109.32,109.31,109.31,287331
2015-10-13,109.32,109.32,109.3,109.31,1200307
2015-10-14,109.31,109.32,109.3,109.32,420084
2015-10-15,109.31,109.32,109.31,109.31,755201
2015-10-16,109.31,109.32,109.31,109.31,1194253
2015-10-19,109.3,109.32,109.3,109.3,326727
2015-10-20,109.3,109.31,109.3,109.31,4414044
2015-10-21,109.3,109.31,109.3,109.3,492030
2015-10-22,109.31,109.31,109.29,109.31,300100
2015-10-23,109.29,109.3,109.29,109.29,1148643
2015-10-26,109.28,109.3,109.28,109.28,950659
2015-10-27,109.3,109.3,109.29,109.29,247327
2015-10-28,109.28,109.3,109.28,109.28,717458
2015-10-29,109.28,109.29,109.27,109.27,235422
2015-10-30,109.27,109.28,109.27,109.27,654795
2015-11-02,109.27,109.29,109.25,109.25,568994
2015-11-03,109.26,109.26,109.25,109.26,1153949
2015-11-04,109.25,109.27,109.25,109.25,959026
2015-11-05,109.25,109.26,109.25,109.26,641535
2015-11-06,109.24,109.25,109.23,109.23,464354
2015-11-09,109.24,109.25,109.24,109.25,2218091
2015-11-10,109.25,109.25,109.23,109.23,596736
2015-11-11,109.23,109.25,109.23,109.23,347912
2015-11-12,109.23,109.25,109.23,109.24,241762
2015-11-13,109.23,109.25,109.23,109.23,325614
2015-11-16,109.24,109.25,109.24,109.25,268301
2015-11-17,109.24,109.25,109.24,109.24,213911
2015-11-18,109.24,109.25,109.24,109.24,224507
2015-11-19,109.24,109.25,109.23,109.25,405221
2015-11-20,109.25,109.25,109.24,109.24,478986
2015-11-23,109.25,109.25,109.23,109.24,810749
2015-11-24,109.25,109.25,109.23,109.25,310779
2015-11-25,109.25,109.26,109.24,109.26,1621297
2015-11-27,109.27,109.27,109.24,109.26,331969
2015-11-30,109.26,109.26,109.24,109.26,573728
2015-12-01,109.25,109.25,109.24,109.24,378282
2015-12-02,109.24,109.25,109.23,109.24,380576
2015-12-03,109.24,109.25,109.23,109.24,677273
2015-12-04,109.24,109.25,109.23,109.24,691989
2015-12-07,109.22,109.23,109.2,109.21,546891
2015-12-08,109.21,109.21,109.18,109.18,371728
2015-12-09,109.19,109.2,109.17,109.18,350333
2015-12-10,109.19,109.21,109.19,109.19,374349
2015-12-11,109.21,109.21,109.19,109.2,518739
2015-12-14,109.21,109.21,109.18,109.19,2592316
2015-12-15,109.2,109.2,109.18,109.18,446088
2015-12-16,109.18,109.2,109.17,109.18,818621
2015-12-17,109.19,109.2,109.18,109.2,431662
2015-12-18,109.2,109.21,109.19,109.21,1449360
2015-12-21,109.22,109.22,109.2,109.21,274253
2015-12-22,109.23,109.23,109.22,109.22,410629
2015-12-23,109.23,109.24,109.22,109.22,401894
2015-12-24,109.24,109.25,109.23,109.24,404559
2015-12-28,109.24,109.25,109.23,109.23,229167
2015-12-29,109.25,109.25,109.23,109.25,228202
2015-12-30,109.25,109.25,109.23,109.25,293332
2015-12-31,109.26,109.26,109.24,109.24,162410
2016-01-04,109.25,109.25,109.23,109.24,540390
2016-01-05,109.23,109.25,109.23,109.25,283803
2016-01-06,109.25,109.25,109.23,109.23,602760
2016-01-07,109.23,109.26,109.23,109.24,4947256
2016-01-08,109.24,109.27,109.24,109.25,848113
2016-01-11,109.26,109.26,109.24,109.24,659427
2016-01-12,109.25,109.26,109.25,109.25,347735
2016-01-13,109.25,109.27,109.25,109.25,509496
2016-01-14,109.26,109.28,109.25,109.27,1363864
2016-01-15,109.27,109.29,109.27,109.28,455303
2016-01-19,109.31,109.32,109.28,109.32,9725804
2016-01-20,109.32,109.34,109.3,109.33,12415665
2016-01-21,109.33,109.34,109.31,109.33,792889
2016-01-22,109.33,109.33,109.3,109.31,656172
2016-01-25,109.31,109.32,109.3,109.31,2036283
2016-01-26,109.31,109.32,109.3,109.31,718443
2016-01-27,109.31,109.31,109.3,109.31,646279
2016-01-28,109.31,109.32,109.3,109.31,615193
2016-01-29,109.3,109.32,109.3,109.32,744385
2016-02-01,109.31,109.32,109.3,109.3,603695
2016-02-02,109.31,109.33,109.3,109.33,558525
2016-02-03,109.33,109.34,109.31,109.34,735173
2016-02-04,109.34,109.34,109.31,109.34,508686
2016-02-05,109.34,109.34,109.31,109.32,428328
2016-02-08,109.31,109.35,109.31,109.32,956246
2016-02-09,109.34,109.35,109.32,109.34,954911
2016-02-10,109.34,109.34,109.32,109.33,316940
2016-02-11,109.34,109.38,109.34,109.34,804559
2016-02-12,109.34,109.37,109.33,109.35,504504
2016-02-16,109.36,109.37,109.33,109.35,709918
2016-02-17,109.38,109.38,109.35,109.35,969696
2016-02-18,109.34,109.36,109.34,109.36,540963
2016-02-19,109.35,109.36,109.35,109.35,824738
2016-02-22,109.35,109.36,109.33,109.33,989785
2016-02-23,109.33,109.35,109.33,109.35,483183
2016-02-24,109.33,109.36,109.33,109.34,426876
2016-02-25,109.35,109.35,109.33,109.34,642099
2016-02-26,109.35,109.35,109.34,109.34,483363
2016-02-29,109.33,109.36,109.33,109.36,374112
2016-03-01,109.36,109.36,109.3,109.31,13090381
2016-03-02,109.34,109.34,109.3,109.33,1511793
2016-03-03,109.34,109.34,109.33,109.34,582818
2016-03-04,109.35,109.35,109.33,109.33,1008624
2016-03-07,109.33,109.35,109.33,109.33,1068864
2016-03-08,109.33,109.35,109.33,109.34,576063
2016-03-09,109.34,109.35,109.34,109.35,291031
2016-03-10,109.35,109.35,109.33,109.35,813187
2016-03-11,109.35,109.36,109.33,109.34,739711
2016-03-14,109.34,109.36,109.34,109.34,386399
2016-03-15,109.35,109.36,109.34,109.35,3925758
2016-03-16,109.35,109.36,109.32,109.36,927376
2016-03-17,109.35,109.37,109.34,109.37,1300161
2016-03-18,109.35,109.38,109.35,109.36,921138
2016-03-21,109.36,109.38,109.36,109.37,127709
2016-03-22,109.36,109.38,109.36,109.36,213054
2016-03-23,109.36,109.38,109.36,109.36,4173758
2016-03-24,109.36,109.39,109.36,109.38,291751
2016-03-28,109.36,109.39,109.36,109.37,220781
2016-03-29,109.37,109.42,109.37,109.41,293422
2016-03-30,109.42,109.42,109.38,109.42,815419
2016-03-31,109.43,109.43,109.39,109.4,1601907
2016-04-01,109.42,109.42,109.39,109.39,450127
2016-04-04,109.39,109.42,109.39,109.41,422609
2016-04-05,109.42,109.44,109.41,109.43,639741
2016-04-06,109.44,109.44,109.41,109.43,384872
2016-04-07,109.42,109.43,109.41,109.43,209544
2016-04-08,109.43,109.44,109.42,109.44,546987
2016-04-11,109.44,109.44,109.42,109.42,246631
2016-04-12,109.42,109.44,109.42,109.44,425475
2016-04-13,109.43,109.44,109.43,109.44,315786
2016-04-14,109.43,109.44,109.42,109.43,498374
2016-04-15,109.44,109.44,109.43,109.43,394056
2016-04-18,109.43,109.45,109.43,109.45,331937
2016-04-19,109.44,109.46,109.44,109.45,674814
2016-04-20,109.45,109.46,109.45,109.45,497897
2016-04-21,109.46,109.47,109.45,109.45,256916
2016-04-22,109.46,109.47,109.44,109.46,248239
2016-04-25,109.45,109.47,109.44,109.44,423181
2016-04-26,109.43,109.46,109.43,109.44,839615
2016-04-27,109.47,109.48,109.45,109.48,340345
2016-04-28,109.48,109.48,109.46,109.47,344332
2016-04-29,109.46,109.48,109.46,109.46,541667
2016-05-02,109.47,109.48,109.44,109.45,798862
2016-05-03,109.48,109.48,109.45,109.46,506774
2016-05-04,109.46,109.47,109.45,109.46,544366
2016-05-05,109.46,109.49,109.45,109.48,1374815
2016-05-06,109.49,109.49,109.46,109.49,530487
2016-05-09,109.46,109.49,109.46,109.48,609674
2016-05-10,109.48,109.48,109.46,109.48,342427
2016-05-11,109.48,109.48,109.46,109.48,445431
2016-05-12,109.46,109.48,109.46,109.46,896314
2016-05-13,109.45,109.47,109.45,109.46,494815
2016-05-16,109.46,109.47,109.46,109.47,443780
2016-05-17,109.47,109.48,109.46,109.46,801576
2016-05-18,109.46,109.47,109.45,109.46,491333
2016-05-19,109.44,109.47,109.44,109.47,795090
2016-05-20,109.47,109.47,109.45,109.45,271675
2016-05-23,109.46,109.46,109.44,109.46,483576
2016-05-24,109.44,109.45,109.43,109.45,510256
2016-05-25,109.44,109.47,109.44,109.46,415267
2016-05-26,109.45,109.47,109.44,109.46,378955
2016-05-27,109.47,109.47,109.43,109.44,698745
2016-05-31,109.42,109.45,109.42,109.45,3700035
2016-06-01,109.42,109.46,109.42,109.45,3928494
2016-06-02,109.46,109.46,109.44,109.46,833159
2016-06-03,109.49,109.5,109.46,109.48,472731
2016-06-06,109.45,109.48,109.45,109.48,475011
2016-06-07,109.46,109.49,109.46,109.49,526531
2016-06-08,109.49,109.49,109.47,109.49,333028
2016-06-09,109.47,109.49,109.47,109.49,604407
2016-06-10,109.49,109.5,109.47,109.5,399448
2016-06-13,109.49,109.51,109.49,109.5,574420
2016-06-14,109.5,109.51,109.49,109.49,945994
2016-06-15,109.51,109.51,109.49,109.49,860208
2016-06-16,109.51,109.52,109.5,109.52,299108
2016-06-17,109.53,109.53,109.5,109.53,350620
2016-06-20,109.5,109.53,109.5,109.5,380864
2016-06-21,109.5,109.52,109.5,109.5,275745
2016-06-22,109.5,109.52,109.5,109.52,646818
2016-06-23,109.52,109.52,109.49,109.49,500811
2016-06-24,109.57,109.57,109.51,109.56,1100020
2016-06-27,109.5,109.57,109.5,109.55,631396
2016-06-28,109.54,109.55,109.52,109.53,3463507
2016-06-29,109.52,109.55,109.52,109.53,612681
2016-06-30,109.53,109.56,109.53,109.56,3658185
2016-07-01,109.53,109.58,109.53,109.57,1028241
2016-07-05,109.56,109.56,109.54,109.56,552709
2016-07-06,109.57,109.57,109.53,109.53,844260
2016-07-07,109.53,109.56,109.53,109.56,438863
2016-07-08,109.56,109.56,109.54,109.54,647378
2016-07-11,109.54,109.55,109.53,109.53,665530
2016-07-12,109.55,109.55,109.53,109.54,595451
2016-07-13,109.54,109.54,109.52,109.53,899280
2016-07-14,109.54,109.55,109.52,109.53,443946
2016-07-15,109.53,109.54,109.52,109.54,302463
2016-07-18,109.53,109.54,109.53,109.54,174124
2016-07-19,109.53,109.54,109.53,109.53,184722
2016-07-20,109.54,109.54,109.53,109.53,185489
2016-07-21,109.53,109.54,109.53,109.54,3229500
2016-07-22,109.55,109.55,109.53,109.53,1615151
2016-07-25,109.53,109.55,109.53,109.54,476568
2016-07-26,109.55,109.55,109.53,109.53,336834
2016-07-27,109.54,109.55,109.53,109.55,385836
2016-07-28,109.54,109.55,109.54,109.54,295818
2016-07-29,109.55,109.57,109.54,109.55,533349
2016-08-01,109.54,109.57,109.53,109.56,500906
2016-08-02,109.55,109.57,109.55,109.56,605866
2016-08-03,109.56,109.56,109.54,109.54,837921
2016-08-04,109.54,109.57,109.54,109.57,235091
2016-08-05,109.56,109.56,109.54,109.55,707674
2016-08-08,109.55,109.56,109.53,109.53,618939
2016-08-09,109.54,109.56,109.53,109.55,420900
2016-08-10,109.56,109.57,109.55,109.56,590481
2016-08-11,109.55,109.57,109.55,109.57,1370612
2016-08-12,109.57,109.58,109.55,109.56,1990185
2016-08-15,109.56,109.58,109.56,109.57,607256
2016-08-16,109.56,109.58,109.56,109.57,801135
2016-08-17,109.57,109.58,109.55,109.55,858117
2016-08-18,109.57,109.58,109.56,109.58,366135
2016-08-19,109.57,109.58,109.56,109.58,223298
2016-08-22,109.58,109.58,109.57,109.58,428828
2016-08-23,109.57,109.58,109.56,109.56,398621
2016-08-24,109.56,109.58,109.56,109.56,251029
2016-08-25,109.56,109.58,109.56,109.56,1039035
2016-08-26,109.56,109.58,109.56,109.56,602076
2016-08-29,109.58,109.58,109.55,109.57,946020
2016-08-30,109.55,109.57,109.55,109.56,600339
2016-08-31,109.56,109.58,109.55,109.56,393185
2016-09-01,109.58,109.58,109.54,109.54,1135208
2016-09-02,109.55,109.56,109.54,109.54,465370
2016-09-06,109.54,109.59,109.54,109.59,1273511
2016-09-07,109.59,109.59,109.57,109.57,325910
2016-09-08,109.58,109.58,109.56,109.56,328162
2016-09-09,109.56,109.57,109.55,109.57,381126
2016-09-12,109.55,109.56,109.53,109.54,1409987
2016-09-13,109.53,109.56,109.52,109.56,1092953
2016-09-14,109.55,109.57,109.54,109.54,607930
2016-09-15,109.56,109.57,109.55,109.55,301851
2016-09-16,109.56,109.58,109.56,109.58,249405
2016-09-19,109.58,109.6,109.56,109.57,3994691
2016-09-20,109.59,109.61,109.58,109.61,2676972
2016-09-21,109.6,109.61,109.57,109.61,903841
2016-09-22,109.59,109.63,109.59,109.61,720798
2016-09-23,109.63,109.64,109.61,109.64,452931
2016-09-26,109.64,109.66,109.62,109.66,414921
2016-09-27,109.65,109.65,109.61,109.61,858851
2016-09-28,109.62,109.65,109.61,109.65,476912
2016-09-29,109.58,109.64,109.58,109.64,929686
2016-09-30,109.64,109.64,109.6,109.63,538787
2016-10-03,109.59,109.62,109.58,109.58,493911
2016-10-04,109.58,109.6,109.57,109.58,886726
2016-10-05,109.57,109.61,109.57,109.61,911181
2016-10-06,109.62,109.62,109.58,109.58,517977
2016-10-07,109.58,109.62,109.58,109.62,659272
2016-10-10,109.59,109.62,109.59,109.59,530892
2016-10-11,109.58,109.62,109.58,109.62,572890
2016-10-12,109.64,109.64,109.6,109.6,279932
2016-10-13,109.65,109.65,109.6,109.63,423323
2016-10-14,109.6,109.64,109.6,109.63,319867
2016-10-17,109.61,109.63,109.61,109.63,314398
2016-10-18,109.62,109.63,109.62,109.62,588684
2016-10-19,109.63,109.64,109.62,109.64,450693
2016-10-20,109.62,109.65,109.61,109.61,877862
2016-10-21,109.62,109.64,109.62,109.63,310155
2016-10-24,109.64,109.64,109.62,109.64,658810
2016-10-25,109.64,109.64,109.62,109.64,523711
2016-10-26,109.62,109.64,109.62,109.64,336055
2016-10-27,109.64,109.64,109.62,109.62,274298
2016-10-28,109.61,109.64,109.61,109.64,703970
2016-10-31,109.65,109.67,109.63,109.67,564203
2016-11-01,109.65,109.67,109.64,109.67,951829
2016-11-02,109.64,109.67,109.64,109.65,266357
2016-11-03,109.65,109.67,109.64,109.67,682740
2016-11-04,109.67,109.68,109.65,109.68,625716
2016-11-07,109.67,109.67,109.64,109.64,841225
2016-11-08,109.63,109.66,109.62,109.66,688436
2016-11-09,109.66,109.66,109.62,109.66,1565323
2016-11-10,109.64,109.64,109.59,109.59,1337769
2016-11-11,109.61,109.64,109.6,109.6,826597
2016-11-14,109.63,109.63,109.58,109.6,3599264
2016-11-15,109.61,109.62,109.59,109.6,606482
2016-11-16,109.59,109.61,109.59,109.61,595863
2016-11-17,109.6,109.63,109.6,109.63,919097
2016-11-18,109.6,109.63,109.6,109.61,908355
2016-11-21,109.61,109.63,109.61,109.62,380843
2016-11-22,109.61,109.64,109.6,109.6,1200283
2016-11-23,109.63,109.64,109.6,109.6,838641
2016-11-25,109.6,109.64,109.6,109.64,367333
2016-11-28,109.61,109.65,109.61,109.64,847237
2016-11-29,109.66,109.66,109.62,109.63,588827
2016-11-30,109.64,109.65,109.6,109.6,1661941
2016-12-01,109.66,109.66,109.62,109.62,833223
2016-12-02,109.66,109.67,109.63,109.66,658986
2016-12-05,109.66,109.66,109.62,109.62,843571
2016-12-06,109.63,109.66,109.63,109.66,694601
2016-12-07,109.64,109.66,109.61,109.61,924404
2016-12-08,109.63,109.66,109.61,109.61,456817
2016-12-09,109.64,109.66,109.62,109.62,1225898
2016-12-12,109.62,109.65,109.62,109.62,451328
2016-12-13,109.62,109.64,109.62,109.62,629951
2016-12-14,109.63,109.65,109.61,109.61,647861
2016-12-15,109.64,109.64,109.61,109.64,494246
2016-12-16,109.65,109.67,109.63,109.67,485970
2016-12-19,109.73,109.73,109.64,109.69,498921
2016-12-20,109.68,109.69,109.65,109.69,482979
2016-12-21,109.68,109.7,109.65,109.7,444815
2016-12-22,109.71,109.71,109.67,109.69,761077
2016-12-23,109.69,109.7,109.67,109.69,751035
2016-12-27,109.69,109.69,109.66,109.69,821546
2016-12-28,109.68,109.68,109.67,109.68,405827
2016-12-29,109.68,109.71,109.67,109.7,510942
2016-12-30,109.7,109.71,109.67,109.69,366201
2017-01-03,109.68,109.72,109.67,109.72,705341
2017-01-04,109.69,109.71,109.68,109.71,764140
2017-01-05,109.7,109.74,109.69,109.7,805262
2017-01-06,109.69,109.73,109.68,109.73,506459
2017-01-09,109.72,109.75,109.71,109.75,648222
2017-01-10,109.71,109.75,109.71,109.74,643238
2017-01-11,109.74,109.75,109.73,109.74,1008952
2017-01-12,109.73,109.75,109.73,109.75,716623
2017-01-13,109.73,109.75,109.73,109.75,1008683
2017-01-17,109.74,109.76,109.73,109.74,965229
2017-01-18,109.74,109.75,109.73,109.75,655993
2017-01-19,109.74,109.77,109.74,109.76,620216
2017-01-20,109.77,109.77,109.74,109.76,1255726
2017-01-23,109.74,109.77,109.74,109.77,354642
2017-01-24,109.77,109.77,109.74,109.75,737178
2017-01-25,109.75,109.76,109.74,109.74,1524132
2017-01-26,109.75,109.77,109.75,109.77,1173863
2017-01-27,109.75,109.78,109.75,109.75,820013
2017-01-30,109.75,109.78,109.75,109.76,505218
2017-01-31,109.78,109.78,109.75,109.75,963741
2017-02-01,109.74,109.79,109.74,109.76,532044
2017-02-02,109.76,109.79,109.75,109.75,683166
2017-02-03,109.75,109.79,109.75,109.77,725338
2017-02-06,109.77,109.79,109.77,109.79,310798
2017-02-07,109.79,109.79,109.77,109.78,366049
2017-02-08,109.79,109.8,109.78,109.8,433782
2017-02-09,109.79,109.8,109.76,109.77,642549
2017-02-10,109.77,109.8,109.77,109.79,480902
2017-02-13,109.78,109.8,109.76,109.79,886184
2017-02-14,109.77,109.79,109.76,109.76,456203
2017-02-15,109.76,109.79,109.76,109.78,393795
2017-02-16,109.77,109.79,109.77,109.77,382231
2017-02-17,109.78,109.8,109.78,109.79,365684
2017-02-21,109.79,109.81,109.78,109.8,844920
2017-02-22,109.79,109.81,109.78,109.79,684916
2017-02-23,109.8,109.81,109.79,109.79,718042
2017-02-24,109.83,109.83,109.8,109.82,1253933
2017-02-27,109.83,109.83,109.8,109.81,433290
2017-02-28,109.81,109.82,109.79,109.8,511520
2017-03-01,109.77,109.78,109.75,109.75,728580
2017-03-02,109.75,109.76,109.73,109.74,339081
2017-03-03,109.75,109.77,109.74,109.76,2064961
2017-03-06,109.73,109.76,109.73,109.74,344702
2017-03-07,109.76,109.76,109.72,109.74,444774
2017-03-08,109.71,109.73,109.7,109.7,767880
2017-03-09,109.7,109.73,109.7,109.71,690207
2017-03-10,109.72,109.75,109.71,109.75,1431680
2017-03-13,109.74,109.74,109.71,109.72,1000333
2017-03-14,109.72,109.73,109.72,109.72,286620
2017-03-15,109.73,109.77,109.71,109.76,1066897
2017-03-16,109.75,109.76,109.72,109.75,559118
2017-03-17,109.77,109.77,109.74,109.75,1857188
2017-03-20,109.75,109.76,109.74,109.76,177502
2017-03-21,109.74,109.77,109.74,109.76,576202
2017-03-22,109.78,109.78,109.76,109.76,783743
2017-03-23,109.78,109.78,109.76,109.76,506779
2017-03-24,109.76,109.78,109.75,109.75,895292
2017-03-27,109.75,109.78,109.74,109.74,630494
2017-03-28,109.75,109.77,109.75,109.75,431225
2017-03-29,109.77,109.78,109.75,109.78,538817
2017-03-30,109.76,109.79,109.75,109.79,797888
2017-03-31,109.8,109.81,109.78,109.81,453836
2017-04-03,109.79,109.81,109.78,109.79,689715
2017-04-04,109.8,109.81,109.78,109.78,416437
2017-04-05,109.78,109.8,109.75,109.75,824046
2017-04-06,109.79,109.8,109.78,109.78,382114
2017-04-07,109.81,109.81,109.77,109.77,942663
2017-04-10,109.77,109.8,109.77,109.79,411483
2017-04-11,109.79,109.81,109.79,109.79,396521
2017-04-12,109.81,109.81,109.79,109.8,231872
2017-04-13,109.8,109.82,109.8,109.82,163139
2017-04-17,109.82,109.83,109.8,109.8,320573
2017-04-18,109.81,109.82,109.8,109.8,439475
2017-04-19,109.8,109.82,109.8,109.82,630385
2017-04-20,109.8,109.82,109.8,109.8,357275
2017-04-21,109.8,109.83,109.8,109.81,368249
2017-04-24,109.81,109.83,109.81,109.83,994064
2017-04-25,109.81,109.83,109.8,109.82,684289
2017-04-26,109.81,109.82,109.81,109.81,1335007
2017-04-27,109.81,109.84,109.81,109.82,605270
2017-04-28,109.84,109.84,109.81,109.81,287978
2017-05-01,109.86,109.86,109.82,109.82,197288
2017-05-02,109.82,109.84,109.81,109.81,351120
2017-05-03,109.83,109.85,109.79,109.79,532270
2017-05-04,109.81,109.83,109.8,109.8,475801
2017-05-05,109.81,109.85,109.81,109.81,687178
2017-05-08,109.83,109.83,109.81,109.81,436135
2017-05-09,109.81,109.82,109.8,109.81,382215
2017-05-10,109.81,109.83,109.8,109.8,531866
2017-05-11,109.81,109.84,109.81,109.83,525885
2017-05-12,109.83,109.85,109.83,109.83,225225
2017-05-15,109.85,109.86,109.83,109.84,509288
2017-05-16,109.85,109.86,109.84,109.84,282785
2017-05-17,109.87,109.88,109.85,109.87,847503
2017-05-18,109.86,109.89,109.84,109.86,2210454
2017-05-19,109.86,109.88,109.86,109.87,421234
2017-05-22,109.87,109.88,109.85,109.87,897902
2017-05-23,109.87,109.88,109.86,109.86,471256
2017-05-24,109.86,109.88,109.84,109.87,878563
2017-05-25,109.87,109.88,109.85,109.87,2038916
2017-05-26,109.87,109.88,109.86,109.87,710857
2017-05-30,109.88,109.89,109.85,109.86,688094
2017-05-31,109.88,109.89,109.86,109.87,1097938
2017-06-01,109.87,109.9,109.87,109.88,279337
2017-06-02,109.88,109.9,109.88,109.9,739521
2017-06-05,109.9,109.9,109.88,109.89,293299
2017-06-06,109.9,109.91,109.87,109.88,685442
2017-06-07,109.89,109.89,109.87,109.89,425728
2017-06-08,109.88,109.89,109.88,109.89,369416
2017-06-09,109.88,109.89,109.87,109.88,368754
2017-06-12,109.87,109.89,109.87,109.87,380656
2017-06-13,109.88,109.92,109.87,109.91,1509248
2017-06-14,109.9,109.96,109.9,109.91,1334933
2017-06-15,109.92,109.92,109.89,109.91,1186328
2017-06-16,109.91,109.93,109.91,109.92,1135426
2017-06-19,109.91,109.93,109.9,109.92,546799
2017-06-20,109.93,109.93,109.91,109.92,644945
2017-06-21,109.92,109.93,109.92,109.92,676366
2017-06-22,109.92,109.95,109.91,109.94,1199953
2017-06-23,109.95,109.96,109.94,109.95,324969
2017-06-26,109.94,109.96,109.93,109.93,1426003
2017-06-27,109.94,109.94,109.92,109.93,503717
2017-06-28,109.92,109.94,109.92,109.94,388994
2017-06-29,109.93,109.95,109.92,109.95,679578
2017-06-30,109.94,109.96,109.94,109.96,467470
2017-07-03,109.95,109.96,109.93,109.95,767286
2017-07-05,109.93,109.97,109.93,109.95,632367
2017-07-06,109.96,109.98,109.95,109.98,772151
2017-07-07,109.98,109.98,109.97,109.97,507044
2017-07-10,109.97,109.99,109.97,109.98,284303
2017-07-11,109.99,110.01,109.98,110.0,2437845
2017-07-12,110.0,110.01,109.98,110.01,2174075
2017-07-13,110.01,110.01,109.99,110.0,882981
2017-07-14,110.0,110.03,110.0,110.03,1048943
2017-07-17,110.02,110.03,110.01,110.03,765725
2017-07-18,110.02,110.04,110.01,110.02,1380592
2017-07-19,110.02,110.03,110.01,110.02,1224095
2017-07-20,110.04,110.04,110.02,110.03,677914
2017-07-21,110.04,110.04,110.01,110.02,539665
2017-07-24,110.02,110.04,110.01,110.03,478101
2017-07-25,110.03,110.03,109.98,109.98,1321260
2017-07-26,110.0,110.03,109.99,110.03,653457
2017-07-27,110.02,110.06,110.02,110.03,865673
2017-07-28,110.02,110.06,110.02,110.05,757823
2017-07-31,110.03,110.07,110.03,110.07,1192647
2017-08-01,110.06,110.08,110.05,110.06,453487
2017-08-02,110.06,110.07,110.05,110.07,346731
2017-08-03,110.06,110.08,110.06,110.08,550482
2017-08-04,110.07,110.09,110.07,110.08,269086
2017-08-07,110.09,110.09,110.07,110.09,271231
2017-08-08,110.1,110.1,110.07,110.1,888001
2017-08-09,110.09,110.1,110.05,110.06,1213393
2017-08-10,110.07,110.08,110.06,110.07,661366
2017-08-11,110.08,110.09,110.08,110.09,579629
2017-08-14,110.09,110.11,110.07,110.11,290506
2017-08-15,110.11,110.11,110.09,110.11,318828
2017-08-16,110.11,110.13,110.1,110.13,574603
2017-08-17,110.13,110.14,110.11,110.12,772990
2017-08-18,110.12,110.14,110.12,110.14,603106
2017-08-21,110.14,110.15,110.13,110.14,229592
2017-08-22,110.15,110.15,110.11,110.12,476050
2017-08-23,110.13,110.14,110.12,110.14,316138
2017-08-24,110.12,110.15,110.12,110.14,264420
2017-08-25,110.13,110.16,110.13,110.15,320015
2017-08-28,110.15,110.17,110.14,110.15,628505
2017-08-29,110.15,110.17,110.14,110.16,537253
2017-08-30,110.14,110.17,110.14,110.17,326333
2017-08-31,110.16,110.17,110.13,110.15,487507
2017-09-01,110.14,110.17,110.13,110.13,298686
2017-09-05,110.13,110.18,110.13,110.17,704931
2017-09-06,110.14,110.18,110.13,110.13,765353
2017-09-07,110.17,110.19,110.16,110.19,350328
2017-09-08,110.19,110.19,110.16,110.17,1261103
2017-09-11,110.17,110.19,110.16,110.19,446955
2017-09-12,110.18,110.19,110.16,110.17,394047
2017-09-13,110.18,110.18,110.16,110.16,276827
2017-09-14,110.15,110.17,110.14,110.17,1050657
2017-09-15,110.15,110.18,110.15,110.18,277064
2017-09-18,110.15,110.18,110.15,110.15,353312
2017-09-19,110.17,110.18,110.15,110.15,246021
2017-09-20,110.18,110.2,110.16,110.18,482253
2017-09-21,110.17,110.19,110.17,110.18,666667
2017-09-22,110.19,110.19,110.18,110.19,218398
2017-09-25,110.18,110.21,110.18,110.18,703031
2017-09-26,110.19,110.22,110.18,110.21,433575
2017-09-27,110.21,110.21,110.19,110.2,737054
2017-09-28,110.2,110.22,110.19,110.21,367897
2017-09-29,110.21,110.23,110.2,110.23,1618541
2017-10-02,110.23,110.24,110.21,110.23,568432
2017-10-03,110.23,110.24,110.21,110.23,620447
2017-10-04,110.22,110.24,110.21,110.22,671558
2017-10-05,110.23,110.24,110.21,110.21,478884
2017-10-06,110.22,110.23,110.2,110.21,1471921
2017-10-09,110.2,110.25,110.2,110.23,1180532
2017-10-10,110.23,110.24,110.2,110.21,765147
2017-10-11,110.21,110.24,110.21,110.24,889896
2017-10-12,110.25,110.26,110.21,110.25,3453251
2017-10-13,110.25,110.25,110.23,110.25,1355270
2017-10-16,110.25,110.26,110.24,110.25,949268
2017-10-17,110.25,110.26,110.24,110.25,814827
2017-10-18,110.24,110.27,110.24,110.27,1975484
2017-10-19,110.25,110.28,110.25,110.28,973075
2017-10-20,110.28,110.28,110.26,110.27,277381
2017-10-23,110.26,110.27,110.26,110.26,680625
2017-10-24,110.27,110.28,110.25,110.26,529000
2017-10-25,110.27,110.27,110.25,110.25,903712
2017-10-26,110.26,110.28,110.26,110.26,542497
2017-10-27,110.26,110.29,110.25,110.25,429182
2017-10-30,110.27,110.28,110.26,110.27,309757
2017-10-31,110.27,110.27,110.25,110.27,405009
2017-11-01,110.28,110.3,110.26,110.27,508094
2017-11-02,110.26,110.28,110.26,110.28,211682
2017-11-03,110.28,110.29,110.27,110.28,318150
2017-11-06,110.29,110.29,110.27,110.27,449393
2017-11-07,110.27,110.28,110.26,110.27,290237
2017-11-08,110.27,110.27,110.26,110.27,475309
2017-11-09,110.27,110.3,110.26,110.28,787958
2017-11-10,110.28,110.29,110.28,110.28,555728
