Date,Open,High,Low,Close,Volume
2005-02-25,93.341,93.412,93.244,93.36,139080
2005-02-28,93.323,93.386,92.696,92.872,214220
2005-03-01,92.803,93.052,92.803,92.917,113281
2005-03-02,92.988,93.168,92.942,93.024,182877
2005-03-03,93.14,93.36,93.096,93.159,205056
2005-03-04,93.2,93.616,93.106,93.537,198040
2005-03-07,93.616,93.845,93.581,93.802,256092
2005-03-08,93.466,93.625,93.412,93.555,135912
2005-03-09,93.115,93.115,92.829,92.924,222146
2005-03-10,92.864,92.96,92.387,92.742,286088
2005-03-11,92.422,92.52,92.288,92.342,149490
2005-03-14,92.253,92.539,92.253,92.52,126292
2005-03-15,92.644,92.696,92.324,92.395,154357
2005-03-16,92.511,92.88,92.475,92.742,215356
2005-03-17,93.191,93.341,93.015,93.07,434328
2005-03-18,93.006,93.089,92.872,92.924,117693
2005-03-21,92.907,92.917,92.723,92.76,138056
2005-03-22,92.942,93.015,92.121,92.139,192272
2005-03-23,91.679,91.989,91.592,91.857,325802
2005-03-24,92.103,92.202,91.962,92.165,194077
2005-03-28,91.802,91.885,91.759,91.775,168959
2005-03-29,91.885,92.096,91.734,92.025,124026
2005-03-30,92.147,92.395,92.034,92.395,181062
2005-03-31,92.652,93.096,92.609,93.08,252015
2005-04-01,93.191,93.244,92.529,92.933,265485
2005-04-04,92.96,93.185,92.924,93.033,462619
2005-04-05,92.872,92.96,92.618,92.785,115879
2005-04-06,92.898,92.988,92.794,92.838,210713
2005-04-07,92.821,93.015,92.342,92.475,144062
2005-04-08,92.305,92.567,92.079,92.567,301019
2005-04-11,92.567,92.917,92.52,92.812,105357
2005-04-12,92.652,93.314,92.609,93.314,161260
2005-04-13,93.403,93.448,93.096,93.227,170540
2005-04-14,93.185,93.403,92.856,93.403,168503
2005-04-15,93.668,93.932,93.448,93.932,187626
2005-04-18,94.126,94.19,93.845,93.932,163185
2005-04-19,94.154,94.462,94.11,94.462,150281
2005-04-20,94.145,94.64,94.11,94.621,182310
2005-04-21,94.276,94.368,93.898,93.898,138056
2005-04-22,94.392,94.516,94.215,94.516,112485
2005-04-25,94.516,94.55,94.313,94.377,146320
2005-04-26,94.402,94.42,93.889,94.065,82726
2005-04-27,94.19,94.269,93.873,94.065,97772
2005-04-28,94.145,94.797,94.075,94.797,161260
2005-04-29,94.722,94.946,94.377,94.462,91550
2005-05-02,94.145,94.285,93.854,94.145,128213
2005-05-03,94.11,94.19,93.845,94.11,99472
2005-05-04,93.668,94.004,93.581,93.889,141683
2005-05-05,93.864,94.039,93.732,93.986,120520
2005-05-06,93.503,93.713,93.466,93.66,115428
2005-05-09,93.581,93.704,93.494,93.704,128899
2005-05-10,93.802,94.023,93.757,94.023,142816
2005-05-11,94.163,94.377,94.056,94.119,118488
2005-05-12,93.95,94.11,93.668,94.102,164884
2005-05-13,94.276,94.368,93.845,94.126,159903
2005-05-16,94.206,94.25,94.056,94.093,127765
2005-05-17,94.304,94.55,94.231,94.295,149490
2005-05-18,94.576,94.64,94.154,94.154,110565
2005-05-19,93.977,94.199,93.932,94.056,160129
2005-05-20,94.215,94.402,94.093,94.402,91324
2005-05-23,94.462,94.731,94.462,94.516,210372
2005-05-24,94.862,94.946,94.595,94.807,129804
2005-05-25,94.853,94.929,94.462,94.462,106262
2005-05-26,94.368,94.462,94.11,94.154,98112
2005-05-27,94.154,94.506,94.11,94.392,85780
2005-05-31,94.613,94.91,94.595,94.807,135344
2005-06-01,94.55,95.183,94.55,95.183,161712
2005-06-02,94.946,95.067,94.817,94.91,133875
2005-06-03,95.281,95.345,94.506,94.595,132067
2005-06-06,94.648,94.731,94.402,94.595,165789
2005-06-07,95.058,95.124,94.694,94.778,161712
2005-06-08,94.768,94.778,94.462,94.506,132067
2005-06-09,94.368,94.568,94.199,94.437,116219
2005-06-10,94.206,94.206,93.811,93.864,100605
2005-06-13,93.555,93.643,93.412,93.581,177668
2005-06-14,93.537,93.563,93.314,93.394,148810
2005-06-15,93.106,93.448,93.061,93.422,140438
2005-06-16,93.457,93.845,93.323,93.757,143379
2005-06-17,93.836,94.11,93.802,93.811,109541
2005-06-20,93.749,93.88,93.616,93.818,120747
2005-06-21,93.889,94.084,93.845,93.932,98002
2005-06-22,94.241,94.402,94.065,94.241,183099
2005-06-23,94.231,94.42,94.126,94.377,118936
2005-06-24,94.462,94.64,94.377,94.55,236965
2005-06-27,94.666,94.91,94.55,94.817,120633
2005-06-28,94.55,94.657,94.42,94.605,159788
2005-06-29,94.731,94.731,94.285,94.358,110221
2005-06-30,94.516,94.758,94.285,94.758,240137
2005-07-01,93.995,94.065,93.351,93.529,130593
2005-07-05,93.168,93.323,92.917,93.006,160015
2005-07-06,93.052,93.2,93.015,93.191,104794
2005-07-07,93.457,93.494,93.168,93.252,86571
2005-07-08,93.305,93.305,92.696,92.821,117578
2005-07-11,92.609,93.024,92.529,93.006,158543
2005-07-12,92.821,92.96,92.785,92.821,121428
2005-07-13,92.751,92.768,92.529,92.591,195546
2005-07-14,92.184,92.27,91.857,91.999,229953
2005-07-15,91.67,91.857,91.637,91.857,211849
2005-07-18,91.734,91.811,91.381,91.538,160351
2005-07-19,91.529,91.946,91.529,91.928,184347
2005-07-20,91.919,92.209,91.726,92.193,184231
2005-07-21,92.06,92.07,91.637,91.759,179251
2005-07-22,92.025,92.414,92.025,92.121,247384
2005-07-25,92.156,92.228,91.679,91.839,175745
2005-07-26,91.644,91.928,91.443,91.928,207546
2005-07-27,91.857,92.096,91.743,91.894,88045
2005-07-28,91.946,92.237,91.928,92.096,106378
2005-07-29,91.981,92.034,91.717,91.821,123008
2005-08-01,91.319,91.354,90.93,91.088,164426
2005-08-02,90.93,91.001,90.73,90.92,485820
2005-08-03,91.131,91.363,91.096,91.336,126857
2005-08-04,91.284,91.416,91.167,91.354,146208
2005-08-05,90.956,90.956,90.795,90.841,163408
2005-08-08,90.894,91.01,90.795,90.823,128440
2005-08-09,90.859,90.867,90.487,90.749,203245
2005-08-10,90.92,90.965,90.622,90.696,121308
2005-08-11,90.805,91.186,90.631,91.167,118036
2005-08-12,91.319,91.592,91.302,91.538,122897
2005-08-15,91.504,91.61,91.381,91.538,207546
2005-08-16,91.875,92.07,91.717,91.793,194870
2005-08-17,91.989,92.034,91.504,91.592,111358
2005-08-18,91.793,91.928,91.689,91.866,126520
2005-08-19,91.811,92.052,91.734,92.034,124708
2005-08-22,91.849,91.989,91.689,91.903,150056
2005-08-23,91.811,92.184,91.811,92.147,202569
2005-08-24,92.121,92.333,92.121,92.297,123123
2005-08-25,92.395,92.457,92.245,92.44,119051
2005-08-26,92.475,92.52,92.261,92.395,159903
2005-08-29,92.652,92.67,92.475,92.548,97100
2005-08-30,92.723,93.096,92.618,93.024,191361
2005-08-31,93.14,93.547,93.061,93.537,134780
2005-09-01,93.159,93.581,93.159,93.412,123008
2005-09-02,93.403,93.668,93.278,93.448,159111
2005-09-06,93.448,93.537,92.88,92.924,794309
2005-09-07,92.917,92.942,92.583,92.803,199622
2005-09-08,92.97,93.089,92.829,92.951,163071
2005-09-09,93.185,93.422,93.122,93.2,145309
2005-09-12,92.997,92.997,92.714,92.864,145646
2005-09-13,93.176,93.403,92.988,93.185,146548
2005-09-14,93.131,93.323,92.97,93.122,112148
2005-09-15,93.033,93.122,92.785,92.933,110785
2005-09-16,92.889,92.898,92.67,92.785,270124
2005-09-19,92.803,93.2,92.687,93.096,151753
2005-09-20,92.67,92.889,92.636,92.838,144398
2005-09-21,93.296,93.422,93.2,93.36,202569
2005-09-22,93.529,93.59,93.323,93.386,196794
2005-09-23,93.227,93.252,92.785,92.924,182533
2005-09-26,92.457,92.803,92.44,92.714,158322
2005-09-27,92.785,92.951,92.609,92.898,235043
2005-09-28,92.88,93.269,92.829,93.26,148017
2005-09-29,93.096,93.209,92.997,93.176,105920
2005-09-30,93.236,93.269,92.785,93.024,170422
2005-10-03,92.677,92.687,92.079,92.13,166804
2005-10-04,92.121,92.193,91.928,92.06,388271
2005-10-05,92.193,92.35,92.016,92.043,131272
2005-10-06,91.849,91.903,91.62,91.793,193512
2005-10-07,91.538,92.06,91.46,91.946,112037
2005-10-10,91.972,92.219,91.83,92.052,100150
2005-10-11,91.903,91.91,91.689,91.767,125610
2005-10-12,91.802,91.839,91.434,91.469,302943
2005-10-13,91.221,91.529,91.07,91.424,208224
2005-10-14,91.707,91.717,91.248,91.62,122671
2005-10-17,91.734,91.839,91.644,91.793,152317
2005-10-18,91.937,91.981,91.767,91.857,188304
2005-10-19,91.937,92.165,91.767,91.866,261863
2005-10-20,91.726,91.903,91.601,91.802,156167
2005-10-21,91.875,92.103,91.821,92.096,142816
2005-10-24,91.83,91.946,91.504,91.698,302603
2005-10-25,91.679,91.811,91.15,91.221,213087
2005-10-26,91.036,91.158,90.841,90.947,207883
2005-10-27,91.167,91.416,91.122,91.319,188872
2005-10-28,91.477,91.538,91.15,91.284,164316
2005-10-31,91.451,91.644,91.354,91.529,118259
2005-11-01,91.319,91.319,91.028,91.14,188304
2005-11-02,91.096,91.274,90.841,90.965,137836
2005-11-03,91.053,91.079,90.689,90.823,183551
2005-11-04,90.859,91.028,90.604,90.749,158433
2005-11-07,91.045,91.14,90.93,91.045,106718
2005-11-08,91.265,91.336,91.15,91.212,169858
2005-11-09,90.768,90.877,90.639,90.739,270465
2005-11-10,90.749,91.028,90.639,90.947,235386
2005-11-11,90.947,91.195,90.939,91.07,138396
2005-11-14,90.92,90.93,90.374,90.441,386912
2005-11-15,90.451,90.85,90.356,90.704,191927
2005-11-16,90.92,91.274,90.795,91.239,147003
2005-11-17,91.284,91.555,91.195,91.345,140776
2005-11-18,91.195,91.372,91.018,91.176,317766
2005-11-21,91.319,91.424,91.221,91.274,169978
2005-11-22,91.381,91.637,91.292,91.637,168162
2005-11-23,91.689,91.698,91.15,91.284,135573
2005-11-25,91.469,91.592,91.46,91.592,43793
2005-11-28,91.555,91.903,91.477,91.784,126520
2005-11-29,91.775,91.802,91.239,91.326,130364
2005-11-30,91.292,91.326,91.104,91.309,140889
2005-12-01,90.414,90.505,89.825,90.046,322068
2005-12-02,89.869,90.09,89.825,90.082,132744
2005-12-05,90.098,90.098,89.869,90.028,151980
2005-12-06,90.106,90.366,90.046,90.293,169745
2005-12-07,90.186,90.186,89.869,89.947,195322
2005-12-08,90.09,90.374,90.011,90.33,141799
2005-12-09,90.195,90.311,89.957,90.011,143834
2005-12-12,90.152,90.186,89.869,90.046,171790
2005-12-13,90.257,90.356,90.02,90.213,203697
2005-12-14,90.533,90.73,90.39,90.577,171217
2005-12-15,90.496,90.577,90.311,90.577,255639
2005-12-16,90.577,90.722,90.533,90.639,222031
2005-12-19,90.622,90.795,90.514,90.704,174839
2005-12-20,90.533,90.739,90.441,90.664,176082
2005-12-21,90.577,90.622,90.414,90.577,129349
2005-12-22,90.696,90.885,90.658,90.768,218525
2005-12-23,90.552,91.221,90.552,91.15,174839
2005-12-27,91.036,91.309,90.974,91.257,342553
2005-12-28,90.749,90.965,90.689,90.722,118595
2005-12-29,90.841,90.92,90.622,90.885,246924
2005-12-30,91.018,91.104,90.758,90.859,145188
2006-01-03,90.739,91.15,90.67,91.053,290832
2006-01-04,91.028,91.14,90.85,91.063,183778
2006-01-05,90.814,90.93,90.722,90.795,191361
2006-01-06,90.768,90.867,90.622,90.749,357037
2006-01-09,90.696,90.859,90.604,90.859,326252
2006-01-10,90.622,90.795,90.533,90.658,237308
2006-01-11,90.749,90.814,90.496,90.514,778351
2006-01-12,90.622,90.956,90.552,90.867,755718
2006-01-13,90.992,91.239,90.92,91.114,160466
2006-01-17,91.028,91.372,91.018,91.326,669369
2006-01-18,91.336,91.336,91.07,91.284,151303
2006-01-19,91.063,91.274,90.974,91.212,495325
2006-01-20,91.372,91.451,91.131,91.381,257904
2006-01-23,91.158,91.363,91.018,91.239,202680
2006-01-24,91.018,91.265,90.85,91.018,138056
2006-01-25,90.795,90.877,90.356,90.441,183441
2006-01-26,90.311,90.374,90.142,90.356,178688
2006-01-27,90.68,90.696,90.366,90.595,146660
2006-01-30,90.577,90.689,90.441,90.577,180157
2006-01-31,90.622,90.965,90.542,90.885,179704
2006-02-01,90.805,90.93,90.441,90.612,291174
2006-02-02,90.704,90.739,90.533,90.622,419617
2006-02-03,90.533,91.063,90.451,91.063,181062
2006-02-06,90.93,91.195,90.911,91.122,171669
2006-02-07,91.079,91.14,90.67,90.696,133875
2006-02-08,90.696,90.749,90.451,90.533,127312
2006-02-09,90.487,90.832,90.441,90.73,177782
2006-02-10,90.795,90.93,90.366,90.366,194762
2006-02-13,90.406,90.451,90.222,90.32,172461
2006-02-14,89.913,90.09,89.859,89.913,211732
2006-02-15,90.046,90.195,89.859,90.002,180500
2006-02-16,90.046,90.356,90.002,90.275,136589
2006-02-17,90.622,90.768,90.561,90.768,138853
2006-02-21,90.704,90.786,90.496,90.577,158886
2006-02-22,90.689,90.877,90.622,90.832,141002
2006-02-23,90.622,90.67,90.441,90.622,127312
2006-02-24,90.795,90.841,90.595,90.704,153227
2006-02-27,90.832,90.859,90.451,90.552,165446
2006-02-28,90.552,90.911,90.487,90.885,183551
2006-03-01,90.768,90.841,90.577,90.696,154018
2006-03-02,90.612,90.658,90.275,90.639,182649
2006-03-03,90.468,90.577,90.311,90.569,179593
2006-03-06,90.374,90.374,89.806,89.938,151303
2006-03-07,89.65,89.938,89.65,89.938,170875
2006-03-08,89.851,89.913,89.535,89.595,148017
2006-03-09,89.569,89.65,89.312,89.445,195546
2006-03-10,89.119,89.427,89.049,89.338,174839
2006-03-13,89.366,89.383,89.137,89.383,245455
2006-03-14,89.455,89.913,89.455,89.815,208903
2006-03-15,89.701,89.779,89.517,89.65,176992
2006-03-16,89.762,90.24,89.658,90.133,173598
2006-03-17,90.124,90.142,89.896,90.037,173145
2006-03-20,90.133,90.267,89.905,89.984,543644
2006-03-21,89.905,89.921,89.419,89.543,140438
2006-03-22,89.641,89.735,89.49,89.674,244775
2006-03-23,89.735,89.771,89.517,89.577,104228
2006-03-24,89.674,90.037,89.631,90.011,153110
2006-03-27,89.869,89.869,89.577,89.717,135685
2006-03-28,89.471,89.552,89.171,89.285,153452
2006-03-29,89.179,89.295,89.039,89.119,216031
2006-03-30,89.022,89.049,88.649,88.924,276351
2006-03-31,88.932,89.102,88.727,88.941,157187
2006-04-03,88.154,88.542,88.075,88.369,219539
2006-04-04,88.412,88.595,88.145,88.295,141799
2006-04-05,88.369,88.674,88.323,88.595,1023689
2006-04-06,88.43,88.438,88.206,88.351,121652
2006-04-07,87.987,88.145,87.836,87.996,247946
2006-04-10,88.013,88.145,87.891,88.057,829502
2006-04-11,88.369,88.447,88.214,88.412,261188
2006-04-12,88.323,88.403,88.013,88.099,124593
2006-04-13,87.572,87.79,87.485,87.555,271481
2006-04-17,87.659,88.083,87.659,88.013,193512
2006-04-18,88.127,88.447,88.099,88.304,195772
2006-04-19,88.198,88.438,88.013,88.395,164997
2006-04-20,88.386,88.421,88.03,88.091,180387
2006-04-21,88.099,88.412,87.969,88.412,164884
2006-04-24,88.276,88.517,88.231,88.323,153110
2006-04-25,87.978,88.172,87.58,87.668,159788
2006-04-26,87.413,87.615,87.404,87.572,139080
2006-04-27,87.404,87.996,87.386,87.961,262317
2006-04-28,88.022,88.369,87.926,88.276,150850
2006-05-01,87.845,87.845,87.555,87.555,187064
2006-05-02,87.457,87.745,87.395,87.745,183330
2006-05-03,87.623,87.668,87.305,87.504,207207
2006-05-04,87.511,87.52,87.148,87.166,200411
2006-05-05,87.615,87.737,87.448,87.659,195212
2006-05-08,87.745,87.745,87.494,87.659,146890
2006-05-09,87.702,87.845,87.615,87.79,157754
2006-05-10,87.827,88.136,87.79,88.004,176765
2006-05-11,87.882,88.048,87.79,88.048,191134
2006-05-12,87.745,87.969,87.702,87.745,206637
2006-05-15,87.555,87.872,87.494,87.702,140889
2006-05-16,87.711,88.048,87.702,88.039,161827
2006-05-17,87.79,87.872,87.555,87.745,470878
2006-05-18,88.057,88.286,87.996,88.286,224974
2006-05-19,88.013,88.49,87.987,88.214,304640
2006-05-22,88.351,88.471,88.231,88.351,180721
2006-05-23,88.091,88.314,88.013,88.267,211849
2006-05-24,88.412,88.542,88.231,88.231,186270
2006-05-25,88.314,88.438,88.127,88.222,127875
2006-05-26,88.162,88.49,88.145,88.454,257223
2006-05-30,88.19,88.323,88.154,88.222,165220
2006-05-31,88.369,88.438,87.987,88.099,221238
2006-06-01,87.615,87.728,87.457,87.676,289589
2006-06-02,88.19,88.412,88.108,88.351,152548
2006-06-05,88.369,88.421,88.039,88.127,224295
2006-06-06,88.013,88.091,87.926,88.004,410904
2006-06-07,87.711,87.745,87.623,87.702,499511
2006-06-08,87.737,88.039,87.721,87.764,322407
2006-06-09,87.926,88.162,87.818,88.118,195436
2006-06-12,87.936,88.099,87.926,88.099,203245
2006-06-13,88.162,88.198,87.936,88.162,241152
2006-06-14,87.987,88.013,87.755,87.827,254400
2006-06-15,87.827,87.909,87.615,87.641,251111
2006-06-16,87.836,87.882,87.632,87.668,184231
2006-06-19,87.504,87.606,87.35,87.485,308153
2006-06-20,87.404,87.476,87.323,87.404,164770
2006-06-21,87.485,87.504,87.359,87.441,265259
2006-06-22,87.386,87.422,87.218,87.252,317884
2006-06-23,87.235,87.323,87.041,87.138,232217
2006-06-26,87.13,87.157,86.908,87.041,144734
2006-06-27,87.208,87.305,87.059,87.184,375595
2006-06-28,87.174,87.208,86.864,86.988,279066
2006-06-29,87.122,87.528,87.059,87.52,266731
2006-06-30,87.332,87.996,87.332,87.987,169745
2006-07-03,87.287,87.368,87.085,87.315,129010
2006-07-05,87.032,87.041,86.786,86.979,334066
2006-07-06,87.032,87.296,86.97,87.278,151753
2006-07-07,87.528,87.659,87.457,87.537,176423
2006-07-10,87.448,87.546,87.35,87.546,163408
2006-07-11,87.623,87.799,87.528,87.606,164770
2006-07-12,87.377,87.623,87.315,87.589,201885
2006-07-13,87.606,87.969,87.589,87.936,313806
2006-07-14,87.961,88.099,87.882,87.996,319690
2006-07-17,87.952,88.057,87.836,88.057,151077
2006-07-18,87.808,87.818,87.555,87.615,127424
2006-07-19,87.441,88.19,87.395,88.172,222371
2006-07-20,88.039,88.454,88.013,88.447,575329
2006-07-21,88.49,88.55,88.108,88.181,153567
2006-07-24,88.172,88.259,88.022,88.108,215805
2006-07-25,88.022,88.314,88.013,88.276,174839
2006-07-26,88.276,88.595,88.276,88.569,132744
2006-07-27,88.657,88.674,88.508,88.586,173145
2006-07-28,88.808,89.003,88.736,88.852,148926
2006-07-31,88.808,88.87,88.605,88.817,126292
2006-08-01,88.198,88.481,88.198,88.471,158433
2006-08-02,88.412,88.674,88.386,88.674,127085
2006-08-03,88.586,88.771,88.454,88.631,222255
2006-08-04,89.074,89.232,88.941,89.232,419050
2006-08-07,89.197,89.232,89.137,89.206,257904
2006-08-08,89.206,89.436,89.092,89.347,154471
2006-08-09,89.285,89.577,89.25,89.383,214220
2006-08-10,89.338,89.366,89.031,89.232,145757
2006-08-11,89.022,89.11,88.987,89.022,226557
2006-08-14,88.915,88.924,88.719,88.808,210034
2006-08-15,89.013,89.206,88.987,89.119,431271
2006-08-16,89.49,89.499,89.25,89.285,155148
2006-08-17,89.427,89.481,89.119,89.179,183778
2006-08-18,89.241,89.517,89.241,89.49,139870
2006-08-21,89.535,89.717,89.49,89.717,129124
2006-08-22,89.744,89.905,89.692,89.851,147677
2006-08-23,89.815,89.842,89.604,89.717,164202
2006-08-24,89.797,89.797,89.481,89.56,151642
2006-08-25,89.586,89.779,89.56,89.762,91096
2006-08-28,89.543,89.569,89.401,89.49,175065
2006-08-29,89.329,89.535,89.137,89.517,282462
2006-08-30,89.595,89.614,89.383,89.595,126406
2006-08-31,89.692,89.859,89.65,89.788,180721
2006-09-01,89.171,89.357,89.119,89.25,357944
2006-09-05,89.039,89.083,88.817,88.87,201660
2006-09-06,88.666,88.827,88.613,88.827,179031
2006-09-07,88.657,88.78,88.586,88.682,174504
2006-09-08,88.799,88.808,88.631,88.631,149040
2006-09-11,88.64,88.657,88.295,88.403,213205
2006-09-12,88.341,88.613,88.286,88.569,199397
2006-09-13,88.71,88.843,88.631,88.764,180500
2006-09-14,88.827,88.951,88.682,88.78,117806
2006-09-15,88.764,88.799,88.421,88.498,277821
2006-09-18,88.222,88.454,88.19,88.438,144734
2006-09-19,88.64,88.755,88.559,88.64,252475
2006-09-20,88.674,88.674,88.463,88.517,205056
2006-09-21,88.498,89.031,88.498,89.031,155941
2006-09-22,89.206,89.338,89.146,89.312,102867
2006-09-25,89.401,89.65,89.347,89.56,194645
2006-09-26,89.543,89.622,89.357,89.419,238326
2006-09-27,89.762,89.779,89.383,89.401,223273
2006-09-28,89.427,89.445,89.268,89.419,184347
2006-09-29,89.499,89.56,89.197,89.383,139194
2006-10-02,88.996,89.232,88.915,89.074,315280
2006-10-03,89.128,89.171,88.755,88.764,289816
2006-10-04,88.896,89.179,88.862,89.11,142704
2006-10-05,89.206,89.206,88.843,88.968,113390
2006-10-06,88.78,88.817,88.471,88.71,176765
2006-10-09,88.613,88.657,88.403,88.535,107393
2006-10-10,88.377,88.377,88.099,88.181,218408
2006-10-11,88.19,88.259,87.79,87.926,221013
2006-10-12,87.936,88.048,87.799,87.936,195660
2006-10-13,87.818,87.845,87.598,87.781,233346
2006-10-16,87.917,87.926,87.764,87.855,163751
2006-10-17,88.099,88.198,87.772,87.845,205394
2006-10-18,87.864,87.969,87.659,87.659,284043
2006-10-19,87.58,87.781,87.528,87.686,182423
2006-10-20,87.676,87.702,87.572,87.676,125273
2006-10-23,87.252,87.448,87.218,87.422,313127
2006-10-24,87.323,87.555,87.323,87.555,206637
2006-10-25,87.589,88.048,87.537,87.961,202226
2006-10-26,88.172,88.454,88.172,88.395,501888
2006-10-27,88.586,88.691,88.454,88.586,191023
2006-10-30,88.498,88.517,88.369,88.43,140889
2006-10-31,88.454,88.915,88.43,88.915,282011
2006-11-01,88.454,88.79,88.295,88.719,172239
2006-11-02,88.535,88.542,88.395,88.49,147677
2006-11-03,88.057,88.075,87.836,87.996,202680
2006-11-06,87.926,88.267,87.864,88.25,181403
2006-11-07,88.525,88.691,88.438,88.569,172128
2006-11-08,88.525,88.727,88.498,88.727,177331
2006-11-09,88.719,88.896,88.682,88.896,145309
2006-11-10,88.968,89.013,88.836,88.862,154813
2006-11-13,88.691,88.71,88.438,88.657,265147
2006-11-14,88.701,88.808,88.657,88.764,184910
2006-11-15,88.586,88.657,88.481,88.498,230406
2006-11-16,88.438,88.447,87.969,88.004,327497
2006-11-17,87.969,88.332,87.969,88.181,380123
2006-11-20,88.314,88.314,88.145,88.206,226896
2006-11-21,88.24,88.421,88.108,88.351,248168
2006-11-22,88.395,88.525,88.369,88.463,233571
2006-11-24,88.613,88.843,88.613,88.674,148357
2006-11-27,88.559,88.879,88.542,88.817,242170
2006-11-28,89.013,89.128,88.817,89.128,312447
2006-11-29,89.083,89.26,88.941,89.013,183330
2006-11-30,89.128,89.462,89.083,89.366,176197
2006-12-01,89.383,89.825,89.25,89.65,311656
2006-12-04,89.604,89.692,89.543,89.674,186270
2006-12-05,89.788,89.788,89.427,89.614,253264
2006-12-06,89.419,89.49,89.295,89.304,256887
2006-12-07,89.295,89.304,89.161,89.179,198153
2006-12-08,89.232,89.25,88.852,88.905,151077
2006-12-11,89.128,89.137,88.96,89.11,194870
2006-12-12,89.197,89.197,88.987,89.119,170765
2006-12-13,88.896,88.968,88.657,88.764,247831
2006-12-14,88.691,88.79,88.613,88.674,212977
2006-12-15,88.764,88.862,88.231,88.231,261642
2006-12-18,88.222,88.267,87.943,88.075,250665
2006-12-19,88.039,88.154,87.996,88.013,224631
2006-12-20,87.943,88.022,87.864,87.961,226442
2006-12-21,87.961,88.19,87.872,88.154,651490
2006-12-22,88.022,88.022,87.721,87.79,281218
2006-12-26,87.745,87.926,87.702,87.737,212748
2006-12-27,87.702,87.781,87.041,87.422,437837
2006-12-28,87.485,87.485,86.97,87.261,555299
2006-12-29,87.269,87.413,87.148,87.305,321614
2007-01-03,87.79,87.836,87.457,87.686,590491
2007-01-04,87.79,87.909,87.651,87.745,310974
2007-01-05,87.296,87.598,87.218,87.504,170085
2007-01-08,87.504,87.598,87.287,87.563,271027
2007-01-09,87.504,87.528,87.341,87.504,204266
2007-01-10,87.305,87.341,87.184,87.278,268997
2007-01-11,87.138,87.208,86.786,86.988,510939
2007-01-12,86.786,86.786,86.397,86.635,293776
2007-01-16,86.75,86.849,86.688,86.786,388271
2007-01-17,86.849,86.944,86.67,86.776,183099
2007-01-18,86.768,86.988,86.688,86.84,201774
2007-01-19,86.858,87.005,86.731,86.988,190119
2007-01-22,87.114,87.252,87.05,87.13,172351
2007-01-23,87.085,87.244,87.005,87.122,172461
2007-01-24,87.148,87.323,87.059,87.235,149833
2007-01-25,87.323,87.323,86.803,86.97,199056
2007-01-26,86.812,87.068,86.786,86.9,234480
2007-01-29,86.952,86.988,86.731,86.812,286193
2007-01-30,86.84,87.085,86.84,87.059,212977
2007-01-31,87.068,87.511,87.041,87.511,148810
2007-02-01,87.58,87.818,87.166,87.218,274543
2007-02-02,87.227,87.377,87.218,87.377,200645
2007-02-05,87.485,87.52,87.305,87.422,185591
2007-02-06,87.296,87.485,87.218,87.422,167028
2007-02-07,87.589,87.615,87.448,87.572,199508
2007-02-08,87.457,87.572,87.395,87.485,417127
2007-02-09,87.466,87.466,87.148,87.261,481289
2007-02-12,87.148,87.252,87.005,87.041,185818
2007-02-13,87.138,87.138,86.952,87.05,206870
2007-02-14,87.269,87.659,87.244,87.623,163976
2007-02-15,87.818,87.818,87.546,87.598,300793
2007-02-16,87.659,87.969,87.546,87.891,257223
2007-02-20,87.755,87.9,87.651,87.9,196458
2007-02-21,87.943,88.075,87.882,88.022,241269
2007-02-22,87.943,87.969,87.808,87.969,158655
2007-02-23,88.145,88.463,88.136,88.222,193286
2007-02-26,88.447,88.691,88.447,88.595,509926
2007-02-27,88.78,89.631,88.719,89.383,311764
2007-02-28,89.179,89.25,88.481,89.241,448018
2007-03-01,89.223,89.241,88.118,89.128,317736
2007-03-02,89.25,89.419,89.064,89.304,187857
2007-03-05,89.499,89.508,89.206,89.241,364281
2007-03-06,89.074,89.25,89.031,89.119,194870
2007-03-07,89.25,89.329,89.031,89.25,188757
2007-03-08,89.171,89.223,89.003,89.171,170422
2007-03-09,88.951,88.96,88.657,88.764,175860
2007-03-12,88.745,88.905,88.727,88.843,111585
2007-03-13,88.987,89.32,88.96,89.197,131272
2007-03-14,89.241,89.471,89.083,89.206,174729
2007-03-15,89.295,89.304,89.083,89.179,127765
2007-03-16,89.179,89.401,89.146,89.232,123123
2007-03-19,89.206,89.25,89.013,89.223,147795
2007-03-20,89.41,89.427,89.161,89.241,131382
2007-03-21,89.102,89.692,89.049,89.577,158886
2007-03-22,89.586,89.622,89.215,89.312,112597
2007-03-23,89.366,89.508,89.161,89.25,177896
2007-03-26,89.25,89.674,89.171,89.569,227576
2007-03-27,89.481,89.631,89.401,89.543,215919
2007-03-28,89.701,89.834,89.285,89.419,200079
2007-03-29,89.366,89.427,89.241,89.304,109541
2007-03-30,89.366,89.508,89.128,89.285,157865
2007-04-02,89.41,90.124,88.827,88.996,190568
2007-04-03,88.924,88.924,88.559,88.605,205506
2007-04-04,88.755,88.915,88.498,88.887,146548
2007-04-05,88.951,88.968,88.836,88.87,90188
2007-04-09,88.657,88.701,88.412,88.471,144852
2007-04-10,88.586,88.771,88.569,88.682,136589
2007-04-11,88.682,88.808,88.525,88.542,174729
2007-04-12,88.719,88.78,87.651,88.542,237758
2007-04-13,88.657,88.968,88.314,88.323,124255
2007-04-16,88.481,88.621,88.314,88.605,244890
2007-04-17,88.586,88.799,88.586,88.657,164884
2007-04-18,88.771,88.951,88.727,88.951,191927
2007-04-19,89.003,89.003,88.755,88.905,137495
2007-04-20,88.887,88.951,88.691,88.941,170085
2007-04-23,88.932,89.206,88.836,89.146,143719
2007-04-24,89.171,89.375,89.146,89.295,168726
2007-04-25,89.25,90.356,89.171,89.304,256660
2007-04-26,89.295,89.32,88.968,89.056,212977
2007-04-27,89.232,89.276,89.074,89.074,163751
2007-04-30,89.338,89.56,89.304,89.552,478238
2007-05-01,89.312,89.329,88.924,89.197,202337
2007-05-02,89.312,89.312,89.074,89.187,320821
2007-05-03,89.102,89.102,88.887,88.968,126540
2007-05-04,89.119,89.187,88.977,89.013,130364
2007-05-07,88.968,89.031,88.79,88.951,158655
2007-05-08,89.119,89.119,88.932,89.056,185706
2007-05-09,89.092,89.102,88.745,88.771,146890
2007-05-10,88.951,89.049,88.843,88.968,147624
2007-05-11,89.102,89.179,88.799,88.808,130480
2007-05-14,88.941,88.968,88.666,88.666,145985
2007-05-15,88.542,88.569,88.276,88.43,189211
2007-05-16,88.447,88.498,88.323,88.341,263565
2007-05-17,88.314,88.386,88.206,88.304,126181
2007-05-18,88.276,88.369,87.987,88.075,131610
2007-05-21,88.039,88.295,87.952,88.295,157413
2007-05-22,88.222,88.259,87.845,87.952,220717
2007-05-23,87.978,88.013,87.711,87.943,264581
2007-05-24,88.03,88.099,87.737,88.048,280420
2007-05-25,88.048,88.206,88.004,88.172,220108
2007-05-29,88.075,88.091,87.818,87.909,282462
2007-05-30,88.108,88.118,87.855,87.987,155037
2007-05-31,88.127,88.127,87.755,88.039,204943
2007-06-01,87.476,87.528,87.315,87.35,234592
2007-06-04,87.485,87.659,87.395,87.58,197471
2007-06-05,87.441,87.476,87.174,87.261,176765
2007-06-06,87.278,87.395,87.208,87.332,162054
2007-06-07,87.138,87.148,86.527,86.572,449268
2007-06-08,86.527,86.84,86.476,86.731,325351
2007-06-11,86.509,86.722,86.467,86.544,210261
2007-06-12,86.263,86.325,85.901,86.009,354322
2007-06-13,86.086,86.467,86.086,86.325,409882
2007-06-14,86.424,86.688,86.308,86.378,266956
2007-06-15,86.359,86.635,86.237,86.635,297172
2007-06-18,86.608,86.679,86.378,86.563,210372
2007-06-19,86.795,87.157,86.731,87.023,546812
2007-06-20,86.822,86.858,86.582,86.696,280196
2007-06-21,86.599,86.831,86.599,86.661,169184
2007-06-22,86.582,87.094,86.509,87.014,207322
2007-06-25,87.235,87.323,87.041,87.218,287098
2007-06-26,87.305,87.315,86.952,87.041,196680
2007-06-27,87.278,87.368,87.05,87.085,127312
2007-06-28,87.2,87.269,86.944,86.944,184231
2007-06-29,87.35,87.572,87.114,87.466,166574
2007-07-02,87.104,87.404,86.97,87.332,270917
2007-07-03,87.377,87.404,86.97,86.979,199508
2007-07-05,86.858,86.882,86.554,86.618,169070
2007-07-06,86.482,86.544,86.359,86.434,117124
2007-07-09,86.635,86.74,86.582,86.67,142926
2007-07-10,87.2,87.413,87.032,87.395,188193
2007-07-11,87.305,87.413,86.952,87.014,113501
2007-07-12,87.122,87.13,86.661,86.722,250548
2007-07-13,86.961,87.032,86.635,86.858,162501
2007-07-16,86.944,87.184,86.9,87.122,113390
2007-07-17,87.014,87.148,86.776,86.988,172011
2007-07-18,87.174,87.528,87.138,87.386,170422
2007-07-19,87.218,87.511,87.208,87.494,137607
2007-07-20,87.632,87.926,87.572,87.827,164770
2007-07-23,87.676,87.721,87.485,87.641,430364
2007-07-24,87.728,88.03,87.555,87.917,285627
2007-07-25,87.987,88.206,87.961,88.181,152884
2007-07-26,88.49,88.852,88.43,88.595,503469
2007-07-27,88.55,88.87,88.438,88.727,351832
2007-07-30,88.771,88.887,88.586,88.631,295249
2007-07-31,88.631,89.083,88.595,89.074,370727
2007-08-01,88.595,88.771,88.295,88.314,296154
2007-08-02,88.267,88.454,88.075,88.36,139304
2007-08-03,88.498,88.71,88.43,88.631,182201
2007-08-06,88.55,88.55,88.013,88.048,270012
2007-08-07,88.25,88.508,87.969,88.057,147343
2007-08-08,87.987,87.987,87.485,87.728,268880
2007-08-09,88.013,88.118,87.745,88.013,383174
2007-08-10,88.276,88.314,87.799,87.818,203581
2007-08-13,87.836,88.25,87.836,88.206,325578
2007-08-14,87.917,88.377,87.917,88.314,360769
2007-08-15,88.403,88.447,88.075,88.314,202117
2007-08-16,88.535,88.968,88.454,88.508,304299
2007-08-17,88.799,88.977,88.323,88.799,233459
2007-08-20,88.771,88.896,88.64,88.79,205619
2007-08-21,89.039,89.25,88.896,89.102,193737
2007-08-22,88.719,89.056,88.682,88.896,128328
2007-08-23,88.887,89.161,88.808,88.941,133082
2007-08-24,89.119,89.146,88.862,89.056,124366
2007-08-27,89.102,89.223,89.013,89.161,111811
2007-08-28,89.092,89.455,89.092,89.427,158093
2007-08-29,89.268,89.517,89.031,89.056,134780
2007-08-30,89.436,89.577,89.338,89.445,161712
2007-08-31,89.366,89.604,89.329,89.41,144511
2007-09-04,89.179,89.179,88.862,89.092,174504
2007-09-05,89.304,89.569,89.215,89.508,145188
2007-09-06,89.471,89.543,89.25,89.312,102598
2007-09-07,89.658,90.356,89.658,90.339,197029
2007-09-10,90.311,90.768,90.311,90.67,410447
2007-09-11,90.468,90.795,90.468,90.67,154129
2007-09-12,90.649,90.67,90.414,90.639,123008
2007-09-13,90.441,90.451,90.046,90.16,149717
2007-09-14,90.67,90.67,90.106,90.311,158203
2007-09-17,90.347,90.664,90.222,90.639,164655
2007-09-18,90.356,90.696,90.176,90.696,255414
2007-09-19,90.302,90.514,90.072,90.441,354322
2007-09-20,90.063,90.116,89.375,89.427,174276
2007-09-21,89.666,89.878,89.595,89.779,179482
2007-09-24,89.65,89.779,89.586,89.641,227800
2007-09-25,89.717,89.834,89.427,89.471,250205
2007-09-26,89.347,89.692,89.285,89.56,178233
2007-09-27,89.815,90.176,89.735,90.09,151303
2007-09-28,90.39,90.468,89.929,90.16,229837
2007-10-01,89.788,89.993,89.641,89.993,271822
2007-10-02,89.771,90.168,89.709,90.082,225200
2007-10-03,90.124,90.24,89.725,89.913,157300
2007-10-04,89.834,90.072,89.762,90.046,139532
2007-10-05,89.543,89.595,89.232,89.517,260393
2007-10-08,89.842,89.842,89.285,89.674,143945
2007-10-09,89.427,89.481,89.232,89.366,160581
2007-10-10,89.153,89.569,89.146,89.427,254058
2007-10-11,89.092,89.455,89.049,89.276,152771
2007-10-12,89.161,89.445,89.083,89.161,157865
2007-10-15,89.102,89.295,89.056,89.161,184459
2007-10-16,89.338,89.49,89.276,89.419,177214
2007-10-17,89.604,90.133,89.543,89.957,120633
2007-10-18,90.116,90.32,90.037,90.222,213087
2007-10-19,90.505,91.001,90.451,90.992,219088
2007-10-22,90.894,91.018,90.612,90.768,158203
2007-10-23,90.696,90.841,90.542,90.805,207322
2007-10-24,90.93,91.381,90.859,91.15,156963
2007-10-25,91.354,91.582,91.204,91.408,162054
2007-10-26,91.221,91.574,91.195,91.326,156285
2007-10-29,91.302,91.726,91.195,91.726,226102
2007-10-30,91.248,91.345,91.07,91.274,181403
2007-10-31,91.15,91.629,90.805,90.841,254622
2007-11-01,90.885,91.469,90.885,91.39,181969
2007-11-02,91.319,92.112,91.302,91.903,200411
2007-11-05,92.007,92.237,91.83,91.946,140776
2007-11-06,91.981,92.333,91.903,91.953,203581
2007-11-07,92.139,92.228,91.946,92.007,240388
2007-11-08,92.165,92.567,92.112,92.288,1790723
2007-11-09,92.67,93.332,92.529,93.096,387798
2007-11-12,93.227,93.394,93.096,93.394,221089
2007-11-13,92.812,92.838,92.43,92.502,283969
2007-11-14,92.202,92.511,92.202,92.511,396164
2007-11-15,92.475,92.988,92.475,92.705,283425
2007-11-16,92.733,93.122,92.714,92.889,243330
2007-11-19,92.988,93.793,92.889,93.652,251639
2007-11-20,93.704,93.889,93.378,93.555,387559
2007-11-21,93.932,94.462,93.932,94.34,283019
2007-11-23,95.43,95.43,94.056,94.276,227881
2007-11-26,93.826,96.407,93.826,95.345,761452
2007-11-27,95.048,95.048,94.093,94.489,458980
2007-11-28,94.331,94.453,93.563,93.783,249886
2007-11-29,94.259,94.797,94.25,94.358,190502
2007-11-30,93.802,94.34,93.802,94.285,435140
2007-12-03,94.285,94.525,93.995,94.224,163811
2007-12-04,94.392,94.453,93.722,94.056,275041
2007-12-05,93.625,93.713,93.024,93.061,321280
2007-12-06,93.168,93.185,92.696,92.776,597285
2007-12-07,92.687,92.714,92.13,92.297,379046
2007-12-10,92.297,92.342,91.894,92.174,167375
2007-12-11,92.52,93.2,92.305,93.185,326823
2007-12-12,92.44,93.115,92.209,92.821,287774
2007-12-13,92.627,92.714,92.219,92.253,235155
2007-12-14,92.44,92.44,92.079,92.193,372539
2007-12-17,92.359,92.864,92.342,92.864,237473
2007-12-18,92.917,93.14,92.751,92.96,363328
2007-12-19,93.288,93.652,92.812,93.547,411507
2007-12-20,93.476,93.767,93.305,93.439,239638
2007-12-21,93.252,93.296,92.785,92.872,307572
2007-12-24,92.539,92.733,92.422,92.591,110074
2007-12-26,92.466,92.76,92.025,92.184,217565
2007-12-27,92.228,92.324,91.91,92.324,418516
2007-12-28,92.67,93.033,92.52,92.88,355292
2007-12-31,93.191,93.598,93.07,93.494,343625
2008-01-02,93.686,94.295,93.403,94.231,429396
2008-01-03,94.065,94.55,93.906,94.55,306877
2008-01-04,94.758,94.758,94.384,94.525,390175
2008-01-07,94.568,94.568,94.269,94.506,490440
2008-01-08,94.471,94.685,94.145,94.576,405794
2008-01-09,94.613,94.862,94.471,94.506,329343
2008-01-10,94.497,94.576,93.95,94.084,300375
2008-01-11,94.269,94.862,94.231,94.787,426695
2008-01-14,94.797,95.183,94.731,95.173,452791
2008-01-15,95.479,95.659,95.261,95.659,328904
2008-01-16,95.717,95.717,94.99,95.096,501888
2008-01-17,95.144,95.875,95.048,95.78,468232
2008-01-18,95.688,95.894,94.99,95.875,575784
2008-01-22,96.611,96.621,95.875,96.606,711623
2008-01-23,97.687,97.715,96.145,96.377,751641
2008-01-24,96.175,96.194,95.553,95.717,405344
2008-01-25,95.469,96.502,95.43,96.502,382915
2008-01-28,96.302,96.596,96.125,96.387,496842
2008-01-29,96.281,96.397,95.924,96.348,365034
2008-01-30,96.242,97.204,95.885,96.368,623014
2008-01-31,96.892,97.06,96.66,96.836,825721
2008-02-01,96.68,96.758,96.234,96.397,434669
2008-02-04,95.894,96.011,95.717,95.829,616209
2008-02-05,96.397,96.522,96.021,96.29,1808397
2008-02-06,96.079,96.242,95.819,96.175,587224
2008-02-07,96.089,96.145,94.862,95.028,682375
2008-02-08,95.543,96.031,95.45,95.982,347301
2008-02-11,96.204,96.463,96.041,96.234,361998
2008-02-12,95.819,96.098,95.582,96.051,430427
2008-02-13,95.727,95.904,95.106,95.173,691205
2008-02-14,94.929,94.98,94.276,94.541,468485
2008-02-15,94.962,95.144,94.787,95.018,318346
2008-02-19,94.817,95.0,94.295,94.471,572502
2008-02-20,94.586,94.91,94.48,94.797,1100232
2008-02-21,95.183,95.496,94.92,95.382,627785
2008-02-22,95.355,95.64,95.028,95.114,1000148
2008-02-25,95.096,95.289,94.64,94.64,475897
2008-02-26,95.028,95.335,94.862,95.271,683122
2008-02-27,95.611,95.679,94.946,95.42,645939
2008-02-28,96.425,96.739,96.125,96.69,594974
2008-02-29,97.186,97.725,97.04,97.715,815051
2008-03-03,97.378,97.438,96.892,97.214,1564958
2008-03-04,97.29,97.638,96.826,96.99,1532201
2008-03-05,97.56,97.56,96.7,96.921,509883
2008-03-06,97.408,97.715,97.167,97.461,496762
2008-03-07,98.196,98.246,97.27,97.824,694542
2008-03-10,98.157,98.781,98.024,98.528,816351
2008-03-11,98.102,98.157,97.368,97.61,966546
2008-03-12,97.814,98.558,97.61,98.508,734136
2008-03-13,99.055,99.055,97.687,97.903,1005963
2008-03-14,97.913,98.85,97.52,98.122,752228
2008-03-17,98.112,98.216,96.95,97.06,892345
2008-03-18,97.25,97.873,96.902,96.95,748799
2008-03-19,96.611,97.49,96.435,97.368,818934
2008-03-20,97.233,97.764,97.167,97.59,549853
2008-03-24,96.921,96.921,95.717,95.848,909743
2008-03-25,95.848,96.145,95.602,95.688,425130
2008-03-26,95.875,96.051,95.611,95.973,760974
2008-03-27,95.973,96.454,95.914,96.165,508602
2008-03-28,96.512,96.902,96.242,96.882,242106
2008-03-31,97.107,97.204,96.882,97.117,1467016
2008-04-01,96.252,96.252,95.525,95.717,785588
2008-04-02,95.698,95.982,95.553,95.717,478380
2008-04-03,95.982,95.982,95.505,95.679,326222
2008-04-04,96.07,96.321,95.992,96.234,442568
2008-04-07,95.973,96.07,95.553,96.011,323762
2008-04-08,96.348,96.358,95.764,95.838,362603
2008-04-09,95.982,96.621,95.885,96.482,596279
2008-04-10,96.502,96.69,95.856,96.06,852456
2008-04-11,96.631,96.872,96.522,96.778,940576
2008-04-14,96.68,96.836,96.425,96.482,542503
2008-04-15,96.33,96.522,96.089,96.125,386510
2008-04-16,96.021,96.135,95.213,95.525,650862
2008-04-17,95.534,95.553,94.952,95.134,485868
2008-04-18,94.559,95.106,94.276,95.038,735752
2008-04-21,94.862,95.203,94.748,95.077,654412
2008-04-22,94.99,95.392,94.91,95.317,797645
2008-04-23,95.164,95.213,94.778,95.028,392678
2008-04-24,94.437,94.525,93.95,94.172,501975
2008-04-25,94.065,94.241,93.889,94.039,525583
2008-04-28,94.004,94.295,93.889,94.199,440790
2008-04-29,94.34,94.516,94.126,94.206,414645
2008-04-30,94.349,94.666,93.889,94.648,399892
2008-05-01,94.648,94.666,94.023,94.19,829523
2008-05-02,93.889,94.259,93.793,93.95,695616
2008-05-05,94.145,94.34,93.845,94.172,475035
2008-05-06,94.453,94.576,93.977,94.102,339599
2008-05-07,93.986,94.368,93.818,94.331,509000
2008-05-08,94.541,95.028,94.429,95.028,435340
2008-05-09,95.496,95.525,95.114,95.289,784912
2008-05-12,95.326,95.611,95.114,95.134,615529
2008-05-13,94.731,94.787,94.349,94.42,436211
2008-05-14,94.837,94.9,94.241,94.506,387819
2008-05-15,94.63,95.183,94.559,95.183,324092
2008-05-16,94.99,95.773,94.99,95.183,850302
2008-05-19,95.411,95.592,95.058,95.489,330155
2008-05-20,95.894,96.115,95.736,96.06,660840
2008-05-21,95.8,96.377,95.754,96.165,511041
2008-05-22,95.914,95.914,95.154,95.496,467143
2008-05-23,95.894,95.964,95.65,95.865,462839
2008-05-27,95.562,95.562,95.038,95.203,598556
2008-05-28,94.666,94.694,94.206,94.349,556983
2008-05-29,94.145,94.145,93.547,93.986,504434
2008-05-30,94.402,94.437,94.199,94.358,1086485
2008-06-02,93.695,94.11,93.494,93.94,521286
2008-06-03,93.757,94.269,93.512,93.94,450598
2008-06-04,94.199,94.199,93.278,93.457,412214
2008-06-05,93.227,93.448,93.061,93.168,620897
2008-06-06,93.677,94.377,93.521,94.304,665927
2008-06-09,93.906,94.25,93.668,93.811,365595
2008-06-10,93.732,93.826,93.14,93.305,545935
2008-06-11,93.537,93.906,93.269,93.485,381358
2008-06-12,92.951,92.997,92.557,92.609,524917
2008-06-13,92.785,93.227,92.492,92.6,429598
2008-06-16,92.846,93.07,92.548,92.829,1000978
2008-06-17,93.024,93.227,92.88,93.096,414623
2008-06-18,93.227,93.616,93.115,93.598,438612
2008-06-19,93.314,93.537,92.96,93.015,300155
2008-06-20,93.573,93.668,93.2,93.314,375385
2008-06-23,93.429,93.598,93.176,93.314,302042
2008-06-24,93.625,93.977,93.485,93.88,400596
2008-06-25,94.004,94.014,93.332,93.95,535824
2008-06-26,94.429,94.91,94.181,94.768,555259
2008-06-27,95.281,95.505,94.946,95.213,1205234
2008-06-30,95.372,95.611,95.124,95.298,836644
2008-07-01,95.298,95.298,94.576,94.685,767220
2008-07-02,95.038,95.307,94.768,95.281,439247
2008-07-03,95.355,95.562,94.99,95.525,485591
2008-07-07,95.525,95.865,95.028,95.479,652501
2008-07-08,95.067,95.469,94.778,95.402,716702
2008-07-09,95.592,95.964,95.335,95.964,821971
2008-07-10,95.838,95.973,95.45,95.954,411550
2008-07-11,96.234,96.272,94.971,95.086,528755
2008-07-14,95.496,95.875,95.203,95.79,617924
2008-07-15,96.031,96.473,95.698,95.736,729715
2008-07-16,95.894,95.924,95.193,95.252,787709
2008-07-17,95.307,95.411,94.462,94.63,671803
2008-07-18,94.778,94.89,94.119,94.199,563094
2008-07-21,94.241,94.285,93.845,94.215,410447
2008-07-22,94.215,94.269,93.573,93.767,504733
2008-07-23,93.485,93.573,92.924,93.131,763761
2008-07-24,93.269,93.88,93.236,93.793,591636
2008-07-25,93.643,93.695,93.149,93.149,497707
2008-07-28,93.889,94.154,93.668,93.94,748117
2008-07-29,93.695,93.802,93.227,93.305,482705
2008-07-30,93.244,93.906,93.006,93.695,507957
2008-07-31,94.19,94.322,93.968,94.084,669797
2008-08-01,93.14,93.668,92.97,93.625,1013804
2008-08-04,93.466,93.741,93.314,93.36,460750
2008-08-05,93.394,93.394,92.785,92.856,661355
2008-08-06,92.768,92.768,92.13,92.618,698856
2008-08-07,93.089,93.652,92.933,93.573,382090
2008-08-08,93.668,93.749,93.14,93.448,476278
2008-08-11,93.386,93.386,92.342,92.609,680347
2008-08-12,92.907,93.227,92.907,93.043,453811
2008-08-13,93.305,93.476,92.924,93.033,412981
2008-08-14,93.581,93.668,93.369,93.512,389624
2008-08-15,93.793,93.845,93.625,93.741,401324
2008-08-18,93.732,93.932,93.695,93.826,437714
2008-08-19,94.004,94.023,93.652,93.732,583610
2008-08-20,94.056,94.313,93.959,94.119,525721
2008-08-21,94.55,94.55,93.977,94.276,476862
2008-08-22,94.241,94.241,93.793,93.915,548891
2008-08-25,94.497,94.497,94.199,94.269,391188
2008-08-26,94.215,94.304,94.065,94.304,563298
2008-08-27,94.11,94.559,93.977,94.55,360353
2008-08-28,94.411,94.411,94.065,94.259,540932
2008-08-29,94.199,94.304,93.873,93.986,346255
2008-09-02,92.907,93.218,92.245,93.218,508174
2008-09-03,92.978,93.106,92.803,93.061,547999
2008-09-04,93.2,93.236,92.829,92.917,503270
2008-09-05,93.191,93.323,92.742,92.942,482267
2008-09-08,92.997,93.305,92.662,93.305,338240
2008-09-09,93.052,93.512,92.821,93.466,576996
2008-09-10,93.115,93.529,92.917,93.422,643464
2008-09-11,93.741,93.864,93.36,93.494,649769
2008-09-12,93.476,93.581,92.67,92.829,594414
2008-09-15,93.236,93.547,92.838,93.378,1050274
2008-09-16,93.95,94.19,92.342,92.449,963464
2008-09-17,93.043,93.36,92.359,92.785,1268303
2008-09-18,92.652,92.733,91.239,91.555,934043
2008-09-19,91.176,92.27,90.356,92.025,1587885
2008-09-22,92.978,92.978,91.592,92.342,1168968
2008-09-23,92.342,92.342,90.93,91.399,922990
2008-09-24,91.717,91.903,90.841,90.947,869968
2008-09-25,91.018,91.248,90.577,90.911,799176
2008-09-26,90.93,91.063,90.587,90.714,548580
2008-09-29,90.903,92.618,90.587,91.079,703650
2008-09-30,91.372,91.679,89.455,89.517,1071522
2008-10-01,89.692,90.072,89.056,89.984,630345
2008-10-02,90.293,90.293,89.735,89.797,520230
2008-10-03,89.957,90.275,89.366,90.011,425193
2008-10-06,89.869,90.664,89.658,89.938,979287
2008-10-07,89.295,89.508,88.808,89.171,930557
2008-10-08,88.577,88.808,85.005,86.535,2211960
2008-10-09,86.281,86.535,85.45,86.016,1095283
2008-10-10,83.94,84.512,74.352,84.285,2072616
2008-10-13,83.95,84.285,80.732,83.061,1165938
2008-10-14,83.94,85.078,83.178,84.962,901063
2008-10-15,84.814,85.6,84.446,85.255,694444
2008-10-16,85.213,85.36,84.386,84.709,672494
2008-10-17,84.323,84.7,83.745,84.368,669728
2008-10-20,84.824,85.873,84.403,85.519,792894
2008-10-21,86.29,86.415,85.655,85.655,787766
2008-10-22,85.845,86.952,85.582,86.29,1646674
2008-10-23,86.714,86.714,85.36,85.415,696189
2008-10-24,85.415,85.573,83.108,83.374,916153
2008-10-27,83.16,83.356,82.439,82.491,966183
2008-10-28,82.772,82.845,81.994,81.994,846595
2008-10-29,82.799,83.322,82.22,82.535,1116840
2008-10-30,82.835,83.197,82.073,82.073,1279484
2008-10-31,82.88,82.88,81.34,81.625,1591683
2008-11-03,82.011,82.448,81.625,82.312,1384331
2008-11-04,82.845,83.7,82.356,83.583,1016407
2008-11-05,83.7,84.304,83.592,84.177,1000445
2008-11-06,83.862,84.359,83.7,83.827,611452
2008-11-07,83.764,83.764,83.286,83.462,651915
2008-11-10,83.506,83.968,83.08,83.754,592295
2008-11-11,84.125,84.807,83.791,83.95,446200
2008-11-12,83.95,84.601,83.94,84.08,585005
2008-11-13,84.08,84.125,83.295,83.559,1105054
2008-11-14,83.55,84.478,83.55,84.411,717030
2008-11-17,84.186,84.909,83.95,84.485,680765
2008-11-18,84.088,84.512,83.629,83.629,591045
2008-11-19,83.95,84.295,83.286,83.61,761161
2008-11-20,83.481,84.151,82.228,82.608,1014572
2008-11-21,82.065,82.253,81.253,81.766,1176301
2008-11-24,81.739,81.766,80.105,80.176,1138375
2008-11-25,80.954,81.721,80.633,81.642,874854
2008-11-26,82.028,82.138,81.634,82.082,803622
2008-11-28,82.11,82.623,81.526,82.34,399701
2008-12-01,82.835,84.018,82.516,83.993,685805
2008-12-02,84.205,85.023,83.533,84.736,872827
2008-12-03,84.962,85.938,84.394,85.854,750172
2008-12-04,85.803,86.535,85.637,86.535,686524
2008-12-05,86.535,86.59,85.159,85.938,816198
2008-12-08,85.69,85.803,84.833,84.833,747075
2008-12-09,84.869,85.519,84.666,85.336,904172
2008-12-10,84.892,85.22,84.394,84.781,636665
2008-12-11,85.406,85.752,84.799,85.716,777558
2008-12-12,85.415,85.564,84.47,85.369,697433
2008-12-15,85.15,85.573,84.833,85.005,605958
2008-12-16,84.833,87.808,84.833,87.737,1049468
2008-12-17,88.351,89.471,88.118,89.419,1124998
2008-12-18,89.526,90.311,89.26,89.913,873588
2008-12-19,89.806,89.887,88.145,88.377,771006
2008-12-22,88.666,89.357,88.657,89.013,618355
2008-12-23,88.621,89.419,88.231,88.79,745669
2008-12-24,88.727,89.526,88.701,88.808,559993
2008-12-26,89.013,89.241,88.836,89.013,329609
2008-12-29,89.11,89.161,88.595,88.719,907717
2008-12-30,88.727,88.951,86.803,87.431,889530
2008-12-31,87.511,87.909,86.858,87.694,780737
2009-01-02,87.872,87.872,85.92,86.052,595621
2009-01-05,86.009,86.406,85.6,85.733,943967
2009-01-06,85.761,86.795,85.415,86.369,1128481
2009-01-07,86.509,86.759,86.043,86.476,990105
2009-01-08,86.704,87.2,86.599,87.166,638757
2009-01-09,87.148,88.214,87.148,87.936,629767
2009-01-12,87.926,88.43,87.05,88.377,950656
2009-01-13,88.525,89.137,88.323,88.36,849184
2009-01-14,88.386,89.092,88.386,88.454,730265
2009-01-15,88.498,88.736,88.222,88.463,1672886
2009-01-16,87.278,88.19,87.278,88.099,740079
2009-01-20,87.485,88.286,87.184,88.048,1078695
2009-01-21,87.511,87.555,86.644,86.704,1152123
2009-01-22,86.704,87.041,86.599,86.858,1102385
2009-01-23,86.849,87.174,86.535,87.174,985662
2009-01-26,87.235,87.235,86.59,86.882,904889
2009-01-27,87.305,88.057,86.952,87.632,951253
2009-01-28,88.013,88.198,87.261,87.686,1082011
2009-01-29,88.013,88.048,87.059,87.252,1303209
2009-01-30,87.641,87.818,87.35,87.659,1116508
2009-02-02,87.909,88.136,87.218,87.978,1220007
2009-02-03,87.728,87.728,87.341,87.659,1777497
2009-02-04,87.58,87.676,87.269,87.485,1647701
2009-02-05,87.737,87.737,87.193,87.386,1777498
2009-02-06,87.368,87.9,87.184,87.891,1585607
2009-02-09,87.909,88.905,87.745,88.808,1675405
2009-02-10,88.808,89.25,88.508,89.215,1798072
2009-02-11,89.268,89.276,88.649,88.977,1027927
2009-02-12,89.074,89.074,88.222,88.657,1225695
2009-02-13,88.764,88.764,88.022,88.286,1115565
2009-02-17,88.827,89.031,88.454,88.827,1566970
2009-02-18,88.498,88.836,88.162,88.267,1290560
2009-02-19,88.314,88.481,87.836,88.022,1349999
2009-02-20,88.887,88.968,88.022,88.332,1697186
2009-02-23,88.083,88.71,87.836,88.24,1303524
2009-02-24,88.351,88.481,87.441,87.485,1232484
2009-02-25,87.606,88.039,86.882,86.961,1159082
2009-02-26,87.023,87.023,85.964,86.263,1154754
2009-02-27,86.026,86.599,85.733,85.733,1307128
2009-03-02,85.992,86.509,85.992,86.272,1169217
2009-03-03,86.298,86.644,85.964,86.077,1221741
2009-03-04,85.938,86.061,85.672,85.91,822382
2009-03-05,86.151,86.731,86.151,86.704,1023313
2009-03-06,86.476,86.822,85.973,86.132,1031469
2009-03-09,86.132,86.272,85.69,85.803,808967
2009-03-10,85.761,85.769,85.141,85.255,1076341
2009-03-11,85.318,86.052,85.023,85.681,1219266
2009-03-12,86.151,87.032,86.016,86.979,831515
2009-03-13,86.988,87.395,86.831,86.952,1053307
2009-03-16,86.599,87.114,86.599,86.864,809299
2009-03-17,87.077,87.448,86.731,86.776,1062027
2009-03-18,87.466,90.116,87.059,89.984,1406649
2009-03-19,91.028,91.028,90.037,90.397,1495037
2009-03-20,90.689,90.903,89.622,89.947,1181424
2009-03-23,90.205,90.366,89.842,89.929,1384837
2009-03-24,89.905,90.877,89.797,90.441,1396656
2009-03-25,90.441,90.505,89.993,90.311,1479359
2009-03-26,90.441,91.443,90.24,91.319,1592315
2009-03-27,91.363,91.485,90.877,91.088,1555842
2009-03-30,91.451,91.592,90.911,91.257,1339786
2009-03-31,91.23,91.274,90.68,90.795,1295264
2009-04-01,90.859,90.885,90.533,90.696,987450
2009-04-02,90.604,90.704,89.947,90.142,1199769
2009-04-03,90.056,90.082,89.268,89.552,1103129
2009-04-06,89.788,89.788,89.25,89.481,1089410
2009-04-07,89.577,89.577,89.146,89.357,1192948
2009-04-08,89.383,89.797,89.375,89.797,975037
2009-04-09,89.517,89.631,89.179,89.526,1826416
2009-04-13,89.683,89.929,89.622,89.929,1075073
2009-04-14,89.938,90.002,89.788,89.975,1002369
2009-04-15,89.869,90.168,89.604,90.028,987713
2009-04-16,89.921,90.275,89.543,89.692,1127968
2009-04-17,89.49,90.885,88.764,88.808,1213720
2009-04-20,89.312,89.312,88.808,88.887,1059617
2009-04-21,89.232,89.32,88.559,88.586,1434530
2009-04-22,88.843,88.932,88.421,88.808,1438380
2009-04-23,88.808,89.455,88.595,89.276,1139201
2009-04-24,89.153,89.552,89.153,89.471,693683
2009-04-27,89.535,89.842,89.223,89.56,1103147
2009-04-28,89.869,89.957,89.26,89.56,1040753
2009-04-29,89.771,89.905,89.092,89.187,1259617
2009-04-30,88.896,89.499,88.369,88.755,1685211
2009-05-01,87.909,87.917,87.166,87.35,2246642
2009-05-04,87.395,87.864,87.395,87.511,1765010
2009-05-05,87.827,87.836,87.395,87.537,1629535
2009-05-06,87.641,88.259,87.485,87.891,1124309
2009-05-07,87.926,88.314,87.891,87.978,1287278
2009-05-08,88.083,88.222,87.882,88.013,1579643
2009-05-11,88.276,88.605,88.108,88.454,1107156
2009-05-12,88.569,88.87,88.421,88.727,1147345
2009-05-13,89.022,89.074,88.71,88.71,1368553
2009-05-14,88.808,89.206,88.79,89.206,1978149
2009-05-15,89.206,89.455,88.852,89.392,1255861
2009-05-18,89.622,89.674,89.171,89.366,908975
2009-05-19,89.357,89.622,89.223,89.543,1300699
2009-05-20,89.419,90.195,89.419,90.02,1541984
2009-05-21,90.124,90.213,88.977,89.137,1773198
2009-05-22,89.179,89.49,88.951,89.295,1016915
2009-05-26,89.241,89.481,88.915,88.915,1046542
2009-05-27,89.285,89.366,88.525,88.71,1863191
2009-05-28,89.161,89.241,88.03,88.808,1360773
2009-05-29,88.843,90.028,88.78,89.966,1220174
2009-06-01,89.206,89.366,88.727,88.924,1474832
2009-06-02,89.304,89.683,88.977,89.56,1903637
2009-06-03,89.725,89.896,89.285,89.526,1807616
2009-06-04,89.206,89.268,88.498,88.621,2003118
2009-06-05,88.314,88.674,88.162,88.276,1738977
2009-06-08,88.517,88.517,87.755,87.936,1459707
2009-06-09,88.25,88.631,88.091,88.525,1550673
2009-06-10,88.498,88.764,88.198,88.569,1488074
2009-06-11,88.463,89.049,88.267,88.736,1906457
2009-06-12,88.755,89.049,88.481,88.569,1653110
2009-06-15,88.843,88.977,88.412,88.471,1151959
2009-06-16,88.595,88.852,88.395,88.764,1242523
2009-06-17,88.559,88.808,88.136,88.181,1370757
2009-06-18,88.057,88.091,87.781,87.961,1505890
2009-06-19,87.969,88.631,87.891,88.517,1018482
2009-06-22,88.621,88.771,88.286,88.666,1199596
2009-06-23,88.808,89.241,88.719,89.102,1285867
2009-06-24,89.022,89.347,88.55,88.64,1310460
2009-06-25,88.896,89.471,88.71,89.153,1339594
2009-06-26,89.206,89.232,88.941,89.153,851621
2009-06-29,89.179,89.455,89.031,89.215,1043141
2009-06-30,89.357,89.913,89.161,89.815,1143100
2009-07-01,89.241,89.499,89.074,89.285,1052162
2009-07-02,89.161,89.455,88.968,89.064,804501
2009-07-06,88.674,88.941,88.542,88.852,694459
2009-07-07,88.771,89.128,88.736,88.996,906951
2009-07-08,89.179,89.455,88.951,89.312,851523
2009-07-09,88.896,89.031,88.24,88.586,1082451
2009-07-10,88.896,89.119,88.595,88.941,596737
2009-07-13,89.056,89.056,88.508,88.577,656743
2009-07-14,88.577,88.78,88.369,88.508,1102280
2009-07-15,88.517,88.71,88.25,88.267,1167883
2009-07-16,88.674,88.987,88.621,88.817,889239
2009-07-17,88.559,88.915,88.508,88.78,1394935
2009-07-20,88.71,89.471,88.71,89.295,975550
2009-07-21,89.092,89.683,88.951,89.499,1037430
2009-07-22,89.357,89.392,88.996,89.26,861069
2009-07-23,89.329,89.338,88.674,88.827,1423680
2009-07-24,88.887,88.951,88.691,88.87,843871
2009-07-27,88.542,88.764,88.395,88.701,950019
2009-07-28,88.755,89.049,88.395,88.621,1364635
2009-07-29,88.771,88.987,88.351,88.577,1512013
2009-07-30,88.657,89.146,88.535,89.083,1151157
2009-07-31,89.455,89.692,89.25,89.552,1183358
2009-08-03,88.771,88.852,88.395,88.71,1421386
2009-08-04,88.887,88.924,88.172,88.395,1800787
2009-08-05,88.438,89.074,88.341,88.463,1509569
2009-08-06,88.498,88.613,88.231,88.323,1555860
2009-08-07,88.145,88.471,88.03,88.438,1549539
2009-08-10,88.586,88.941,88.395,88.605,1051883
2009-08-11,89.022,89.064,88.674,88.996,1083866
2009-08-12,89.119,89.119,88.369,88.649,1276042
2009-08-13,88.755,89.074,88.525,88.941,1476163
2009-08-14,89.083,89.338,88.71,88.843,1044512
2009-08-17,89.187,89.25,88.941,89.161,1523005
2009-08-18,89.137,89.471,89.056,89.357,2398911
2009-08-19,89.543,89.905,89.471,89.806,894243
2009-08-20,90.011,90.441,89.779,90.347,1029960
2009-08-21,90.487,90.552,89.834,89.984,1569439
2009-08-24,89.825,90.374,89.717,90.302,1265591
2009-08-25,90.133,90.176,89.701,90.037,1303729
2009-08-26,90.133,90.302,89.957,90.293,1028312
2009-08-27,90.213,90.487,89.878,89.966,1494515
2009-08-28,89.896,90.267,89.779,90.002,1070260
2009-08-31,90.002,90.152,89.753,89.921,1029197
2009-09-01,89.056,89.392,88.808,89.232,1459941
2009-09-02,89.268,89.471,89.074,89.375,921709
2009-09-03,89.366,89.753,89.206,89.49,1064794
2009-09-04,89.692,89.834,89.357,89.471,857666
2009-09-08,89.993,90.133,89.631,89.658,1096602
2009-09-09,89.753,89.984,89.569,89.938,1597579
2009-09-10,90.133,90.356,89.947,90.152,1323470
2009-09-11,90.477,90.68,90.168,90.356,1363687
2009-09-14,90.366,90.533,90.133,90.152,1213646
2009-09-15,90.133,90.311,90.028,90.205,1643393
2009-09-16,90.366,90.397,89.869,90.381,1864493
2009-09-17,90.339,90.542,90.056,90.496,1704230
2009-09-18,90.23,90.374,89.966,90.082,2083255
2009-09-21,90.124,90.33,89.771,89.984,2110638
2009-09-22,90.046,90.302,89.993,90.195,1963244
2009-09-23,90.116,90.39,89.869,90.39,1832964
2009-09-24,90.477,90.487,90.213,90.302,1107630
2009-09-25,90.32,90.533,90.116,90.433,1188200
2009-09-28,90.587,90.704,90.284,90.622,1127179
2009-09-29,90.451,90.73,90.366,90.587,1468813
2009-09-30,90.604,90.974,90.552,90.911,1870599
2009-10-01,91.07,91.23,90.885,91.122,1655228
2009-10-02,91.345,91.67,90.911,90.947,1507522
2009-10-05,91.167,91.167,90.786,91.001,991453
2009-10-06,91.07,91.104,90.795,90.992,1185677
2009-10-07,91.195,91.46,91.104,91.39,1701210
2009-10-08,91.521,91.574,91.045,91.302,1466997
2009-10-09,91.096,91.186,90.595,90.832,1221673
2009-10-12,90.867,91.15,90.604,91.053,866229
2009-10-13,91.284,91.574,91.204,91.565,1031697
2009-10-14,91.265,91.46,91.045,91.167,1388981
2009-10-15,91.096,91.372,90.939,91.239,1671812
2009-10-16,91.416,91.555,91.248,91.529,1217495
2009-10-19,91.582,92.112,91.443,92.112,1637415
2009-10-20,92.6,92.6,92.103,92.193,1334774
2009-10-21,91.928,91.937,91.582,91.83,1243737
2009-10-22,91.408,91.434,91.176,91.381,1326650
2009-10-23,91.23,91.408,91.096,91.186,1232461
2009-10-26,90.947,91.07,90.631,90.768,1532162
2009-10-27,90.92,91.521,90.911,91.494,1178717
2009-10-28,91.592,91.751,91.416,91.565,1437321
2009-10-29,91.381,91.574,91.018,91.574,1305428
2009-10-30,91.802,92.079,91.61,91.91,2028793
2009-11-02,91.759,91.928,91.46,91.784,1367371
2009-11-03,91.866,91.875,91.416,91.601,1266599
2009-11-04,91.521,91.857,91.485,91.775,1409286
2009-11-05,91.821,92.052,91.802,91.953,1198351
2009-11-06,92.112,92.209,91.751,92.184,1027383
2009-11-09,92.539,92.714,92.449,92.662,1164001
2009-11-10,92.785,92.889,92.305,92.502,1256309
2009-11-11,92.618,92.997,92.52,92.838,841634
2009-11-12,92.44,92.511,91.784,92.404,1425311
2009-11-13,92.475,92.539,91.928,92.44,1203698
2009-11-16,92.742,93.278,92.662,93.14,1238001
2009-11-17,93.015,93.394,92.889,93.386,1308306
2009-11-18,93.59,93.686,93.227,93.36,1108511
2009-11-19,93.403,93.625,93.296,93.369,1121709
2009-11-20,93.422,93.485,93.176,93.369,913116
2009-11-23,93.26,93.521,93.168,93.448,1273278
2009-11-24,93.537,93.643,93.394,93.547,1227286
2009-11-25,93.573,93.95,93.457,93.915,1042124
2009-11-27,94.023,94.145,93.783,94.119,561559
2009-11-30,93.995,94.181,93.668,94.172,1175881
2009-12-01,94.014,94.056,93.783,93.826,1336616
2009-12-02,93.818,94.004,93.668,93.732,1267862
2009-12-03,93.466,93.512,93.288,93.422,1350370
2009-12-04,92.978,93.006,92.567,92.662,1420957
2009-12-07,92.677,92.829,92.609,92.812,944865
2009-12-08,92.978,93.089,92.67,92.768,1015434
2009-12-09,92.751,92.829,92.193,92.359,1657024
2009-12-10,92.184,92.219,91.717,92.06,1482043
2009-12-11,92.07,92.156,91.726,92.096,1000656
2009-12-14,92.27,92.449,92.202,92.414,940593
2009-12-15,92.359,92.557,92.288,92.404,1429757
2009-12-16,92.557,92.846,92.44,92.567,1682589
2009-12-17,92.821,93.07,92.742,92.96,1129322
2009-12-18,92.88,93.061,92.67,92.821,1165253
2009-12-21,92.618,92.662,92.279,92.387,1200358
2009-12-22,92.333,92.378,91.903,92.087,2106217
2009-12-23,92.237,92.279,91.91,91.953,1409608
2009-12-24,91.91,91.953,91.707,91.707,583179
2009-12-28,91.637,91.811,91.546,91.679,1471059
2009-12-29,91.62,91.811,91.546,91.751,1154390
2009-12-30,91.839,91.953,91.707,91.894,1381247
2009-12-31,91.679,91.849,91.309,91.811,919491
2010-01-04,91.894,92.079,91.707,92.052,4054847
2010-01-05,92.228,92.43,92.156,92.35,1967034
2010-01-06,92.378,92.378,91.946,92.112,1396323
2010-01-07,92.139,92.395,92.121,92.253,1111386
2010-01-08,92.618,92.627,92.253,92.449,980730
2010-01-11,92.449,92.583,92.202,92.245,1218391
2010-01-12,92.591,92.838,92.574,92.67,1214261
2010-01-13,92.492,92.618,92.165,92.253,1343820
2010-01-14,92.457,92.67,92.359,92.492,1692740
2010-01-15,92.803,92.924,92.696,92.794,1419715
2010-01-19,92.714,92.785,92.583,92.723,1866848
2010-01-20,92.917,93.043,92.751,92.864,1154758
2010-01-21,92.821,93.14,92.776,93.043,1146337
2010-01-22,92.889,92.978,92.67,92.951,936943
2010-01-25,92.812,92.951,92.714,92.714,1280438
2010-01-26,92.978,92.997,92.733,92.997,1245216
2010-01-27,93.115,93.2,92.677,92.751,1266152
2010-01-28,92.557,92.933,92.557,92.872,1011891
2010-01-29,92.846,93.227,92.776,93.218,1587017
2010-02-01,92.924,93.061,92.696,92.997,1231293
2010-02-02,93.096,93.2,93.024,93.168,1434467
2010-02-03,92.942,92.97,92.776,92.785,1456228
2010-02-04,92.88,93.096,92.829,93.033,1183069
2010-02-05,93.015,93.14,92.733,92.864,1686199
2010-02-08,92.742,92.864,92.644,92.723,1041803
2010-02-09,92.627,92.794,92.387,92.404,1506683
2010-02-10,92.557,92.609,91.937,92.13,1550594
2010-02-11,92.096,92.112,91.767,91.91,1136778
2010-02-12,92.103,92.147,91.91,91.91,1173070
2010-02-16,91.811,92.261,91.784,92.174,1165275
2010-02-17,92.06,92.314,91.811,91.999,1156136
2010-02-18,92.079,92.096,91.679,91.919,1220953
2010-02-19,91.582,91.775,91.381,91.759,1640883
2010-02-22,91.707,91.743,91.451,91.529,1780814
2010-02-23,91.592,91.903,91.574,91.811,2278688
2010-02-24,91.875,91.981,91.504,91.637,1345050
2010-02-25,91.821,91.83,91.494,91.637,1539157
2010-02-26,91.661,91.937,91.661,91.821,1082765
2010-03-01,91.894,91.919,91.743,91.83,928556
2010-03-02,91.751,91.953,91.689,91.903,1306666
2010-03-03,91.839,91.981,91.698,91.866,1092828
2010-03-04,91.885,92.139,91.83,91.962,1490884
2010-03-05,91.903,91.937,91.592,91.759,1538565
2010-03-08,91.717,91.751,91.644,91.679,1302352
2010-03-09,91.903,91.903,91.661,91.839,1013390
2010-03-10,91.717,91.811,91.637,91.743,957224
2010-03-11,91.726,91.875,91.62,91.849,1076757
2010-03-12,91.919,92.193,91.857,92.087,1027891
2010-03-15,92.087,92.13,91.903,92.07,893998
2010-03-16,92.121,92.466,92.096,92.414,943800
2010-03-17,92.404,92.636,92.369,92.609,878246
2010-03-18,92.422,92.539,92.237,92.237,916232
2010-03-19,92.139,92.395,92.06,92.06,866082
2010-03-22,92.193,92.279,92.184,92.27,857912
2010-03-23,92.219,92.333,92.147,92.202,1108172
2010-03-24,91.734,91.83,91.221,91.46,2440354
2010-03-25,91.381,91.504,91.079,91.336,1276836
2010-03-26,91.274,91.574,91.274,91.451,1231126
2010-03-29,91.443,91.504,91.158,91.336,960170
2010-03-30,91.204,91.416,91.114,91.416,694633
2010-03-31,91.485,91.821,91.363,91.811,2180574
2010-04-01,91.284,91.408,91.131,91.408,1277640
2010-04-05,90.85,90.93,90.39,90.758,2114609
2010-04-06,91.018,91.131,90.93,91.122,1178713
2010-04-07,91.158,91.849,91.122,91.767,1562674
2010-04-08,91.866,91.937,91.62,91.679,1892887
2010-04-09,91.637,91.849,91.504,91.775,769052
2010-04-12,91.919,92.087,91.866,92.034,964615
2010-04-13,92.237,92.245,91.962,92.112,763307
2010-04-14,92.103,92.147,91.885,91.999,730505
2010-04-15,91.919,92.333,91.919,92.261,1070579
2010-04-16,92.404,92.636,92.245,92.475,1280511
2010-04-19,92.449,92.492,92.219,92.253,888057
2010-04-20,92.245,92.475,92.202,92.475,758119
2010-04-21,92.583,92.785,92.52,92.76,956518
2010-04-22,92.846,92.872,92.422,92.492,1135755
2010-04-23,92.4,92.563,92.292,92.498,1026846
2010-04-26,92.714,92.785,92.43,92.583,1273055
2010-04-27,92.864,93.314,92.76,93.122,1285796
2010-04-28,92.924,93.043,92.742,92.933,1018778
2010-04-29,93.115,93.503,93.089,93.422,938143
2010-04-30,93.555,93.802,93.448,93.722,1504496
2010-05-03,93.476,93.476,93.323,93.412,906902
2010-05-04,93.686,93.757,93.503,93.555,3160436
2010-05-05,93.59,93.889,93.403,93.598,1628371
2010-05-06,93.767,95.134,93.555,94.023,1852392
2010-05-07,93.836,94.462,93.573,93.818,1945305
2010-05-10,93.209,93.704,93.185,93.555,1005100
2010-05-11,93.767,93.836,93.512,93.732,874906
2010-05-12,93.643,93.88,93.581,93.845,1124200
2010-05-13,94.093,94.199,93.652,93.924,1122660
2010-05-14,94.102,94.445,94.048,94.199,1181599
2010-05-17,94.181,94.377,93.818,93.873,1166000
2010-05-18,94.039,94.497,93.915,94.358,923312
2010-05-19,94.231,94.497,93.643,93.757,1988953
2010-05-20,93.236,93.767,92.872,93.749,2311723
2010-05-21,93.732,93.864,93.244,93.811,1762963
2010-05-24,93.802,93.94,93.607,93.713,826688
2010-05-25,93.668,93.802,93.332,93.403,1050242
2010-05-26,93.457,93.616,93.26,93.581,1143495
2010-05-27,93.323,93.494,93.115,93.236,859515
2010-05-28,93.563,93.802,93.341,93.757,620221
2010-06-01,93.466,93.466,92.96,93.106,1322433
2010-06-02,93.209,93.305,92.889,93.006,616318
2010-06-03,92.997,93.26,92.872,93.052,707269
2010-06-04,93.503,93.668,93.314,93.643,2512364
2010-06-07,93.529,93.775,93.412,93.722,709545
2010-06-08,93.521,93.668,93.412,93.485,926087
2010-06-09,93.236,93.581,93.236,93.581,709300
2010-06-10,93.227,93.341,92.846,92.889,1236210
2010-06-11,93.149,93.448,93.024,93.429,670730
2010-06-14,93.089,93.429,92.917,93.429,813598
2010-06-15,93.429,93.512,93.149,93.305,721454
2010-06-16,93.448,93.598,93.36,93.598,809286
2010-06-17,93.677,94.11,93.66,94.048,854241
2010-06-18,93.995,94.004,93.818,93.889,623496
2010-06-21,93.512,93.995,93.448,93.94,923579
2010-06-22,93.977,94.304,93.864,94.163,660359
2010-06-23,94.163,94.313,93.986,94.181,681633
2010-06-24,94.19,94.295,93.889,93.915,747600
2010-06-25,94.075,94.295,93.915,94.241,569489
2010-06-28,94.411,94.462,94.224,94.462,648582
2010-06-29,94.411,94.55,94.331,94.541,693020
2010-06-30,94.488,94.56,94.345,94.47,710861
2010-07-01,93.995,94.206,93.677,93.686,894039
2010-07-02,93.503,93.775,93.466,93.512,520614
2010-07-06,93.403,93.652,93.2,93.616,833618
2010-07-07,93.503,93.503,93.191,93.227,561023
2010-07-08,93.168,93.494,92.988,93.369,585649
2010-07-09,93.244,93.555,93.236,93.439,537756
2010-07-12,93.547,93.643,93.36,93.378,574346
2010-07-13,93.439,93.448,93.236,93.269,493368
2010-07-14,93.403,93.722,93.323,93.537,704105
2010-07-15,93.767,93.932,93.598,93.652,494550
2010-07-16,93.713,93.793,93.429,93.429,495722
2010-07-19,93.323,93.369,93.033,93.07,587666
2010-07-20,93.191,93.305,93.006,93.176,548541
2010-07-21,93.209,93.767,93.209,93.66,545835
2010-07-22,93.573,93.668,93.448,93.573,545378
2010-07-23,93.555,93.634,93.185,93.332,728064
2010-07-26,93.269,93.386,93.149,93.369,599369
2010-07-27,93.236,93.494,93.227,93.236,608277
2010-07-28,93.227,93.581,93.159,93.547,497933
2010-07-29,93.378,93.845,93.378,93.66,620860
2010-07-30,93.977,94.093,93.802,93.995,1215542
2010-08-02,93.757,94.065,93.722,93.995,1018922
2010-08-03,94.102,94.506,94.056,94.489,930841
2010-08-04,94.453,94.453,94.093,94.172,1545318
2010-08-05,94.331,94.55,94.224,94.516,792004
2010-08-06,94.778,94.778,94.525,94.605,654502
2010-08-09,94.384,94.576,94.34,94.559,605029
2010-08-10,94.613,95.193,94.453,95.144,849001
2010-08-11,95.067,95.261,94.971,95.134,894626
2010-08-12,95.223,95.223,94.42,94.506,1354734
2010-08-13,94.453,94.929,94.453,94.758,870756
2010-08-16,95.077,95.252,95.018,95.058,681783
2010-08-17,95.114,95.114,94.778,94.853,765421
2010-08-18,95.106,95.144,94.685,94.797,756165
2010-08-19,94.648,94.98,94.648,94.807,894357
2010-08-20,94.853,94.92,94.63,94.694,594033
2010-08-23,94.621,94.748,94.368,94.694,668321
2010-08-24,94.89,95.173,94.797,95.009,713661
2010-08-25,95.048,95.164,94.847,95.009,705996
2010-08-26,95.124,95.525,95.106,95.525,1229662
2010-08-27,95.411,95.602,94.853,94.952,1262520
2010-08-30,95.154,95.42,95.154,95.382,634429
2010-08-31,95.572,95.707,95.469,95.64,856177
2010-09-01,95.223,95.271,94.666,95.213,1506595
2010-09-02,95.124,95.183,94.91,95.038,776998
2010-09-03,94.862,95.028,94.703,94.89,856917
2010-09-07,95.271,95.479,95.154,95.411,853482
2010-09-08,95.261,95.382,95.028,95.134,1246238
2010-09-09,94.88,95.048,94.817,94.92,595431
2010-09-10,94.92,95.233,94.89,95.018,531036
2010-09-13,95.028,95.659,94.99,95.659,944110
2010-09-14,95.698,95.8,95.562,95.562,781088
2010-09-15,95.44,95.592,95.271,95.364,712048
2010-09-16,95.154,95.183,94.837,95.164,760472
2010-09-17,95.164,95.261,94.89,94.9,611630
2010-09-20,95.096,95.298,94.971,95.271,596796
2010-09-21,95.469,96.522,95.307,96.492,707853
2010-09-22,96.892,97.127,96.611,96.621,1184385
2010-09-23,96.836,96.836,96.272,96.552,724339
2010-09-24,96.165,96.377,96.031,96.06,697494
2010-09-27,96.106,96.435,96.06,96.348,868081
2010-09-28,96.577,97.167,96.577,97.01,1158927
2010-09-29,96.921,96.96,96.532,96.587,694241
2010-09-30,96.557,96.768,95.944,96.377,1220516
2010-10-01,96.145,96.542,96.031,96.522,870693
2010-10-04,96.567,96.739,96.387,96.66,1051771
2010-10-05,96.739,97.31,96.739,97.28,850612
2010-10-06,98.266,98.751,98.011,98.157,1271740
2010-10-07,98.196,98.276,97.744,97.932,1106991
2010-10-08,98.216,98.548,98.157,98.548,779153
2010-10-11,98.548,98.711,98.43,98.548,505775
2010-10-12,98.508,98.632,98.142,98.276,1045799
2010-10-13,98.196,98.83,98.167,98.83,759534
2010-10-14,98.876,99.407,98.876,99.155,1195935
2010-10-15,98.886,98.996,98.498,98.508,963285
2010-10-18,98.711,98.866,98.578,98.721,617266
2010-10-19,98.365,98.996,98.316,98.781,780048
2010-10-20,98.781,98.876,98.607,98.751,567271
2010-10-21,98.741,98.986,98.691,98.751,618288
2010-10-22,98.528,98.86,98.528,98.781,585116
2010-10-25,98.996,99.215,98.996,99.086,633555
2010-10-26,98.781,98.85,98.508,98.548,968841
2010-10-27,98.216,98.246,97.873,97.971,1344551
2010-10-28,98.276,98.326,98.024,98.316,841036
2010-10-29,98.508,98.652,98.41,98.622,773932
2010-11-01,98.771,98.886,98.375,98.548,820755
2010-11-02,98.771,98.906,98.652,98.781,609396
2010-11-03,99.165,99.215,98.276,98.597,961759
2010-11-04,99.195,99.387,98.661,98.84,851117
2010-11-05,98.652,98.741,98.48,98.508,1003713
2010-11-08,98.652,98.82,98.489,98.642,1055030
2010-11-09,98.661,98.761,97.754,97.774,1054135
2010-11-10,97.873,98.102,97.117,98.024,1091924
2010-11-11,98.206,98.266,97.952,98.024,537143
2010-11-12,97.863,98.011,97.204,97.214,810677
2010-11-15,96.854,96.882,95.875,95.992,1691765
2010-11-16,96.175,96.358,95.592,96.165,1222220
2010-11-17,96.165,96.454,96.125,96.185,774015
2010-11-18,96.281,96.358,95.992,96.348,1054631
2010-11-19,96.425,96.758,96.302,96.621,1122585
2010-11-22,97.068,97.068,96.758,96.95,774878
2010-11-23,97.319,97.461,96.99,96.99,715980
2010-11-24,96.68,96.797,96.339,96.482,855711
2010-11-26,96.778,96.912,96.577,96.758,183927
2010-11-29,97.02,97.107,96.836,96.872,1785235
2010-11-30,97.233,97.27,96.69,96.749,757765
2010-12-01,96.242,96.312,95.829,95.954,806126
2010-12-02,95.79,96.175,95.773,95.914,796829
2010-12-03,96.011,96.175,95.773,95.904,675554
2010-12-06,96.001,96.397,96.001,96.29,583351
2010-12-07,96.06,96.06,95.164,95.335,1303621
2010-12-08,95.077,95.154,94.126,94.411,2329307
2010-12-09,94.497,94.586,93.986,94.295,1510890
2010-12-10,94.014,94.231,93.793,93.836,1446772
2010-12-13,93.864,94.516,93.749,94.402,2105493
2010-12-14,94.102,94.163,93.209,93.503,1853257
2010-12-15,93.757,94.014,93.537,93.793,1485345
2010-12-16,94.0,94.282,93.672,94.203,860315
2010-12-17,94.506,95.018,94.384,94.847,693632
2010-12-20,94.962,95.124,94.586,94.837,987536
2010-12-21,94.88,95.067,94.64,94.99,678774
2010-12-22,94.88,94.99,94.713,94.92,870449
2010-12-23,94.787,94.91,94.55,94.568,635519
2010-12-27,94.541,94.89,94.42,94.778,434224
2010-12-28,94.595,94.595,93.775,93.836,627755
2010-12-29,93.928,94.661,93.685,94.443,595876
2010-12-30,94.427,94.479,94.119,94.355,486043
2010-12-31,94.607,95.009,94.55,95.009,569669
2011-01-03,94.525,94.92,94.313,94.613,1377500
2011-01-04,94.713,95.124,94.676,94.853,1188037
2011-01-05,94.817,94.92,94.285,94.489,983762
2011-01-06,94.559,94.853,94.462,94.768,936793
2011-01-07,94.92,95.402,94.797,95.058,1016987
2011-01-10,95.193,95.364,95.096,95.335,723723
2011-01-11,95.372,95.525,95.096,95.372,642350
2011-01-12,95.0,95.459,95.0,95.345,604534
2011-01-13,95.271,95.65,95.154,95.64,971107
2011-01-14,95.707,95.736,95.223,95.223,770985
2011-01-18,95.077,95.402,94.92,95.243,1273674
2011-01-19,95.261,95.562,95.243,95.281,644340
2011-01-20,95.038,95.077,94.377,94.377,897428
2011-01-21,94.445,94.621,94.331,94.55,582139
2011-01-24,94.613,94.837,94.437,94.489,902238
2011-01-25,94.497,95.106,94.489,94.862,667129
2011-01-26,94.837,94.847,94.516,94.703,738133
2011-01-27,94.613,94.787,94.42,94.64,726092
2011-01-28,94.489,95.077,94.384,94.92,680474
2011-01-31,94.9,95.173,94.807,95.028,903163
2011-02-01,94.713,94.937,94.541,94.797,1057477
2011-02-02,94.9,95.048,94.402,94.541,797223
2011-02-03,94.322,94.377,94.039,94.048,934995
2011-02-04,93.94,93.995,93.439,93.521,1330514
2011-02-07,93.412,93.537,93.236,93.503,1149996
2011-02-08,93.529,93.59,92.942,93.015,1342060
2011-02-09,93.106,93.403,92.88,93.278,1048075
2011-02-10,93.131,93.176,92.696,92.705,970998
2011-02-11,93.089,93.252,92.907,93.185,734905
2011-02-14,93.122,93.296,93.061,93.252,635243
2011-02-15,93.227,93.422,93.14,93.369,1016652
2011-02-16,93.394,93.439,93.07,93.236,801926
2011-02-18,93.503,94.075,93.503,94.075,927517
2011-02-22,94.453,94.89,94.437,94.817,941429
2011-02-23,94.817,95.289,94.817,95.154,792246
2011-02-24,95.43,95.745,95.364,95.505,923612
2011-02-25,95.592,95.819,95.402,95.819,766814
2011-02-28,95.809,95.829,95.562,95.562,929510
2011-03-01,95.489,96.115,95.411,96.115,1185743
2011-03-02,95.848,96.262,95.838,95.838,994575
2011-03-03,95.65,95.736,95.469,95.572,751901
2011-03-04,95.764,96.29,95.698,96.214,856369
2011-03-07,95.982,96.415,95.78,96.135,825769
2011-03-08,96.185,96.302,96.051,96.194,977928
2011-03-09,96.252,96.512,96.098,96.33,851435
2011-03-10,96.473,96.94,96.397,96.882,775792
2011-03-11,96.816,96.872,96.557,96.72,1419964
2011-03-14,96.67,96.97,96.67,96.862,997968
2011-03-15,97.147,97.186,96.797,96.836,960730
2011-03-16,97.27,97.903,97.242,97.54,1609021
2011-03-17,97.53,97.814,97.378,97.725,1071983
2011-03-18,97.47,97.774,97.448,97.657,712141
2011-03-21,97.448,97.5,97.117,97.233,1431584
2011-03-22,97.137,97.137,96.912,96.99,615313
2011-03-23,97.27,97.27,96.69,96.836,714883
2011-03-24,96.68,96.921,96.552,96.921,1115517
2011-03-25,97.0,97.107,96.397,96.473,863077
2011-03-28,96.454,96.64,96.358,96.532,819314
2011-03-29,96.463,96.567,96.175,96.33,710723
2011-03-30,96.29,96.68,96.29,96.67,801215
2011-03-31,96.96,96.97,96.482,96.7,967089
2011-04-01,96.606,97.117,96.463,96.94,1016859
2011-04-04,97.214,97.53,97.06,97.388,648977
2011-04-05,97.348,97.398,97.167,97.214,1005330
2011-04-06,97.088,97.097,96.67,96.68,925544
2011-04-07,96.758,96.96,96.596,96.854,854505
2011-04-08,96.749,97.167,96.73,97.06,730363
2011-04-11,97.107,97.214,96.97,96.98,631462
2011-04-12,97.27,97.638,97.078,97.49,923379
2011-04-13,97.368,97.734,97.26,97.706,813283
2011-04-14,97.814,97.814,97.53,97.58,936985
2011-04-15,97.883,98.286,97.883,98.286,1030195
2011-04-18,98.246,98.4,97.981,98.316,1023580
2011-04-19,98.4,98.691,98.276,98.632,607114
2011-04-20,98.652,98.652,98.246,98.326,713645
2011-04-21,98.276,98.346,98.044,98.157,695353
2011-04-25,98.336,98.4,98.122,98.4,1011248
2011-04-26,98.365,98.721,98.365,98.721,782205
2011-04-27,98.548,98.607,98.316,98.489,947527
2011-04-28,98.701,98.946,98.597,98.771,705508
2011-04-29,98.81,99.116,98.671,98.986,1047068
2011-05-02,99.096,99.294,98.936,99.155,846077
2011-05-03,99.145,99.318,99.055,99.318,919500
2011-05-04,99.51,99.75,99.387,99.407,880038
2011-05-05,99.368,99.54,99.106,99.284,983446
2011-05-06,98.916,99.54,98.876,99.328,670822
2011-05-09,99.447,99.55,99.304,99.54,665626
2011-05-10,99.378,99.467,99.215,99.255,1492781
2011-05-11,99.155,99.294,98.936,98.936,776739
2011-05-12,98.996,99.066,98.578,98.82,903365
2011-05-13,98.83,98.906,98.597,98.8,1498535
2011-05-16,99.025,99.025,98.671,98.83,712275
2011-05-17,98.652,98.916,98.578,98.906,722716
2011-05-18,98.976,99.066,98.721,98.86,1034419
2011-05-19,98.587,98.84,98.498,98.597,1083684
2011-05-20,98.578,98.652,98.375,98.558,817357
2011-05-23,98.632,98.751,98.548,98.568,710105
2011-05-24,98.761,99.076,98.761,99.076,657818
2011-05-25,99.235,99.235,98.85,99.106,651104
2011-05-26,99.225,99.378,99.145,99.358,964226
2011-05-27,99.348,99.53,99.225,99.53,562949
2011-05-31,99.264,99.58,99.245,99.245,1686470
2011-06-01,99.6,100.01,99.497,100.0,1456182
2011-06-02,99.64,99.79,99.447,99.62,895204
2011-06-03,99.76,99.91,99.6,99.78,707534
2011-06-06,99.53,99.91,99.53,99.83,672538
2011-06-07,99.81,100.03,99.58,99.99,546941
2011-06-08,100.08,100.27,99.92,99.98,742689
2011-06-09,100.15,100.21,99.72,99.85,687348
2011-06-10,99.94,100.17,99.74,99.81,855785
2011-06-13,99.71,100.04,99.67,99.8,613149
2011-06-14,99.61,99.74,99.378,99.52,662985
2011-06-15,99.77,100.29,99.75,100.05,567925
2011-06-16,100.09,100.3,99.99,99.99,551839
2011-06-17,99.83,100.07,99.78,99.93,744627
2011-06-20,100.08,100.08,99.56,99.64,517484
2011-06-21,99.65,99.98,99.64,99.9,653597
2011-06-22,99.98,100.03,99.57,99.66,571971
2011-06-23,99.85,100.47,99.85,100.38,748048
2011-06-24,100.46,100.9,100.44,100.76,616006
2011-06-27,100.8,100.9,100.42,100.61,652696
2011-06-28,100.52,100.55,100.06,100.22,739333
2011-06-29,100.27,100.33,100.05,100.26,734506
2011-06-30,100.29,100.34,99.72,100.03,5337947
2011-07-01,100.28,100.52,99.81,100.15,1594902
2011-07-05,100.16,100.43,100.13,100.25,659119
2011-07-06,100.5,100.63,100.36,100.53,984757
2011-07-07,100.4,100.56,100.25,100.49,596983
2011-07-08,100.94,101.08,100.83,100.95,1594557
2011-07-11,101.25,101.65,101.1,101.51,988792
2011-07-12,101.85,101.93,101.49,101.93,781902
2011-07-13,101.88,102.16,101.51,102.09,1537127
2011-07-14,101.77,101.89,101.43,101.5,772005
2011-07-15,101.41,101.94,101.28,101.84,1027077
2011-07-18,101.9,101.94,101.67,101.92,1217559
2011-07-19,102.04,102.48,101.99,102.41,753449
2011-07-20,102.08,102.11,100.98,101.85,891927
2011-07-21,101.56,101.74,101.43,101.64,837768
2011-07-22,101.93,102.05,101.72,101.96,476099
2011-07-25,101.47,102.22,101.43,102.05,2412299
2011-07-26,102.15,102.32,102.06,102.09,920930
2011-07-27,101.98,102.33,101.98,102.28,1337960
2011-07-28,102.47,102.72,102.32,102.71,1373378
2011-07-29,102.99,104.08,102.95,103.91,1431813
2011-08-01,103.96,104.54,103.76,104.2,1597123
2011-08-02,104.59,105.01,104.21,104.9,1215955
2011-08-03,104.96,105.34,104.14,104.24,1569380
2011-08-04,104.4,105.21,103.96,105.16,1589471
2011-08-05,104.52,105.24,103.94,103.95,2100426
2011-08-08,104.19,105.32,104.1,105.21,3308582
2011-08-09,105.51,107.19,105.13,106.08,2920977
2011-08-10,107.0,108.47,106.94,108.0,2226482
2011-08-11,107.31,107.38,105.09,105.81,2638827
2011-08-12,106.22,106.63,106.09,106.4,1485906
2011-08-15,106.31,106.42,105.74,105.85,1186523
2011-08-16,105.71,106.26,105.69,106.09,1218075
2011-08-17,106.11,106.65,105.93,106.65,1094053
2011-08-18,107.04,107.66,105.69,105.84,1498917
2011-08-19,105.85,106.56,105.84,106.18,1956938
2011-08-22,106.09,106.48,106.02,106.15,1511084
2011-08-23,106.06,106.2,105.25,105.51,1407737
2011-08-24,105.33,105.34,103.92,103.94,1924400
2011-08-25,104.23,104.96,104.23,104.76,1379723
2011-08-26,105.26,105.6,104.69,105.09,1820142
2011-08-29,104.56,104.64,104.34,104.45,847125
2011-08-30,104.93,105.21,104.91,105.08,1378749
2011-08-31,105.26,105.26,104.56,104.6,2048445
2011-09-01,104.84,105.89,104.63,105.55,2896663
2011-09-02,106.55,106.78,106.17,106.69,713252
2011-09-06,106.96,107.1,105.9,106.05,1213471
2011-09-07,105.68,106.06,105.54,105.79,737994
2011-09-08,105.88,106.46,105.73,106.41,667386
2011-09-09,106.33,106.74,106.26,106.54,1245055
2011-09-12,106.49,106.61,106.15,106.16,757467
2011-09-13,106.13,106.19,105.7,105.72,652835
2011-09-14,105.47,105.72,105.34,105.59,769309
2011-09-15,105.39,105.62,105.28,105.37,579875
2011-09-16,105.23,105.72,105.2,105.42,1037227
2011-09-19,106.07,106.13,105.65,105.68,477829
2011-09-20,105.73,106.13,105.62,106.13,592746
2011-09-21,106.13,106.71,105.9,106.31,796653
2011-09-22,106.49,106.74,105.95,106.07,1094869
2011-09-23,105.86,106.01,105.13,105.47,1399834
2011-09-26,105.28,105.49,104.83,104.96,877599
2011-09-27,104.63,105.15,104.48,105.15,5265767
2011-09-28,104.84,105.29,104.77,105.12,864129
2011-09-29,105.1,105.28,104.67,104.77,3191394
2011-09-30,105.14,105.24,104.59,104.59,1033477
2011-10-03,105.05,105.79,104.92,105.61,2904251
2011-10-04,105.84,106.14,105.46,105.68,1822623
2011-10-05,105.88,105.99,105.2,105.61,693285
2011-10-06,105.57,105.7,105.4,105.6,1650164
2011-10-07,105.32,105.64,105.09,105.24,1066014
2011-10-10,105.19,105.23,104.25,104.52,718681
2011-10-11,104.89,105.17,104.66,104.76,816448
2011-10-12,104.51,104.63,104.0,104.32,1229525
2011-10-13,104.51,104.74,104.21,104.39,664211
2011-10-14,104.0,104.39,103.91,104.24,781346
2011-10-17,104.29,104.76,104.29,104.64,595400
2011-10-18,104.87,105.15,104.64,105.14,708140
2011-10-19,104.8,105.21,104.64,104.98,573656
2011-10-20,104.83,105.31,104.66,105.0,654525
2011-10-21,105.0,105.37,104.88,104.88,573430
2011-10-24,105.09,105.29,105.05,105.19,694652
2011-10-25,105.08,106.14,105.08,106.12,964427
2011-10-26,105.95,106.29,105.84,106.03,776065
2011-10-27,105.56,106.01,105.16,105.44,960743
2011-10-28,105.78,105.84,105.34,105.81,741118
2011-10-31,106.4,106.81,106.37,106.75,882590
2011-11-01,107.51,108.01,107.26,108.01,1509393
2011-11-02,107.51,108.15,107.35,108.08,1129325
2011-11-03,107.65,107.9,107.33,107.33,756816
2011-11-04,107.52,108.21,107.48,107.89,842672
2011-11-07,108.06,108.74,107.98,108.43,674652
2011-11-08,108.31,108.49,107.66,107.69,2661813
2011-11-09,108.33,108.48,107.67,107.67,848207
2011-11-10,107.58,107.91,107.4,107.88,936335
2011-11-11,107.74,107.74,107.38,107.55,606892
2011-11-14,107.76,107.85,107.56,107.7,561847
2011-11-15,107.73,107.8,107.0,107.33,887724
2011-11-16,107.26,107.26,106.97,107.02,712902
2011-11-17,106.65,107.08,106.54,107.01,782320
2011-11-18,107.19,107.22,106.91,107.04,718773
2011-11-21,107.16,107.43,106.78,106.86,714573
2011-11-22,106.76,107.18,106.73,107.18,607785
2011-11-23,107.14,107.67,107.06,107.58,843081
2011-11-25,107.41,107.44,107.29,107.29,458963
2011-11-28,107.05,107.67,107.04,107.59,641577
2011-11-29,107.5,107.86,107.32,107.57,1221784
2011-11-30,107.57,107.73,107.28,107.3,945473
2011-12-01,107.32,107.35,107.0,107.26,2781162
2011-12-02,106.97,107.71,106.97,107.71,1518173
2011-12-05,107.49,107.75,107.06,107.69,1123458
2011-12-06,107.4,107.67,107.32,107.45,745000
2011-12-07,107.47,107.52,107.23,107.28,662711
2011-12-08,107.44,107.59,107.11,107.33,551563
2011-12-09,107.18,107.35,106.77,106.77,872492
2011-12-12,107.16,107.48,107.04,107.25,1048249
2011-12-13,107.1,107.81,107.09,107.51,521690
2011-12-14,107.58,107.89,107.54,107.72,847028
2011-12-15,107.58,107.89,107.39,107.47,701384
2011-12-16,107.47,107.88,107.47,107.69,1157820
2011-12-19,107.64,108.26,107.56,108.13,596407
2011-12-20,107.79,108.23,107.79,108.2,689970
2011-12-21,108.23,108.43,107.76,107.76,649408
2011-12-22,108.1,108.2,107.59,107.71,622200
2011-12-23,107.45,107.68,107.26,107.58,733247
2011-12-27,107.8,108.0,107.17,107.33,623526
2011-12-28,107.38,107.75,107.38,107.56,661908
2011-12-29,107.56,107.63,107.42,107.48,669708
2011-12-30,107.55,107.81,107.42,107.46,823401
2012-01-03,107.25,107.55,107.21,107.42,1348442
2012-01-04,107.35,107.65,107.31,107.51,771987
2012-01-05,107.79,108.07,107.68,107.7,2380934
2012-01-06,108.05,108.24,107.97,108.06,666637
2012-01-09,108.06,108.47,108.03,108.18,684264
2012-01-10,108.08,108.22,107.75,107.84,713385
2012-01-11,107.84,108.14,107.73,108.12,656671
2012-01-12,108.11,108.15,107.71,107.95,819214
2012-01-13,108.32,108.5,108.24,108.27,1142832
2012-01-17,108.38,108.58,108.28,108.38,966119
2012-01-18,108.58,108.79,108.11,108.3,795435
2012-01-19,108.05,108.12,107.72,107.88,851287
2012-01-20,107.9,107.94,107.59,107.66,719659
2012-01-23,107.3,107.53,107.29,107.47,804641
2012-01-24,107.44,107.59,107.29,107.47,874540
2012-01-25,107.56,108.66,107.4,108.3,1212013
2012-01-26,109.03,109.09,108.64,108.81,1032992
2012-01-27,109.15,109.18,108.67,109.05,852613
2012-01-30,109.53,109.68,109.34,109.43,1265711
2012-01-31,109.55,109.97,109.46,109.95,2153493
2012-02-01,109.77,109.91,109.5,109.88,2143456
2012-02-02,109.85,109.92,109.68,109.88,1469093
2012-02-03,109.22,109.32,108.82,108.94,1183418
2012-02-06,109.04,109.55,108.89,109.46,1155779
2012-02-07,109.36,109.43,108.98,109.03,1705979
2012-02-08,109.01,109.22,108.89,109.0,1441395
2012-02-09,108.99,108.99,108.37,108.58,2134344
2012-02-10,108.88,109.22,108.69,109.09,635144
2012-02-13,108.95,109.34,108.94,109.33,657087
2012-02-14,109.32,109.53,109.19,109.33,718525
2012-02-15,109.46,109.68,109.39,109.54,615024
2012-02-16,109.45,109.7,108.98,109.25,789536
2012-02-17,109.15,109.26,108.8,108.98,709851
2012-02-21,109.11,109.2,108.85,108.91,784419
2012-02-22,109.13,109.56,109.08,109.56,1515817
2012-02-23,109.6,109.72,109.47,109.6,1663840
2012-02-24,109.61,109.62,109.44,109.62,703285
2012-02-27,109.93,109.98,109.63,109.79,882828
2012-02-28,109.98,110.03,109.71,109.81,1501392
2012-02-29,109.86,109.91,109.27,109.31,2892306
2012-03-01,108.98,109.14,108.75,109.03,3999935
2012-03-02,109.03,109.27,109.02,109.04,712537
2012-03-05,109.04,109.2,108.51,108.53,1182802
2012-03-06,108.73,109.06,108.73,108.84,1711571
2012-03-07,108.97,109.09,108.85,109.09,1961070
2012-03-08,108.99,109.1,108.83,109.05,803980
2012-03-09,108.92,109.25,108.77,109.25,557475
2012-03-12,109.45,109.46,109.31,109.4,489419
2012-03-13,109.34,109.43,109.06,109.12,871521
2012-03-14,108.8,108.8,107.96,108.06,1502042
2012-03-15,107.98,108.4,107.98,108.22,905085
2012-03-16,108.03,108.42,107.84,108.29,895109
2012-03-19,108.14,108.35,107.73,107.99,881916
2012-03-20,107.9,108.1,107.59,107.88,1182951
2012-03-21,108.02,108.19,107.86,108.09,689915
2012-03-22,108.29,108.34,107.94,108.22,920223
2012-03-23,108.45,108.65,108.29,108.59,1009038
2012-03-26,108.58,108.58,108.03,108.26,1240393
2012-03-27,108.33,108.72,108.26,108.66,1184218
2012-03-28,108.48,108.74,108.38,108.52,574837
2012-03-29,108.77,108.86,108.6,108.7,643246
2012-03-30,108.68,108.85,108.17,108.34,1082702
2012-04-02,108.78,108.96,108.59,108.9,1115531
2012-04-03,109.09,109.33,108.05,108.06,1284399
2012-04-04,108.3,108.44,107.97,108.08,670571
2012-04-05,108.51,108.54,108.26,108.46,654150
2012-04-09,109.25,109.26,108.89,108.9,1087736
2012-04-10,109.29,109.72,109.13,109.56,982050
2012-04-11,109.39,109.8,109.22,109.73,902752
2012-04-12,109.82,109.83,109.49,109.53,1274010
2012-04-13,109.78,110.04,109.75,109.99,571004
2012-04-16,109.92,110.1,109.82,109.92,768489
2012-04-17,109.9,110.2,109.83,110.15,1751332
2012-04-18,110.09,110.15,109.95,110.01,531774
2012-04-19,110.01,110.03,109.75,109.75,1091450
2012-04-20,109.72,110.04,109.63,110.03,1097044
2012-04-23,110.29,110.31,110.1,110.13,534548
2012-04-24,110.16,110.29,110.1,110.16,725150
2012-04-25,109.91,110.15,109.76,110.11,781282
2012-04-26,110.26,110.53,110.21,110.53,1294714
2012-04-27,110.49,110.61,110.3,110.42,889130
2012-04-30,110.4,110.54,110.31,110.31,1088796
2012-05-01,110.53,110.61,110.17,110.35,1811441
2012-05-02,110.52,110.57,110.4,110.47,827192
2012-05-03,110.43,110.63,110.33,110.33,609655
2012-05-04,110.46,110.56,110.26,110.54,577022
2012-05-07,110.67,110.7,110.51,110.54,588305
2012-05-08,110.81,110.93,110.69,110.75,837414
2012-05-09,111.04,111.12,110.54,110.61,844867
2012-05-10,110.5,110.62,110.4,110.59,531163
2012-05-11,110.74,110.77,110.57,110.65,903327
2012-05-14,110.82,111.17,110.81,111.17,1230470
2012-05-15,111.17,111.33,111.03,111.3,994625
2012-05-16,111.02,111.19,110.96,111.08,1135683
2012-05-17,110.87,111.73,110.82,111.45,980261
2012-05-18,111.37,112.13,111.29,111.72,920620
2012-05-21,111.69,112.04,111.63,111.86,830818
2012-05-22,111.73,111.74,111.51,111.63,757848
2012-05-23,111.73,111.86,111.63,111.64,659204
2012-05-24,111.55,111.63,111.39,111.49,494384
2012-05-25,111.49,111.63,111.47,111.59,682929
2012-05-29,111.6,111.6,111.21,111.25,714363
2012-05-30,111.55,111.92,111.47,111.89,1662317
2012-05-31,112.0,112.54,112.0,112.43,1522528
2012-06-01,112.55,113.28,112.54,112.89,3504813
2012-06-04,112.77,112.96,112.57,112.69,1761279
2012-06-05,112.65,112.88,112.51,112.59,1381814
2012-06-06,112.72,112.84,112.04,112.06,4004619
2012-06-07,112.03,112.32,111.94,112.04,938675
2012-06-08,112.43,112.51,111.92,112.11,1110666
2012-06-11,111.93,112.37,111.88,112.1,614220
2012-06-12,111.95,112.16,111.75,111.88,496158
2012-06-13,111.99,112.25,111.84,112.11,604237
2012-06-14,112.14,112.21,111.8,111.97,1460432
2012-06-15,112.3,112.7,112.3,112.69,658041
2012-06-18,112.68,112.75,112.42,112.63,1222951
2012-06-19,112.35,112.55,112.22,112.51,713373
2012-06-20,112.4,112.71,112.14,112.36,802845
2012-06-21,112.23,112.29,111.86,111.88,1570069
2012-06-22,111.67,111.75,111.36,111.36,1312373
2012-06-25,111.71,111.88,111.71,111.86,712312
2012-06-26,111.66,111.88,111.56,111.8,954959
2012-06-27,111.88,111.95,111.75,111.89,683384
2012-06-28,112.04,112.2,111.85,111.94,1306885
2012-06-29,111.58,111.73,111.22,111.72,1083518
2012-07-02,111.77,112.17,111.74,111.91,3493545
2012-07-03,111.92,112.12,111.92,112.1,662441
2012-07-05,112.1,112.47,112.1,112.35,766561
2012-07-06,112.57,112.67,112.39,112.53,536446
2012-07-09,112.66,112.85,112.6,112.74,1394784
2012-07-10,112.86,113.21,112.81,113.03,532644
2012-07-11,113.08,113.26,112.9,112.91,462230
2012-07-12,113.13,113.16,112.99,113.15,459703
2012-07-13,113.05,113.23,112.83,113.21,460113
2012-07-16,113.38,113.66,113.33,113.33,518370
2012-07-17,113.32,113.37,112.95,113.19,762069
2012-07-18,113.33,113.33,113.19,113.21,477376
2012-07-19,113.13,113.33,113.04,113.31,428277
2012-07-20,113.51,113.75,113.47,113.67,454010
2012-07-23,113.79,113.82,113.57,113.58,457669
2012-07-24,113.45,113.72,113.44,113.64,531326
2012-07-25,113.64,113.72,113.37,113.53,1403237
2012-07-26,113.29,113.48,113.1,113.36,681448
2012-07-27,113.17,113.19,112.55,113.03,702217
2012-07-30,112.95,113.42,112.93,113.35,633354
2012-07-31,113.65,113.72,113.4,113.64,656828
2012-08-01,113.58,113.91,113.5,113.69,862205
2012-08-02,113.97,114.12,113.61,113.67,558998
2012-08-03,113.36,113.48,113.12,113.47,586333
2012-08-06,113.57,113.75,113.47,113.55,363989
2012-08-07,113.28,113.32,113.18,113.29,1491670
2012-08-08,113.25,113.3,112.86,112.95,1485734
2012-08-09,112.88,112.95,112.57,112.74,544052
2012-08-10,112.84,112.91,112.77,112.82,444188
2012-08-13,113.02,113.09,112.67,112.67,362948
2012-08-14,112.39,112.51,112.16,112.16,549876
2012-08-15,111.73,111.8,111.28,111.35,937254
2012-08-16,111.37,111.58,110.98,111.08,1774515
2012-08-17,111.07,111.36,111.07,111.22,1593764
2012-08-20,111.11,111.31,111.11,111.16,780495
2012-08-21,111.05,111.31,110.84,111.24,658473
2012-08-22,111.63,112.21,111.63,112.13,589214
2012-08-23,112.6,112.76,112.48,112.67,838180
2012-08-24,112.82,112.91,112.57,112.65,1689651
2012-08-27,112.85,113.05,112.83,113.01,524956
2012-08-28,113.2,113.43,113.12,113.3,509311
2012-08-29,113.22,113.22,112.84,112.91,679862
2012-08-30,113.14,113.19,112.76,112.83,1015295
2012-08-31,112.6,113.39,112.6,113.36,1560588
2012-09-04,113.23,113.46,113.11,113.21,1933616
2012-09-05,113.22,113.44,113.2,113.4,1766672
2012-09-06,113.04,113.14,112.78,112.78,1104327
2012-09-07,113.46,113.61,113.15,113.15,850203
2012-09-10,113.32,113.55,113.2,113.44,940372
2012-09-11,113.32,113.47,113.2,113.32,750822
2012-09-12,112.97,113.08,112.67,112.77,822493
2012-09-13,112.95,113.81,112.55,113.72,1376821
2012-09-14,114.39,114.48,113.23,114.08,1396222
2012-09-17,113.97,114.34,113.82,113.99,2097626
2012-09-18,113.93,114.08,113.82,113.83,1330447
2012-09-19,113.88,114.12,113.77,113.98,654218
2012-09-20,114.28,114.38,113.45,113.61,1400647
2012-09-21,113.53,113.7,113.46,113.7,936280
2012-09-24,113.72,113.91,113.57,113.62,872612
2012-09-25,113.81,113.85,113.62,113.77,1236455
2012-09-26,114.05,114.15,113.92,114.02,901712
2012-09-27,114.0,114.31,113.86,114.0,992256
2012-09-28,114.13,114.23,113.8,113.93,1643935
2012-10-01,114.03,114.19,113.8,114.15,1832618
2012-10-02,113.91,114.66,113.91,114.63,907768
2012-10-03,114.58,114.88,114.58,114.76,6875596
2012-10-04,114.82,115.11,114.75,114.94,489000
2012-10-05,114.83,114.94,114.55,114.69,1069803
2012-10-08,114.71,115.05,114.71,114.97,525717
2012-10-09,114.76,115.24,114.61,114.67,732325
2012-10-10,114.41,114.6,114.27,114.54,699734
2012-10-11,114.3,114.52,114.22,114.43,531753
2012-10-12,114.54,114.67,114.26,114.34,954373
2012-10-15,114.39,114.55,114.28,114.33,491877
2012-10-16,114.22,114.28,113.81,113.84,705984
2012-10-17,113.61,113.75,113.39,113.53,613186
2012-10-18,113.39,113.67,113.31,113.52,516419
2012-10-19,113.59,114.11,113.59,113.88,605228
2012-10-22,113.86,113.99,113.7,113.71,438898
2012-10-23,113.88,114.12,113.86,113.94,605436
2012-10-24,113.91,113.94,113.72,113.77,542613
2012-10-25,113.36,113.57,113.23,113.44,445782
2012-10-26,113.68,113.99,113.68,113.99,466793
2012-10-31,114.17,114.71,114.15,114.65,1012451
2012-11-01,114.44,114.69,114.42,114.51,2201202
2012-11-02,114.22,114.53,114.21,114.44,880579
2012-11-05,114.42,114.67,114.41,114.6,1044970
2012-11-06,114.6,114.6,114.21,114.3,476423
2012-11-07,115.0,115.11,114.77,114.98,650405
2012-11-08,115.02,115.6,114.89,115.58,1186884
2012-11-09,115.41,115.51,115.08,115.17,1769618
2012-11-12,115.17,115.52,115.17,115.48,865994
2012-11-13,115.4,115.48,115.18,115.35,1620313
2012-11-14,114.91,115.26,114.85,115.23,574323
2012-11-15,115.08,115.22,114.94,115.15,716608
2012-11-16,114.93,115.37,114.92,115.23,619477
2012-11-19,114.86,115.1,114.86,115.02,1315438
2012-11-20,114.72,114.94,114.63,114.67,1407683
2012-11-21,114.5,114.52,114.32,114.39,505991
2012-11-23,114.52,114.53,114.3,114.31,726147
2012-11-26,114.52,114.82,114.52,114.63,579540
2012-11-27,114.64,114.76,114.57,114.63,878583
2012-11-28,114.87,115.02,114.8,114.92,1193594
2012-11-29,114.86,115.13,114.8,115.12,576767
2012-11-30,115.25,115.43,115.14,115.3,715136
2012-12-03,115.27,115.65,115.19,115.64,2359291
2012-12-04,115.57,115.75,115.46,115.68,1553715
2012-12-05,115.77,115.94,115.71,115.9,1953203
2012-12-06,116.0,116.26,116.0,116.15,584887
2012-12-07,116.0,116.13,115.9,116.0,565388
2012-12-10,116.04,116.16,115.95,116.15,1537590
2012-12-11,115.94,116.05,115.75,115.79,1592990
2012-12-12,115.9,116.02,115.43,115.43,1023751
2012-12-13,115.18,115.38,114.95,115.11,2480724
2012-12-14,115.0,115.31,115.0,115.23,465982
2012-12-17,115.28,115.28,114.68,114.79,837660
2012-12-18,114.71,114.72,114.25,114.45,2274602
2012-12-19,114.51,114.87,114.47,114.55,1286880
2012-12-20,114.57,114.82,114.56,114.6,1652432
2012-12-21,114.84,115.08,114.81,114.94,2179186
2012-12-24,114.96,114.99,114.73,114.8,563915
2012-12-26,114.8,115.09,114.8,114.96,1529699
2012-12-27,114.86,115.32,114.86,115.09,1236148
2012-12-28,115.1,115.29,114.98,115.05,799382
2012-12-31,114.85,114.89,114.15,114.33,1611535
2013-01-02,114.1,114.29,114.06,114.27,3214800
2013-01-03,114.12,114.19,113.38,113.51,3845905
2013-01-04,113.38,113.5,113.18,113.46,998593
2013-01-07,113.51,113.9,113.49,113.82,1314004
2013-01-08,113.93,114.09,113.93,113.99,954797
2013-01-09,114.0,114.32,114.0,114.19,735011
2013-01-10,114.11,114.19,113.98,114.08,1080759
2013-01-11,113.89,114.19,113.79,114.19,733772
2013-01-14,114.26,114.28,114.08,114.23,752965
2013-01-15,114.35,114.51,114.3,114.31,694408
2013-01-16,114.31,114.38,114.19,114.28,1028396
2013-01-17,114.13,114.14,113.95,114.07,633688
2013-01-18,114.1,114.31,114.07,114.27,947074
2013-01-22,114.06,114.34,114.04,114.25,673831
2013-01-23,114.31,114.42,114.25,114.27,1227646
2013-01-24,114.16,114.31,113.97,114.2,1005738
2013-01-25,113.95,114.0,113.61,113.72,1212049
2013-01-28,113.38,113.59,113.33,113.59,1458644
2013-01-29,113.61,113.71,113.36,113.38,856854
2013-01-30,113.26,113.5,113.13,113.42,1635349
2013-01-31,113.55,113.82,113.43,113.74,1760169
2013-02-01,114.0,114.08,113.19,113.2,4379762
2013-02-04,113.58,113.96,113.58,113.92,3078112
2013-02-05,113.56,113.61,113.44,113.6,1039224
2013-02-06,113.65,113.79,113.58,113.72,3592148
2013-02-07,113.62,113.98,113.62,113.62,877421
2013-02-08,113.68,113.7,113.41,113.59,1486481
2013-02-11,113.49,113.66,113.49,113.52,778840
2013-02-12,113.4,113.58,113.37,113.51,796176
2013-02-13,113.19,113.33,113.05,113.18,1176990
2013-02-14,113.33,113.5,113.21,113.38,672454
2013-02-15,113.14,113.21,112.91,113.06,974550
2013-02-19,113.2,113.24,112.97,113.0,1163923
2013-02-20,112.93,113.23,112.9,113.03,1186845
2013-02-21,113.19,113.29,113.08,113.18,1330330
2013-02-22,113.31,113.47,113.3,113.43,805665
2013-02-25,113.2,114.0,113.18,113.98,817741
2013-02-26,113.72,114.0,113.68,113.71,816360
2013-02-27,114.0,114.0,113.63,113.71,1096946
2013-02-28,113.77,113.96,113.74,113.96,1332593
2013-03-01,113.89,114.44,113.87,114.44,4293329
2013-03-04,114.14,114.23,114.03,114.07,1023988
2013-03-05,114.01,114.11,113.93,114.04,3588039
2013-03-06,113.82,113.93,113.72,113.8,706019
2013-03-07,113.57,113.6,113.35,113.39,630626
2013-03-08,113.02,113.22,112.9,113.01,3080706
2013-03-11,113.04,113.16,112.94,112.95,1127678
2013-03-12,113.18,113.28,113.13,113.17,1221667
2013-03-13,113.03,113.27,113.01,113.2,1021193
2013-03-14,113.08,113.51,113.06,113.4,956089
2013-03-15,113.39,113.59,113.38,113.56,787546
2013-03-18,113.81,113.91,113.73,113.78,880537
2013-03-19,113.9,114.06,113.86,113.89,744914
2013-03-20,113.75,113.83,113.55,113.59,1064819
2013-03-21,113.72,113.78,113.59,113.63,744238
2013-03-22,113.75,113.89,113.59,113.82,1105563
2013-03-25,113.74,113.99,113.68,113.83,678786
2013-03-26,113.7,113.91,113.6,113.9,707070
2013-03-27,114.15,114.31,114.03,114.25,675683
2013-03-28,114.15,114.22,114.0,114.2,1209367
2013-04-01,114.03,114.41,114.03,114.25,4943598
2013-04-02,114.31,114.36,114.07,114.19,1394073
2013-04-03,114.29,114.61,114.27,114.49,852300
2013-04-04,114.61,115.06,114.61,115.04,2912941
2013-04-05,115.63,115.75,115.45,115.52,940411
2013-04-08,115.55,115.63,115.0,115.02,928138
2013-04-09,115.11,115.2,114.8,114.91,1141831
2013-04-10,114.67,114.68,114.17,114.25,1036144
2013-04-11,114.44,114.66,114.39,114.57,757532
2013-04-12,115.03,115.16,114.93,115.06,652144
2013-04-15,114.99,115.12,114.91,115.04,1153707
2013-04-16,114.69,114.93,114.68,114.84,621105
2013-04-17,114.77,114.93,114.63,114.82,658882
2013-04-18,114.81,114.9,113.93,114.0,968227
2013-04-19,114.27,114.56,114.2,114.44,923673
2013-04-22,114.73,114.79,114.6,114.76,632638
2013-04-23,114.85,115.18,114.72,114.82,583884
2013-04-24,114.75,115.03,114.75,115.0,518177
2013-04-25,115.02,115.18,115.02,115.08,925546
2013-04-26,115.36,115.54,115.36,115.51,859341
2013-04-29,115.53,115.58,115.19,115.19,700872
2013-04-30,115.19,115.32,114.92,115.12,719630
2013-05-01,115.19,115.19,114.89,115.1,2456750
2013-05-02,114.87,115.0,114.84,114.98,536158
2013-05-03,114.54,114.59,114.07,114.17,1508934
2013-05-06,114.22,114.22,113.86,114.0,868967
2013-05-07,113.89,114.02,113.87,114.0,813052
2013-05-08,113.81,113.86,113.7,113.75,828227
2013-05-09,113.9,113.94,113.7,113.71,719362
2013-05-10,113.58,113.61,113.09,113.39,692585
2013-05-13,113.17,113.24,113.02,113.05,882984
2013-05-14,113.12,113.2,112.56,112.56,1022095
2013-05-15,112.67,112.77,112.37,112.6,1043172
2013-05-16,112.53,113.05,112.51,112.92,1108332
2013-05-17,112.75,112.75,112.33,112.35,884079
2013-05-20,112.37,112.47,112.15,112.32,1355697
2013-05-21,112.24,112.6,112.04,112.56,1067086
2013-05-22,112.57,112.85,111.54,111.58,1633451
2013-05-23,111.85,111.91,111.2,111.61,1795422
2013-05-24,111.68,111.85,111.61,111.7,838489
2013-05-28,111.62,111.69,110.68,110.68,1338032
2013-05-29,110.75,110.94,110.43,110.6,2089786
2013-05-30,110.66,110.75,110.08,110.2,1653894
2013-05-31,110.4,110.47,109.64,110.32,3308067
2013-06-03,109.81,110.59,109.43,110.2,5506140
2013-06-04,110.08,110.38,109.96,110.01,1797788
2013-06-05,110.22,110.29,110.04,110.13,1629611
2013-06-06,109.61,110.23,109.54,110.02,1358319
2013-06-07,109.62,109.83,109.28,109.37,1346166
2013-06-10,109.11,109.36,108.54,108.58,2166463
2013-06-11,107.82,108.53,107.75,108.52,2700926
2013-06-12,108.35,108.55,107.63,107.66,2410212
2013-06-13,107.92,108.53,107.51,108.51,2358830
2013-06-14,108.91,108.91,108.41,108.41,1143819
2013-06-17,108.56,108.65,107.94,108.04,1678546
2013-06-18,108.05,108.55,108.05,108.35,1337569
2013-06-19,108.65,108.77,106.91,106.95,2154349
2013-06-20,106.54,106.72,105.4,105.86,3168564
2013-06-21,105.68,105.84,104.62,104.63,2506357
2013-06-24,103.15,104.53,103.05,104.22,3902521
2013-06-25,104.49,104.75,104.24,104.4,1720345
2013-06-26,104.98,105.16,104.66,104.88,1212289
2013-06-27,105.4,106.04,105.4,105.75,1295289
2013-06-28,105.63,106.35,105.47,106.35,1482750
2013-07-01,105.65,106.3,105.63,106.25,1105341
2013-07-02,106.45,106.84,106.45,106.6,959022
2013-07-03,106.72,106.9,106.37,106.41,814559
2013-07-05,105.31,105.5,104.93,104.96,1301175
2013-07-08,105.26,105.73,105.26,105.62,1945597
2013-07-09,105.83,105.83,105.54,105.57,971852
2013-07-10,105.58,105.75,105.19,105.21,1120471
2013-07-11,105.96,106.1,105.44,105.92,1549097
2013-07-12,106.29,106.44,105.84,105.96,875833
2013-07-15,106.08,106.54,106.08,106.49,854536
2013-07-16,106.71,106.98,106.64,106.92,858733
2013-07-17,107.25,107.47,107.08,107.19,648743
2013-07-18,106.94,107.03,106.6,106.82,838995
2013-07-19,107.13,107.59,107.12,107.55,675967
2013-07-22,107.63,107.66,107.47,107.51,674135
2013-07-23,107.3,107.35,107.06,107.3,758672
2013-07-24,106.57,106.67,106.08,106.43,793789
2013-07-25,106.24,106.59,106.07,106.49,896756
2013-07-26,106.59,106.7,106.42,106.52,1126087
2013-07-29,106.35,106.48,106.28,106.44,731714
2013-07-30,106.53,106.62,106.31,106.39,730556
2013-07-31,105.95,107.05,105.87,107.05,1407360
2013-08-01,106.65,106.72,106.22,106.32,1440216
2013-08-02,106.68,106.91,106.54,106.86,809352
2013-08-05,106.76,106.89,106.61,106.87,659852
2013-08-06,107.13,107.13,106.9,107.11,646918
2013-08-07,107.25,107.46,107.19,107.37,803803
2013-08-08,107.35,107.67,107.35,107.47,603790
2013-08-09,107.37,107.6,107.36,107.55,442041
2013-08-12,107.84,107.84,107.25,107.31,587357
2013-08-13,106.95,106.95,106.34,106.37,737052
2013-08-14,106.18,106.41,106.12,106.14,722428
2013-08-15,105.37,105.66,105.18,105.39,978929
2013-08-16,105.31,105.39,104.59,104.9,991173
2013-08-19,104.58,104.67,104.18,104.26,960994
2013-08-20,104.63,104.98,104.56,104.92,757986
2013-08-21,104.75,105.02,104.17,104.17,1011238
2013-08-22,104.03,104.23,103.83,104.22,1171225
2013-08-23,104.24,105.01,104.17,104.96,650712
2013-08-26,105.17,105.41,105.14,105.32,511054
2013-08-27,105.76,106.06,105.7,105.96,594766
2013-08-28,105.77,105.78,105.43,105.58,499413
2013-08-29,105.2,105.66,105.16,105.44,696464
2013-08-30,105.77,105.86,105.21,105.35,1088006
2013-09-03,104.68,104.76,104.2,104.57,1275095
2013-09-04,104.59,104.67,103.97,104.02,825190
2013-09-05,103.87,103.87,103.17,103.25,1027939
2013-09-06,103.73,104.09,103.59,103.68,597163
2013-09-09,104.08,104.19,103.85,103.88,686352
2013-09-10,103.59,103.99,103.56,103.7,808886
2013-09-11,104.0,104.37,103.89,104.31,794380
2013-09-12,104.72,104.74,104.23,104.36,996176
2013-09-13,104.27,104.44,104.16,104.35,913707
2013-09-16,105.18,105.21,104.58,104.65,553996
2013-09-17,105.07,105.11,104.85,105.06,583557
2013-09-18,104.94,106.68,104.68,106.45,905268
2013-09-19,106.51,106.53,105.98,106.1,819164
2013-09-20,106.12,106.55,106.0,106.4,495657
2013-09-23,106.68,106.81,106.53,106.78,740966
2013-09-24,106.85,106.86,106.69,106.8,588565
2013-09-25,106.8,106.94,106.61,106.88,483199
2013-09-26,106.71,106.81,106.56,106.74,473614
2013-09-27,106.88,106.94,106.72,106.77,417862
2013-09-30,107.02,107.19,106.75,107.19,1155396
2013-10-01,106.94,106.95,106.71,106.82,1455696
2013-10-02,107.04,107.16,106.9,106.99,445816
2013-10-03,106.99,107.25,106.86,107.05,505341
2013-10-04,107.01,107.01,106.77,106.84,396954
2013-10-07,107.09,107.15,106.91,106.96,426476
2013-10-08,106.95,107.03,106.67,106.67,646871
2013-10-09,106.97,106.97,106.6,106.68,903848
2013-10-10,106.53,106.69,106.42,106.59,542933
2013-10-11,106.75,106.89,106.57,106.57,675084
2013-10-14,106.54,106.64,106.07,106.1,319649
2013-10-15,106.5,106.55,106.25,106.31,544723
2013-10-16,106.15,106.68,106.1,106.54,519365
2013-10-17,107.05,107.06,106.84,106.96,529909
2013-10-18,107.12,107.16,107.0,107.09,519296
2013-10-21,107.04,107.06,106.93,107.01,411547
2013-10-22,107.48,107.54,107.37,107.52,509550
2013-10-23,107.62,107.75,107.47,107.48,388328
2013-10-24,107.55,107.58,107.3,107.51,458072
2013-10-25,107.62,107.79,107.59,107.74,566903
2013-10-28,107.68,107.83,107.66,107.69,406370
2013-10-29,107.55,107.72,107.55,107.62,430722
2013-10-30,107.65,107.86,107.41,107.5,501469
2013-10-31,107.86,107.95,107.38,107.49,1150086
2013-11-01,107.05,107.16,106.57,106.6,999716
2013-11-04,106.78,106.82,106.64,106.66,615945
2013-11-05,106.42,106.5,106.18,106.23,532075
2013-11-06,106.61,106.94,106.59,106.85,760826
2013-11-07,106.99,107.15,106.88,106.99,551196
2013-11-08,106.16,106.22,105.94,106.07,687201
2013-11-11,106.12,106.12,105.87,105.87,850476
2013-11-12,105.96,106.11,105.89,105.92,789910
2013-11-13,106.22,106.32,106.08,106.11,434232
2013-11-14,106.32,106.77,106.31,106.7,436446
2013-11-15,106.81,106.81,106.54,106.75,594714
2013-11-18,106.77,107.02,106.68,107.02,434244
2013-11-19,106.79,106.84,106.52,106.61,559315
2013-11-20,106.45,106.61,105.83,105.94,786226
2013-11-21,105.7,106.17,105.49,106.13,856140
2013-11-22,106.37,106.54,106.3,106.43,489304
2013-11-25,106.49,106.63,106.36,106.5,391417
2013-11-26,106.55,106.68,106.49,106.49,440095
2013-11-27,106.4,106.44,106.02,106.27,350859
2013-11-29,106.24,106.36,106.13,106.27,613669
2013-12-02,106.07,106.09,105.68,105.73,577971
2013-12-03,105.92,105.95,105.75,105.79,704423
2013-12-04,105.3,105.44,105.13,105.19,704000
2013-12-05,105.16,105.23,104.96,105.08,715154
2013-12-06,105.13,105.22,104.85,105.07,850277
2013-12-09,105.14,105.24,105.03,105.15,614877
2013-12-10,105.42,105.55,105.2,105.42,1143651
2013-12-11,105.38,105.49,105.19,105.25,1159137
2013-12-12,105.15,105.17,104.92,104.96,792798
2013-12-13,105.16,105.27,105.1,105.26,585226
2013-12-16,105.59,105.59,105.23,105.33,591829
2013-12-17,105.33,105.65,105.31,105.65,1223792
2013-12-18,105.35,105.66,105.06,105.18,1200936
2013-12-19,104.97,105.04,104.75,104.79,898286
2013-12-20,105.12,105.19,104.88,105.15,822352
2013-12-23,105.11,105.14,104.91,104.97,608874
2013-12-24,104.78,104.83,104.62,104.62,312544
2013-12-26,104.57,104.65,104.48,104.57,493889
2013-12-27,104.62,104.73,104.5,104.51,489939
2013-12-30,104.72,104.92,104.66,104.8,665015
2013-12-31,104.76,104.83,104.44,104.66,1060770
2014-01-02,104.73,105.11,104.69,105.0,715778
2014-01-03,104.89,105.14,104.89,104.95,409315
2014-01-06,105.07,105.41,105.06,105.3,1477396
2014-01-07,105.28,105.39,105.18,105.31,412281
2014-01-08,105.12,105.27,105.07,105.25,405968
2014-01-09,105.41,105.67,105.34,105.65,777176
2014-01-10,106.07,106.24,106.0,106.2,1619803
2014-01-13,106.15,106.37,106.12,106.25,682636
2014-01-14,106.08,106.18,105.85,105.89,615750
2014-01-15,105.72,105.9,105.67,105.81,850540
2014-01-16,105.95,106.07,105.84,105.88,532404
2014-01-17,105.88,106.08,105.75,106.08,412599
2014-01-21,105.93,106.05,105.8,105.88,1734431
2014-01-22,105.71,105.88,105.67,105.71,1166214
2014-01-23,105.96,106.31,105.95,106.15,702709
2014-01-24,106.31,106.48,106.21,106.47,819356
2014-01-27,106.48,106.54,106.09,106.09,1594061
2014-01-28,106.27,106.3,106.1,106.3,809418
2014-01-29,106.48,106.79,106.33,106.71,665269
2014-01-30,106.49,106.7,106.46,106.64,496092
2014-01-31,106.82,106.91,106.71,106.85,774061
2014-02-03,106.89,107.46,106.79,107.45,704335
2014-02-04,107.17,107.17,106.87,107.0,1476002
2014-02-05,106.92,106.94,106.52,106.54,836294
2014-02-06,106.53,106.56,106.37,106.56,370811
2014-02-07,106.67,106.98,106.62,106.87,520601
2014-02-10,106.76,107.0,106.76,106.97,431732
2014-02-11,106.69,106.78,106.54,106.62,1207039
2014-02-12,106.48,106.54,106.26,106.35,429532
2014-02-13,106.59,106.76,106.54,106.72,394541
2014-02-14,106.61,106.65,106.41,106.5,354781
2014-02-18,106.6,106.87,106.57,106.7,421875
2014-02-19,106.85,106.85,106.4,106.49,525562
2014-02-20,106.34,106.49,106.04,106.15,538395
2014-02-21,106.13,106.4,106.13,106.35,306704
2014-02-24,106.4,106.47,106.22,106.35,372608
2014-02-25,106.54,106.78,106.54,106.77,345211
2014-02-26,106.79,107.04,106.73,107.0,384501
2014-02-27,107.11,107.27,107.04,107.15,333211
2014-02-28,107.09,107.36,106.93,107.31,974867
2014-03-03,107.51,107.79,107.5,107.76,8107844
2014-03-04,107.4,107.4,107.07,107.1,979971
2014-03-05,107.04,107.27,106.97,107.26,1195345
2014-03-06,106.87,107.11,106.84,107.0,324362
2014-03-07,106.71,106.86,106.66,106.78,447826
2014-03-10,106.76,106.86,106.72,106.82,376653
2014-03-11,106.73,106.87,106.65,106.8,535622
2014-03-12,107.0,107.15,106.91,107.01,457418
2014-03-13,106.8,107.45,106.74,107.43,570327
2014-03-14,107.54,107.58,107.34,107.41,410769
2014-03-17,107.28,107.35,107.14,107.18,452113
2014-03-18,107.2,107.38,107.11,107.38,569533
2014-03-19,107.23,107.32,106.32,106.41,588222
2014-03-20,106.03,106.15,105.99,106.07,675415
2014-03-21,106.21,106.52,106.19,106.48,315589
2014-03-24,106.31,106.71,106.29,106.61,369884
2014-03-25,106.55,106.65,106.46,106.58,388272
2014-03-26,106.6,106.96,106.58,106.96,395216
2014-03-27,106.93,107.15,106.86,106.99,242058
2014-03-28,107.04,107.04,106.61,106.73,318659
2014-03-31,106.48,106.75,106.42,106.75,428150
2014-04-01,106.56,106.58,106.35,106.37,7020941
2014-04-02,106.15,106.3,106.07,106.13,911049
2014-04-03,106.21,106.39,106.19,106.25,1997150
2014-04-04,106.46,106.84,106.46,106.75,430800
2014-04-07,106.88,107.06,106.84,106.91,612688
2014-04-08,106.88,107.01,106.71,106.97,354934
2014-04-09,106.73,107.11,106.73,107.03,364630
2014-04-10,107.1,107.57,107.1,107.38,450197
2014-04-11,107.68,107.74,107.51,107.63,535397
2014-04-14,107.55,107.6,107.41,107.45,256896
2014-04-15,107.52,107.84,107.47,107.69,340778
2014-04-16,107.51,107.84,107.51,107.76,377523
2014-04-17,107.82,107.86,107.49,107.62,723513
2014-04-21,107.7,107.92,107.58,107.62,337690
2014-04-22,107.44,107.69,107.43,107.62,340323
2014-04-23,107.8,108.04,107.8,107.96,912075
2014-04-24,107.89,108.07,107.83,108.03,648041
2014-04-25,108.19,108.38,108.04,108.08,271994
2014-04-28,108.01,108.06,107.72,107.75,312550
2014-04-29,107.53,107.72,107.48,107.68,390906
2014-04-30,107.8,108.12,107.66,108.11,795019
2014-05-01,108.21,108.67,108.19,108.52,586520
2014-05-02,108.31,108.94,108.23,108.81,1346017
2014-05-05,108.89,108.91,108.52,108.58,348797
2014-05-06,108.72,108.72,108.49,108.54,611595
2014-05-07,108.56,108.69,108.39,108.61,288057
2014-05-08,108.64,108.89,108.54,108.76,296879
2014-05-09,108.66,108.78,108.6,108.69,241670
2014-05-12,108.61,108.61,108.26,108.39,856842
2014-05-13,108.56,108.67,108.44,108.67,498298
2014-05-14,109.06,109.47,109.06,109.32,280390
2014-05-15,109.6,109.99,109.6,109.83,595319
2014-05-16,109.89,110.0,109.71,109.72,600925
2014-05-19,109.86,109.9,109.36,109.39,527801
2014-05-20,109.4,109.69,109.29,109.6,455585
2014-05-21,109.48,109.56,109.33,109.54,429985
2014-05-22,109.43,109.76,109.35,109.71,415235
2014-05-23,109.87,110.05,109.82,109.96,446637
2014-05-27,109.95,110.05,109.75,110.03,564500
2014-05-28,110.29,110.65,110.29,110.61,384127
2014-05-29,110.65,111.03,110.55,110.56,345626
2014-05-30,110.45,110.54,110.31,110.32,843268
2014-06-02,110.16,110.27,109.77,109.87,2177423
2014-06-03,109.65,109.66,109.16,109.23,813389
2014-06-04,109.17,109.23,108.88,108.93,862483
2014-06-05,109.02,109.35,108.98,109.22,917483
2014-06-06,109.54,109.57,109.14,109.22,539991
2014-06-09,109.12,109.28,109.02,109.21,317254
2014-06-10,109.01,109.13,108.94,109.02,701517
2014-06-11,109.11,109.23,109.03,109.13,254828
2014-06-12,109.23,109.59,109.16,109.47,828152
2014-06-13,109.19,109.43,109.04,109.28,329845
2014-06-16,109.34,109.47,109.22,109.39,384663
2014-06-17,109.43,109.45,109.16,109.23,286973
2014-06-18,109.37,109.81,109.36,109.77,294001
2014-06-19,110.04,110.09,109.49,109.62,353876
2014-06-20,109.67,110.02,109.66,110.02,393040
2014-06-23,110.14,110.21,109.89,109.92,388094
2014-06-24,110.18,110.43,110.04,110.42,390603
2014-06-25,110.57,110.66,110.41,110.47,486377
2014-06-26,110.64,110.82,110.57,110.67,328639
2014-06-27,110.86,110.91,110.66,110.71,221056
2014-06-30,110.81,110.81,110.62,110.72,373090
2014-07-01,110.47,110.53,110.23,110.28,514194
2014-07-02,110.03,110.07,109.76,109.77,619873
2014-07-03,109.62,109.88,109.57,109.85,320885
2014-07-07,109.98,110.16,109.97,110.07,484465
2014-07-08,110.27,110.51,110.27,110.42,337022
2014-07-09,110.38,110.77,110.29,110.68,537437
2014-07-10,111.01,111.03,110.73,110.82,360341
2014-07-11,111.01,111.12,110.95,110.99,835592
2014-07-14,110.89,110.92,110.68,110.76,344179
2014-07-15,110.67,110.9,110.44,110.52,370659
2014-07-16,110.5,110.56,110.42,110.49,531617
2014-07-17,110.81,111.23,110.64,111.19,563960
2014-07-18,111.14,111.14,110.83,110.98,406081
2014-07-21,111.13,111.34,111.08,111.18,696804
2014-07-22,111.1,111.12,110.91,111.08,300551
2014-07-23,111.16,111.22,111.04,111.07,443382
2014-07-24,110.79,110.9,110.69,110.87,301492
2014-07-25,111.2,111.37,111.13,111.36,235129
2014-07-28,111.26,111.37,111.08,111.23,877204
2014-07-29,111.42,111.43,111.15,111.4,302851
2014-07-30,111.03,111.08,110.63,110.65,699562
2014-07-31,110.44,110.89,110.37,110.61,608515
2014-08-01,110.84,111.14,110.48,111.04,711779
2014-08-04,111.1,111.18,110.85,110.88,851581
2014-08-05,110.74,111.1,110.56,111.0,560651
2014-08-06,111.28,111.33,111.0,111.01,487531
2014-08-07,111.1,111.53,110.97,111.51,340908
2014-08-08,111.53,111.75,111.3,111.41,362316
2014-08-11,111.49,111.55,111.33,111.42,360916
2014-08-12,111.37,111.4,111.06,111.07,648818
2014-08-13,111.09,111.43,111.09,111.4,364139
2014-08-14,111.63,111.67,111.36,111.52,474766
2014-08-15,111.57,112.13,111.56,111.78,533128
2014-08-18,111.64,111.65,111.27,111.35,532571
2014-08-19,111.57,111.57,111.02,111.14,439455
2014-08-20,111.05,111.11,110.71,110.81,424143
2014-08-21,110.79,111.12,110.79,111.02,411485
2014-08-22,111.12,111.22,110.7,110.98,420704
2014-08-25,111.05,111.12,110.92,111.11,258109
2014-08-26,111.19,111.23,110.96,111.02,681794
2014-08-27,111.22,111.3,111.07,111.23,483706
2014-08-28,111.57,111.59,111.3,111.41,252560
2014-08-29,111.38,111.49,111.23,111.3,445806
2014-09-02,110.85,110.87,110.68,110.69,1161990
2014-09-03,110.6,110.93,110.56,110.9,1103673
2014-09-04,110.79,110.98,110.45,110.48,322679
2014-09-05,110.71,110.79,110.32,110.36,338935
2014-09-08,110.53,110.59,110.03,110.09,331662
2014-09-09,109.89,110.04,109.77,109.78,560361
2014-09-10,109.46,109.52,109.31,109.37,1924182
2014-09-11,109.54,109.69,109.42,109.42,835486
2014-09-12,109.11,109.22,108.96,108.97,714205
2014-09-15,109.16,109.23,109.07,109.1,672809
2014-09-16,109.18,109.27,109.03,109.07,501849
2014-09-17,108.97,109.03,108.31,108.31,670639
2014-09-18,108.39,108.42,107.98,108.02,510064
2014-09-19,108.18,108.39,108.01,108.35,404352
2014-09-22,108.39,108.49,108.17,108.27,1169698
2014-09-23,108.44,108.71,108.41,108.69,590630
2014-09-24,108.73,108.85,108.5,108.59,958448
2014-09-25,108.81,109.03,108.76,109.0,695603
2014-09-26,108.68,108.71,108.37,108.42,350413
2014-09-29,108.58,108.65,108.45,108.5,3442643
2014-09-30,108.44,108.67,108.37,108.38,630026
2014-10-01,108.78,109.31,108.78,109.18,1315759
2014-10-02,109.11,109.23,108.87,108.9,2909614
2014-10-03,108.77,108.87,108.59,108.72,652955
2014-10-06,108.77,108.93,108.67,108.82,1647600
2014-10-07,109.06,109.41,108.97,109.29,518827
2014-10-08,109.28,109.94,109.07,109.88,778966
2014-10-09,110.03,110.15,109.75,109.77,262764
2014-10-10,109.87,110.08,109.83,110.07,317437
2014-10-13,110.23,110.63,110.0,110.57,424769
2014-10-14,110.28,110.42,110.07,110.31,425417
2014-10-15,111.32,112.44,110.19,110.44,940707
2014-10-16,110.89,110.94,110.21,110.3,470420
2014-10-17,110.21,110.49,110.09,110.26,372437
2014-10-20,110.53,110.53,110.17,110.3,280577
2014-10-21,110.08,110.23,110.0,110.08,592461
2014-10-22,110.14,110.22,109.96,110.04,402782
2014-10-23,109.83,109.86,109.51,109.65,464147
2014-10-24,109.62,109.78,109.45,109.6,423286
2014-10-27,109.54,109.7,109.49,109.54,376410
2014-10-28,109.46,109.62,109.32,109.49,452725
2014-10-29,109.56,109.62,108.97,109.34,337158
2014-10-30,109.41,109.55,109.29,109.3,307224
2014-10-31,109.46,109.58,109.27,109.39,444925
2014-11-03,109.31,109.39,109.01,109.39,2366756
2014-11-04,109.32,109.55,109.19,109.35,1825682
2014-11-05,109.15,109.46,109.13,109.46,382981
2014-11-06,109.31,109.44,109.22,109.27,1048587
2014-11-07,109.46,109.91,109.45,109.9,716546
2014-11-10,109.88,109.9,109.46,109.53,459837
2014-11-11,109.46,109.53,109.34,109.51,207611
2014-11-12,109.58,109.66,109.27,109.35,467065
2014-11-13,109.28,109.36,109.13,109.22,278218
2014-11-14,109.09,109.53,109.02,109.51,477655
2014-11-17,109.51,109.53,109.09,109.12,431583
2014-11-18,109.17,109.22,109.07,109.22,584123
2014-11-19,108.87,109.09,108.64,108.74,388427
2014-11-20,109.16,109.19,108.79,109.03,317281
2014-11-21,109.2,109.4,109.2,109.37,391836
2014-11-24,109.18,109.48,109.18,109.46,461904
2014-11-25,109.39,109.63,109.3,109.56,501157
2014-11-26,109.66,109.74,109.58,109.61,436126
2014-11-28,109.46,109.71,109.42,109.57,500518
2014-12-01,109.73,109.81,109.3,109.3,3371461
2014-12-02,109.06,109.15,108.65,108.66,1266885
2014-12-03,108.67,108.82,108.56,108.8,1046894
2014-12-04,108.76,109.07,108.74,109.02,343564
2014-12-05,108.8,108.81,108.17,108.37,439560
2014-12-08,108.28,109.01,108.2,108.46,388645
2014-12-09,108.73,108.99,108.71,108.94,382386
2014-12-10,108.72,109.24,108.72,109.17,1078900
2014-12-11,109.03,109.1,108.74,109.02,319293
2014-12-12,109.02,109.29,108.63,109.15,421053
2014-12-15,108.75,108.94,108.62,108.71,381850
2014-12-16,109.1,109.48,108.9,109.41,424141
2014-12-17,109.28,109.61,108.82,108.88,796884
2014-12-18,108.56,108.56,108.1,108.17,447734
2014-12-19,108.18,108.72,108.17,108.72,361068
2014-12-22,108.65,108.91,108.62,108.83,593642
2014-12-23,108.64,108.73,107.99,108.02,480031
2014-12-24,107.65,107.92,107.57,107.9,425879
2014-12-26,107.94,108.09,107.82,107.94,313388
2014-12-29,108.12,108.32,107.89,108.11,1067445
2014-12-30,108.21,108.35,108.04,108.08,427077
2014-12-31,108.1,108.53,108.08,108.38,509511
2015-01-02,108.59,109.13,108.59,109.1,738313
2015-01-05,109.13,109.41,109.05,109.19,895304
2015-01-06,109.41,109.88,109.1,109.2,1078127
2015-01-07,108.96,109.33,108.73,109.29,705223
2015-01-08,109.1,109.24,108.97,109.11,586544
2015-01-09,108.99,109.55,108.98,109.45,482967
2015-01-12,109.33,109.52,109.21,109.42,435645
2015-01-13,108.95,109.33,108.87,109.24,356836
2015-01-14,109.61,110.02,109.61,109.88,465910
2015-01-15,110.05,110.77,110.03,110.75,714375
2015-01-16,110.57,110.74,110.12,110.12,1570910
2015-01-20,110.38,110.67,110.22,110.39,676643
2015-01-21,110.42,110.63,109.87,109.94,686466
2015-01-22,110.28,110.29,109.49,109.97,698601
2015-01-23,110.32,110.65,110.3,110.63,751289
2015-01-26,110.52,110.68,110.28,110.45,380394
2015-01-27,110.77,110.92,110.63,110.8,381010
2015-01-28,110.81,111.37,110.76,111.23,684327
2015-01-29,110.99,111.17,110.78,111.1,320062
2015-01-30,111.74,111.97,111.54,111.89,1247089
2015-02-02,111.77,112.02,111.68,111.82,1222290
2015-02-03,111.43,111.46,111.19,111.32,1514738
2015-02-04,110.94,111.63,110.87,111.56,549372
2015-02-05,111.26,111.37,110.99,111.06,352895
2015-02-06,110.33,110.5,110.03,110.18,574835
2015-02-09,110.3,110.36,110.0,110.0,372156
2015-02-10,110.0,110.08,109.56,109.64,472908
2015-02-11,109.66,109.69,109.17,109.44,1551577
2015-02-12,109.44,109.74,109.23,109.26,479428
2015-02-13,109.28,109.32,108.99,109.03,523708
2015-02-17,108.9,109.03,108.31,108.46,660904
2015-02-18,108.65,109.21,108.44,108.93,605633
2015-02-19,108.72,108.96,108.6,108.84,626811
2015-02-20,109.11,109.37,108.68,108.85,522774
2015-02-23,109.06,109.16,108.9,109.06,299761
2015-02-24,108.97,109.78,108.79,109.73,521097
2015-02-25,109.65,109.97,109.49,109.9,433745
2015-02-26,110.14,110.31,109.82,109.83,550506
2015-02-27,110.19,110.47,109.87,110.46,619501
2015-03-02,110.37,110.37,109.54,109.58,992000
2015-03-03,109.56,109.83,109.54,109.73,4076801
2015-03-04,109.99,110.04,109.66,109.83,459935
2015-03-05,109.79,109.89,109.4,109.64,443919
2015-03-06,108.94,108.99,108.3,108.34,510361
2015-03-09,108.58,108.64,108.16,108.17,682824
2015-03-10,108.26,108.42,108.15,108.3,732114
2015-03-11,108.46,108.55,108.26,108.49,372930
2015-03-12,108.7,108.81,108.16,108.24,378509
2015-03-13,108.0,108.24,107.88,107.88,300907
2015-03-16,108.22,108.3,107.87,108.04,315581
2015-03-17,107.98,108.17,107.87,108.15,297290
2015-03-18,108.38,109.89,108.2,109.83,535987
2015-03-19,109.75,110.03,109.3,109.77,403414
2015-03-20,109.99,110.11,109.87,110.09,383056
2015-03-23,110.1,110.18,109.88,110.05,415502
2015-03-24,110.26,110.64,110.17,110.57,334077
2015-03-25,110.85,110.92,110.49,110.54,381607
2015-03-26,110.54,110.54,109.86,109.96,519453
2015-03-27,110.03,110.21,109.9,110.01,539708
2015-03-30,110.01,110.01,109.63,109.69,398350
2015-03-31,109.58,110.02,109.4,109.93,465317
2015-04-01,110.4,110.83,110.33,110.78,940850
2015-04-02,110.68,110.76,110.34,110.37,1124470
2015-04-06,111.09,111.19,110.65,110.81,732114
2015-04-07,110.66,111.07,110.59,111.05,372143
2015-04-08,110.66,110.87,110.42,110.78,998611
2015-04-09,110.76,110.78,110.29,110.38,381490
2015-04-10,110.5,110.57,110.19,110.27,412402
2015-04-13,110.11,110.36,110.1,110.3,315785
2015-04-14,110.7,110.91,110.52,110.59,339347
2015-04-15,110.83,111.02,110.74,110.94,493846
2015-04-16,110.81,111.09,110.54,111.06,374807
2015-04-17,111.15,111.86,111.15,111.77,8239681
2015-04-20,111.6,111.66,111.36,111.48,832963
2015-04-21,111.28,111.4,110.98,111.07,2151392
2015-04-22,110.97,111.0,110.47,110.55,372952
2015-04-23,110.63,111.03,110.6,110.84,563270
2015-04-24,111.06,111.33,111.04,111.32,418942
2015-04-27,111.31,111.49,111.15,111.34,904993
2015-04-28,111.0,111.21,110.66,110.69,1191339
2015-04-29,110.39,110.72,110.14,110.49,603257
2015-04-30,110.36,110.74,110.1,110.67,697189
2015-05-01,110.47,110.54,110.06,110.21,971021
2015-05-04,110.28,110.36,109.67,109.8,1193704
2015-05-05,109.92,109.93,109.42,109.76,533613
2015-05-06,109.58,109.59,108.73,108.86,1118316
2015-05-07,109.04,109.38,108.88,109.15,365158
2015-05-08,109.82,109.93,109.53,109.61,672388
2015-05-11,109.25,109.26,108.55,108.59,678487
2015-05-12,108.53,108.91,108.41,108.7,493753
2015-05-13,109.1,109.16,108.53,108.53,404104
2015-05-14,108.7,109.0,108.6,108.74,510259
2015-05-15,109.03,109.57,108.97,109.52,299141
2015-05-18,109.14,109.17,108.83,108.92,478884
2015-05-19,108.28,108.76,108.27,108.38,406292
2015-05-20,108.62,109.04,108.5,108.68,404480
2015-05-21,108.84,109.21,108.84,109.11,515425
2015-05-22,109.36,109.37,109.03,109.3,484425
2015-05-26,109.22,109.57,109.17,109.39,421761
2015-05-27,109.2,109.35,109.01,109.29,389774
2015-05-28,109.14,109.28,108.96,109.22,389879
2015-05-29,109.46,109.81,109.41,109.58,579906
2015-06-01,109.43,109.48,108.8,108.88,1053089
2015-06-02,108.61,108.63,108.36,108.42,1575640
2015-06-03,107.98,108.06,107.52,107.73,583210
2015-06-04,107.91,108.26,107.86,108.04,314441
2015-06-05,107.55,107.95,107.48,107.73,304832
2015-06-08,107.91,108.02,107.77,107.88,298012
2015-06-09,107.75,107.82,107.51,107.63,321410
2015-06-10,107.56,107.62,107.18,107.29,431848
2015-06-11,107.53,107.8,107.4,107.78,442201
2015-06-12,107.66,108.14,107.64,107.84,388740
2015-06-15,108.15,108.25,107.88,108.2,308760
2015-06-16,108.38,108.86,108.28,108.86,386776
2015-06-17,108.73,109.02,108.16,108.99,895797
2015-06-18,108.49,108.74,108.34,108.72,408062
2015-06-19,108.73,109.11,108.73,108.98,460969
2015-06-22,108.66,108.81,108.39,108.48,386156
2015-06-23,108.12,108.54,108.03,108.23,421020
2015-06-24,108.33,108.59,108.22,108.43,519453
2015-06-25,108.32,108.47,108.16,108.31,415502
2015-06-26,107.91,108.02,107.74,107.81,382540
2015-06-29,108.27,108.78,108.05,108.63,583625
2015-06-30,108.45,108.94,108.42,108.42,397409
2015-07-01,108.08,108.31,107.99,108.01,1361414
2015-07-02,108.39,108.68,108.27,108.5,878538
2015-07-06,108.95,109.13,108.62,108.94,655443
2015-07-07,109.4,109.65,109.19,109.31,1028267
2015-07-08,109.48,109.51,109.22,109.45,1904120
2015-07-09,109.06,109.14,108.68,108.72,476676
2015-07-10,108.23,108.46,108.02,108.19,722816
2015-07-13,107.88,108.17,107.79,107.8,424078
2015-07-14,107.93,108.09,107.83,107.98,371616
2015-07-15,107.97,108.4,107.87,108.29,373094
2015-07-16,108.18,108.54,108.04,108.43,740590
2015-07-17,108.26,108.5,108.26,108.39,235909
2015-07-20,108.14,108.24,107.95,108.09,367042
2015-07-21,107.96,108.43,107.96,108.35,702459
2015-07-22,108.39,108.68,108.36,108.4,330975
2015-07-23,108.33,108.69,108.28,108.59,331700
2015-07-24,108.71,108.73,108.28,108.47,652963
2015-07-27,108.74,108.82,108.5,108.7,410130
2015-07-28,108.45,108.62,108.37,108.43,401861
2015-07-29,108.39,108.58,108.19,108.42,395456
2015-07-30,108.56,108.73,108.47,108.58,300286
2015-07-31,108.92,109.08,108.82,109.02,308864
2015-08-03,108.96,109.05,108.79,108.92,1064839
2015-08-04,108.79,108.87,108.26,108.29,2089807
2015-08-05,108.2,108.24,107.91,107.94,438131
2015-08-06,107.97,108.16,107.85,108.14,384616
2015-08-07,108.17,108.58,108.07,108.45,491557
2015-08-10,108.28,108.37,108.2,108.29,502921
2015-08-11,108.51,108.87,108.47,108.75,1448237
2015-08-12,108.87,109.21,108.42,108.49,476778
2015-08-13,108.09,108.28,107.91,108.19,462520
2015-08-14,108.03,108.33,107.97,108.07,1948139
2015-08-17,108.34,108.46,108.05,108.06,406306
2015-08-18,107.84,108.05,107.76,107.79,408062
2015-08-19,107.54,108.28,107.47,108.17,517079
2015-08-20,108.13,108.54,107.98,108.48,570709
2015-08-21,108.41,108.58,108.23,108.52,605842
2015-08-24,108.95,109.21,108.01,108.13,992326
2015-08-25,107.98,108.11,107.61,107.86,1061437
2015-08-26,107.55,108.04,107.2,107.25,580730
2015-08-27,107.52,107.97,107.49,107.73,621653
2015-08-28,108.09,108.37,107.99,108.05,467685
2015-08-31,108.23,108.26,107.75,107.95,3217586
2015-09-01,107.86,107.97,107.58,107.75,856637
2015-09-02,107.65,107.75,107.44,107.44,2351458
2015-09-03,107.54,107.61,107.41,107.45,492569
2015-09-04,107.55,107.73,107.41,107.59,369120
2015-09-08,107.32,107.35,107.1,107.15,428577
2015-09-09,106.97,107.48,106.94,107.38,442487
2015-09-10,107.29,107.42,107.22,107.41,593756
2015-09-11,107.62,107.78,107.53,107.68,1161868
2015-09-14,107.76,107.85,107.47,107.5,475671
2015-09-15,107.34,107.4,106.72,106.79,325940
2015-09-16,106.77,107.07,106.67,106.76,452073
2015-09-17,106.73,107.58,106.54,107.56,392432
2015-09-18,107.58,107.95,107.51,107.9,358917
2015-09-21,107.63,107.63,107.19,107.26,410545
2015-09-22,107.34,107.57,107.18,107.5,421879
2015-09-23,107.44,107.58,107.36,107.43,262227
2015-09-24,107.62,107.78,107.41,107.44,473458
2015-09-25,107.2,107.31,106.88,106.88,449909
2015-09-28,106.95,107.27,106.87,106.91,490078
2015-09-29,107.16,107.33,107.08,107.21,384371
2015-09-30,107.27,107.42,107.2,107.41,554297
2015-10-01,107.84,108.03,107.72,107.77,545542
2015-10-02,108.54,108.7,108.26,108.41,794265
2015-10-05,108.41,108.47,108.06,108.07,636112
2015-10-06,108.07,108.54,108.05,108.39,495489
2015-10-07,108.23,108.47,108.15,108.37,471833
2015-10-08,108.4,108.63,108.17,108.33,439667
2015-10-09,108.15,108.35,107.95,108.02,625671
2015-10-12,108.21,108.32,108.09,108.22,296327
2015-10-13,108.13,108.28,107.95,108.16,407227
2015-10-14,108.18,108.55,108.13,108.54,480245
2015-10-15,108.56,108.59,108.25,108.33,1898944
2015-10-16,108.2,108.24,107.99,108.03,481585
2015-10-19,107.86,107.93,107.66,107.84,336386
2015-10-20,107.59,107.72,107.51,107.71,432871
2015-10-21,107.86,108.01,107.78,107.78,382817
2015-10-22,107.87,108.25,107.76,108.16,379313
2015-10-23,108.0,108.08,107.88,108.0,312989
2015-10-26,108.14,108.19,107.97,107.97,263860
2015-10-27,108.24,108.34,108.14,108.22,321641
2015-10-28,108.13,108.17,107.58,107.66,398984
2015-10-29,107.47,107.54,107.28,107.4,492500
2015-10-30,107.58,107.72,107.48,107.7,831444
2015-11-02,107.48,107.66,107.41,107.65,1418148
2015-11-03,107.6,107.74,107.41,107.49,673206
2015-11-04,107.52,107.67,107.14,107.37,549152
2015-11-05,107.2,107.23,106.84,107.02,564185
2015-11-06,106.75,106.75,106.44,106.57,469327
2015-11-09,106.43,106.73,106.43,106.54,566339
2015-11-10,106.61,106.83,106.48,106.5,881498
2015-11-11,106.41,106.52,106.33,106.49,452336
2015-11-12,106.38,106.55,106.35,106.49,586431
2015-11-13,106.68,106.78,106.57,106.63,581485
2015-11-16,106.83,106.83,106.48,106.57,560577
2015-11-17,106.53,106.92,106.5,106.77,834225
2015-11-18,106.67,106.97,106.62,106.93,575616
2015-11-19,107.15,107.33,107.05,107.31,518970
2015-11-20,107.31,107.47,107.29,107.38,458824
2015-11-23,107.37,107.57,107.25,107.5,549146
2015-11-24,107.57,107.72,107.5,107.59,595390
2015-11-25,107.51,107.61,107.38,107.55,583958
2015-11-27,107.61,107.67,107.55,107.59,318141
2015-11-30,107.63,107.74,107.45,107.55,1425081
2015-12-01,107.57,108.07,107.55,107.95,1440427
2015-12-02,107.68,107.72,107.5,107.58,863695
2015-12-03,107.43,107.43,106.83,106.95,1960688
2015-12-04,107.13,107.41,107.02,107.22,978824
2015-12-07,107.03,107.4,107.0,107.18,469738
2015-12-08,107.18,107.37,107.04,107.21,386749
2015-12-09,107.06,107.24,106.92,107.0,546984
2015-12-10,106.97,107.03,106.71,106.77,404445
2015-12-11,107.1,107.28,106.91,107.12,372517
2015-12-14,106.72,106.81,106.3,106.35,664630
2015-12-15,106.32,106.43,106.21,106.29,1683384
2015-12-16,106.15,106.31,105.83,105.97,520206
2015-12-17,105.94,106.49,105.94,106.35,1773605
2015-12-18,106.47,106.78,106.43,106.64,850601
2015-12-21,106.55,106.63,106.37,106.45,535243
2015-12-22,106.27,106.36,106.16,106.3,781490
2015-12-23,106.05,106.49,106.05,106.4,872126
2015-12-24,106.65,106.65,106.43,106.58,311788
2015-12-28,106.55,106.8,106.47,106.61,1397575
2015-12-29,106.57,106.66,106.12,106.2,703279
2015-12-30,106.06,106.42,106.02,106.32,590474
2015-12-31,106.48,106.71,106.4,106.5,569865
2016-01-04,107.02,107.17,106.8,106.92,1396772
2016-01-05,106.69,106.94,106.63,106.85,667370
2016-01-06,106.93,107.22,106.87,107.19,430687
2016-01-07,107.12,107.23,106.94,107.1,903868
2016-01-08,106.94,107.23,106.91,107.19,604891
2016-01-11,106.91,107.04,106.59,106.62,781337
2016-01-12,106.72,107.16,106.65,106.92,823009
2016-01-13,106.83,107.38,106.81,107.14,560899
2016-01-14,107.07,107.25,106.93,107.04,1036308
2016-01-15,107.32,107.43,107.01,107.06,869194
2016-01-19,106.99,107.2,106.86,106.94,996745
2016-01-20,107.27,107.41,106.9,106.99,807731
2016-01-21,107.12,107.23,106.6,106.6,1384471
2016-01-22,106.58,106.88,106.58,106.76,1251530
2016-01-25,106.9,107.02,106.86,106.97,834843
2016-01-26,107.12,107.36,107.03,107.24,427546
2016-01-27,107.08,107.55,106.71,107.49,584212
2016-01-28,107.53,107.79,107.46,107.69,1049522
2016-01-29,108.15,108.29,107.96,108.14,1047659
2016-02-01,108.0,108.15,107.78,107.94,1407589
2016-02-02,108.22,108.4,108.17,108.28,1093576
2016-02-03,108.45,108.98,108.32,108.42,847327
2016-02-04,108.5,108.65,108.31,108.44,626348
2016-02-05,108.22,108.36,108.07,108.13,571403
2016-02-08,108.21,108.57,108.14,108.21,804745
2016-02-09,108.15,108.2,107.66,107.96,671577
2016-02-10,108.11,108.45,108.09,108.37,819122
2016-02-11,108.6,108.95,108.41,108.76,1328934
2016-02-12,108.58,108.88,108.19,108.34,645423
2016-02-16,108.12,108.27,107.83,107.88,1390285
2016-02-17,107.99,108.01,107.68,107.69,740104
2016-02-18,107.82,108.21,107.55,108.0,1016950
2016-02-19,108.07,108.33,107.92,108.09,679167
2016-02-22,108.21,108.39,108.1,108.36,508178
2016-02-23,108.01,108.7,108.01,108.7,512236
2016-02-24,108.89,109.36,108.82,108.95,729854
2016-02-25,109.01,109.57,109.0,109.41,1474122
2016-02-26,108.97,109.21,108.91,109.12,886557
2016-02-29,109.23,109.57,109.1,109.5,1878158
2016-03-01,109.6,109.72,108.97,109.18,3615564
2016-03-02,108.96,109.43,108.96,109.43,2162576
2016-03-03,109.41,109.77,109.37,109.65,1100742
2016-03-04,109.6,109.73,109.11,109.31,2110810
2016-03-07,109.18,109.19,108.78,108.86,831623
2016-03-08,109.21,109.38,109.11,109.29,786671
2016-03-09,109.0,109.41,108.98,109.22,683837
2016-03-10,109.29,109.42,108.68,108.83,1153149
2016-03-11,108.93,108.93,108.59,108.79,597853
2016-03-14,108.77,108.91,108.64,108.66,774502
2016-03-15,108.7,108.83,108.4,108.44,852946
2016-03-16,108.7,109.63,108.66,109.62,848155
2016-03-17,109.83,110.2,109.73,109.85,1984344
2016-03-18,110.34,110.47,109.89,110.21,1359653
2016-03-21,110.1,110.5,109.94,110.24,1041935
2016-03-22,110.4,110.4,109.94,109.97,1059757
2016-03-23,109.96,110.24,109.96,110.08,776070
2016-03-24,109.98,110.19,109.83,109.83,1262185
2016-03-28,109.86,110.06,109.8,109.97,903717
2016-03-29,110.24,111.18,110.15,111.13,1576413
2016-03-30,111.0,111.22,110.89,111.2,774640
2016-03-31,111.28,111.42,111.15,111.35,1753775
2016-04-01,111.47,111.56,111.09,111.41,2372465
2016-04-04,111.54,111.65,111.42,111.55,2759715
2016-04-05,111.68,111.77,111.47,111.67,1871347
2016-04-06,111.48,111.63,111.07,111.37,2826132
2016-04-07,111.66,111.8,111.58,111.75,1253722
2016-04-08,111.67,111.67,111.41,111.54,792498
2016-04-11,111.33,111.56,111.15,111.25,706470
2016-04-12,111.02,111.02,110.72,110.78,1353719
2016-04-13,110.67,111.0,110.6,110.88,833888
2016-04-14,110.57,111.22,110.51,110.61,1259052
2016-04-15,110.63,111.1,110.57,111.01,557843
2016-04-18,110.8,111.0,110.72,111.0,777617
2016-04-19,111.09,111.25,111.0,111.19,638163
2016-04-20,111.2,111.48,110.7,110.72,650418
2016-04-21,110.55,110.72,110.36,110.6,812606
2016-04-22,110.69,110.78,110.51,110.51,765517
2016-04-25,110.62,110.76,110.38,110.38,1182297
2016-04-26,110.5,110.51,110.28,110.33,841274
2016-04-27,110.75,111.1,110.44,111.01,698186
2016-04-28,111.15,111.64,111.1,111.6,1876749
2016-04-29,111.4,111.75,111.22,111.56,822434
2016-05-02,111.34,111.39,110.99,111.18,4253637
2016-05-03,111.51,111.51,111.24,111.25,2724932
2016-05-04,111.38,111.41,111.12,111.36,1360861
2016-05-05,111.36,111.73,111.24,111.73,2434571
2016-05-06,111.7,111.7,111.26,111.33,1309913
2016-05-09,111.47,111.51,111.23,111.4,1051115
2016-05-10,111.7,111.74,111.36,111.73,1151515
2016-05-11,111.75,112.06,111.63,111.73,3887027
2016-05-12,111.55,111.7,111.4,111.64,1349068
2016-05-13,111.73,111.92,111.64,111.89,792025
2016-05-16,111.8,111.86,111.73,111.78,725569
2016-05-17,111.81,112.06,111.79,111.84,804373
2016-05-18,111.63,111.66,110.71,110.89,1360115
2016-05-19,110.83,111.01,110.77,110.84,818788
2016-05-20,110.89,111.03,110.78,110.78,842659
2016-05-23,110.69,110.92,110.07,110.84,771000
2016-05-24,110.7,110.82,110.53,110.73,470353
2016-05-25,110.8,110.89,110.69,110.82,562787
2016-05-26,111.08,111.31,111.02,111.14,1129679
2016-05-27,111.19,111.48,110.94,111.0,548772
2016-05-31,110.77,111.0,110.69,110.83,606369
2016-06-01,110.99,111.0,110.65,110.66,6056806
2016-06-02,110.79,111.13,110.7,111.04,1929713
2016-06-03,111.88,111.94,111.72,111.77,597556
2016-06-06,111.62,111.95,111.58,111.87,559840
2016-06-07,112.02,112.25,112.02,112.17,1066240
2016-06-08,112.43,112.46,112.28,112.44,1118680
2016-06-09,112.61,112.61,112.38,112.48,551383
2016-06-10,112.52,112.66,112.41,112.48,682173
2016-06-13,112.37,112.45,112.24,112.33,669759
2016-06-14,112.31,112.37,112.05,112.05,678629
2016-06-15,112.09,112.57,111.82,112.57,1149560
2016-06-16,112.55,112.7,112.3,112.35,583901
2016-06-17,112.39,112.4,111.92,112.07,770059
2016-06-20,111.86,111.94,111.65,111.76,983703
2016-06-21,111.61,111.68,111.4,111.43,1455624
2016-06-22,111.48,111.83,111.25,111.73,3598966
2016-06-23,111.76,111.96,111.71,111.76,525763
2016-06-24,112.44,112.75,112.3,112.45,1406540
2016-06-27,112.66,112.89,112.51,112.78,851263
2016-06-28,112.84,113.17,112.75,113.17,751446
2016-06-29,113.27,113.35,112.99,113.09,815603
2016-06-30,113.18,113.5,113.11,113.31,1361497
2016-07-01,114.13,114.53,113.79,114.19,2421695
2016-07-05,114.29,114.46,114.15,114.38,708700
2016-07-06,114.61,114.68,114.35,114.64,811149
2016-07-07,114.64,114.68,114.35,114.42,1960641
2016-07-08,114.53,114.68,114.3,114.68,1074042
2016-07-11,114.51,114.56,114.09,114.11,927113
2016-07-12,113.98,113.98,113.68,113.73,916519
2016-07-13,114.04,114.28,113.87,113.97,833603
2016-07-14,113.75,113.83,113.57,113.68,882088
2016-07-15,113.48,113.59,113.37,113.56,2267016
2016-07-18,113.59,113.7,113.37,113.48,951453
2016-07-19,113.63,113.66,113.42,113.49,1066183
2016-07-20,113.22,113.37,113.01,113.28,809394
2016-07-21,113.03,113.42,112.93,113.32,662134
2016-07-22,113.12,113.34,112.82,113.23,841127
2016-07-25,113.21,113.25,112.98,112.98,789316
2016-07-26,113.16,113.2,112.88,113.18,952058
2016-07-27,113.32,113.62,113.13,113.62,732132
2016-07-28,113.61,113.82,113.42,113.78,1141238
2016-07-29,114.08,114.21,113.96,114.03,996165
2016-08-01,113.72,113.77,113.34,113.39,3400845
2016-08-02,112.98,113.2,112.81,112.81,1207364
2016-08-03,112.99,113.17,112.74,113.12,988880
2016-08-04,113.62,113.95,113.54,113.6,603434
2016-08-05,113.47,113.57,113.25,113.32,642144
2016-08-08,113.39,113.61,113.24,113.4,899792
2016-08-09,113.4,113.7,113.33,113.67,646330
2016-08-10,113.78,113.83,113.64,113.7,902404
2016-08-11,113.68,113.71,113.32,113.4,705764
2016-08-12,113.87,113.93,113.68,113.69,1835958
2016-08-15,113.65,113.76,113.4,113.4,617447
2016-08-16,113.11,113.33,113.07,113.24,817421
2016-08-17,113.32,113.64,113.23,113.59,520195
2016-08-18,113.75,113.93,113.63,113.78,914557
2016-08-19,113.61,113.66,113.37,113.6,511799
2016-08-22,113.78,113.9,113.65,113.82,588733
2016-08-23,113.96,114.03,113.82,113.98,1090248
2016-08-24,114.13,114.13,113.81,113.81,933394
2016-08-25,113.72,113.91,113.61,113.75,1857863
2016-08-26,114.07,114.35,113.23,113.31,1025597
2016-08-29,113.54,113.72,113.44,113.72,711162
2016-08-30,113.72,113.73,113.56,113.62,591640
2016-08-31,113.48,113.77,113.46,113.64,705466
2016-09-01,113.41,113.84,113.36,113.74,3769834
2016-09-02,113.7,113.71,113.37,113.61,1108227
2016-09-06,113.66,114.29,113.56,114.15,1700213
2016-09-07,114.42,114.44,114.22,114.3,825856
2016-09-08,114.24,114.33,113.81,113.89,679612
2016-09-09,113.37,113.38,113.11,113.11,878271
2016-09-12,113.01,113.29,112.87,113.15,789512
2016-09-13,113.21,113.27,112.41,112.66,1106688
2016-09-14,112.7,112.94,112.64,112.83,700062
2016-09-15,112.66,112.88,112.51,112.8,778178
2016-09-16,113.13,113.14,112.87,112.98,1020629
2016-09-19,113.07,113.08,112.8,112.84,526824
2016-09-20,112.9,113.08,112.78,112.83,493636
2016-09-21,112.82,113.39,112.76,113.36,857250
2016-09-22,113.6,114.01,113.58,113.91,759806
2016-09-23,114.07,114.31,113.99,114.23,781716
2016-09-26,114.38,114.42,114.19,114.28,827823
2016-09-27,114.29,114.38,114.09,114.38,969605
2016-09-28,114.48,114.71,114.47,114.52,1369866
2016-09-29,114.34,114.69,114.26,114.5,990083
2016-09-30,114.52,114.59,114.25,114.5,1475373
2016-10-03,114.64,114.64,114.35,114.39,2359625
2016-10-04,114.49,114.49,113.81,113.82,3826928
2016-10-05,113.91,113.91,113.61,113.64,1090173
2016-10-06,113.75,113.85,113.59,113.7,834370
2016-10-07,113.8,113.88,113.48,113.67,1007238
2016-10-10,113.52,113.61,113.41,113.52,928295
2016-10-11,113.6,113.67,113.4,113.43,854163
2016-10-12,113.38,113.49,113.26,113.39,637954
2016-10-13,113.5,113.75,113.39,113.57,740290
2016-10-14,113.43,113.72,113.43,113.46,766533
2016-10-17,113.76,114.0,113.74,113.96,627261
2016-10-18,113.85,114.09,113.82,114.03,961746
2016-10-19,113.91,114.2,113.88,114.19,926722
2016-10-20,114.31,114.31,114.01,114.01,838705
2016-10-21,114.22,114.22,113.98,114.14,702355
2016-10-24,114.14,114.14,113.81,113.96,964110
2016-10-25,113.93,114.17,113.88,114.14,1281401
2016-10-26,113.9,114.12,113.8,114.02,942152
2016-10-27,113.82,113.82,113.48,113.54,1746273
2016-10-28,113.58,113.76,113.5,113.66,2356692
2016-10-31,113.79,113.87,113.69,113.87,2459179
2016-11-01,113.62,113.98,113.53,113.88,6178801
2016-11-02,113.97,114.06,113.82,113.93,4841195
2016-11-03,113.82,113.83,113.56,113.61,2473146
2016-11-04,113.73,113.92,113.65,113.9,1763201
2016-11-07,113.72,113.88,113.67,113.84,1938011
2016-11-08,113.85,113.88,113.57,113.65,1229144
2016-11-09,113.82,113.82,112.76,112.81,2349230
2016-11-10,112.93,113.34,112.61,112.61,3973690
2016-11-11,112.77,112.78,112.24,112.29,2436773
2016-11-14,112.19,112.19,111.39,111.45,2756655
2016-11-15,111.85,112.02,111.52,111.52,1953268
2016-11-16,111.43,111.83,111.33,111.74,1450730
2016-11-17,111.98,112.03,111.53,111.57,1934059
2016-11-18,111.73,111.76,111.21,111.4,2586873
2016-11-21,111.67,111.75,111.54,111.67,3043671
2016-11-22,111.84,111.85,111.61,111.75,3449274
2016-11-23,111.39,111.54,111.0,111.39,1855632
2016-11-25,111.51,111.53,111.08,111.2,1025120
2016-11-28,111.55,111.66,111.27,111.37,1374420
2016-11-29,111.01,111.54,110.92,111.48,1621332
2016-11-30,111.17,111.69,111.07,111.54,2408686
2016-12-01,111.16,111.48,110.96,111.21,8653562
2016-12-02,111.5,111.75,111.23,111.27,1350786
2016-12-05,111.31,111.83,111.1,111.43,1727285
2016-12-06,111.46,111.68,111.35,111.65,2043661
2016-12-07,111.84,111.95,111.7,111.73,1751566
2016-12-08,111.73,111.73,111.46,111.64,1246192
2016-12-09,111.62,111.66,111.01,111.12,2252390
2016-12-12,111.23,111.23,110.98,111.1,2057610
2016-12-13,111.34,111.35,110.87,111.06,1895838
2016-12-14,111.37,111.39,110.14,110.18,1340247
2016-12-15,109.76,109.9,109.47,109.5,2953113
2016-12-16,109.63,109.72,109.25,109.44,1259595
2016-12-19,109.77,109.91,109.65,109.88,1340401
2016-12-20,109.74,110.12,109.68,109.99,2579550
2016-12-21,110.38,110.39,110.17,110.27,1460075
2016-12-22,110.18,110.64,110.13,110.62,1587491
2016-12-23,110.67,110.9,110.67,110.75,1804128
2016-12-27,110.58,110.78,110.53,110.7,1692208
2016-12-28,110.82,111.06,110.72,110.99,1310177
2016-12-29,111.11,111.18,110.95,111.12,1317303
2016-12-30,111.08,111.52,111.07,111.49,1039743
2017-01-03,111.28,111.72,111.26,111.6,2992759
2017-01-04,111.55,111.84,111.51,111.83,3021362
2017-01-05,111.82,112.21,111.69,112.21,1802525
2017-01-06,111.87,111.99,111.73,111.75,993000
2017-01-09,112.0,112.02,111.79,111.92,1717216
2017-01-10,111.77,112.17,111.77,112.01,2546746
2017-01-11,112.36,112.79,112.15,112.37,1186856
2017-01-12,112.8,112.9,112.42,112.47,1029663
2017-01-13,112.28,112.4,111.94,112.27,1949471
2017-01-17,112.83,112.83,112.36,112.63,1462661
2017-01-18,112.34,112.58,112.03,112.07,1286434
2017-01-19,111.94,112.13,111.66,111.98,2112615
2017-01-20,112.01,112.15,111.79,112.0,2969985
2017-01-23,112.16,112.57,111.99,112.46,4235715
2017-01-24,112.29,112.46,112.11,112.27,1607485
2017-01-25,111.81,111.99,111.52,111.9,2979295
2017-01-26,111.95,112.1,111.73,112.07,1988531
2017-01-27,112.24,112.34,112.14,112.26,2053696
2017-01-30,112.32,112.41,112.14,112.23,1951988
2017-01-31,112.29,112.54,112.23,112.47,3560221
2017-02-01,112.24,112.45,112.06,112.23,1804668
2017-02-02,112.54,112.57,112.19,112.24,3998497
2017-02-03,112.46,112.64,111.94,112.12,1397701
2017-02-06,112.34,112.46,112.14,112.4,1813465
2017-02-07,112.43,112.53,112.27,112.35,1484504
2017-02-08,112.68,112.77,112.42,112.62,1478510
2017-02-09,112.57,112.59,112.37,112.4,1061070
2017-02-10,112.45,112.58,112.36,112.49,1609672
2017-02-13,112.38,112.43,112.29,112.31,1017013
2017-02-14,112.47,112.48,111.82,112.04,1027425
2017-02-15,112.03,112.23,111.95,112.19,1149106
2017-02-16,112.39,112.67,112.19,112.19,1188804
2017-02-17,112.55,112.55,112.4,112.45,997909
2017-02-21,112.44,112.57,112.34,112.44,1077169
2017-02-22,112.64,112.66,112.27,112.65,1099061
2017-02-23,112.9,112.93,112.79,112.91,1057913
2017-02-24,113.11,113.33,113.04,113.24,2445591
2017-02-27,113.22,113.22,112.88,112.93,2562108
2017-02-28,112.91,113.08,112.8,112.93,1623936
2017-03-01,112.19,112.29,112.05,112.25,3463923
2017-03-02,112.04,112.08,111.81,111.89,1997035
2017-03-03,112.02,112.18,111.73,112.15,2926121
2017-03-06,112.23,112.23,111.96,112.03,1577172
2017-03-07,111.99,111.99,111.77,111.84,1568585
2017-03-08,111.5,111.59,111.33,111.37,1377733
2017-03-09,111.27,111.33,111.02,111.07,1114942
2017-03-10,111.39,111.43,111.02,111.28,2461231
2017-03-13,111.15,111.33,111.02,111.02,1056116
2017-03-14,110.99,111.11,110.94,110.95,965803
2017-03-15,111.3,112.0,111.07,111.93,2020195
2017-03-16,112.02,112.02,111.78,111.86,2927368
2017-03-17,112.0,112.11,111.97,112.1,1132306
2017-03-20,112.0,112.27,111.99,112.27,803543
2017-03-21,112.27,112.5,112.27,112.35,1501726
2017-03-22,112.5,112.62,112.29,112.54,837000
2017-03-23,112.53,112.59,112.3,112.41,926935
2017-03-24,112.42,112.97,112.4,112.74,1399758
2017-03-27,113.05,113.06,112.83,112.95,1094548
2017-03-28,113.01,113.01,112.47,112.58,1683908
2017-03-29,112.76,112.95,112.71,112.87,948014
2017-03-30,112.78,112.85,112.52,112.6,1011301
2017-03-31,112.66,112.93,112.59,112.93,913048
2017-04-03,112.99,113.36,112.96,113.21,3140152
2017-04-04,113.17,113.26,113.02,113.08,1079622
2017-04-05,113.06,113.41,113.0,113.3,1480728
2017-04-06,113.24,113.32,113.02,113.24,785375
2017-04-07,113.26,113.45,112.79,112.79,870329
2017-04-10,113.11,113.11,112.85,112.85,763134
2017-04-11,113.04,113.26,112.97,113.07,1562163
2017-04-12,113.28,113.56,113.19,113.5,1065260
2017-04-13,113.73,113.88,113.61,113.66,2910111
2017-04-17,113.61,113.61,113.3,113.4,967529
2017-04-18,113.64,113.74,113.46,113.64,1631935
2017-04-19,113.51,113.59,113.34,113.44,1072394
2017-04-20,113.25,113.4,113.22,113.32,1097371
2017-04-21,113.4,113.44,113.11,113.16,710384
2017-04-24,113.14,113.25,113.01,113.13,962374
2017-04-25,113.17,113.19,112.89,112.94,939333
2017-04-26,112.95,113.28,112.95,113.18,830596
2017-04-27,113.12,113.29,113.08,113.28,2038029
2017-04-28,113.28,113.5,113.19,113.45,2383418
2017-05-01,113.27,113.43,112.93,113.06,1235685
2017-05-02,113.05,113.18,112.97,113.06,1112785
2017-05-03,113.09,113.09,112.68,112.81,918287
2017-05-04,112.41,112.43,112.13,112.38,874802
2017-05-05,112.44,112.49,112.26,112.47,639977
2017-05-08,112.28,112.33,111.96,112.03,2005864
2017-05-09,112.03,112.06,111.86,111.93,1334038
2017-05-10,112.19,112.21,111.9,111.97,3954211
2017-05-11,112.01,112.37,111.98,112.31,1365534
2017-05-12,112.4,112.57,112.3,112.49,787405
2017-05-15,112.51,112.52,112.19,112.19,734314
2017-05-16,112.21,112.41,112.17,112.27,658616
2017-05-17,112.6,113.06,112.6,112.93,1055998
2017-05-18,112.92,113.11,112.76,113.11,2750308
2017-05-19,113.12,113.31,113.03,113.31,720715
2017-05-22,113.18,113.27,113.01,113.13,705448
2017-05-23,113.25,113.26,112.88,112.96,831548
2017-05-24,112.9,113.03,112.75,113.03,684843
2017-05-25,112.94,113.0,112.8,112.85,1778247
2017-05-26,113.05,113.16,112.96,113.12,789633
2017-05-30,113.26,113.39,113.17,113.37,694754
2017-05-31,113.21,113.5,113.21,113.4,1319628
2017-06-01,113.1,113.45,113.1,113.35,1443940
2017-06-02,113.72,113.91,113.63,113.8,1169279
2017-06-05,113.52,113.62,113.46,113.51,591992
2017-06-06,113.74,113.82,113.61,113.63,2674190
2017-06-07,113.57,113.65,113.34,113.37,757239
2017-06-08,113.33,113.36,113.09,113.25,744040
2017-06-09,113.19,113.28,113.15,113.15,887516
2017-06-12,113.16,113.22,112.91,112.91,626381
2017-06-13,112.84,113.1,112.79,113.1,692021
2017-06-14,113.16,113.44,112.95,113.12,1077545
2017-06-15,112.58,112.77,112.55,112.56,1049501
2017-06-16,112.6,112.76,112.59,112.66,832419
2017-06-19,112.73,112.76,112.48,112.53,613947
2017-06-20,112.59,112.76,112.5,112.65,535184
2017-06-21,112.69,112.85,112.66,112.83,732917
2017-06-22,112.92,113.2,112.8,113.2,738189
2017-06-23,113.26,113.29,113.14,113.29,676625
2017-06-26,113.42,113.51,113.36,113.47,744704
2017-06-27,113.26,113.26,112.87,112.93,757785
2017-06-28,113.02,113.06,112.76,113.02,1471895
2017-06-29,112.68,112.74,112.51,112.57,907065
2017-06-30,112.7,112.7,112.3,112.41,1688613
2017-07-03,112.48,112.48,112.16,112.2,986283
2017-07-05,112.24,112.51,112.24,112.37,2494010
2017-07-06,112.25,112.27,112.04,112.08,1468613
2017-07-07,111.92,111.93,111.68,111.73,1974603
2017-07-10,111.83,111.92,111.7,111.7,1383401
2017-07-11,111.69,112.07,111.68,112.04,1111433
2017-07-12,112.55,112.58,112.31,112.37,748766
2017-07-13,112.35,112.38,112.18,112.33,715362
2017-07-14,112.48,112.57,112.25,112.32,909363
2017-07-17,112.44,112.63,112.37,112.55,737653
2017-07-18,112.89,112.99,112.79,112.87,1963820
2017-07-19,112.89,113.01,112.88,112.96,733660
2017-07-20,113.24,113.25,112.67,112.68,993680
2017-07-21,112.94,112.97,112.81,112.85,532406
2017-07-24,112.9,112.93,112.74,112.85,1048913
2017-07-25,112.6,112.64,112.41,112.41,734636
2017-07-26,112.46,112.84,112.28,112.74,730830
2017-07-27,112.67,112.76,112.53,112.66,602511
2017-07-28,112.82,113.0,112.8,112.93,467094
2017-07-31,112.89,112.94,112.82,112.93,792089
2017-08-01,112.73,113.13,112.73,113.03,2173993
2017-08-02,112.97,113.12,112.91,112.97,2744549
2017-08-03,113.04,113.28,112.97,113.28,651946
2017-08-04,113.12,113.15,112.89,113.12,509022
2017-08-07,113.11,113.28,113.04,113.25,634077
2017-08-08,113.29,113.35,113.16,113.33,1253744
2017-08-09,113.61,113.69,113.5,113.54,1052566
2017-08-10,113.62,113.83,113.58,113.83,817290
2017-08-11,113.53,113.76,113.45,113.76,631823
2017-08-14,113.5,113.57,113.21,113.31,661314
2017-08-15,112.92,113.14,112.89,112.97,804542
2017-08-16,112.98,113.37,112.93,113.17,922752
2017-08-17,113.18,113.56,113.09,113.45,836967
2017-08-18,113.53,113.63,113.35,113.47,652838
2017-08-21,113.45,113.56,113.36,113.51,551456
2017-08-22,113.47,113.51,113.29,113.37,480475
2017-08-23,113.5,113.68,113.42,113.68,756089
2017-08-24,113.5,113.62,113.39,113.39,523481
2017-08-25,113.43,113.62,113.38,113.58,485782
2017-08-28,113.57,113.71,113.52,113.67,406150
2017-08-29,113.99,114.09,113.73,113.85,485362
2017-08-30,113.8,113.87,113.66,113.82,729491
2017-08-31,113.85,114.12,113.85,114.11,666116
2017-09-01,114.08,114.08,113.81,113.85,2221193
2017-09-05,114.13,114.63,114.13,114.59,2294037
2017-09-06,114.57,114.71,114.35,114.45,1882373
2017-09-07,114.6,114.93,114.55,114.93,677897
2017-09-08,114.88,114.99,114.77,114.95,821703
2017-09-11,114.62,114.69,114.51,114.51,532588
2017-09-12,114.4,114.46,114.22,114.32,796657
2017-09-13,114.29,114.3,114.1,114.11,616003
2017-09-14,114.12,114.32,114.12,114.29,535871
2017-09-15,114.3,114.3,114.11,114.23,525547
2017-09-18,114.18,114.29,114.1,114.18,526460
2017-09-19,114.21,114.26,114.03,114.05,413512
2017-09-20,114.05,114.1,113.47,113.73,732760
2017-09-21,113.7,113.78,113.46,113.47,825421
2017-09-22,113.78,113.84,113.65,113.76,665126
2017-09-25,113.89,114.2,113.83,114.08,922421
2017-09-26,113.98,114.04,113.87,113.99,718324
2017-09-27,113.67,113.74,113.49,113.64,589883
2017-09-28,113.47,113.63,113.41,113.56,678953
2017-09-29,113.72,113.72,113.29,113.31,1033020
2017-10-02,113.42,113.42,113.13,113.16,3505963
2017-10-03,113.09,113.33,113.08,113.27,1379136
2017-10-04,113.41,113.43,113.24,113.37,802307
2017-10-05,113.44,113.44,113.2,113.25,1822256
2017-10-06,113.08,113.33,112.97,113.16,811887
2017-10-09,113.19,113.27,113.17,113.2,399311
2017-10-10,113.38,113.49,113.38,113.4,851791
2017-10-11,113.59,113.63,113.49,113.54,664847
2017-10-12,113.58,113.81,113.53,113.75,654607
2017-10-13,113.87,113.93,113.74,113.91,819319
2017-10-16,113.81,113.85,113.54,113.65,1523954
2017-10-17,113.42,113.55,113.4,113.44,657319
2017-10-18,113.3,113.41,113.27,113.3,571880
2017-10-19,113.54,113.6,113.35,113.45,1563140
2017-10-20,113.21,113.33,113.08,113.19,749780
2017-10-23,113.21,113.37,113.18,113.2,845124
2017-10-24,113.1,113.14,112.97,113.04,961473
2017-10-25,112.78,112.98,112.72,112.92,771617
2017-10-26,113.02,113.03,112.82,112.87,677088
2017-10-27,113.01,113.28,112.95,113.23,733204
2017-10-30,113.45,113.56,113.35,113.53,552203
2017-10-31,113.61,113.63,113.52,113.58,1144600
2017-11-01,113.64,113.82,113.583,113.7,2406338
2017-11-02,113.8,113.96,113.77,113.87,2208626
2017-11-03,113.94,113.97,113.7,113.95,744166
2017-11-06,113.99,114.15,113.97,114.14,1169703
2017-11-07,114.266,114.335,114.219,114.3,1139806
2017-11-08,114.35,114.38,114.19,114.23,929822
2017-11-09,114.12,114.32,114.1,114.21,799393
2017-11-10,113.86,113.897,113.67,113.71,715253
