Date,Open,High,Low,Close,Volume
2005-02-25,39.719,40.308,39.719,40.272,39871
2005-02-28,40.301,40.401,39.749,40.156,72024
2005-03-01,40.079,40.577,40.079,40.577,45622
2005-03-02,40.308,40.499,40.207,40.308,20521
2005-03-03,40.308,40.569,40.224,40.522,12941
2005-03-04,40.744,41.29,40.637,41.29,31634
2005-03-07,41.394,41.8,41.158,41.48,55948
2005-03-08,41.546,41.546,41.09,41.249,21178
2005-03-09,41.249,41.249,40.048,40.079,79346
2005-03-10,39.963,40.491,39.963,40.355,76469
2005-03-11,40.272,40.285,39.896,39.903,27714
2005-03-14,40.071,40.455,40.003,40.455,52551
2005-03-15,40.852,41.051,40.347,40.409,67319
2005-03-16,40.392,40.416,39.912,39.926,53333
2005-03-17,40.224,40.468,40.207,40.347,27583
2005-03-18,40.347,40.383,39.963,40.2,29671
2005-03-21,40.117,40.117,39.719,39.933,35424
2005-03-22,40.239,40.239,39.216,39.216,23662
2005-03-23,38.878,39.39,38.764,39.145,32679
2005-03-24,39.024,39.376,38.869,38.916,29541
2005-03-28,38.941,38.941,38.657,38.724,36209
2005-03-29,38.771,39.069,38.641,38.741,30720
2005-03-30,38.764,39.251,38.764,39.251,31505
2005-03-31,39.298,39.565,39.069,39.16,86924
2005-04-01,39.743,39.743,38.878,39.184,32422
2005-04-04,39.095,39.095,38.634,39.009,35685
2005-04-05,39.069,39.145,38.84,38.916,29281
2005-04-06,39.077,39.323,39.046,39.121,26536
2005-04-07,39.298,39.581,39.225,39.476,37257
2005-04-08,39.536,39.557,39.298,39.298,52680
2005-04-11,39.337,39.352,39.184,39.337,28499
2005-04-12,39.298,39.879,39.16,39.864,57909
2005-04-13,39.955,40.086,39.827,39.912,41834
2005-04-14,39.912,40.003,39.528,39.528,32158
2005-04-15,39.634,39.872,39.467,39.827,36342
2005-04-18,39.827,39.842,39.383,39.765,41701
2005-04-19,39.804,39.971,39.804,39.963,31505
2005-04-20,39.933,40.003,39.727,39.864,52288
2005-04-21,39.947,40.018,39.773,39.856,14248
2005-04-22,39.896,40.163,39.896,40.163,163006
2005-04-25,40.355,40.606,40.186,40.606,25881
2005-04-26,40.73,40.805,40.584,40.661,58956
2005-04-27,40.706,41.051,40.538,40.974,59738
2005-04-28,40.967,40.967,40.776,40.875,25621
2005-04-29,40.967,41.418,40.767,41.418,18038
2005-05-02,41.563,41.563,40.935,41.388,36077
2005-05-03,41.265,41.447,41.158,41.447,116339
2005-05-04,41.489,41.639,41.158,41.489,36077
2005-05-05,41.639,42.015,41.639,42.015,28629
2005-05-06,41.846,41.878,41.317,41.489,164312
2005-05-09,41.602,42.206,41.546,42.206,88756
2005-05-10,42.137,42.206,41.939,42.206,39738
2005-05-11,42.166,42.321,41.806,42.23,79735
2005-05-12,42.398,42.398,41.779,41.806,43662
2005-05-13,42.09,42.09,41.432,41.792,40783
2005-05-16,41.792,41.998,41.709,41.982,28234
2005-05-17,42.053,42.389,41.884,42.358,25358
2005-05-18,42.513,42.772,42.513,42.772,53853
2005-05-19,42.924,43.347,42.924,43.338,35424
2005-05-20,43.176,43.507,43.078,43.429,106402
2005-05-23,43.338,43.652,43.338,43.53,74379
2005-05-24,43.262,43.277,42.789,42.924,62612
2005-05-25,42.811,42.811,42.398,42.398,68235
2005-05-26,42.398,42.811,42.206,42.214,62744
2005-05-27,42.488,42.513,42.259,42.436,36602
2005-05-31,42.62,43.022,42.62,42.88,60523
2005-06-01,42.924,43.37,42.789,43.37,42482
2005-06-02,43.3,43.347,43.115,43.216,41176
2005-06-03,43.153,43.598,43.115,43.222,31242
2005-06-06,43.262,43.559,43.262,43.551,53333
2005-06-07,43.681,44.197,43.629,43.92,76731
2005-06-08,43.904,44.402,43.904,44.102,37644
2005-06-09,44.056,44.164,43.827,44.149,36602
2005-06-10,44.149,44.21,43.949,44.056,31373
2005-06-13,44.12,44.287,43.971,44.262,33723
2005-06-14,44.361,44.622,44.348,44.622,31242
2005-06-15,44.814,44.814,44.492,44.723,20914
2005-06-16,44.492,44.769,44.44,44.769,37516
2005-06-17,45.075,45.341,44.983,45.275,24966
2005-06-20,45.304,45.412,45.12,45.235,92155
2005-06-21,45.304,45.304,44.737,44.853,34768
2005-06-22,45.112,45.112,44.654,44.784,21961
2005-06-23,44.853,44.983,44.622,44.622,32029
2005-06-24,44.737,44.861,44.256,44.53,39213
2005-06-27,43.904,44.085,43.896,43.988,27057
2005-06-28,44.056,44.21,43.92,44.21,18559
2005-06-29,44.326,44.515,44.262,44.354,93985
2005-06-30,44.21,44.432,43.971,44.361,51765
2005-07-01,44.369,44.737,44.348,44.737,36077
2005-07-05,44.808,45.341,44.761,45.304,55423
2005-07-06,45.341,45.448,45.136,45.189,26273
2005-07-07,44.959,45.304,44.67,45.235,28367
2005-07-08,45.235,46.139,45.205,46.007,97646
2005-07-11,46.077,46.673,46.063,46.566,41438
2005-07-12,46.667,46.764,46.412,46.557,38298
2005-07-13,46.626,46.626,46.245,46.289,102221
2005-07-14,46.254,46.353,45.419,45.519,105618
2005-07-15,45.304,45.747,45.243,45.702,172156
2005-07-18,45.754,46.015,45.535,45.824,30720
2005-07-19,46.0,46.245,45.94,46.176,55553
2005-07-20,46.176,46.62,45.969,46.58,30720
2005-07-21,46.475,46.553,45.717,45.924,91762
2005-07-22,46.098,46.289,45.878,46.289,22485
2005-07-25,46.36,46.537,46.214,46.289,30848
2005-07-26,46.545,46.849,46.529,46.804,25491
2005-07-27,46.925,47.041,46.588,46.925,55684
2005-07-28,47.157,47.658,47.016,47.584,59474
2005-07-29,47.606,47.682,47.462,47.53,93985
2005-08-01,47.682,47.682,47.316,47.5,46534
2005-08-02,47.56,47.923,47.515,47.836,23007
2005-08-03,47.758,47.95,47.462,47.723,33333
2005-08-04,47.599,47.599,46.866,46.917,60130
2005-08-05,46.686,46.686,44.983,45.288,167708
2005-08-08,44.637,44.828,43.391,43.658,202610
2005-08-09,44.369,44.423,43.489,43.859,108627
2005-08-10,44.21,44.967,44.102,44.287,78563
2005-08-11,44.224,44.877,44.224,44.877,37257
2005-08-12,44.745,44.976,44.463,44.837,32289
2005-08-15,44.892,45.563,44.737,45.258,17777
2005-08-16,45.258,45.679,45.258,45.527,100784
2005-08-17,45.503,45.511,44.928,45.157,66272
2005-08-18,45.005,45.005,44.7,44.861,39476
2005-08-19,44.912,44.912,44.601,44.7,37257
2005-08-22,44.571,44.937,44.571,44.837,74509
2005-08-23,45.028,45.128,44.828,45.028,149408
2005-08-24,45.25,45.569,45.083,45.182,91896
2005-08-25,45.182,45.495,44.983,45.235,37910
2005-08-26,45.258,45.448,44.677,44.677,50849
2005-08-29,44.61,44.883,44.317,44.684,46140
2005-08-30,44.684,44.853,44.423,44.82,55948
2005-08-31,44.753,45.803,44.753,45.602,77382
2005-09-01,45.778,46.545,45.671,46.007,73070
2005-09-02,46.054,46.282,45.702,45.885,75687
2005-09-06,45.833,46.909,45.833,46.874,53460
2005-09-07,46.917,46.917,46.398,46.771,46010
2005-09-08,46.62,46.667,46.297,46.467,19219
2005-09-09,46.588,46.728,46.52,46.704,50197
2005-09-12,46.588,46.673,46.481,46.557,25098
2005-09-13,46.461,46.495,46.131,46.207,44706
2005-09-14,46.276,46.313,45.954,46.168,26273
2005-09-15,46.168,46.353,46.123,46.183,13991
2005-09-16,46.313,46.405,46.007,46.289,18559
2005-09-19,46.36,46.36,45.817,45.924,31894
2005-09-20,45.833,46.198,45.465,45.569,30981
2005-09-21,45.397,45.495,44.562,44.562,116209
2005-09-22,44.661,44.983,44.134,44.808,82747
2005-09-23,44.661,45.15,44.5,44.845,70197
2005-09-26,44.579,44.761,44.407,44.684,23527
2005-09-27,44.661,44.684,44.051,44.571,78821
2005-09-28,44.601,44.601,44.034,44.14,46792
2005-09-29,44.14,44.976,44.02,44.967,52680
2005-09-30,45.189,45.679,45.189,45.679,72157
2005-10-03,45.761,45.761,45.106,45.549,62090
2005-10-04,45.679,45.679,44.776,44.776,69805
2005-10-05,44.776,44.776,44.012,44.079,83658
2005-10-06,44.134,44.317,43.621,44.02,91240
2005-10-07,44.111,44.111,43.24,43.566,51630
2005-10-10,43.566,43.566,42.933,43.008,102612
2005-10-11,43.216,43.216,42.596,42.819,33593
2005-10-12,42.711,42.711,41.693,42.045,103138
2005-10-13,42.006,42.405,41.595,42.053,56602
2005-10-14,42.62,43.094,42.329,43.031,87976
2005-10-17,43.078,43.277,42.9,43.277,143266
2005-10-18,43.277,43.338,42.673,42.864,50327
2005-10-19,42.48,43.391,42.329,43.347,63398
2005-10-20,43.222,43.429,42.549,42.657,84441
2005-10-21,42.683,43.407,42.683,43.07,72285
2005-10-24,43.782,44.056,43.72,43.941,123923
2005-10-25,43.912,44.172,43.591,43.766,26536
2005-10-26,43.766,43.81,43.201,43.315,47190
2005-10-27,43.291,43.306,42.849,42.849,57254
2005-10-28,43.438,44.18,43.407,44.14,120521
2005-10-31,44.44,44.67,44.303,44.369,238559
2005-11-01,44.369,44.369,42.978,43.383,99738
2005-11-02,43.515,43.81,43.16,43.79,55295
2005-11-03,43.941,44.317,43.475,43.658,82877
2005-11-04,43.644,43.652,43.07,43.407,28103
2005-11-07,43.757,43.929,43.453,43.613,40262
2005-11-08,43.475,43.644,43.16,43.489,20262
2005-11-09,43.636,44.378,43.636,43.98,41569
2005-11-10,43.827,45.051,43.751,45.028,27844
2005-11-11,45.044,45.341,44.907,45.205,43398
2005-11-14,45.563,45.563,45.0,45.166,30328
2005-11-15,45.311,45.465,44.952,45.144,33855
2005-11-16,45.189,45.189,44.684,44.892,23398
2005-11-17,44.937,45.663,44.853,45.634,37386
2005-11-18,45.761,45.908,45.457,45.794,101566
2005-11-21,45.839,46.19,45.549,46.022,51765
2005-11-22,45.648,46.667,45.648,46.612,56864
2005-11-23,46.512,46.819,46.375,46.819,36342
2005-11-25,46.771,46.972,46.673,46.972,9543
2005-11-28,46.881,46.881,46.375,46.461,49543
2005-11-29,46.405,46.626,46.297,46.487,21830
2005-11-30,46.667,46.78,46.183,46.214,37778
2005-12-01,46.345,47.024,46.345,46.889,53460
2005-12-02,46.832,46.925,46.375,46.651,23790
2005-12-05,46.825,46.825,46.154,46.475,27973
2005-12-06,46.857,46.857,46.282,46.321,37257
2005-12-07,46.353,46.475,45.761,46.085,38040
2005-12-08,45.948,46.909,45.948,46.428,76862
2005-12-09,46.445,46.728,46.276,46.553,28887
2005-12-12,46.849,46.857,46.289,46.58,39738
2005-12-13,46.574,46.849,46.369,46.811,26536
2005-12-14,46.804,47.157,46.62,46.902,57775
2005-12-15,47.002,47.195,46.537,46.545,36993
2005-12-16,46.857,46.881,46.557,46.712,14118
2005-12-19,46.72,46.72,46.085,46.098,37257
2005-12-20,45.948,46.313,45.817,46.16,41046
2005-12-21,46.16,46.461,46.16,46.437,81046
2005-12-22,46.254,46.742,45.916,46.704,58302
2005-12-23,46.819,47.041,46.78,46.866,55948
2005-12-27,46.069,46.098,45.769,45.769,79607
2005-12-28,46.029,46.029,45.556,45.717,118562
2005-12-29,45.94,46.029,45.441,45.479,90978
2005-12-30,45.441,45.569,45.275,45.349,56472
2006-01-03,45.641,46.421,45.044,46.27,91896
2006-01-04,46.606,46.612,46.23,46.606,98040
2006-01-05,46.626,47.186,46.626,46.964,40654
2006-01-06,47.214,47.422,46.981,47.408,47060
2006-01-09,47.666,47.813,47.401,47.813,64310
2006-01-10,47.813,48.346,47.56,48.105,71760
2006-01-11,48.287,48.287,47.95,48.172,54772
2006-01-12,48.211,48.211,47.881,48.043,178297
2006-01-13,48.043,48.043,47.247,47.447,56207
2006-01-17,47.447,47.447,46.917,47.256,77780
2006-01-18,47.247,47.401,47.024,47.247,42748
2006-01-19,47.362,47.906,47.263,47.842,77125
2006-01-20,47.899,47.899,47.202,47.377,64051
2006-01-23,47.591,47.706,47.429,47.591,55948
2006-01-24,47.731,48.097,47.706,47.95,104311
2006-01-25,48.097,48.279,47.775,47.981,1984940
2006-01-26,48.181,48.287,47.906,48.135,1840891
2006-01-27,48.502,48.921,48.346,48.677,2464150
2006-01-30,48.869,48.869,48.472,48.639,1723766
2006-01-31,48.472,49.022,48.464,48.769,554109
2006-02-01,48.846,49.212,48.731,49.0,64963
2006-02-02,48.944,48.985,48.509,48.655,87189
2006-02-03,48.548,48.548,47.715,48.228,105882
2006-02-06,48.228,48.41,48.135,48.41,130454
2006-02-07,48.448,48.455,47.989,48.035,89542
2006-02-08,47.996,47.996,47.429,47.822,75687
2006-02-09,47.899,48.22,47.706,48.052,57121
2006-02-10,47.981,48.295,47.682,48.097,490452
2006-02-13,48.157,48.181,47.989,48.157,59738
2006-02-14,48.157,48.502,47.784,48.426,64183
2006-02-15,48.248,48.854,48.242,48.854,782865
2006-02-16,48.885,49.212,48.854,49.18,94637
2006-02-17,49.306,49.71,47.697,49.71,73720
2006-02-21,49.795,49.895,49.497,49.648,80001
2006-02-22,49.762,50.276,49.497,50.201,61043
2006-02-23,50.209,50.276,49.779,50.114,74247
2006-02-24,50.114,50.114,49.702,49.847,68630
2006-02-27,50.022,50.062,49.681,49.855,72675
2006-02-28,49.734,49.955,49.497,49.681,76469
2006-03-01,50.406,50.406,49.581,49.963,55164
2006-03-02,49.727,49.901,49.595,49.901,36993
2006-03-03,49.833,49.833,49.406,49.634,131110
2006-03-06,50.062,51.057,49.87,50.527,78297
2006-03-07,50.527,51.295,49.833,49.917,50327
2006-03-08,49.931,50.177,49.497,50.177,97646
2006-03-09,50.23,50.774,50.022,50.589,72941
2006-03-10,50.695,51.079,50.453,51.05,87709
2006-03-13,51.249,51.348,50.513,50.711,73720
2006-03-14,50.851,51.202,50.695,51.079,56730
2006-03-15,51.295,52.143,51.295,52.046,74509
2006-03-16,52.12,52.886,52.112,52.588,59215
2006-03-17,52.77,53.076,52.374,53.053,125881
2006-03-20,53.037,53.037,51.683,51.859,126405
2006-03-21,51.768,51.958,51.028,51.262,287710
2006-03-22,51.325,51.477,51.019,51.378,53069
2006-03-23,51.202,51.561,51.202,51.51,186928
2006-03-24,51.967,51.967,51.249,51.432,151762
2006-03-27,51.378,51.423,50.704,50.844,78821
2006-03-28,50.859,51.7,50.661,51.401,97253
2006-03-29,51.775,52.525,51.775,52.366,102221
2006-03-30,52.503,52.503,51.378,51.607,126665
2006-03-31,51.797,51.914,51.249,51.716,120521
2006-04-03,51.891,51.983,50.704,50.827,74768
2006-04-04,50.936,50.995,50.254,50.477,127973
2006-04-05,50.957,51.002,50.589,50.752,71634
2006-04-06,50.568,50.865,50.513,50.544,82221
2006-04-07,50.628,50.637,49.779,49.779,139997
2006-04-10,49.826,49.826,49.212,49.312,50586
2006-04-11,49.198,49.435,49.061,49.189,93203
2006-04-12,49.189,49.412,48.921,49.189,38825
2006-04-13,49.022,49.154,48.417,48.539,62090
2006-04-17,48.426,48.715,48.32,48.402,52680
2006-04-18,48.585,49.771,48.539,49.588,57648
2006-04-19,49.648,50.322,49.497,50.194,43007
2006-04-20,50.291,50.322,49.826,50.245,43791
2006-04-21,50.33,50.568,50.123,50.254,82877
2006-04-24,50.369,50.369,49.771,49.995,65230
2006-04-25,50.022,50.087,49.504,49.618,58691
2006-04-26,49.81,49.81,49.359,49.465,80261
2006-04-27,50.254,50.254,49.083,49.779,75687
2006-04-28,49.963,50.307,49.795,49.955,82480
2006-05-01,50.245,50.314,49.205,49.359,63790
2006-05-02,49.497,49.497,48.578,48.854,67713
2006-05-03,49.0,49.043,48.555,48.944,42221
2006-05-04,49.114,49.887,49.114,49.64,61701
2006-05-05,50.194,50.527,50.102,50.276,62872
2006-05-08,50.392,50.56,50.201,50.498,191237
2006-05-09,50.56,50.668,50.138,50.477,195291
2006-05-10,50.398,50.736,50.254,50.291,75815
2006-05-11,50.048,50.291,49.306,49.365,74509
2006-05-12,49.014,49.083,48.248,48.739,81829
2006-05-15,48.792,49.451,48.256,49.412,90978
2006-05-16,49.595,49.657,49.146,49.22,39086
2006-05-17,48.839,48.839,48.172,48.295,89803
2006-05-18,48.846,48.893,47.89,47.929,48105
2006-05-19,47.813,48.509,47.475,48.043,119868
2006-05-22,47.858,47.914,47.263,47.914,224838
2006-05-23,47.666,48.181,47.384,47.384,106796
2006-05-24,47.414,47.836,46.972,47.462,218431
2006-05-25,47.858,48.655,47.822,48.346,80787
2006-05-26,48.953,49.022,48.61,48.93,80916
2006-05-30,48.93,48.97,48.525,48.525,45750
2006-05-31,48.854,48.97,47.858,48.61,74118
2006-06-01,48.731,49.504,48.731,49.504,46534
2006-06-02,49.74,50.17,49.581,50.07,59605
2006-06-05,50.022,51.057,49.887,50.314,98690
2006-06-06,50.477,50.477,49.681,49.719,44836
2006-06-07,49.833,50.42,49.627,50.062,66927
2006-06-08,50.062,50.13,49.205,49.955,97775
2006-06-09,49.955,50.398,49.917,50.284,69542
2006-06-12,50.444,50.444,49.488,49.689,240001
2006-06-13,49.267,49.657,49.043,49.174,94247
2006-06-14,48.869,49.253,48.647,48.755,78431
2006-06-15,49.0,49.771,49.0,49.771,77780
2006-06-16,49.588,49.779,49.312,49.681,81959
2006-06-19,49.987,49.987,49.26,49.334,86012
2006-06-20,49.497,49.497,48.885,49.075,55034
2006-06-21,49.075,49.689,49.014,49.648,166010
2006-06-22,49.648,49.648,49.105,49.3,72285
2006-06-23,49.398,49.398,48.761,48.921,109935
2006-06-26,48.617,48.953,48.502,48.921,65491
2006-06-27,49.0,49.114,48.709,48.869,48626
2006-06-28,48.921,49.174,48.815,49.014,32158
2006-06-29,49.534,50.102,49.205,50.102,78040
2006-06-30,50.33,50.82,50.062,50.484,106931
2006-07-03,50.804,51.416,50.654,51.416,1169786
2006-07-05,51.378,51.409,50.536,51.34,102221
2006-07-06,51.318,51.454,51.088,51.454,38955
2006-07-07,51.493,51.632,50.942,51.249,67579
2006-07-10,51.454,51.691,51.171,51.647,147712
2006-07-11,51.736,51.847,51.331,51.729,139997
2006-07-12,51.891,51.891,51.599,51.865,145093
2006-07-13,51.683,51.84,51.071,51.171,83138
2006-07-14,50.942,51.133,50.47,50.47,85356
2006-07-17,50.589,50.612,50.33,50.47,55034
2006-07-18,50.744,51.277,50.42,51.234,71371
2006-07-19,51.277,52.058,51.277,52.02,116339
2006-07-20,52.326,52.326,51.591,51.591,63660
2006-07-21,51.461,51.461,50.661,50.752,94378
2006-07-24,50.95,51.586,50.835,51.586,78297
2006-07-25,51.632,51.945,51.461,51.853,138036
2006-07-26,51.882,52.12,51.754,52.037,73070
2006-07-27,52.311,52.48,51.859,51.865,68755
2006-07-28,51.967,52.649,51.967,52.625,48234
2006-07-31,52.557,52.595,52.098,52.45,65879
2006-08-01,52.243,52.288,51.632,52.174,1136846
2006-08-02,52.189,52.281,51.99,52.074,82089
2006-08-03,51.907,52.588,51.907,52.573,47973
2006-08-04,52.985,53.427,52.985,53.398,29541
2006-08-07,53.427,53.427,52.756,52.878,42482
2006-08-08,52.917,52.917,51.975,52.09,79607
2006-08-09,52.427,52.427,51.768,51.768,68105
2006-08-10,51.853,51.983,51.277,51.806,119606
2006-08-11,51.891,51.891,51.286,51.485,49672
2006-08-14,51.822,52.419,51.708,51.983,62353
2006-08-15,52.441,52.662,52.427,52.579,68235
2006-08-16,52.756,52.756,52.609,52.679,56207
2006-08-17,52.687,52.838,52.503,52.602,88495
2006-08-18,52.831,52.871,52.525,52.838,29671
2006-08-21,52.8,53.169,52.725,53.138,64963
2006-08-22,53.186,53.55,52.962,53.514,64443
2006-08-23,53.697,53.697,52.953,53.1,63267
2006-08-24,53.138,53.365,53.061,53.307,28757
2006-08-25,53.359,53.451,53.177,53.268,59346
2006-08-28,53.374,53.903,53.244,53.903,50980
2006-08-29,53.963,53.963,53.52,53.909,52551
2006-08-30,53.988,54.315,53.871,54.232,86012
2006-08-31,54.484,54.553,52.786,54.275,168103
2006-09-01,54.515,54.515,53.963,53.963,40783
2006-09-05,54.17,54.515,53.988,54.515,82221
2006-09-06,54.446,54.461,54.184,54.184,51896
2006-09-07,54.291,54.291,53.748,53.812,91372
2006-09-08,53.817,54.384,53.498,54.323,60392
2006-09-11,54.087,54.553,53.903,54.5,52551
2006-09-12,54.691,55.218,54.408,55.195,78297
2006-09-13,55.318,55.653,55.073,55.511,65491
2006-09-14,55.355,55.355,54.968,55.209,103138
2006-09-15,55.263,55.723,55.263,55.653,98690
2006-09-18,55.623,55.623,55.173,55.255,73853
2006-09-19,55.203,55.695,55.203,55.669,45622
2006-09-20,55.892,56.039,55.393,55.546,113466
2006-09-21,55.47,55.638,54.691,54.927,149931
2006-09-22,54.895,55.249,54.561,55.073,121826
2006-09-25,54.784,54.796,54.232,54.647,294374
2006-09-26,54.676,54.684,54.401,54.515,59998
2006-09-27,54.515,55.06,54.347,54.987,57909
2006-09-28,55.165,55.165,54.638,54.874,98823
2006-09-29,54.975,55.111,54.736,54.736,76074
2006-10-02,54.92,55.151,54.291,54.711,79346
2006-10-03,54.599,55.448,54.599,55.249,97775
2006-10-04,55.318,55.913,55.318,55.892,71243
2006-10-05,55.953,56.36,55.953,56.26,107188
2006-10-06,56.344,56.344,55.73,55.908,90325
2006-10-09,55.976,56.313,55.418,56.228,243266
2006-10-10,56.16,56.579,55.662,56.235,81568
2006-10-11,56.007,56.396,55.686,56.022,115555
2006-10-12,56.181,56.528,56.044,56.528,112679
2006-10-13,56.594,57.176,56.528,57.176,148761
2006-10-16,57.237,57.321,57.079,57.301,82747
2006-10-17,57.301,57.345,57.024,57.108,59870
2006-10-18,57.49,57.506,57.184,57.399,73853
2006-10-19,57.451,57.568,57.146,57.261,89279
2006-10-20,57.161,57.321,56.894,57.184,57519
2006-10-23,57.321,57.528,56.976,57.528,64183
2006-10-24,57.62,57.62,57.108,57.229,88495
2006-10-25,57.353,57.698,57.21,57.521,39871
2006-10-26,57.866,58.103,57.62,58.087,101175
2006-10-27,58.018,58.071,57.582,57.706,75423
2006-10-30,57.568,58.141,57.521,58.026,58432
2006-10-31,58.475,58.475,57.751,58.126,138822
2006-11-01,58.264,58.308,57.606,57.682,104702
2006-11-02,57.561,57.561,56.32,56.579,144838
2006-11-03,56.803,56.803,55.516,55.96,133723
2006-11-06,56.273,56.62,56.145,56.473,585090
2006-11-07,56.497,56.497,55.861,55.861,97517
2006-11-08,55.839,56.19,55.348,56.053,123923
2006-11-09,56.129,56.313,55.785,56.137,112679
2006-11-10,56.174,56.405,55.968,56.36,65230
2006-11-13,56.428,56.603,56.221,56.497,70981
2006-11-14,56.763,57.292,56.612,57.217,94767
2006-11-15,57.301,57.451,57.108,57.285,116339
2006-11-16,57.642,57.706,57.392,57.674,133723
2006-11-17,57.682,57.682,57.301,57.451,71243
2006-11-20,58.241,59.669,58.241,59.441,212025
2006-11-21,59.51,60.436,59.51,60.398,325878
2006-11-22,60.573,60.788,60.174,60.666,142218
2006-11-24,60.495,60.925,60.381,60.925,75293
2006-11-27,61.072,61.072,59.266,59.282,166927
2006-11-28,59.393,59.472,58.834,59.441,111764
2006-11-29,59.769,60.345,59.709,60.274,178297
2006-11-30,60.56,61.072,60.182,60.907,57519
2006-12-01,61.072,61.148,60.313,60.796,178428
2006-12-04,60.536,61.636,60.536,61.499,81696
2006-12-05,61.789,61.789,60.988,61.032,81959
2006-12-06,61.148,61.148,60.199,60.688,112284
2006-12-07,60.995,60.995,60.306,60.313,111497
2006-12-08,60.488,60.62,60.154,60.512,94900
2006-12-11,60.613,60.804,60.291,60.65,99083
2006-12-12,60.881,60.902,60.229,60.373,60130
2006-12-13,60.842,60.842,59.741,60.061,81568
2006-12-14,59.886,60.451,59.886,60.106,72547
2006-12-15,60.32,60.381,59.628,59.654,176076
2006-12-18,59.764,59.991,59.275,59.288,132156
2006-12-19,59.092,59.167,58.34,58.785,256076
2006-12-20,58.791,59.516,58.791,59.401,287053
2006-12-21,59.167,59.51,58.761,58.914,464962
2006-12-22,58.079,58.103,57.353,57.537,476724
2006-12-26,57.606,58.194,57.606,57.988,123400
2006-12-27,57.988,58.554,57.988,58.47,76862
2006-12-28,58.715,58.867,58.349,58.632,124571
2006-12-29,58.828,59.196,58.693,58.907,468493
2007-01-03,59.167,59.449,58.447,58.999,687309
2007-01-04,59.084,59.103,58.624,59.076,217118
2007-01-05,58.983,58.983,57.949,57.981,187837
2007-01-08,58.141,58.141,57.706,58.064,113724
2007-01-09,57.936,58.876,57.936,58.8,178167
2007-01-10,58.66,59.594,58.539,59.557,181175
2007-01-11,59.747,60.688,59.747,60.329,246532
2007-01-12,60.398,60.65,60.291,60.521,244049
2007-01-16,61.01,61.462,60.657,61.385,211502
2007-01-17,61.385,61.584,60.682,61.353,156862
2007-01-18,61.393,61.576,61.056,61.278,111370
2007-01-19,61.157,61.89,60.902,61.89,106931
2007-01-22,61.926,61.926,61.271,61.37,99214
2007-01-23,61.476,61.906,61.408,61.659,149408
2007-01-24,61.736,62.463,61.659,62.463,127449
2007-01-25,62.853,63.305,62.64,62.845,228103
2007-01-26,63.077,63.091,62.502,63.052,160128
2007-01-29,63.19,63.343,62.876,63.259,190320
2007-01-30,63.36,63.573,62.922,63.573,114248
2007-01-31,63.649,64.214,63.236,64.076,182741
2007-02-01,64.132,64.344,63.601,64.331,1157631
2007-02-02,64.367,64.445,64.017,64.445,171105
2007-02-05,64.568,64.575,64.375,64.445,220131
2007-02-06,64.836,65.394,64.736,65.394,182219
2007-02-07,65.433,66.764,65.065,66.764,332676
2007-02-08,66.473,66.893,66.135,66.25,225618
2007-02-09,66.365,66.465,64.055,65.485,373591
2007-02-12,65.485,65.485,64.039,64.3,358808
2007-02-13,64.148,65.544,63.785,65.544,260574
2007-02-14,65.638,65.767,64.867,65.08,381543
2007-02-15,65.217,65.858,64.964,65.559,229671
2007-02-16,65.439,65.525,64.568,65.394,170583
2007-02-20,65.284,66.006,64.652,65.899,139739
2007-02-21,65.743,65.743,65.141,65.683,169801
2007-02-22,65.752,65.752,65.086,65.332,126665
2007-02-23,65.217,65.265,64.107,64.194,217906
2007-02-26,64.307,64.489,62.777,63.87,301292
2007-02-27,62.839,63.143,61.262,61.89,394767
2007-02-28,61.898,62.914,61.875,62.272,1241291
2007-03-01,61.507,62.578,59.669,61.721,434712
2007-03-02,61.416,61.674,60.613,60.742,328886
2007-03-05,60.008,60.061,58.37,58.378,392283
2007-03-06,58.983,60.65,58.983,60.521,213726
2007-03-07,60.191,60.56,59.585,59.669,124180
2007-03-08,59.747,61.056,59.747,60.627,179214
2007-03-09,61.353,61.476,60.873,61.43,172807
2007-03-12,61.423,61.942,60.995,61.736,135682
2007-03-13,61.584,61.736,60.067,60.283,169279
2007-03-14,59.976,60.65,59.288,60.573,146274
2007-03-15,60.796,61.124,60.682,61.116,154637
2007-03-16,61.109,61.109,60.39,60.436,171763
2007-03-19,61.01,61.3,60.695,61.039,183394
2007-03-20,61.047,61.408,60.735,61.285,88627
2007-03-21,61.162,62.188,60.818,62.027,107578
2007-03-22,62.034,62.272,61.674,62.089,233853
2007-03-23,62.157,62.487,62.004,62.127,290060
2007-03-26,61.806,61.821,60.587,60.78,613587
2007-03-27,60.495,60.613,59.862,60.147,135033
2007-03-28,59.785,60.291,59.196,59.747,136992
2007-03-29,60.283,60.298,59.496,59.845,151502
2007-03-30,59.709,60.704,59.709,60.704,302350
2007-04-02,60.666,61.162,60.359,61.087,197514
2007-04-03,61.453,61.806,61.271,61.622,243658
2007-04-04,61.622,61.622,60.933,61.316,115685
2007-04-05,61.201,61.476,61.201,61.253,87449
2007-04-09,61.278,61.469,61.201,61.37,127842
2007-04-10,61.148,61.859,61.148,61.622,107845
2007-04-11,61.645,61.645,60.414,60.704,180129
2007-04-12,60.579,60.579,60.038,60.291,93541
2007-04-13,60.206,60.972,60.016,60.972,108104
2007-04-16,61.124,61.193,60.718,61.047,210323
2007-04-17,61.032,61.875,61.032,61.843,124440
2007-04-18,61.499,61.752,61.393,61.462,98431
2007-04-19,60.957,61.224,60.756,61.047,87189
2007-04-20,61.353,61.545,61.216,61.507,181958
2007-04-23,61.507,62.288,61.353,62.196,238430
2007-04-24,62.54,62.54,61.416,61.774,97775
2007-04-25,61.914,62.204,61.148,61.736,198566
2007-04-26,61.881,61.957,61.393,61.774,75554
2007-04-27,61.507,61.774,61.377,61.622,73853
2007-04-30,61.721,61.721,60.528,60.627,198960
2007-05-01,60.818,60.818,59.51,60.098,224183
2007-05-02,59.785,60.642,59.785,60.573,118692
2007-05-03,60.804,60.902,60.473,60.735,64183
2007-05-04,60.675,60.704,59.924,60.206,114376
2007-05-07,60.16,60.495,59.9,60.373,214379
2007-05-08,59.932,60.166,59.853,59.976,107062
2007-05-09,59.776,60.888,59.776,60.627,100391
2007-05-10,60.468,60.468,59.685,59.817,135033
2007-05-11,59.939,60.627,59.924,60.627,85751
2007-05-14,60.573,60.796,60.122,60.283,107845
2007-05-15,60.359,60.521,59.182,59.367,552803
2007-05-16,59.257,59.458,58.294,58.632,178690
2007-05-17,58.17,58.264,57.429,57.614,202223
2007-05-18,57.475,57.614,56.62,57.032,487837
2007-05-21,56.908,57.981,56.726,57.261,718387
2007-05-22,57.451,58.4,57.329,58.11,234830
2007-05-23,58.141,58.678,57.513,57.667,252193
2007-05-24,57.399,57.552,55.998,56.702,272807
2007-05-25,56.976,57.72,56.71,57.024,207058
2007-05-29,57.682,59.533,57.376,59.06,216333
2007-05-30,58.791,60.642,58.791,60.642,751233
2007-05-31,60.873,61.072,59.999,60.398,258950
2007-06-01,60.62,60.811,60.053,60.481,167448
2007-06-04,60.283,61.01,60.13,60.726,291108
2007-06-05,60.512,60.521,59.669,59.764,165098
2007-06-06,59.48,59.755,59.027,59.36,96731
2007-06-07,58.843,58.953,57.353,57.49,269668
2007-06-08,57.415,58.278,57.146,58.178,210323
2007-06-11,57.967,57.967,57.268,57.307,225094
2007-06-12,57.244,57.244,56.26,56.313,358033
2007-06-13,56.71,57.651,56.572,57.561,137382
2007-06-14,57.72,57.72,56.84,56.941,93594
2007-06-15,57.468,57.941,57.399,57.568,232809
2007-06-18,57.49,57.528,56.641,56.681,201565
2007-06-19,56.344,56.833,56.09,56.787,229931
2007-06-20,56.787,56.818,55.079,55.079,96082
2007-06-21,55.272,55.524,54.508,55.386,452932
2007-06-22,55.235,55.325,54.744,55.18,146142
2007-06-25,54.339,54.576,53.436,53.606,498822
2007-06-26,53.726,53.98,53.244,53.398,275552
2007-06-27,53.1,54.943,52.895,54.769,256724
2007-06-28,54.744,55.272,54.453,54.484,153071
2007-06-29,54.5,55.249,53.835,54.275,255289
2007-07-02,54.475,55.603,54.369,55.53,283787
2007-07-03,55.586,55.799,55.218,55.378,120257
2007-07-05,55.839,56.847,55.839,56.213,168754
2007-07-06,56.313,56.503,55.714,56.145,144707
2007-07-09,56.235,56.235,55.73,56.106,84441
2007-07-10,55.677,55.738,54.613,54.684,155945
2007-07-11,54.545,54.761,53.995,54.576,181303
2007-07-12,54.699,55.28,54.508,55.28,120257
2007-07-13,55.051,55.877,55.036,55.806,140129
2007-07-16,55.778,56.503,55.342,55.342,115291
2007-07-17,55.539,55.738,55.104,55.142,161700
2007-07-18,54.968,55.027,54.079,55.019,178428
2007-07-19,55.173,55.53,55.159,55.226,100524
2007-07-20,55.079,55.142,53.935,54.263,205356
2007-07-23,54.468,54.468,53.32,53.32,175552
2007-07-24,52.969,53.444,52.046,52.243,168491
2007-07-25,52.634,52.993,51.325,51.677,343524
2007-07-26,51.736,51.736,49.97,50.728,414962
2007-07-27,50.646,51.257,49.043,49.043,329276
2007-07-30,49.694,50.209,49.137,49.995,257775
2007-07-31,50.568,51.286,49.734,49.795,722476
2007-08-01,49.734,50.612,48.731,50.453,264702
2007-08-02,50.904,51.331,50.52,51.286,713977
2007-08-03,51.019,51.057,49.306,49.306,221303
2007-08-06,49.917,51.028,48.617,51.028,435813
2007-08-07,50.444,51.761,50.008,51.31,349670
2007-08-08,51.632,53.465,51.401,53.335,385354
2007-08-09,52.304,53.65,50.345,52.748,593060
2007-08-10,51.7,52.733,51.133,51.155,253200
2007-08-13,51.064,51.815,50.913,50.913,232677
2007-08-14,50.95,50.95,49.381,49.451,575939
2007-08-15,49.236,50.752,48.617,48.617,822469
2007-08-16,48.495,50.568,48.211,50.568,617118
2007-08-17,51.847,53.129,50.888,51.716,676727
2007-08-20,51.638,52.748,51.448,52.662,480778
2007-08-21,52.35,53.199,52.219,52.909,327580
2007-08-22,53.55,53.886,52.929,53.55,359083
2007-08-23,53.55,53.681,52.573,52.634,362609
2007-08-24,52.878,53.016,52.211,52.917,314894
2007-08-27,52.617,52.708,51.768,51.768,268101
2007-08-28,51.624,51.624,50.186,50.186,255422
2007-08-29,50.498,52.02,50.498,52.02,312673
2007-08-30,50.827,52.342,50.827,52.288,351759
2007-08-31,52.817,53.765,52.525,53.153,1427429
2007-09-04,53.177,54.315,53.001,53.858,470058
2007-09-05,53.32,53.451,52.533,52.564,334114
2007-09-06,52.895,53.114,52.273,53.029,237647
2007-09-07,52.112,52.374,51.683,51.754,431628
2007-09-10,52.058,52.251,50.929,51.217,246008
2007-09-11,51.647,52.281,51.638,52.281,482868
2007-09-12,52.046,52.51,51.865,51.975,140129
2007-09-13,52.38,53.398,52.288,53.145,174768
2007-09-14,52.595,53.489,52.295,53.489,558814
2007-09-17,53.252,53.427,52.786,53.1,140520
2007-09-18,53.407,54.987,53.199,54.987,202090
2007-09-19,55.119,56.19,55.119,56.022,261958
2007-09-20,55.669,55.669,54.567,54.567,651496
2007-09-21,55.051,55.235,54.836,54.96,107971
2007-09-24,54.62,55.426,54.5,55.426,171893
2007-09-25,54.79,54.79,54.048,54.048,497773
2007-09-26,54.537,54.836,54.2,54.836,203788
2007-09-27,55.104,55.255,54.804,55.255,184575
2007-09-28,55.06,55.06,54.545,54.668,228493
2007-10-01,55.159,55.998,55.151,55.998,1156718
2007-10-02,56.26,57.018,56.152,57.018,268232
2007-10-03,56.756,56.976,56.428,56.74,219997
2007-10-04,56.925,57.321,56.42,57.321,178167
2007-10-05,57.561,58.669,57.146,58.669,348100
2007-10-08,57.742,57.941,57.521,57.561,184179
2007-10-09,57.72,58.202,57.102,58.202,208232
2007-10-10,58.202,58.278,57.561,57.797,245226
2007-10-11,58.424,58.507,57.422,57.568,146142
2007-10-12,57.758,57.894,57.024,57.024,169279
2007-10-15,57.07,57.253,55.822,55.953,268101
2007-10-16,55.762,55.877,55.111,55.272,269015
2007-10-17,55.723,56.702,53.972,55.188,344966
2007-10-18,54.761,55.762,54.178,55.203,175164
2007-10-19,54.867,54.867,52.855,52.855,241174
2007-10-22,52.855,54.241,52.602,54.241,322347
2007-10-23,54.661,54.811,53.835,54.811,242481
2007-10-24,54.393,54.393,53.061,53.895,484437
2007-10-25,54.576,54.744,53.514,54.008,405224
2007-10-26,54.744,55.133,53.88,54.828,189018
2007-10-29,54.804,54.936,53.935,53.935,174118
2007-10-30,54.225,54.979,54.225,54.676,233463
2007-10-31,55.019,55.814,54.147,55.814,347611
2007-11-01,54.438,54.561,53.207,53.207,364308
2007-11-02,53.498,53.498,51.716,52.45,400645
2007-11-05,51.638,52.366,51.448,51.691,403804
2007-11-06,51.416,52.342,51.195,52.342,277906
2007-11-07,51.241,51.945,50.56,50.711,647278
2007-11-08,50.98,51.318,50.016,50.865,384410
2007-11-09,50.314,51.262,50.109,50.453,323108
2007-11-12,50.56,51.784,50.398,51.036,363050
2007-11-13,51.028,52.725,51.028,52.725,229873
2007-11-14,53.567,53.567,51.655,51.655,407097
2007-11-15,51.806,52.051,50.871,51.561,448008
2007-11-16,52.167,52.195,50.345,50.596,472430
2007-11-19,50.492,50.492,49.497,49.497,414200
2007-11-20,50.031,50.47,47.737,48.539,630641
2007-11-21,48.021,48.792,47.653,48.204,443094
2007-11-23,49.174,49.681,48.709,49.154,215033
2007-11-26,49.689,49.689,46.796,46.796,289295
2007-11-27,47.538,47.914,46.742,47.89,380502
2007-11-28,48.572,49.995,48.572,49.995,394862
2007-11-29,49.955,50.039,48.854,49.189,199102
2007-11-30,50.262,51.211,49.909,50.527,360155
2007-12-03,50.687,50.687,49.543,49.987,553241
2007-12-04,49.987,49.987,48.639,48.639,391105
2007-12-05,49.627,50.3,49.198,50.276,292481
2007-12-06,50.276,51.983,50.177,51.873,236069
2007-12-07,52.02,52.494,51.638,51.691,345224
2007-12-10,51.723,52.8,51.454,52.8,324345
2007-12-11,53.016,53.3,49.978,50.016,366679
2007-12-12,51.723,51.729,49.373,49.847,544378
2007-12-13,49.689,49.801,48.602,49.282,416086
2007-12-14,48.335,49.74,47.942,48.043,1206306
2007-12-17,47.599,47.615,46.557,46.557,665370
2007-12-18,47.331,47.623,45.908,47.276,645812
2007-12-19,47.384,47.758,46.964,47.758,484299
2007-12-20,47.493,47.493,46.338,46.789,1305117
2007-12-21,46.99,47.706,46.99,47.706,489080
2007-12-24,47.715,49.381,47.715,49.253,159011
2007-12-26,48.846,48.936,48.235,48.433,486084
2007-12-27,48.135,48.346,47.18,47.469,462428
2007-12-28,47.462,47.813,46.345,46.635,516295
2007-12-31,46.909,47.223,46.305,47.016,438861
2008-01-02,47.016,47.447,46.207,46.874,6982440
2008-01-03,47.599,47.599,45.15,45.412,338935
2008-01-04,45.457,45.457,43.498,43.566,499672
2008-01-07,43.629,44.262,42.825,43.971,873936
2008-01-08,44.065,45.219,42.38,42.45,845276
2008-01-09,42.613,43.201,40.951,43.201,698763
2008-01-10,43.115,44.601,41.982,43.867,937184
2008-01-11,44.287,44.538,42.74,43.873,729673
2008-01-14,44.231,44.691,42.711,43.688,522654
2008-01-15,43.015,43.222,42.352,42.802,709287
2008-01-16,42.237,43.98,42.237,43.291,812678
2008-01-17,43.421,43.72,42.549,42.703,915504
2008-01-18,43.031,43.429,41.463,42.137,1151463
2008-01-22,42.053,43.941,40.796,43.148,1210077
2008-01-23,42.613,47.239,42.613,47.239,1737637
2008-01-24,47.285,48.27,45.634,46.131,987626
2008-01-25,46.686,47.124,45.404,45.86,902474
2008-01-28,45.893,47.414,45.205,47.414,1064218
2008-01-29,47.339,47.737,46.612,46.99,695895
2008-01-30,46.874,47.715,45.709,45.733,770491
2008-01-31,45.563,47.202,45.166,46.651,971907
2008-02-01,46.933,48.668,46.811,48.602,1109195
2008-02-04,48.555,48.555,47.393,48.097,679730
2008-02-05,47.263,47.957,46.398,46.398,929389
2008-02-06,46.728,46.857,45.535,45.641,729400
2008-02-07,45.503,46.72,45.136,46.72,604570
2008-02-08,46.612,46.612,44.661,45.228,1094745
2008-02-11,45.228,45.787,44.12,44.31,941407
2008-02-12,44.61,45.794,44.61,45.569,1180018
2008-02-13,46.503,46.503,45.12,45.931,1065201
2008-02-14,45.916,46.475,45.059,45.075,1367372
2008-02-15,44.907,45.448,44.448,45.441,1504349
2008-02-19,46.78,46.78,44.61,45.326,1407138
2008-02-20,44.485,45.671,44.448,45.61,1985194
2008-02-21,45.962,46.16,44.369,44.369,1427821
2008-02-22,45.12,45.626,44.164,45.626,1389960
2008-02-25,46.254,47.016,45.066,47.016,1287219
2008-02-26,47.048,47.401,46.405,47.009,1162171
2008-02-27,46.917,47.377,46.481,46.789,585268
2008-02-28,46.597,46.597,45.824,45.824,820604
2008-02-29,45.778,45.803,45.0,45.166,727453
2008-03-03,45.157,45.648,44.61,45.479,822758
2008-03-04,44.869,45.655,44.508,45.051,675897
2008-03-05,44.907,45.954,44.907,45.671,729732
2008-03-06,45.769,45.769,43.566,43.591,699283
2008-03-07,43.644,44.546,43.022,44.303,831857
2008-03-10,44.478,44.515,43.469,43.674,983161
2008-03-11,45.012,46.512,44.326,46.512,755166
2008-03-12,46.222,47.087,45.535,45.535,474902
2008-03-13,45.297,46.445,44.188,46.069,657789
2008-03-14,46.874,46.874,44.361,45.136,805030
2008-03-17,44.737,45.695,44.423,45.412,1334812
2008-03-18,46.819,47.429,45.778,47.408,1012581
2008-03-19,47.223,48.197,47.048,47.048,487048
2008-03-20,47.239,49.0,47.133,48.617,694342
2008-03-24,49.795,50.186,49.198,49.71,502175
2008-03-25,49.801,50.016,48.748,49.458,984092
2008-03-26,48.977,49.267,48.38,48.509,571228
2008-03-27,49.826,49.826,48.004,48.112,880068
2008-03-28,49.3,49.3,47.429,47.545,642278
2008-03-31,48.328,48.831,47.508,47.731,534527
2008-04-01,48.761,50.444,48.402,50.444,5067288
2008-04-02,50.596,50.661,49.558,50.201,631808
2008-04-03,50.462,51.348,49.878,51.348,665183
2008-04-04,51.775,51.775,50.427,50.536,1469929
2008-04-07,51.401,51.401,50.048,50.07,890518
2008-04-08,50.462,50.462,49.727,50.002,591497
2008-04-09,49.917,50.055,48.731,48.748,674286
2008-04-10,48.731,49.55,48.371,49.22,753716
2008-04-11,48.548,49.228,48.44,48.617,551944
2008-04-14,48.486,49.083,48.256,48.335,536957
2008-04-15,48.668,48.893,48.256,48.823,285840
2008-04-16,49.465,50.804,49.146,50.804,468100
2008-04-17,50.498,51.002,50.093,50.987,523643
2008-04-18,51.723,51.922,50.583,50.695,1064493
2008-04-21,50.768,50.774,50.138,50.322,402216
2008-04-22,50.291,50.47,49.795,50.201,683363
2008-04-23,50.201,51.164,50.022,50.827,906258
2008-04-24,50.904,52.02,50.736,51.84,1158566
2008-04-25,52.64,52.64,51.561,52.127,593893
2008-04-28,52.288,52.288,51.677,52.058,914475
2008-04-29,51.555,51.99,51.187,51.493,1053652
2008-04-30,51.936,52.005,50.637,50.774,822872
2008-05-01,50.835,51.865,50.427,51.865,1019760
2008-05-02,52.573,52.573,51.485,51.822,1714668
2008-05-05,51.797,51.822,51.18,51.677,386232
2008-05-06,52.051,52.058,51.096,52.037,440187
2008-05-07,51.975,52.02,50.427,50.62,648517
2008-05-08,51.133,51.133,49.955,50.314,547749
2008-05-09,50.262,50.56,49.779,50.039,447333
2008-05-12,50.194,51.241,50.062,51.241,375964
2008-05-13,51.44,51.485,50.835,51.448,401422
2008-05-14,51.936,52.051,51.555,51.768,388150
2008-05-15,51.914,52.393,51.416,52.393,542424
2008-05-16,52.402,52.402,51.736,52.12,423190
2008-05-19,52.143,52.419,51.716,52.203,335527
2008-05-20,51.822,51.907,51.064,51.501,1855608
2008-05-21,51.394,51.775,50.022,50.262,4501882
2008-05-22,50.002,50.284,49.694,49.833,4634590
2008-05-23,49.71,49.787,49.351,49.595,406853
2008-05-27,49.609,50.453,49.609,50.276,484328
2008-05-28,50.637,50.646,50.055,50.361,261055
2008-05-29,50.345,50.921,50.177,50.904,949842
2008-05-30,51.217,51.217,50.392,50.668,398171
2008-06-02,51.002,51.002,49.451,49.819,442406
2008-06-03,50.102,50.254,49.534,50.146,535850
2008-06-04,49.947,50.804,49.826,50.406,423157
2008-06-05,50.744,51.577,50.583,51.561,293095
2008-06-06,51.286,51.286,49.39,49.406,777895
2008-06-09,49.618,49.995,48.328,48.426,538577
2008-06-10,48.256,48.815,47.606,48.448,494816
2008-06-11,48.709,48.953,47.653,47.715,352286
2008-06-12,48.135,48.655,47.493,48.204,438771
2008-06-13,48.464,49.006,47.829,49.006,394529
2008-06-16,48.755,49.681,48.578,49.657,335699
2008-06-17,49.909,49.909,48.141,48.248,303696
2008-06-18,48.157,48.157,47.157,47.538,299865
2008-06-19,47.469,48.639,47.214,48.639,1035344
2008-06-20,48.105,48.211,47.263,47.545,354690
2008-06-23,47.873,47.881,46.369,46.369,355231
2008-06-24,45.626,46.412,45.211,45.787,1260435
2008-06-25,45.916,47.263,45.916,46.537,1463800
2008-06-26,46.972,46.981,44.928,44.983,623385
2008-06-27,45.092,45.297,44.247,44.63,1612923
2008-06-30,44.554,45.297,44.164,44.691,1655528
2008-07-01,43.522,45.012,43.421,44.654,2616629
2008-07-02,44.723,44.877,43.882,44.102,3251513
2008-07-03,44.164,44.287,43.483,43.652,2688495
2008-07-07,43.882,44.111,42.503,42.673,2876086
2008-07-08,42.763,45.86,42.398,45.855,6190984
2008-07-09,46.948,46.948,42.321,42.726,3593586
2008-07-10,42.596,43.888,42.137,43.551,2924243
2008-07-11,42.464,44.333,42.313,43.338,5441916
2008-07-14,43.407,44.21,41.647,41.83,5039608
2008-07-15,41.609,42.802,40.691,41.426,9079563
2008-07-16,41.402,44.448,40.959,44.448,6233124
2008-07-17,44.448,45.157,43.3,44.983,10601162
2008-07-18,44.892,45.128,44.256,45.059,5867480
2008-07-21,45.035,45.397,44.67,45.397,4090974
2008-07-22,44.892,46.686,44.492,46.612,8471548
2008-07-23,46.131,48.346,46.131,47.929,7232398
2008-07-24,48.181,48.181,44.515,44.753,3418664
2008-07-25,45.219,46.054,44.637,45.486,5350197
2008-07-28,45.747,46.16,44.247,44.745,1416699
2008-07-29,44.684,46.902,44.579,46.825,2737974
2008-07-30,48.32,48.32,45.258,46.667,5252776
2008-07-31,46.398,46.681,45.412,46.085,3566078
2008-08-01,46.106,46.214,44.959,46.123,4125796
2008-08-04,45.908,46.0,45.174,45.448,4296142
2008-08-05,45.671,47.567,45.503,47.493,3425939
2008-08-06,47.208,47.475,46.574,47.263,2903123
2008-08-07,46.789,46.941,45.618,46.015,3638409
2008-08-08,46.0,48.088,45.787,47.356,3726475
2008-08-11,47.881,49.359,47.384,48.885,6783858
2008-08-12,49.146,49.146,47.186,47.791,5737534
2008-08-13,47.438,47.523,46.503,47.093,5258746
2008-08-14,46.832,47.936,46.626,47.85,6160466
2008-08-15,47.981,48.44,47.316,47.784,3889273
2008-08-18,47.85,47.936,46.369,47.124,4447918
2008-08-19,46.369,46.375,45.434,45.962,5481617
2008-08-20,46.015,46.23,45.0,46.029,5727191
2008-08-21,45.465,45.535,44.907,45.211,5036005
2008-08-22,45.334,46.749,45.334,46.749,3567994
2008-08-25,46.695,46.895,45.128,45.334,2339663
2008-08-26,44.661,45.869,44.661,45.869,2719447
2008-08-27,46.19,46.329,45.404,46.329,2126965
2008-08-28,46.398,47.515,46.23,47.508,1782422
2008-08-29,47.162,47.623,46.667,47.18,1761093
2008-09-02,47.429,48.287,46.597,47.484,3194790
2008-09-03,47.422,48.235,47.107,48.235,3515706
2008-09-04,47.706,47.981,46.757,46.881,3424706
2008-09-05,46.375,46.941,45.811,46.889,4947978
2008-09-08,48.572,48.991,47.623,48.914,4589234
2008-09-09,48.639,49.052,46.712,47.087,4042048
2008-09-10,47.331,47.606,46.176,47.171,4132296
2008-09-11,46.925,47.89,46.154,47.89,5522945
2008-09-12,47.247,48.157,46.825,47.737,3356167
2008-09-15,47.016,47.293,44.983,44.983,7956800
2008-09-16,44.111,47.202,44.065,47.202,7171863
2008-09-17,46.222,46.481,44.18,44.485,5482959
2008-09-18,44.378,48.262,42.711,48.262,8038351
2008-09-19,52.748,52.748,47.157,49.702,3099260
2008-09-22,47.429,49.267,45.366,45.527,2256216
2008-09-23,46.606,46.874,45.709,45.833,3261371
2008-09-24,45.931,46.909,44.407,44.928,4032769
2008-09-25,45.794,46.038,44.579,45.486,2928261
2008-09-26,44.402,46.895,44.231,46.895,2603392
2008-09-29,45.083,46.574,43.391,43.391,4281816
2008-09-30,45.634,46.658,43.935,46.512,3096784
2008-10-01,46.282,46.282,44.723,45.389,3773778
2008-10-02,44.898,45.035,42.321,42.457,2979774
2008-10-03,43.33,43.696,40.355,40.621,5358038
2008-10-06,40.101,40.317,37.409,39.406,5661851
2008-10-07,39.095,39.65,36.023,36.023,4167438
2008-10-08,34.663,37.165,33.907,35.526,3024343
2008-10-09,35.421,36.803,32.512,32.711,7390952
2008-10-10,31.29,36.202,29.323,35.84,3999898
2008-10-13,38.022,38.212,35.374,38.121,1985053
2008-10-14,39.376,39.376,33.202,35.526,4591766
2008-10-15,34.35,35.031,30.737,30.968,3643827
2008-10-16,31.848,33.085,29.837,32.765,2983262
2008-10-17,31.205,33.907,31.075,32.413,4165479
2008-10-20,33.187,33.187,31.137,32.652,2469793
2008-10-21,32.237,32.994,31.458,31.533,1843347
2008-10-22,30.6,31.137,28.296,29.308,3352648
2008-10-23,29.239,29.92,26.317,28.542,7236807
2008-10-24,25.545,28.49,25.545,26.922,3729424
2008-10-27,26.677,27.969,25.245,25.392,3056620
2008-10-28,26.011,29.498,24.885,29.36,6362598
2008-10-29,29.116,30.394,28.023,28.321,4950609
2008-10-30,29.798,29.996,28.673,29.837,4944876
2008-10-31,30.079,31.9,29.446,31.755,14573642
2008-11-03,31.671,31.916,30.608,30.716,8733355
2008-11-04,31.58,32.543,30.915,32.435,8115744
2008-11-05,31.97,31.977,29.033,29.247,12771882
2008-11-06,28.965,29.391,27.762,27.876,16706623
2008-11-07,28.206,29.75,27.34,29.644,11289386
2008-11-10,29.929,29.944,26.661,26.99,4983664
2008-11-11,26.623,27.21,25.545,26.615,4771013
2008-11-12,26.003,26.011,24.509,24.709,7226723
2008-11-13,25.545,27.532,23.578,27.424,12380054
2008-11-14,27.051,27.066,24.197,24.336,3406242
2008-11-17,24.045,24.509,23.394,23.455,3461208
2008-11-18,23.553,23.938,21.847,23.234,4243285
2008-11-19,22.998,23.234,19.89,20.111,4011384
2008-11-20,19.752,21.112,18.245,18.522,5432750
2008-11-21,18.973,20.053,17.228,19.884,8990107
2008-11-24,20.558,23.531,19.692,23.264,6928028
2008-11-25,23.747,24.077,21.904,23.631,3855091
2008-11-26,23.631,24.947,22.889,24.908,3069214
2008-11-28,24.771,25.093,24.005,24.542,1095346
2008-12-01,23.93,23.983,19.469,19.752,3178593
2008-12-02,20.281,22.475,20.273,22.376,4417711
2008-12-03,21.398,23.631,21.045,23.631,5494097
2008-12-04,23.204,24.673,22.461,22.981,3217411
2008-12-05,22.627,25.436,22.291,25.415,2845437
2008-12-08,25.995,27.825,25.635,27.787,2419961
2008-12-09,27.411,27.746,25.168,25.375,3440480
2008-12-10,25.852,27.617,25.72,27.556,2164645
2008-12-11,26.928,27.066,23.211,23.624,2557623
2008-12-12,22.965,26.094,22.813,26.094,2506424
2008-12-15,26.186,26.439,24.09,25.184,1863096
2008-12-16,25.236,28.291,25.125,28.267,3069698
2008-12-17,27.539,30.002,26.998,28.787,5504633
2008-12-18,29.141,29.239,26.301,26.393,2480315
2008-12-19,26.454,28.244,26.454,28.244,2972988
2008-12-22,28.015,28.023,25.937,27.183,4821735
2008-12-23,27.456,27.732,26.752,27.027,2065885
2008-12-24,26.477,26.623,26.034,26.623,804731
2008-12-26,26.784,27.005,26.156,27.005,795339
2008-12-29,26.778,26.778,24.97,25.45,2025749
2008-12-30,25.764,26.668,25.612,26.47,2307521
2008-12-31,26.631,28.144,26.477,27.884,2554401
2009-01-02,28.023,28.031,26.983,26.998,2851964
2009-01-05,26.959,27.249,26.283,26.5,9566636
2009-01-06,26.965,28.115,26.127,27.825,2501918
2009-01-07,27.654,27.708,26.677,26.891,1881721
2009-01-08,26.532,26.875,26.147,26.689,2696916
2009-01-09,26.714,26.737,25.209,25.319,1950036
2009-01-12,25.153,25.209,23.439,23.838,2302224
2009-01-13,23.571,24.692,23.41,24.558,2343316
2009-01-14,24.084,24.084,23.025,23.27,3046081
2009-01-15,23.27,24.596,22.1,24.037,5133807
2009-01-16,24.482,25.024,23.424,24.947,7242045
2009-01-20,24.603,24.617,22.031,22.154,5122327
2009-01-21,22.675,24.487,21.925,24.474,4537800
2009-01-22,23.578,24.372,22.79,23.134,5103582
2009-01-23,22.376,23.93,22.225,23.838,4657997
2009-01-26,23.885,24.517,23.234,23.701,4909254
2009-01-27,23.868,24.451,23.585,24.037,3255340
2009-01-28,25.308,26.217,24.509,26.119,3545998
2009-01-29,25.567,25.627,23.885,23.983,3548510
2009-01-30,24.267,24.624,22.697,22.998,3119559
2009-02-02,22.469,23.585,22.384,23.553,3571884
2009-02-03,23.678,23.707,22.903,23.318,2822460
2009-02-04,23.326,23.945,22.751,22.751,10220036
2009-02-05,22.27,23.08,21.596,22.27,6235814
2009-02-06,22.392,24.053,22.344,23.814,5883143
2009-02-09,24.084,24.205,23.342,24.168,3433823
2009-02-10,24.128,24.128,21.819,22.017,6125920
2009-02-11,22.246,22.437,21.353,22.437,4567532
2009-02-12,21.642,22.17,20.459,22.054,4578396
2009-02-13,21.847,21.863,20.656,20.701,4491410
2009-02-17,19.89,20.081,19.041,19.232,3347227
2009-02-18,19.5,19.645,18.668,19.508,7238161
2009-02-19,19.89,20.053,18.499,18.668,3851906
2009-02-20,18.16,19.935,17.734,19.844,8217874
2009-02-23,20.03,20.174,18.245,18.353,6612282
2009-02-24,18.988,19.989,18.299,19.907,6781179
2009-02-25,19.684,20.371,18.75,19.523,6391745
2009-02-26,19.922,20.127,18.428,18.522,4994621
2009-02-27,18.016,18.903,17.978,18.276,4806520
2009-03-02,18.025,18.025,16.737,17.137,6239923
2009-03-03,17.35,17.587,16.332,17.205,7076777
2009-03-04,17.543,17.909,16.97,17.48,3998102
2009-03-05,17.038,17.257,16.164,16.402,4432194
2009-03-06,16.511,16.686,15.262,16.178,6449226
2009-03-09,15.69,16.556,15.69,16.538,5074353
2009-03-10,16.989,18.91,16.831,18.841,4001003
2009-03-11,18.917,19.195,18.276,18.537,3523861
2009-03-12,18.56,20.183,18.276,20.053,3648663
2009-03-13,20.493,20.61,18.965,19.624,3604947
2009-03-16,19.767,19.95,18.039,18.078,2984228
2009-03-17,18.115,19.5,17.703,19.446,3135009
2009-03-18,19.132,20.524,18.643,20.509,5088450
2009-03-19,20.832,20.863,19.17,19.255,2846716
2009-03-20,19.186,19.186,17.596,17.596,3637882
2009-03-23,18.428,20.584,18.245,20.443,3613066
2009-03-24,19.89,20.55,18.668,18.864,5873378
2009-03-25,18.926,19.269,17.257,18.805,3059694
2009-03-26,19.002,19.407,18.061,19.224,3935080
2009-03-27,18.79,18.988,18.328,18.369,3302496
2009-03-30,17.802,17.878,17.213,17.365,1846866
2009-03-31,17.679,18.841,17.463,18.574,3217845
2009-04-01,18.245,18.75,18.046,18.476,2430516
2009-04-02,19.138,20.03,18.735,19.815,3076733
2009-04-03,19.752,21.612,19.37,21.521,3651411
2009-04-06,21.077,21.779,20.578,21.275,4228960
2009-04-07,20.77,20.886,19.516,19.684,3097924
2009-04-08,19.776,20.136,19.387,19.975,3372069
2009-04-09,20.863,22.652,20.486,22.652,3259874
2009-04-13,22.093,23.18,21.863,22.722,5639457
2009-04-14,22.307,22.56,20.748,20.791,4420906
2009-04-15,20.74,22.722,20.593,22.599,5417990
2009-04-16,22.613,24.435,21.711,23.354,7586421
2009-04-17,23.51,24.617,22.889,23.778,7588360
2009-04-20,22.981,23.188,21.197,21.329,5391820
2009-04-21,20.799,23.27,20.671,23.218,9986211
2009-04-22,22.744,23.639,22.278,22.409,12257364
2009-04-23,22.553,23.553,22.185,23.418,8016238
2009-04-24,23.609,25.245,23.134,24.525,10221179
2009-04-27,24.084,24.241,22.392,23.058,7984681
2009-04-28,22.843,23.945,22.499,23.363,7882003
2009-04-29,23.654,24.709,23.431,24.38,6684231
2009-04-30,24.649,25.223,24.168,24.275,7287376
2009-05-01,24.296,24.311,23.163,23.48,5132909
2009-05-04,23.967,25.467,23.715,25.415,7108210
2009-05-05,25.201,25.201,24.241,24.467,7985050
2009-05-06,24.97,25.528,24.235,25.401,10545338
2009-05-07,25.712,25.72,23.311,23.945,9884181
2009-05-08,24.296,25.703,23.945,25.545,7992277
2009-05-11,24.764,25.216,24.495,24.572,4554170
2009-05-12,24.826,25.001,23.455,24.503,4158913
2009-05-13,23.684,23.73,22.53,22.895,3748123
2009-05-14,22.568,23.814,22.185,23.439,3388737
2009-05-15,23.311,23.524,22.208,22.652,2749707
2009-05-18,22.895,24.633,22.875,24.474,3629753
2009-05-19,24.58,24.7,23.701,24.005,3802552
2009-05-20,24.641,25.017,23.684,23.814,4467605
2009-05-21,23.394,24.152,23.188,23.885,3509197
2009-05-22,24.205,24.205,23.264,23.295,2182394
2009-05-26,23.163,24.899,23.065,24.68,3290364
2009-05-27,24.657,24.841,23.647,23.785,3319928
2009-05-28,24.159,24.418,23.48,24.111,3133933
2009-05-29,24.482,24.961,24.005,24.908,2212832
2009-06-01,25.505,26.768,25.245,26.186,4982645
2009-06-02,25.819,26.034,25.443,25.643,3655117
2009-06-03,25.522,25.659,25.192,25.596,2639281
2009-06-04,25.796,26.644,25.612,26.414,2622061
2009-06-05,26.835,26.852,25.894,26.346,3657773
2009-06-08,26.577,26.577,25.619,25.863,4651392
2009-06-09,26.194,26.217,25.72,25.863,3289791
2009-06-10,26.177,26.256,24.771,25.415,3101946
2009-06-11,25.415,25.596,24.818,24.893,3548462
2009-06-12,24.863,25.796,24.709,25.796,2307563
2009-06-15,25.428,25.567,24.159,24.572,2783640
2009-06-16,24.641,24.764,23.738,24.12,2938566
2009-06-17,24.084,24.25,23.394,23.662,2803337
2009-06-18,23.785,24.037,23.446,23.82,2277877
2009-06-19,24.095,24.183,23.701,24.061,1689181
2009-06-22,23.624,23.877,22.751,22.805,2669088
2009-06-23,23.089,23.371,22.683,22.974,2424719
2009-06-24,23.287,23.295,22.797,23.097,5783520
2009-06-25,22.951,23.402,22.621,23.402,2447301
2009-06-26,23.342,23.785,23.117,23.601,3080375
2009-06-29,23.647,23.799,23.234,23.585,3061403
2009-06-30,23.747,23.967,23.553,23.722,2475972
2009-07-01,23.892,24.288,23.838,24.135,2199701
2009-07-02,23.792,23.838,22.837,22.858,3063949
2009-07-06,22.722,23.493,22.507,23.431,3469287
2009-07-07,23.493,23.502,22.445,22.522,2661463
2009-07-08,22.644,22.729,21.672,22.307,3098577
2009-07-09,22.461,22.553,21.855,21.887,1685379
2009-07-10,21.689,21.988,21.284,21.855,1469479
2009-07-13,21.947,22.828,21.704,22.683,5136419
2009-07-14,22.758,23.163,22.353,22.957,3689110
2009-07-15,23.418,24.144,23.195,23.806,2311259
2009-07-16,23.707,24.282,23.342,24.084,2099671
2009-07-17,23.938,23.991,23.264,23.439,1901483
2009-07-20,23.738,24.372,23.67,24.267,2206240
2009-07-21,24.482,24.482,23.684,24.197,3908516
2009-07-22,23.846,24.572,23.814,24.227,2547958
2009-07-23,24.25,25.482,24.177,25.192,3819963
2009-07-24,25.024,25.45,24.7,25.367,1663292
2009-07-27,25.401,25.804,25.168,25.737,2808306
2009-07-28,25.575,25.819,25.328,25.712,1896783
2009-07-29,25.536,25.72,25.192,25.392,1551769
2009-07-30,25.852,26.706,25.788,26.301,2507465
2009-07-31,26.292,26.546,26.018,26.276,2887167
2009-08-03,26.843,26.882,26.341,26.752,3322885
2009-08-04,26.615,28.412,26.408,28.214,4514988
2009-08-05,28.23,29.446,28.006,29.292,5183358
2009-08-06,29.707,30.455,29.069,29.069,7782018
2009-08-07,29.775,31.29,29.331,30.693,7151892
2009-08-10,30.593,30.661,29.699,30.035,5793374
2009-08-11,29.736,29.882,28.801,29.163,5588387
2009-08-12,29.107,29.974,29.078,29.376,6038073
2009-08-13,29.713,29.828,29.149,29.528,6979523
2009-08-14,29.408,29.431,28.557,29.284,4625377
2009-08-17,28.137,28.214,27.539,27.723,4425771
2009-08-18,27.816,28.312,27.632,28.0,3110879
2009-08-19,27.504,27.907,27.34,27.779,3520877
2009-08-20,27.779,28.909,27.738,28.887,6843637
2009-08-21,29.284,30.256,29.141,29.644,7782113
2009-08-24,30.058,30.071,29.415,29.544,7788540
2009-08-25,29.759,30.104,29.507,29.873,4553947
2009-08-26,29.81,30.009,29.536,29.966,3504291
2009-08-27,29.951,30.334,29.338,30.256,3222176
2009-08-28,30.524,30.631,29.981,30.524,4018842
2009-08-31,29.966,30.27,29.728,30.044,3870836
2009-09-01,29.81,30.079,28.403,28.437,5694563
2009-09-02,28.199,28.412,27.861,27.861,4501691
2009-09-03,28.221,28.45,27.679,28.421,2526864
2009-09-04,28.412,28.75,27.907,28.75,2075597
2009-09-08,29.199,29.75,28.986,29.75,2682163
2009-09-09,29.736,30.432,29.482,30.334,3693720
2009-09-10,30.303,30.852,29.865,30.786,2767656
2009-09-11,30.961,31.105,30.349,30.728,3116249
2009-09-14,30.276,31.662,30.27,31.641,2915513
2009-09-15,31.863,32.605,31.221,32.146,4646923
2009-09-16,32.46,33.5,32.306,33.456,4784148
2009-09-17,33.422,34.608,32.809,33.31,6735596
2009-09-18,33.5,33.79,32.758,33.355,3756823
2009-09-21,32.89,33.215,32.59,32.833,3167942
2009-09-22,33.248,33.927,33.073,33.873,5866497
2009-09-23,33.992,33.998,32.597,32.652,4302719
2009-09-24,32.528,32.666,30.952,31.149,6280775
2009-09-25,30.935,31.601,30.654,31.249,6060056
2009-09-28,31.496,32.582,31.35,32.543,3456974
2009-09-29,32.619,32.866,31.9,32.016,4180458
2009-09-30,32.299,32.306,31.258,31.711,5105116
2009-10-01,31.641,31.686,30.285,30.285,11896873
2009-10-02,29.577,30.935,29.552,30.071,6199546
2009-10-05,30.409,30.983,30.141,30.9,3827788
2009-10-06,31.183,31.572,30.4,30.814,4641134
2009-10-07,30.708,31.044,30.355,30.792,4364876
2009-10-08,31.212,31.671,31.044,31.38,3963502
2009-10-09,31.221,31.671,30.961,31.648,3494357
2009-10-12,31.869,31.993,31.443,31.601,2527201
2009-10-13,31.396,31.533,30.9,31.158,3329237
2009-10-14,31.747,32.42,31.557,32.299,4121209
2009-10-15,32.039,32.154,31.84,32.024,4565093
2009-10-16,31.601,31.694,31.105,31.183,4014902
2009-10-19,31.404,31.94,31.235,31.856,3375100
2009-10-20,31.778,31.856,31.121,31.266,2781700
2009-10-21,31.044,31.755,30.808,30.868,3253007
2009-10-22,30.852,31.711,30.409,31.678,4427253
2009-10-23,31.763,31.801,31.149,31.305,4239254
2009-10-26,31.298,32.068,31.158,31.228,4715378
2009-10-27,31.242,31.389,30.64,30.778,4697519
2009-10-28,30.585,31.037,29.431,29.482,6086635
2009-10-29,29.951,30.929,29.852,30.83,4326543
2009-10-30,30.608,30.8,29.523,30.294,5783040
2009-11-02,30.371,30.968,29.408,30.285,6413022
2009-11-03,29.852,30.792,29.828,30.728,5894961
2009-11-04,31.149,31.235,30.052,30.071,5648666
2009-11-05,30.477,30.822,30.156,30.753,3110673
2009-11-06,30.226,30.744,30.002,30.25,3192480
2009-11-09,30.7,31.747,30.553,31.74,2975108
2009-11-10,31.511,31.732,31.044,31.504,3331099
2009-11-11,31.786,32.322,31.686,32.092,4061674
2009-11-12,32.053,32.322,31.686,31.763,3817547
2009-11-13,31.792,32.283,31.747,32.192,3194747
2009-11-16,32.413,33.285,32.413,32.974,3991620
2009-11-17,32.758,33.132,32.368,32.398,3249527
2009-11-18,32.39,33.073,32.352,32.989,3830266
2009-11-19,32.636,32.696,32.084,32.229,2562664
2009-11-20,32.053,32.168,31.886,32.0,2329744
2009-11-23,32.575,32.91,32.146,32.404,2853327
2009-11-24,32.376,32.413,31.801,31.925,2682054
2009-11-25,32.1,32.275,31.947,32.053,2000039
2009-11-27,31.113,31.678,30.961,31.121,1719106
2009-11-30,31.235,32.404,30.983,32.283,3015255
2009-12-01,32.613,32.925,32.268,32.758,2914702
2009-12-02,32.636,33.462,32.636,33.293,2996676
2009-12-03,33.468,33.881,32.809,32.918,4484394
2009-12-04,33.758,34.136,33.255,33.889,4567090
2009-12-07,33.807,33.889,32.941,33.179,2619563
2009-12-08,32.903,33.539,32.85,32.989,2705222
2009-12-09,33.094,33.271,32.874,32.918,2539081
2009-12-10,33.101,33.208,32.613,32.79,2022060
2009-12-11,32.933,33.346,32.824,33.317,2033073
2009-12-14,33.456,33.992,33.08,33.921,4144468
2009-12-15,33.708,33.843,33.5,33.584,3203294
2009-12-16,33.782,33.998,33.659,33.831,3432753
2009-12-17,33.576,33.831,33.355,33.623,3302277
2009-12-18,33.717,33.889,33.293,33.843,2694884
2009-12-21,33.966,34.35,33.934,34.302,3865270
2009-12-22,34.31,34.692,34.31,34.663,2226743
2009-12-23,34.655,35.457,34.655,35.077,2001693
2009-12-24,34.824,35.144,34.784,35.129,732326
2009-12-28,35.265,35.68,35.153,35.298,3803234
2009-12-29,35.428,35.526,34.762,34.769,2535118
2009-12-30,34.655,34.861,34.456,34.824,1861724
2009-12-31,34.991,35.175,34.187,34.227,1645639
2010-01-04,34.591,34.748,33.816,34.081,3148064
2010-01-05,34.044,34.105,33.607,34.044,2685257
2010-01-06,34.057,34.302,33.889,33.984,3230175
2010-01-07,34.012,34.501,33.623,34.35,2734179
2010-01-08,34.279,34.31,33.798,34.099,3505813
2010-01-11,34.325,34.471,34.105,34.295,2515924
2010-01-12,33.992,34.251,33.553,33.724,4084160
2010-01-13,33.798,34.485,33.758,34.403,2788358
2010-01-14,34.357,34.463,34.112,34.373,2084478
2010-01-15,34.236,34.31,33.966,34.112,7289976
2010-01-19,34.073,34.907,34.012,34.809,3208023
2010-01-20,34.549,34.549,34.081,34.417,4365745
2010-01-21,34.411,34.634,33.37,33.431,5536272
2010-01-22,33.317,33.667,32.489,32.59,6587877
2010-01-25,33.002,33.002,32.206,32.817,4900568
2010-01-26,32.489,33.033,32.453,32.512,4383058
2010-01-27,32.613,32.85,32.024,32.802,4855241
2010-01-28,33.057,33.073,32.206,32.52,4901883
2010-01-29,32.758,33.033,32.115,32.337,5354316
2010-02-01,32.582,32.974,32.504,32.925,3711642
2010-02-02,33.024,33.539,32.652,33.378,4274429
2010-02-03,33.264,33.271,32.644,32.833,4024943
2010-02-04,32.559,32.597,31.618,31.618,5153879
2010-02-05,31.74,32.344,31.258,32.2,6667164
2010-02-08,32.329,32.428,31.419,31.496,3881748
2010-02-09,31.886,31.985,31.149,31.396,6254962
2010-02-10,31.458,31.84,30.852,31.458,3782742
2010-02-11,31.443,31.77,31.059,31.755,3537783
2010-02-12,31.358,32.131,31.266,32.131,4425005
2010-02-16,32.469,33.073,32.404,33.04,3568905
2010-02-17,33.132,33.468,33.08,33.339,4103137
2010-02-18,33.208,33.927,33.101,33.836,3577966
2010-02-19,33.683,34.044,33.553,33.859,4248311
2010-02-22,33.966,34.172,33.775,33.942,2297630
2010-02-23,33.825,34.051,33.607,33.683,3550088
2010-02-24,33.742,34.035,33.691,34.026,3876185
2010-02-25,33.659,34.227,33.448,34.157,2702162
2010-02-26,34.245,34.517,33.992,34.144,2332785
2010-03-01,34.35,34.563,34.218,34.433,2417687
2010-03-02,34.571,34.634,34.366,34.45,2059229
2010-03-03,34.534,34.591,34.302,34.357,2462942
2010-03-04,34.366,34.599,34.333,34.571,2035583
2010-03-05,34.692,35.581,34.616,35.512,2825816
2010-03-08,35.533,36.003,35.466,35.872,2260388
2010-03-09,35.81,36.507,35.656,35.954,2779278
2010-03-10,36.131,36.444,35.924,36.277,3021463
2010-03-11,36.108,36.53,35.979,36.49,2308667
2010-03-12,36.79,36.997,36.483,36.782,3064480
2010-03-15,36.691,36.965,36.323,36.698,2829127
2010-03-16,36.85,37.7,36.744,37.584,5104405
2010-03-17,37.755,38.221,37.599,38.143,4533042
2010-03-18,38.022,38.297,37.875,37.937,3201430
2010-03-19,37.952,38.104,37.486,37.523,3534352
2010-03-22,37.256,38.104,37.195,37.998,3820275
2010-03-23,37.991,38.05,37.538,37.891,5195609
2010-03-24,37.768,38.366,37.722,38.097,4236761
2010-03-25,38.097,38.634,37.905,37.905,5272340
2010-03-26,38.083,38.281,37.615,37.708,5671777
2010-03-29,37.968,37.991,37.564,37.823,2502093
2010-03-30,37.891,37.968,37.615,37.768,2572841
2010-03-31,37.631,37.807,37.324,37.339,3093027
2010-04-01,37.615,37.722,37.187,37.53,2874142
2010-04-05,37.691,38.417,37.584,38.359,2563589
2010-04-06,38.289,39.323,38.152,39.237,4323670
2010-04-07,39.16,39.258,38.204,38.372,4603409
2010-04-08,38.204,38.48,38.136,38.417,2676780
2010-04-09,38.572,39.053,38.352,38.962,2235874
2010-04-12,39.108,39.129,38.681,38.715,2447293
2010-04-13,38.749,39.804,38.694,39.665,2238622
2010-04-14,39.971,40.011,39.499,39.727,2649308
2010-04-15,39.536,39.613,38.603,38.641,3393121
2010-04-16,38.551,38.878,37.67,37.755,5817013
2010-04-19,37.493,38.221,37.363,37.921,3693591
2010-04-20,38.136,38.566,37.73,38.566,2866905
2010-04-21,38.497,39.467,38.465,39.237,3895501
2010-04-22,38.941,39.995,38.724,39.842,3607321
2010-04-23,39.951,40.416,39.566,40.367,4317352
2010-04-26,40.491,41.004,40.331,40.691,3250531
2010-04-27,40.461,40.736,39.39,39.39,5999420
2010-04-28,39.872,39.933,39.352,39.514,4575773
2010-04-29,40.018,41.357,39.988,41.296,4273583
2010-04-30,41.21,41.587,39.919,40.011,5302088
2010-05-03,40.364,41.58,40.355,41.34,5249556
2010-05-04,40.722,40.959,40.041,40.401,4800563
2010-05-05,39.758,40.584,39.258,39.856,4702714
2010-05-06,39.573,39.849,34.426,38.221,8094759
2010-05-07,38.578,39.114,36.965,37.579,7707868
2010-05-10,39.599,40.171,39.267,40.054,6298677
2010-05-11,39.514,40.684,39.415,40.293,4220929
2010-05-12,40.474,41.09,40.2,40.943,3369177
2010-05-13,41.035,41.125,40.207,40.278,3296781
2010-05-14,39.942,39.98,38.587,39.0,5958018
2010-05-17,39.201,39.788,37.883,39.053,3808107
2010-05-18,39.665,39.703,37.847,38.066,4872135
2010-05-19,37.717,38.558,36.703,37.717,7785149
2010-05-20,36.703,37.072,35.703,35.779,7644139
2010-05-21,35.19,37.026,34.983,36.98,7388968
2010-05-24,37.012,37.211,36.094,36.155,5001270
2010-05-25,35.129,36.521,34.701,36.444,6191272
2010-05-26,37.056,37.515,36.131,36.369,6453886
2010-05-27,37.308,38.404,36.865,38.366,3759549
2010-05-28,38.304,38.608,37.631,37.875,3619738
2010-06-01,37.363,38.022,37.026,37.089,3548846
2010-06-02,37.348,37.891,36.698,37.814,2635061
2010-06-03,38.022,38.057,37.371,37.708,2838739
2010-06-04,36.965,37.263,35.381,35.573,12746418
2010-06-07,35.773,36.361,35.321,35.381,4766684
2010-06-08,35.512,36.086,34.599,36.017,6491776
2010-06-09,36.361,37.271,36.047,36.231,5399092
2010-06-10,37.012,37.946,36.691,37.798,5122474
2010-06-11,37.394,38.343,37.324,38.251,3433654
2010-06-14,38.757,39.129,38.334,38.724,3878444
2010-06-15,38.962,39.673,38.7,39.59,3519649
2010-06-16,39.298,39.557,39.03,39.231,3264202
2010-06-17,39.39,39.499,38.885,39.315,4100710
2010-06-18,39.458,39.458,38.992,39.193,2589651
2010-06-21,39.735,39.896,38.771,38.885,3803878
2010-06-22,38.992,39.153,37.631,37.73,5841758
2010-06-23,37.682,38.266,37.119,37.831,3905624
2010-06-24,37.233,37.371,36.56,36.683,4135148
2010-06-25,36.837,37.774,36.598,37.606,6383780
2010-06-28,37.747,37.781,37.019,37.165,3188712
2010-06-29,36.606,36.62,35.649,35.947,6281022
2010-06-30,36.006,36.502,35.45,35.569,4726797
2010-07-01,35.589,35.756,34.563,35.443,10202051
2010-07-02,35.589,35.733,34.578,34.762,3506603
2010-07-06,35.443,35.612,33.631,33.992,6524193
2010-07-07,34.044,35.688,34.005,35.641,4839778
2010-07-08,36.148,36.408,35.443,36.086,2991352
2010-07-09,36.023,36.612,35.918,36.544,2087560
2010-07-12,36.483,36.774,36.086,36.66,3163132
2010-07-13,37.211,37.7,37.019,37.564,3428410
2010-07-14,37.386,37.691,36.85,37.339,3002841
2010-07-15,37.394,37.409,36.477,37.217,3351298
2010-07-16,36.973,37.026,35.726,36.01,3605264
2010-07-19,36.07,36.643,35.475,36.452,3582416
2010-07-20,35.864,37.263,35.741,37.133,4568201
2010-07-21,37.303,37.425,36.17,36.361,4609940
2010-07-22,36.828,38.031,36.79,37.722,4307398
2010-07-23,37.67,38.235,37.056,38.204,3865587
2010-07-26,38.289,39.251,37.975,39.16,5045420
2010-07-27,39.536,39.642,38.7,39.153,4553144
2010-07-28,39.038,39.551,38.848,39.077,3815942
2010-07-29,39.406,39.507,38.359,38.749,2976734
2010-07-30,38.311,39.175,38.212,38.975,3589838
2010-08-02,39.613,40.401,39.491,40.285,3945346
2010-08-03,40.186,40.216,39.613,39.896,2556075
2010-08-04,40.079,40.193,39.703,40.179,2668208
2010-08-05,39.963,40.163,39.59,39.673,2416193
2010-08-06,39.251,39.613,38.833,39.491,2400053
2010-08-09,39.69,40.071,39.442,39.942,3809745
2010-08-10,39.613,39.955,39.137,39.551,2849894
2010-08-11,38.894,39.086,38.243,38.566,3515485
2010-08-12,38.057,38.473,37.867,38.083,3441593
2010-08-13,38.057,38.366,37.959,38.083,2887057
2010-08-16,37.891,38.396,37.676,38.05,2388604
2010-08-17,38.426,39.201,38.195,38.925,2994382
2010-08-18,39.038,39.225,38.641,38.954,2159139
2010-08-19,38.848,38.848,37.755,37.968,3769476
2010-08-20,37.755,37.9,37.454,37.847,2073052
2010-08-23,37.998,38.13,37.631,37.646,2005397
2010-08-24,37.104,37.747,36.803,37.493,3413586
2010-08-25,37.179,38.281,37.125,38.09,2376899
2010-08-26,38.366,38.587,37.807,37.861,3651473
2010-08-27,38.097,38.558,37.295,38.489,2953849
2010-08-30,38.435,38.771,38.152,38.188,2146437
2010-08-31,38.064,38.603,37.858,38.482,3668529
2010-09-01,38.983,39.834,38.925,39.735,2663636
2010-09-02,39.773,40.293,39.673,40.239,2601269
2010-09-03,40.796,40.852,40.409,40.829,2628485
2010-09-07,40.482,40.628,40.156,40.2,2259133
2010-09-08,40.248,40.538,40.109,40.285,2670688
2010-09-09,40.706,40.759,39.697,39.82,1867310
2010-09-10,39.942,40.216,39.719,40.033,1296540
2010-09-13,40.416,40.722,40.285,40.691,2105760
2010-09-14,40.584,40.837,40.317,40.538,2408777
2010-09-15,40.339,41.042,40.293,40.891,5203851
2010-09-16,40.813,40.959,40.514,40.676,1948406
2010-09-17,40.852,40.974,40.431,40.796,1632244
2010-09-20,40.943,41.961,40.86,41.792,2355159
2010-09-21,41.898,41.898,41.09,41.181,4269560
2010-09-22,40.959,41.249,40.547,40.621,3826176
2010-09-23,40.301,40.383,39.467,39.621,3075416
2010-09-24,39.804,40.392,39.719,40.375,3021782
2010-09-27,40.531,40.531,39.69,39.879,2307313
2010-09-28,40.011,40.141,39.291,40.041,2294061
2010-09-29,39.988,39.995,39.581,39.727,2656374
2010-09-30,40.046,40.409,39.536,39.845,3588904
2010-10-01,40.079,40.239,39.542,40.041,2393645
2010-10-04,39.971,40.409,39.896,40.409,6840287
2010-10-05,40.628,41.189,40.409,41.051,2694420
2010-10-06,40.897,41.004,40.614,40.829,2745052
2010-10-07,41.004,41.225,40.744,40.943,1677046
2010-10-08,40.99,41.158,40.73,41.057,1403608
2010-10-11,41.112,41.189,40.943,41.051,1248219
2010-10-12,40.935,41.447,40.759,41.34,2204634
2010-10-13,41.463,42.145,41.394,41.771,2136672
2010-10-14,41.693,41.93,41.402,41.662,2075163
2010-10-15,41.884,42.015,41.517,41.609,2081153
2010-10-18,41.595,42.19,41.546,42.145,2141438
2010-10-19,41.654,42.259,41.489,41.624,2597320
2010-10-20,41.709,42.9,41.709,42.536,2560356
2010-10-21,42.789,42.978,42.214,42.488,2415932
2010-10-22,42.613,42.772,42.206,42.513,1481930
2010-10-25,42.832,42.84,42.513,42.588,2174947
2010-10-26,42.266,42.405,42.053,42.281,2182238
2010-10-27,42.098,42.273,41.693,41.982,3249137
2010-10-28,42.181,42.365,41.317,41.721,1549398
2010-10-29,41.642,41.9,41.556,41.727,1309022
2010-11-01,41.93,42.488,41.822,42.09,1651024
2010-11-02,42.412,42.513,42.137,42.38,1529496
2010-11-03,42.544,42.544,42.015,42.38,2077556
2010-11-04,42.772,43.438,42.665,43.361,1550851
2010-11-05,43.515,44.102,43.193,43.827,1949241
2010-11-08,43.704,43.836,43.222,43.591,2332905
2010-11-09,43.696,43.766,41.531,41.822,4024982
2010-11-10,42.006,42.365,41.846,42.345,1934572
2010-11-11,42.075,42.405,41.884,42.006,1705863
2010-11-12,41.771,42.123,41.41,41.616,2062186
2010-11-15,41.709,41.939,41.151,41.218,2636437
2010-11-16,40.935,40.959,39.491,39.804,5083050
2010-11-17,39.903,40.347,39.749,40.109,1964968
2010-11-18,40.783,40.852,40.383,40.468,3266562
2010-11-19,40.355,40.783,40.033,40.684,2571509
2010-11-22,40.577,40.927,40.554,40.789,1886393
2010-11-23,40.331,40.547,40.224,40.468,3492121
2010-11-24,40.789,41.311,40.776,41.249,2033412
2010-11-26,41.064,41.349,40.983,41.166,848287
2010-11-29,40.951,41.265,40.577,41.142,2118256
2010-11-30,40.779,41.208,40.709,40.955,2159403
2010-12-01,41.463,41.463,40.86,41.197,2869571
2010-12-02,41.325,41.862,41.225,41.83,1769602
2010-12-03,41.539,41.93,41.44,41.822,2020159
2010-12-06,41.8,42.006,41.373,41.906,2094669
2010-12-07,42.313,42.398,41.989,41.998,2318256
2010-12-08,42.105,42.154,41.133,41.381,2959011
2010-12-09,41.539,41.679,40.92,41.012,1944920
2010-12-10,41.09,41.539,41.02,41.281,3085251
2010-12-13,41.517,41.647,41.303,41.349,1338242
2010-12-14,41.418,41.779,40.759,40.943,2151334
2010-12-15,40.904,41.21,40.482,40.554,1892414
2010-12-16,40.621,40.813,40.355,40.621,1660352
2010-12-17,40.684,40.998,40.584,40.959,3369849
2010-12-20,41.09,41.587,41.051,41.447,3122156
2010-12-21,41.555,41.954,41.517,41.884,3826717
2010-12-22,41.822,42.472,41.822,42.206,1827394
2010-12-23,42.222,42.345,41.998,42.015,1622987
2010-12-27,41.546,42.09,41.394,42.075,1666829
2010-12-28,42.154,42.297,41.862,42.245,3815835
2010-12-29,42.254,42.408,42.088,42.331,1975601
2010-12-30,42.259,42.594,42.259,42.446,1607114
2010-12-31,42.468,42.65,42.301,42.357,1106810
2011-01-03,42.657,43.176,42.633,43.148,2558558
2011-01-04,43.209,43.323,42.075,42.321,3026944
2011-01-05,42.19,42.556,42.181,42.472,1977335
2011-01-06,42.588,42.596,42.053,42.075,2378062
2011-01-07,42.245,42.421,41.693,42.09,2376381
2011-01-10,41.923,42.181,41.631,42.081,2180884
2011-01-11,42.237,42.372,41.702,41.989,1617610
2011-01-12,42.304,42.345,41.97,42.166,2143226
2011-01-13,42.174,42.436,42.069,42.304,1569002
2011-01-14,42.273,42.588,42.166,42.588,1526041
2011-01-18,42.571,42.956,42.38,42.956,1763132
2011-01-19,42.908,42.942,42.19,42.389,3059774
2011-01-20,42.329,42.718,42.19,42.398,2528487
2011-01-21,42.529,42.588,42.313,42.429,1341025
2011-01-24,42.488,42.856,42.352,42.64,1494007
2011-01-25,42.521,43.153,42.398,43.14,1633411
2011-01-26,43.268,43.421,42.962,43.209,3022931
2011-01-27,43.583,43.988,43.415,43.888,2518295
2011-01-28,43.888,44.065,43.049,43.16,1506785
2011-01-31,43.366,43.873,43.293,43.739,2505487
2011-02-01,43.92,44.043,43.421,43.842,3137290
2011-02-02,43.818,44.127,43.774,43.842,2219927
2011-02-03,43.681,44.072,43.607,43.964,1691800
2011-02-04,44.043,44.065,43.461,43.644,2146913
2011-02-07,43.704,44.14,43.621,44.072,1785929
2011-02-08,44.111,44.333,44.043,44.262,1773557
2011-02-09,44.204,44.333,44.065,44.295,2225531
2011-02-10,44.156,44.579,44.156,44.478,1783982
2011-02-11,44.423,44.808,44.247,44.769,1461554
2011-02-14,44.828,44.912,44.472,44.776,1388558
2011-02-15,44.61,44.761,44.369,44.61,1566598
2011-02-16,44.737,45.059,44.508,44.709,1417414
2011-02-18,44.853,45.051,44.753,44.928,1393002
2011-02-22,44.616,45.035,44.44,44.538,2823955
2011-02-23,44.546,44.691,43.888,44.164,2570878
2011-02-24,44.111,44.247,43.475,43.827,2074645
2011-02-25,44.043,44.745,44.02,44.684,1485013
2011-02-28,45.041,45.796,44.972,45.796,2255903
2011-03-01,45.77,45.901,44.422,44.43,4078686
2011-03-02,44.367,44.492,43.868,44.031,3137177
2011-03-03,44.471,44.677,44.323,44.661,2079381
2011-03-04,44.63,44.717,44.012,44.231,2198989
2011-03-07,44.333,44.523,43.644,43.912,2173338
2011-03-08,43.988,44.769,43.92,44.53,2913721
2011-03-09,44.478,44.728,44.156,44.485,1776490
2011-03-10,44.123,44.168,43.759,43.805,2230299
2011-03-11,43.653,44.33,43.621,44.245,1766266
2011-03-14,43.988,44.072,43.629,43.804,2194984
2011-03-15,42.871,43.873,42.772,43.575,3191055
2011-03-16,43.566,43.613,42.633,42.933,4159502
2011-03-17,43.444,43.566,42.911,43.26,2406479
2011-03-18,43.629,43.885,43.489,43.697,2468466
2011-03-21,44.09,44.359,43.967,44.168,1752468
2011-03-22,44.176,44.267,43.759,43.89,1953241
2011-03-23,43.81,43.81,43.115,43.407,2221307
2011-03-24,43.667,43.72,43.124,43.591,1918512
2011-03-25,43.751,44.123,43.583,43.931,3168674
2011-03-28,43.975,44.137,43.759,43.876,2392134
2011-03-29,43.885,44.152,43.444,44.054,2977257
2011-03-30,44.267,44.746,44.106,44.691,2379003
2011-03-31,44.682,45.126,44.618,45.055,4159218
2011-04-01,45.371,45.423,44.885,45.123,5384910
2011-04-04,45.285,45.285,45.001,45.094,1392443
2011-04-05,45.047,45.323,44.994,45.14,1620166
2011-04-06,45.339,45.339,45.031,45.162,1669620
2011-04-07,45.209,45.224,44.454,44.661,2302701
2011-04-08,44.786,44.962,44.207,44.339,2937125
2011-04-11,44.422,44.717,44.221,44.367,1733738
2011-04-12,44.221,44.498,44.176,44.293,2591510
2011-04-13,44.506,44.514,44.145,44.221,1574259
2011-04-14,44.09,44.955,43.999,44.863,1847808
2011-04-15,44.901,45.463,44.885,45.44,1828193
2011-04-18,45.101,45.101,44.738,45.031,2219650
2011-04-19,45.123,45.463,45.087,45.387,1423318
2011-04-20,45.779,45.987,45.463,45.917,1815966
2011-04-21,46.041,46.25,45.717,46.225,2268370
2011-04-25,46.326,46.703,46.086,46.535,1845168
2011-04-26,46.703,47.11,46.442,46.942,3481122
2011-04-27,47.034,47.336,46.874,47.289,2417084
2011-04-28,47.352,48.066,47.305,47.924,2547527
2011-04-29,47.998,48.047,47.072,47.643,2307316
2011-05-02,47.873,48.053,47.312,47.714,3159636
2011-05-03,47.573,47.924,46.764,47.305,2664784
2011-05-04,47.227,47.38,46.811,47.034,2144175
2011-05-05,46.771,47.352,46.634,47.003,2530126
2011-05-06,47.38,47.427,46.459,46.586,2958728
2011-05-09,46.611,46.95,46.402,46.825,1276650
2011-05-10,47.01,47.63,46.99,47.565,2206527
2011-05-11,47.536,47.551,46.91,47.067,2254517
2011-05-12,46.926,47.21,46.535,47.118,1380460
2011-05-13,47.165,47.259,46.527,46.643,1923633
2011-05-16,46.434,47.01,46.41,46.711,2799296
2011-05-17,46.573,46.811,46.402,46.694,2823732
2011-05-18,46.686,47.198,46.492,47.151,1717943
2011-05-19,47.336,47.551,46.982,47.352,1720011
2011-05-20,47.135,47.32,46.728,46.771,1798710
2011-05-23,46.293,46.51,46.171,46.293,2348992
2011-05-24,46.386,46.611,46.266,46.434,1686359
2011-05-25,46.343,46.89,46.017,46.65,1833060
2011-05-26,46.604,47.398,46.442,47.273,1422577
2011-05-27,47.398,47.598,47.198,47.543,1259609
2011-05-31,47.913,48.314,47.738,48.296,2195067
2011-06-01,48.191,48.245,46.85,46.91,3710835
2011-06-02,46.91,47.312,46.492,46.573,2749135
2011-06-03,46.109,46.973,45.987,46.757,2462859
2011-06-06,46.68,46.833,46.049,46.072,1521867
2011-06-07,46.324,46.978,46.183,46.557,1630160
2011-06-08,46.356,46.861,46.316,46.424,1958838
2011-06-09,46.557,46.587,45.718,45.929,1792973
2011-06-10,45.718,45.796,44.7,44.77,2610536
2011-06-13,44.885,45.28,44.677,44.955,2311008
2011-06-14,45.394,45.747,45.263,45.625,1510402
2011-06-15,45.28,45.471,44.553,44.894,2286180
2011-06-16,44.902,45.461,44.608,45.243,2695612
2011-06-17,45.755,45.812,45.251,45.679,2482239
2011-06-20,45.533,46.35,45.533,46.234,2554204
2011-06-21,46.51,46.644,46.223,46.596,1784824
2011-06-22,46.492,46.913,46.409,46.459,4501212
2011-06-23,45.827,45.897,45.105,45.516,3398996
2011-06-24,45.625,45.881,45.228,45.525,1973154
2011-06-27,45.548,45.889,45.483,45.718,3243186
2011-06-28,45.864,46.139,45.569,46.098,1645347
2011-06-29,46.348,46.696,46.098,46.579,2636623
2011-06-30,46.738,46.935,46.497,46.705,2523182
2011-07-01,46.836,47.639,46.721,47.506,2311938
2011-07-05,47.647,48.019,47.279,47.87,2178792
2011-07-06,47.732,48.298,47.667,48.23,2129826
2011-07-07,48.594,48.951,48.53,48.835,1969889
2011-07-08,48.282,48.789,48.15,48.772,2516858
2011-07-11,48.079,48.323,47.817,47.928,2417623
2011-07-12,47.77,48.757,47.683,48.088,2674419
2011-07-13,48.222,48.337,47.575,47.615,2385195
2011-07-14,47.732,47.802,46.962,47.172,2208159
2011-07-15,47.358,47.699,47.039,47.692,1963826
2011-07-18,47.552,47.632,46.945,47.358,1637269
2011-07-19,47.647,48.142,47.482,48.12,1754043
2011-07-20,48.307,48.554,48.027,48.47,1941033
2011-07-21,48.733,49.137,48.725,48.859,1767568
2011-07-22,48.951,49.208,48.733,49.098,1526356
2011-07-25,48.554,48.951,48.408,48.64,3376880
2011-07-26,48.611,48.922,48.342,48.753,2335714
2011-07-27,48.478,48.594,47.342,47.38,2309380
2011-07-28,47.366,47.886,46.913,47.427,2928439
2011-07-29,47.009,47.512,46.593,47.432,2550802
2011-08-01,48.003,48.182,46.348,46.721,3435313
2011-08-02,46.421,46.656,45.174,45.228,4244255
2011-08-03,45.299,45.306,43.681,44.855,6145681
2011-08-04,44.372,44.498,42.554,42.664,5957078
2011-08-05,43.1,43.201,40.954,41.599,9030154
2011-08-08,40.184,40.753,37.862,37.985,11656274
2011-08-09,38.484,41.522,38.046,41.444,10345747
2011-08-10,40.683,42.5,40.147,40.486,9686299
2011-08-11,40.783,43.402,40.511,42.586,5743044
2011-08-12,43.106,43.759,42.346,42.578,3475439
2011-08-15,42.904,44.172,42.866,44.133,2036240
2011-08-16,43.667,44.288,43.263,44.0,3459864
2011-08-17,44.257,44.684,43.73,44.126,2870232
2011-08-18,42.632,43.092,41.692,42.16,4489107
2011-08-19,41.342,42.493,41.242,41.351,4209611
2011-08-22,42.254,42.416,40.814,41.397,2848447
2011-08-23,41.45,42.453,41.188,42.416,3458642
2011-08-24,42.392,43.114,41.934,42.974,3983178
2011-08-25,43.193,43.705,41.721,42.173,1793414
2011-08-26,41.95,42.843,40.987,42.687,3641475
2011-08-29,43.232,44.188,43.223,44.149,2543831
2011-08-30,44.063,44.599,43.364,44.272,3481838
2011-08-31,44.618,44.984,44.158,44.77,3921547
2011-09-01,44.684,45.041,43.925,44.126,5494521
2011-09-02,43.24,43.867,42.961,43.088,2104324
2011-09-06,41.753,43.087,41.697,42.895,4071226
2011-09-07,43.439,44.57,42.947,44.513,2447435
2011-09-08,44.195,44.757,43.971,44.168,3081882
2011-09-09,43.769,43.98,42.405,42.789,3135701
2011-09-12,42.112,42.96,41.994,42.928,5463432
2011-09-13,43.201,43.216,42.541,43.028,2787526
2011-09-14,43.132,43.612,42.493,43.308,2721729
2011-09-15,43.869,44.07,43.386,44.026,3665724
2011-09-16,44.045,44.469,43.471,44.451,2597938
2011-09-19,43.697,43.9,43.364,43.479,1337200
2011-09-20,43.442,44.032,43.293,43.457,1990124
2011-09-21,43.425,43.504,41.131,41.164,3635237
2011-09-22,40.067,40.838,39.532,40.161,5668895
2011-09-23,40.018,40.599,39.743,40.458,3426003
2011-09-26,40.81,41.094,40.145,41.023,2862483
2011-09-27,41.83,42.199,41.217,41.43,2265318
2011-09-28,41.461,41.792,40.3,40.377,2857056
2011-09-29,41.149,41.25,40.403,41.006,2742046
2011-09-30,40.33,41.091,39.908,39.915,2511329
2011-10-03,39.502,40.238,37.971,38.035,7373088
2011-10-04,37.499,39.689,36.959,39.531,7020290
2011-10-05,39.689,39.689,37.564,39.195,11323919
2011-10-06,39.155,40.34,38.74,40.271,3202690
2011-10-07,40.465,40.653,39.061,39.146,3814299
2011-10-10,39.901,41.108,39.822,41.101,2906311
2011-10-11,40.802,40.952,40.073,40.284,2811576
2011-10-12,40.685,41.564,40.284,40.943,3356871
2011-10-13,40.762,41.006,39.869,40.677,2357693
2011-10-14,41.117,41.805,41.03,41.619,2148177
2011-10-17,41.446,41.446,40.536,40.717,2338485
2011-10-18,40.662,42.343,40.583,42.154,4025391
2011-10-19,42.104,42.378,41.487,41.665,2993016
2011-10-20,42.002,42.002,40.866,41.9,2504447
2011-10-21,42.343,43.282,42.317,43.282,2085363
2011-10-24,43.392,44.419,43.189,44.356,3643313
2011-10-25,43.94,44.137,43.447,43.636,2791688
2011-10-26,44.004,44.177,43.259,43.955,2445538
2011-10-27,45.432,46.389,44.818,46.045,2762773
2011-10-28,45.629,46.161,45.565,46.14,2512015
2011-10-31,45.479,46.217,45.424,45.609,1239336
2011-11-01,44.246,45.165,43.935,44.021,1913393
2011-11-02,44.719,45.371,44.202,45.002,1349654
2011-11-03,45.495,45.738,44.326,45.621,1265864
2011-11-04,45.149,45.34,44.492,45.253,1102796
2011-11-07,45.189,45.802,44.647,45.259,2117378
2011-11-08,45.511,45.895,44.498,45.848,1593160
2011-11-09,44.806,45.047,43.652,43.752,2485980
2011-11-10,44.202,44.419,43.471,43.746,3523926
2011-11-11,44.27,45.055,44.029,44.921,2289753
2011-11-14,44.712,44.773,43.792,44.089,2574130
2011-11-15,43.864,44.733,43.652,44.419,2199404
2011-11-16,43.989,44.679,43.887,43.996,1868573
2011-11-17,43.928,43.98,42.921,43.189,3059859
2011-11-18,43.455,43.542,42.961,43.464,2453018
2011-11-21,42.826,42.826,42.097,42.364,2617779
2011-11-22,42.191,42.566,41.893,42.167,2575965
2011-11-23,41.814,41.814,40.85,40.896,2202120
2011-11-25,40.793,41.822,40.717,41.078,866831
2011-11-28,42.276,42.505,41.65,41.994,2194382
2011-11-29,42.097,42.254,41.691,41.933,2286372
2011-11-30,43.009,43.937,42.969,43.889,2767440
2011-12-01,43.871,43.871,43.095,43.526,3003124
2011-12-02,43.806,44.222,43.447,43.485,1751683
2011-12-05,44.058,44.334,43.542,43.855,1736903
2011-12-06,43.794,44.049,43.484,43.786,2644974
2011-12-07,43.739,44.42,43.333,44.262,2135242
2011-12-08,43.959,44.094,43.165,43.262,2092813
2011-12-09,43.563,44.42,43.397,44.207,1556862
2011-12-12,43.823,43.823,43.055,43.422,2179290
2011-12-13,43.643,44.029,42.693,42.913,1982106
2011-12-14,42.756,43.62,42.608,43.163,2820714
2011-12-15,43.556,44.067,43.439,43.887,1616547
2011-12-16,44.063,44.737,43.992,44.372,2229900
2011-12-19,44.444,44.623,43.871,43.989,1741120
2011-12-20,44.61,45.371,44.476,45.321,1207138
2011-12-21,45.3,45.464,44.938,45.307,3340821
2011-12-22,45.467,46.189,45.373,45.96,1769134
2011-12-23,46.254,46.283,45.834,46.158,2908546
2011-12-27,46.094,46.687,45.84,46.365,1479344
2011-12-28,46.462,46.506,45.786,45.811,1501053
2011-12-29,45.936,46.316,45.802,46.213,1195506
2011-12-30,46.309,46.571,46.001,46.017,2482188
2012-01-03,46.848,47.323,46.007,46.403,7786389
2012-01-04,46.213,46.213,45.476,45.611,3017299
2012-01-05,45.602,46.136,45.245,46.039,2275019
2012-01-06,46.158,46.283,45.674,45.888,1686117
2012-01-09,46.022,46.109,45.611,45.73,1937561
2012-01-10,46.263,46.532,46.165,46.236,1964119
2012-01-11,46.182,46.65,46.03,46.562,1773397
2012-01-12,46.523,46.634,45.945,46.221,2186162
2012-01-13,46.014,46.333,45.752,46.324,1934341
2012-01-17,46.768,47.029,46.523,46.705,1827929
2012-01-18,46.776,47.19,46.666,47.029,1918368
2012-01-19,47.21,47.387,46.976,47.21,1609906
2012-01-20,47.261,47.553,46.935,47.507,1705222
2012-01-23,47.601,47.922,47.418,47.737,1561386
2012-01-24,47.586,48.102,47.426,48.102,2294931
2012-01-25,48.069,48.759,47.878,48.72,1889811
2012-01-26,48.968,49.284,48.832,49.063,2042905
2012-01-27,48.917,49.228,48.672,49.077,1888424
2012-01-30,48.706,48.856,48.475,48.712,2969027
2012-01-31,48.977,49.066,48.634,48.951,2608476
2012-02-01,49.379,49.505,49.159,49.434,4061408
2012-02-02,49.473,49.553,49.284,49.546,3419044
2012-02-03,50.087,50.26,49.766,50.235,3401740
2012-02-06,50.109,50.227,49.792,50.078,2241144
2012-02-07,50.06,50.139,49.846,49.95,2503001
2012-02-08,50.037,50.26,49.689,50.037,2187098
2012-02-09,50.139,50.196,49.379,49.672,1812534
2012-02-10,49.253,49.546,49.063,49.211,1473997
2012-02-13,49.696,49.84,49.426,49.712,2321875
2012-02-14,49.721,49.766,48.902,49.204,2352551
2012-02-15,49.363,49.363,48.745,48.909,2482809
2012-02-16,48.909,49.522,48.909,49.426,1680333
2012-02-17,49.586,49.586,49.125,49.465,2136528
2012-02-21,49.571,49.625,48.506,48.697,3549106
2012-02-22,48.664,48.863,48.222,48.283,2850236
2012-02-23,48.23,48.909,48.222,48.888,3092154
2012-02-24,49.063,49.125,48.641,48.95,2282402
2012-02-27,48.681,49.037,48.266,48.871,2525053
2012-02-28,49.014,49.077,48.434,48.585,3001958
2012-02-29,48.71,48.943,48.308,48.387,3798273
2012-03-01,48.434,48.806,48.395,48.681,4268951
2012-03-02,48.48,48.882,48.439,48.609,1535009
2012-03-05,48.594,49.102,48.38,49.102,2307013
2012-03-06,48.623,48.943,48.35,48.448,2818846
2012-03-07,48.631,48.728,48.121,48.712,986957
2012-03-08,48.833,48.872,48.321,48.456,1832945
2012-03-09,48.577,48.872,48.392,48.697,2044130
2012-03-12,48.815,49.196,48.672,49.054,3333556
2012-03-13,49.308,50.125,49.244,50.046,3034313
2012-03-14,50.109,50.243,49.6,49.911,2874756
2012-03-15,50.028,50.028,49.647,49.84,2011073
2012-03-16,49.912,50.176,49.833,50.127,2268321
2012-03-19,50.125,50.752,49.933,50.475,2654604
2012-03-20,50.155,50.599,50.155,50.401,2263333
2012-03-21,50.49,50.57,50.314,50.331,1909738
2012-03-22,50.046,50.046,49.337,49.64,4037660
2012-03-23,49.689,50.201,49.463,49.951,3144840
2012-03-26,50.393,50.641,50.215,50.535,2038290
2012-03-27,50.641,50.848,50.448,50.543,4313184
2012-03-28,50.56,50.584,49.951,50.465,1967888
2012-03-29,50.143,50.526,49.855,50.489,1913428
2012-03-30,50.68,51.016,50.6,50.902,2575617
2012-04-02,50.966,51.319,50.776,51.262,8398704
2012-04-03,51.239,51.335,50.862,51.063,2924498
2012-04-04,50.678,50.762,50.296,50.503,2557908
2012-04-05,50.369,50.551,50.135,50.256,2210369
2012-04-09,49.721,50.0,49.448,49.783,1241189
2012-04-10,49.783,49.92,48.656,48.706,3339302
2012-04-11,49.181,49.343,48.927,49.327,2397340
2012-04-12,49.432,50.031,49.208,50.007,1717294
2012-04-13,49.935,50.089,49.599,49.799,2625725
2012-04-16,50.104,50.776,49.951,50.481,2467528
2012-04-17,50.791,51.127,50.399,50.913,1905585
2012-04-18,50.798,50.903,50.569,50.569,1598068
2012-04-19,50.632,50.878,50.328,50.569,3180559
2012-04-20,50.783,51.392,50.693,51.183,2062735
2012-04-23,50.832,50.857,50.311,50.658,2206259
2012-04-24,50.736,51.448,50.702,51.415,3274159
2012-04-25,51.735,52.022,51.656,52.007,2739652
2012-04-26,51.919,52.257,51.721,52.136,2357446
2012-04-27,52.383,52.591,51.99,52.494,2250035
2012-04-30,52.422,52.486,52.007,52.357,2707090
2012-05-01,52.423,53.333,52.36,52.926,3781432
2012-05-02,52.679,52.958,52.342,52.847,2253103
2012-05-03,53.015,53.104,52.614,52.662,2625728
2012-05-04,52.456,52.486,52.022,52.198,1850559
2012-05-07,52.04,52.688,51.984,52.568,1968046
2012-05-08,52.263,52.534,51.984,52.47,2014190
2012-05-09,52.054,52.67,51.886,52.303,3413336
2012-05-10,52.639,52.701,51.99,52.342,2933802
2012-05-11,52.071,52.647,51.943,52.456,3476579
2012-05-14,51.886,52.294,51.759,51.79,3450238
2012-05-15,51.823,51.849,51.376,51.52,3157672
2012-05-16,51.759,51.759,50.862,50.951,2564909
2012-05-17,50.936,50.959,49.463,49.463,3137007
2012-05-18,49.624,49.864,48.712,48.864,3611776
2012-05-21,48.969,50.016,48.903,49.927,2656922
2012-05-22,50.119,50.328,49.783,50.022,2209964
2012-05-23,49.672,50.215,49.223,50.096,3336420
2012-05-24,50.176,50.56,49.729,50.319,1300640
2012-05-25,50.247,50.519,49.96,50.119,1729307
2012-05-29,50.422,50.878,50.304,50.832,1780063
2012-05-30,50.481,50.551,49.624,49.624,1855561
2012-05-31,49.716,50.391,49.203,50.0,2659533
2012-06-01,49.265,49.423,48.671,48.776,4318556
2012-06-04,48.754,48.889,48.097,48.439,4468519
2012-06-05,48.235,49.525,48.228,49.436,3589865
2012-06-06,49.847,50.531,49.583,50.531,5249231
2012-06-07,50.992,51.08,50.106,50.178,2740166
2012-06-08,50.145,50.887,50.064,50.887,2120579
2012-06-11,51.313,51.4,49.681,49.743,2593247
2012-06-12,49.976,50.272,49.497,50.215,2440162
2012-06-13,50.056,50.59,49.752,49.96,2001215
2012-06-14,50.016,50.887,49.976,50.684,1916322
2012-06-15,50.878,51.064,50.566,51.0,1650395
2012-06-18,50.769,51.686,50.674,51.423,2193135
2012-06-19,51.67,51.958,51.224,51.632,3107554
2012-06-20,51.695,51.842,51.305,51.606,2502988
2012-06-21,51.711,51.774,50.684,50.768,3841912
2012-06-22,50.992,51.129,50.434,50.775,2756055
2012-06-25,50.25,50.678,50.145,50.516,2499391
2012-06-26,50.639,50.952,50.347,50.684,2631156
2012-06-27,50.814,51.0,50.613,50.887,2101837
2012-06-28,50.691,51.453,50.426,51.444,2141071
2012-06-29,52.381,52.788,52.129,52.756,2747904
2012-07-02,53.17,53.355,52.678,53.337,4826243
2012-07-03,53.476,53.774,53.276,53.653,1967242
2012-07-05,53.565,53.74,53.21,53.322,1745826
2012-07-06,52.88,53.539,52.88,53.451,2005377
2012-07-09,53.451,53.574,53.21,53.51,2214586
2012-07-10,53.774,53.783,52.645,52.933,1902427
2012-07-11,53.009,53.098,52.63,52.993,2022561
2012-07-12,52.734,53.421,52.475,53.154,2817356
2012-07-13,53.322,53.87,53.24,53.807,1841118
2012-07-16,53.765,54.055,53.62,53.91,2218570
2012-07-17,54.227,54.597,53.702,54.427,2489348
2012-07-18,54.357,54.438,53.926,54.105,2096062
2012-07-19,54.13,54.306,53.179,53.539,2933240
2012-07-20,53.145,53.421,53.017,53.257,1829956
2012-07-23,52.63,53.017,52.508,52.872,1664554
2012-07-24,52.932,53.137,52.357,52.69,2407330
2012-07-25,52.942,53.025,52.386,52.669,1675194
2012-07-26,53.337,53.555,52.824,53.137,1693940
2012-07-27,53.467,54.032,53.361,53.644,1822164
2012-07-30,53.719,54.09,53.628,53.896,1699935
2012-07-31,53.95,54.005,53.639,53.812,2210631
2012-08-01,54.121,54.411,53.555,53.555,3306442
2012-08-02,53.539,53.807,53.154,53.711,2030909
2012-08-03,54.218,54.355,54.042,54.13,2146437
2012-08-06,54.339,54.467,54.073,54.073,2192821
2012-08-07,54.26,54.26,53.435,53.435,3065218
2012-08-08,53.308,53.413,52.896,53.071,2355467
2012-08-09,53.128,53.283,52.815,52.904,1641992
2012-08-10,52.805,53.001,52.734,52.976,1224043
2012-08-13,52.951,53.057,52.653,52.933,1796181
2012-08-14,53.112,53.128,52.734,52.824,1966978
2012-08-15,52.759,53.162,52.759,53.063,1338374
2012-08-16,53.106,53.467,52.815,53.467,1689929
2012-08-17,53.51,53.539,53.283,53.484,2199355
2012-08-20,53.492,53.574,53.063,53.33,3360924
2012-08-21,53.524,53.606,53.33,53.444,1804567
2012-08-22,53.337,53.435,52.824,53.413,2347750
2012-08-23,53.33,53.435,53.057,53.25,3002412
2012-08-24,53.202,53.574,53.001,53.426,2413925
2012-08-27,53.628,53.711,53.322,53.589,1477049
2012-08-28,53.467,53.822,53.3,53.774,1475607
2012-08-29,53.879,53.904,53.653,53.758,1486541
2012-08-30,53.598,53.733,53.435,53.635,1705205
2012-08-31,53.876,53.926,53.381,53.806,3081707
2012-09-04,53.812,54.245,53.429,54.184,2125647
2012-09-05,54.261,54.307,53.853,54.089,1999706
2012-09-06,54.332,54.583,54.289,54.576,2943744
2012-09-07,54.683,54.764,54.512,54.623,2044147
2012-09-10,54.539,54.556,54.121,54.193,4679882
2012-09-11,54.184,54.379,54.042,54.355,4433021
2012-09-12,54.404,54.533,54.235,54.467,4236608
2012-09-13,54.525,55.217,54.443,55.136,5540505
2012-09-14,55.266,55.793,55.243,55.446,6022001
2012-09-17,55.467,55.725,55.208,55.282,3013780
2012-09-18,55.112,55.162,54.583,54.755,2907448
2012-09-19,54.801,54.845,54.453,54.453,2446298
2012-09-20,54.209,54.219,53.453,53.649,5314667
2012-09-21,53.73,53.828,53.61,53.657,7607962
2012-09-24,53.422,53.845,53.397,53.453,5552359
2012-09-25,53.625,53.666,52.641,52.665,6340958
2012-09-26,52.617,52.975,52.56,52.657,3313728
2012-09-27,52.869,53.251,52.698,52.886,1897224
2012-09-28,52.761,53.048,52.499,52.801,3572457
2012-10-01,52.91,53.08,51.867,52.414,6341746
2012-10-02,52.569,52.811,52.349,52.811,3089925
2012-10-03,52.886,53.381,52.829,52.919,3603316
2012-10-04,53.17,53.33,52.65,52.902,2778153
2012-10-05,52.949,53.251,52.794,52.966,2013235
2012-10-08,52.69,52.878,52.601,52.854,2246181
2012-10-09,52.869,53.119,52.641,52.657,2820310
2012-10-10,52.723,52.983,52.569,52.869,2442061
2012-10-11,53.119,53.258,52.829,52.829,1892084
2012-10-12,52.919,53.127,52.593,52.641,2142354
2012-10-15,52.657,53.024,52.388,52.992,2715001
2012-10-16,53.195,53.406,53.154,53.317,2898551
2012-10-17,53.08,53.277,52.821,53.17,3279319
2012-10-18,53.089,53.73,53.089,53.715,2652555
2012-10-19,53.691,53.901,53.187,53.267,2517505
2012-10-22,53.224,53.277,52.69,53.0,2021395
2012-10-23,52.617,52.715,52.089,52.463,2431443
2012-10-24,52.601,52.788,52.26,52.422,2092957
2012-10-25,52.715,52.949,51.755,52.275,2495484
2012-10-26,52.26,52.26,51.527,51.82,2854431
2012-10-31,52.05,52.374,51.804,52.325,3219830
2012-11-01,52.422,52.788,52.193,52.577,2843633
2012-11-02,52.878,53.301,52.836,52.925,3183102
2012-11-05,52.925,52.992,52.26,52.577,2009328
2012-11-06,52.764,52.91,52.463,52.802,1741130
2012-11-07,52.511,52.78,52.316,52.569,3049380
2012-11-08,52.585,52.585,51.934,51.943,2206270
2012-11-09,51.839,52.171,51.569,51.804,2953480
2012-11-12,51.902,51.95,51.488,51.682,1454517
2012-11-13,51.488,51.943,51.406,51.642,2027709
2012-11-14,51.859,51.859,50.511,50.676,3062932
2012-11-15,50.697,50.983,50.137,50.438,3877649
2012-11-16,50.481,50.796,50.113,50.749,3009809
2012-11-19,51.309,51.52,51.041,51.374,2598942
2012-11-20,51.447,51.755,51.089,51.755,3063839
2012-11-21,51.788,51.902,51.398,51.665,2404181
2012-11-23,51.813,52.089,51.69,52.05,1133717
2012-11-26,51.934,52.511,51.771,52.154,4513425
2012-11-27,51.738,52.332,51.414,51.859,6760050
2012-11-28,51.813,51.853,51.293,51.795,7297636
2012-11-29,52.122,52.138,51.642,52.08,3704801
2012-11-30,52.098,52.442,52.042,52.188,4075392
2012-12-03,52.439,52.705,52.244,52.396,4596123
2012-12-04,52.325,52.756,52.29,52.479,2927880
2012-12-05,52.511,52.577,52.122,52.316,3060104
2012-12-06,52.47,52.821,52.3,52.802,2873586
2012-12-07,52.869,53.008,52.771,53.0,3460985
2012-12-10,53.071,53.224,52.869,52.975,2379791
2012-12-11,53.17,53.251,52.992,53.106,2567664
2012-12-12,53.258,53.381,52.747,52.958,2873338
2012-12-13,52.829,53.024,52.381,52.552,3216811
2012-12-14,52.56,52.683,52.414,52.544,3130709
2012-12-17,52.788,52.878,52.544,52.821,2849281
2012-12-18,52.992,53.363,52.878,53.363,3115722
2012-12-19,53.61,53.631,53.267,53.293,4194102
2012-12-20,53.234,54.013,53.217,53.992,3316583
2012-12-21,53.542,54.096,53.381,53.901,2771481
2012-12-24,53.957,54.154,53.726,53.992,2190453
2012-12-26,54.239,54.239,53.605,53.733,2095055
2012-12-27,53.825,54.031,53.33,53.934,2801973
2012-12-28,53.767,54.081,53.536,53.58,2418603
2012-12-31,53.588,54.156,53.395,54.148,4519540
2013-01-02,55.076,55.208,54.483,54.821,6424122
2013-01-03,54.821,55.083,54.712,54.811,4339449
2013-01-04,54.979,55.092,54.739,55.07,2842037
2013-01-07,55.083,55.233,54.937,55.191,2726376
2013-01-08,55.2,55.299,54.92,55.083,1863734
2013-01-09,55.265,55.315,55.076,55.242,2593711
2013-01-10,55.431,55.587,55.083,55.299,3431956
2013-01-11,55.372,55.439,55.053,55.265,2457133
2013-01-14,55.415,55.431,55.256,55.423,2171786
2013-01-15,55.355,55.76,55.256,55.687,2553553
2013-01-16,55.597,55.651,55.447,55.62,2897963
2013-01-17,55.859,55.892,55.726,55.791,2943124
2013-01-18,55.867,56.033,55.677,56.033,2767616
2013-01-22,56.079,56.327,55.964,56.319,2658170
2013-01-23,56.353,56.392,56.17,56.302,2895903
2013-01-24,56.451,56.565,56.228,56.418,2851041
2013-01-25,56.617,56.772,56.458,56.739,2546540
2013-01-28,56.92,57.02,56.626,56.888,4088763
2013-01-29,56.92,57.049,56.829,57.049,2848075
2013-01-30,57.035,57.035,56.401,56.508,2275525
2013-01-31,56.431,56.454,56.034,56.172,2656861
2013-02-01,56.467,56.663,56.244,56.501,4103287
2013-02-04,56.302,56.591,56.196,56.367,3436032
2013-02-05,56.574,56.608,56.163,56.236,2917967
2013-02-06,56.105,56.443,55.981,56.435,10059103
2013-02-07,56.435,56.534,56.048,56.196,2179374
2013-02-08,56.319,56.714,56.262,56.714,3402496
2013-02-11,56.656,56.853,56.617,56.797,2646372
2013-02-12,56.911,57.231,56.788,57.223,2865022
2013-02-13,57.322,57.381,57.035,57.192,3069489
2013-02-14,57.167,57.183,56.92,56.952,2636001
2013-02-15,57.049,57.058,56.755,56.976,1827837
2013-02-19,57.151,57.438,57.077,57.429,2033812
2013-02-20,57.464,57.661,57.058,57.058,2144245
2013-02-21,57.035,57.067,56.501,56.632,2655994
2013-02-22,56.903,57.201,56.814,57.201,2359195
2013-02-25,57.389,57.454,56.113,56.113,3099263
2013-02-26,56.401,56.656,56.055,56.501,2895565
2013-02-27,56.581,57.174,56.418,56.911,1885296
2013-02-28,56.911,57.162,56.819,56.851,5549090
2013-03-01,56.704,57.118,56.414,57.043,4693585
2013-03-04,57.028,57.619,57.012,57.471,3816989
2013-03-05,57.723,58.047,57.467,57.922,3446046
2013-03-06,58.106,58.212,57.533,57.749,3672134
2013-03-07,57.939,57.939,57.433,57.484,2337224
2013-03-08,57.781,57.79,57.218,57.574,3005583
2013-03-11,57.634,57.703,57.363,57.627,2081140
2013-03-12,57.711,57.711,57.314,57.414,2661417
2013-03-13,57.438,57.627,57.239,57.471,2169046
2013-03-14,57.563,57.906,57.488,57.834,3217476
2013-03-15,57.774,57.989,57.533,57.966,2726665
2013-03-18,57.504,57.834,57.496,57.642,2914384
2013-03-19,57.669,57.792,57.002,57.363,3712710
2013-03-20,57.583,57.658,57.351,57.543,3779438
2013-03-21,57.359,57.757,57.334,57.376,2094698
2013-03-22,57.55,57.749,57.433,57.674,3790691
2013-03-25,57.774,58.047,57.568,57.683,3227607
2013-03-26,57.841,58.221,57.841,58.179,2077410
2013-03-27,58.005,58.289,57.88,58.289,2970234
2013-03-28,58.347,58.529,58.131,58.486,3174229
2013-04-01,58.594,58.687,58.138,58.66,3016118
2013-04-02,58.859,59.123,58.702,58.841,3070317
2013-04-03,59.043,59.1,58.511,58.635,2672104
2013-04-04,58.742,59.654,58.679,59.588,2297453
2013-04-05,59.06,59.913,58.952,59.913,2759608
2013-04-08,59.939,60.452,59.563,60.395,2138629
2013-04-09,60.61,60.659,60.087,60.402,3060459
2013-04-10,60.633,60.876,60.452,60.775,2517933
2013-04-11,60.906,61.43,60.743,61.133,2924257
2013-04-12,61.124,61.315,60.959,61.282,1952039
2013-04-15,61.074,61.214,60.014,60.014,4034658
2013-04-16,60.395,61.074,59.986,61.007,3975018
2013-04-17,60.783,60.85,59.93,60.36,3665553
2013-04-18,60.492,60.553,59.979,60.268,3155724
2013-04-19,60.492,61.24,60.337,61.198,1954910
2013-04-22,61.232,61.43,60.767,61.114,3181717
2013-04-23,61.415,61.58,61.016,61.456,3994309
2013-04-24,61.514,61.696,61.323,61.588,2111137
2013-04-25,61.669,61.705,61.048,61.381,3595636
2013-04-26,61.323,61.598,61.124,61.182,3136476
2013-04-29,61.346,61.754,61.24,61.705,2278889
2013-04-30,61.734,62.437,61.674,62.427,2941996
2013-05-01,62.517,62.55,61.796,61.927,7549136
2013-05-02,62.02,62.582,62.02,62.334,3123930
2013-05-03,62.757,62.915,62.459,62.582,3471557
2013-05-06,62.59,62.957,62.59,62.906,2927489
2013-05-07,62.997,63.287,62.782,63.255,2945792
2013-05-08,63.179,63.419,62.942,63.287,3259653
2013-05-09,63.147,63.305,62.782,62.873,2720216
2013-05-10,63.056,63.164,62.817,63.105,2057580
2013-05-13,63.074,63.445,63.056,63.403,2549359
2013-05-14,63.419,63.811,63.397,63.637,2510136
2013-05-15,63.684,64.266,63.388,64.266,3420932
2013-05-16,64.175,64.441,63.736,63.935,2996829
2013-05-17,64.091,64.325,63.892,64.292,2071377
2013-05-20,64.401,64.489,64.158,64.441,3055897
2013-05-21,64.599,64.954,64.574,64.806,2799243
2013-05-22,64.707,65.396,62.817,63.23,6649518
2013-05-23,62.715,62.715,61.654,62.045,6116153
2013-05-24,61.828,62.012,61.182,61.887,3641818
2013-05-28,62.599,62.69,60.991,61.356,4421214
2013-05-29,60.872,60.92,59.322,60.052,7215208
2013-05-30,59.963,60.492,59.423,59.49,4526369
2013-05-31,59.276,59.841,58.666,58.692,7807265
2013-06-03,58.679,59.291,58.131,59.024,8362719
2013-06-04,59.103,59.274,58.208,58.208,4964015
2013-06-05,58.092,58.435,57.548,57.722,5063682
2013-06-06,57.765,58.721,57.337,58.652,6163425
2013-06-07,58.834,58.987,57.842,58.66,4327815
2013-06-10,58.794,58.841,58.03,58.157,4036788
2013-06-11,57.505,58.008,57.271,57.298,5724394
2013-06-12,57.616,57.732,56.331,56.513,4291475
2013-06-13,56.272,58.163,56.223,57.982,5551409
2013-06-14,58.041,58.913,57.833,58.2,4277347
2013-06-17,58.62,58.942,57.989,58.363,5002233
2013-06-18,58.452,59.047,58.134,58.66,5189866
2013-06-19,58.468,58.82,56.678,56.861,5944622
2013-06-20,56.209,56.317,54.225,54.501,9825853
2013-06-21,54.919,55.7,54.243,55.238,9420806
2013-06-24,54.273,56.174,53.813,54.984,10051244
2013-06-25,55.621,56.242,54.992,55.908,13597174
2013-06-26,56.536,56.902,56.366,56.753,8028976
2013-06-27,57.214,57.914,57.104,57.89,6109500
2013-06-28,57.673,58.058,57.255,57.53,7446676
2013-07-01,57.983,58.208,57.237,57.406,3752375
2013-07-02,57.206,58.334,56.861,58.285,4428585
2013-07-03,58.092,58.092,57.214,57.898,2922725
2013-07-05,57.89,57.983,56.401,57.623,2993477
2013-07-08,57.842,58.235,57.631,57.682,3485523
2013-07-09,58.016,58.721,57.74,58.5,2336300
2013-07-10,58.494,58.67,58.058,58.528,3904232
2013-07-11,59.395,60.0,59.205,59.942,4591870
2013-07-12,60.135,60.193,59.339,59.572,4059023
2013-07-15,59.758,60.018,59.473,59.826,3514322
2013-07-16,59.758,60.109,59.699,59.866,3519390
2013-07-17,60.135,60.253,59.791,60.084,2639335
2013-07-18,60.353,60.62,60.084,60.593,2307264
2013-07-19,60.537,60.704,60.293,60.555,2227827
2013-07-22,60.593,60.855,60.36,60.738,2311058
2013-07-23,60.93,60.998,60.453,60.672,1675526
2013-07-24,60.78,60.864,59.082,59.49,3721128
2013-07-25,59.431,59.671,59.099,59.579,2103240
2013-07-26,59.395,59.734,59.155,59.635,1895395
2013-07-29,59.499,59.772,59.099,59.191,4255078
2013-07-30,59.359,59.717,58.813,59.01,2822073
2013-07-31,58.88,59.214,57.572,58.05,4113765
2013-08-01,58.276,58.443,57.673,57.824,4114899
2013-08-02,57.969,58.058,57.522,57.54,3080925
2013-08-05,57.381,57.748,57.32,57.497,3381938
2013-08-06,57.429,57.74,57.206,57.298,4645746
2013-08-07,57.464,57.514,56.861,57.146,2414261
2013-08-08,57.32,57.464,56.87,57.171,2958085
2013-08-09,57.096,58.0,57.012,57.673,3455620
2013-08-12,57.607,57.607,57.004,57.263,3237117
2013-08-13,57.263,57.347,56.317,56.476,4513017
2013-08-14,56.427,56.611,56.217,56.259,3031937
2013-08-15,55.797,55.941,55.018,55.229,4339619
2013-08-16,55.186,55.186,53.781,53.871,5084606
2013-08-19,53.898,53.898,53.135,53.162,5689956
2013-08-20,53.47,54.6,53.288,54.367,4929361
2013-08-21,53.88,55.103,53.581,54.243,5300331
2013-08-22,54.374,54.592,53.941,54.566,2985582
2013-08-23,54.6,55.155,54.367,55.136,3485474
2013-08-26,55.136,55.253,54.808,54.979,3494098
2013-08-27,54.492,55.037,54.415,54.708,4009486
2013-08-28,54.808,54.808,54.259,54.374,2559574
2013-08-29,54.225,54.467,53.982,54.459,2788607
2013-08-30,54.592,54.808,53.922,53.998,4601591
2013-09-03,54.205,54.409,53.072,53.527,7711562
2013-09-04,53.581,54.172,53.333,53.986,5090265
2013-09-05,54.037,54.037,53.36,53.421,3612984
2013-09-06,53.908,54.737,53.908,54.25,5473349
2013-09-09,54.307,55.378,54.273,55.378,4275895
2013-09-10,55.515,55.675,55.016,55.339,3470380
2013-09-11,55.387,55.781,55.295,55.781,3067488
2013-09-12,55.797,56.09,55.319,55.422,3139887
2013-09-13,55.498,55.694,55.304,55.582,3084906
2013-09-16,56.401,56.87,55.99,56.133,5276375
2013-09-17,56.335,56.562,56.005,56.098,3975628
2013-09-18,56.098,58.066,55.508,57.999,5322662
2013-09-19,58.135,58.656,57.905,57.947,6137739
2013-09-20,57.821,58.083,56.875,57.002,4876673
2013-09-23,56.984,57.272,56.578,56.615,4170159
2013-09-24,56.595,56.748,56.149,56.181,5269431
2013-09-25,56.301,56.733,55.937,56.367,3108596
2013-09-26,56.461,56.739,56.335,56.714,1734481
2013-09-27,56.552,56.781,56.106,56.477,4038996
2013-09-30,56.005,56.605,55.666,55.879,4507453
2013-10-01,55.887,57.282,55.761,56.688,5227213
2013-10-02,56.411,56.809,56.141,56.774,3082176
2013-10-03,56.538,56.655,55.49,55.786,7280192
2013-10-04,55.808,56.115,55.363,55.675,2828010
2013-10-07,55.372,56.157,55.339,55.928,2683772
2013-10-08,55.853,56.115,55.313,55.319,3103574
2013-10-09,55.339,55.911,55.253,55.329,3428525
2013-10-10,55.778,56.79,55.761,56.739,2805607
2013-10-11,56.645,57.364,56.486,57.307,2498970
2013-10-14,56.974,57.4,56.825,57.339,2696395
2013-10-15,57.255,57.611,57.012,57.13,3825252
2013-10-16,57.364,58.262,57.255,58.201,3629492
2013-10-17,57.999,59.191,57.896,59.082,3856985
2013-10-18,59.39,59.409,58.685,59.019,3178357
2013-10-21,58.996,59.037,58.388,58.666,2694587
2013-10-22,58.718,59.443,58.676,59.207,4274861
2013-10-23,59.099,59.352,58.869,59.316,5503962
2013-10-24,59.518,59.518,58.963,59.299,1894332
2013-10-25,59.443,60.094,59.308,60.028,2619385
2013-10-28,60.067,60.067,59.099,59.595,3968572
2013-10-29,59.276,59.595,58.913,59.247,3757935
2013-10-30,59.175,59.333,58.463,58.75,2919786
2013-10-31,58.825,58.955,58.007,58.403,4781472
2013-11-01,58.641,58.888,58.066,58.708,4082146
2013-11-04,59.019,59.099,58.277,58.819,3125770
2013-11-05,58.59,58.59,57.745,57.856,2999108
2013-11-06,57.932,58.294,57.695,57.77,2672367
2013-11-07,57.779,57.983,56.927,57.05,3831539
2013-11-08,56.538,56.79,55.472,56.283,4235140
2013-11-11,56.181,56.688,56.141,56.344,2654876
2013-11-12,56.191,56.309,55.641,56.088,2686774
2013-11-13,56.005,56.453,55.726,56.453,3014900
2013-11-14,56.595,57.264,56.52,56.849,2939632
2013-11-15,56.9,57.153,56.723,57.059,2533342
2013-11-18,57.272,57.282,56.645,56.706,2059005
2013-11-19,56.587,56.723,56.079,56.309,2607367
2013-11-20,56.274,56.833,55.463,55.623,3459449
2013-11-21,55.778,56.191,55.547,56.055,3548603
2013-11-22,56.166,56.224,55.539,55.837,2271921
2013-11-25,55.896,55.937,55.498,55.575,3473080
2013-11-26,55.702,55.71,55.253,55.379,3164406
2013-11-27,55.405,55.896,55.319,55.853,3539781
2013-11-29,55.616,55.919,55.253,55.339,2674587
2013-12-02,55.278,55.439,54.795,55.016,4331007
2013-12-03,54.839,55.092,54.671,54.906,2659523
2013-12-04,54.467,55.498,54.401,55.109,3775409
2013-12-05,55.06,55.379,54.671,55.304,3103612
2013-12-06,55.694,55.844,55.431,55.702,2393973
2013-12-09,56.022,56.022,55.472,55.971,2760984
2013-12-10,55.871,56.191,55.827,55.827,2887589
2013-12-11,55.837,55.928,54.492,54.543,3303170
2013-12-12,54.552,54.577,54.037,54.241,3250399
2013-12-13,54.433,55.016,54.232,54.373,3746669
2013-12-16,54.502,54.703,54.315,54.561,3043668
2013-12-17,54.585,54.967,54.373,54.812,3125199
2013-12-18,54.839,55.837,54.197,55.786,4877279
2013-12-19,55.623,55.649,54.703,55.016,3903066
2013-12-20,55.007,55.405,54.874,55.353,4536859
2013-12-23,55.523,55.802,55.395,55.463,4951760
2013-12-24,55.497,55.65,55.369,55.514,2099236
2013-12-26,55.617,55.976,55.42,55.557,5050725
2013-12-27,55.687,55.772,55.187,55.677,3819256
2013-12-30,55.667,55.91,55.566,55.697,4200204
2013-12-31,55.703,55.9,55.3,55.392,6499800
2014-01-02,55.156,55.557,54.957,55.402,6794303
2014-01-03,55.334,55.925,55.264,55.711,3230336
2014-01-06,55.892,56.251,55.711,55.993,3400329
2014-01-07,55.976,56.475,55.832,56.243,3009971
2014-01-08,56.098,56.303,55.718,55.969,3925738
2014-01-09,56.192,56.21,55.557,55.969,2963822
2014-01-10,56.457,56.767,56.294,56.734,3127968
2014-01-13,56.715,56.826,56.201,56.356,4255187
2014-01-14,56.55,56.939,56.339,56.767,2777821
2014-01-15,56.758,57.3,56.758,57.197,3577736
2014-01-16,57.103,57.323,57.103,57.3,3152498
2014-01-17,57.359,57.462,56.912,56.964,3447343
2014-01-21,57.246,57.703,57.134,57.478,3794538
2014-01-22,57.505,57.89,57.488,57.726,4000792
2014-01-23,57.47,57.711,57.315,57.59,3802423
2014-01-24,57.332,57.419,56.75,56.87,3200782
2014-01-27,56.903,57.128,56.21,56.433,4450381
2014-01-28,56.502,56.999,56.449,56.903,2804917
2014-01-29,56.623,56.879,56.312,56.594,3855585
2014-01-30,56.826,57.668,56.758,57.452,3484879
2014-01-31,56.999,58.019,56.819,57.761,6356970
2014-02-03,57.676,57.761,56.623,56.842,8520107
2014-02-04,56.903,57.565,56.682,57.53,5212138
2014-02-05,57.144,57.496,57.093,57.412,3095464
2014-02-06,57.444,57.915,57.412,57.831,3211454
2014-02-07,58.19,58.354,57.831,58.268,6898394
2014-02-10,58.309,58.989,58.07,58.818,7315421
2014-02-11,58.956,59.341,58.63,59.05,8317261
2014-02-12,59.221,59.229,58.784,59.085,3887493
2014-02-13,58.869,59.578,58.766,59.306,3210671
2014-02-14,59.323,59.649,59.212,59.538,2969762
2014-02-18,59.729,59.831,59.229,59.831,4451948
2014-02-19,59.719,60.43,59.682,59.795,5051126
2014-02-20,59.805,60.265,59.453,59.665,4083161
2014-02-21,59.762,60.062,59.376,59.814,2804082
2014-02-24,60.045,60.552,59.925,59.958,4300688
2014-02-25,60.062,60.44,59.933,60.158,3880613
2014-02-26,60.233,60.516,60.069,60.293,5388600
2014-02-27,60.318,60.516,59.872,60.13,3886123
2014-02-28,60.158,60.908,60.104,60.687,10179536
2014-03-03,60.31,60.781,60.113,60.721,6778660
2014-03-04,61.152,61.673,61.039,61.599,5179841
2014-03-05,61.64,61.787,61.039,61.52,4066754
2014-03-06,61.631,61.631,60.877,61.004,4318775
2014-03-07,60.721,60.893,60.077,60.345,4272503
2014-03-10,60.368,60.44,59.795,60.029,7444470
2014-03-11,60.104,60.635,60.062,60.405,5946147
2014-03-12,60.19,60.654,60.19,60.583,3160676
2014-03-13,60.696,60.809,60.19,60.302,4298270
2014-03-14,60.354,60.731,60.199,60.456,3163024
2014-03-17,60.748,60.981,60.405,60.583,3631123
2014-03-18,60.601,60.834,60.354,60.764,2895295
2014-03-19,60.918,61.083,59.409,59.617,5316269
2014-03-20,59.453,59.737,59.021,59.719,4442294
2014-03-21,59.907,60.466,59.845,60.265,3461906
2014-03-24,60.44,60.481,59.563,59.872,6790628
2014-03-25,60.343,60.533,59.968,60.42,3619089
2014-03-26,60.671,60.781,59.731,59.738,4963605
2014-03-27,59.721,60.167,59.478,60.117,3586739
2014-03-28,60.247,60.705,60.221,60.479,2638206
2014-03-31,60.843,61.17,60.271,60.989,4165961
2014-04-01,61.118,61.266,60.567,61.266,6720914
2014-04-02,61.232,61.378,60.909,61.317,3782572
2014-04-03,61.405,61.43,60.973,61.187,2746904
2014-04-04,61.446,61.775,61.118,61.396,4168846
2014-04-07,61.413,62.009,61.387,61.595,4452405
2014-04-08,61.646,62.009,61.413,61.973,3399008
2014-04-09,62.182,62.182,61.491,61.819,5024874
2014-04-10,61.915,62.162,61.068,61.232,4789493
2014-04-11,61.049,61.446,60.773,60.86,4382893
2014-04-14,61.17,61.309,60.773,61.223,3431471
2014-04-15,61.309,61.973,61.179,61.946,4400139
2014-04-16,62.162,62.421,61.906,62.344,2479733
2014-04-17,62.303,62.311,61.756,61.983,4326860
2014-04-21,62.067,62.407,61.993,62.335,2833655
2014-04-22,62.407,62.553,61.87,62.475,3345995
2014-04-23,62.449,62.586,62.067,62.224,3682922
2014-04-24,62.354,62.603,62.241,62.484,2704181
2014-04-25,62.517,62.553,62.104,62.241,3020818
2014-04-28,62.431,62.777,62.129,62.724,3467023
2014-04-29,62.915,63.037,62.595,62.768,3409056
2014-04-30,62.89,63.037,62.571,62.993,3080829
2014-05-01,63.097,63.319,62.449,63.261,4420152
2014-05-02,62.967,63.519,62.924,63.243,4047579
2014-05-05,63.044,63.422,62.777,63.373,3043550
2014-05-06,63.097,63.382,62.934,63.148,3334521
2014-05-07,63.286,63.951,63.182,63.909,5114812
2014-05-08,63.882,64.347,63.823,64.056,3924443
2014-05-09,64.097,64.298,63.736,64.097,4291609
2014-05-12,64.029,64.427,64.029,64.298,3454257
2014-05-13,64.495,64.789,63.778,63.882,2867665
2014-05-14,63.951,64.167,63.642,63.909,4581572
2014-05-15,63.951,63.976,63.348,63.874,3405667
2014-05-16,63.934,64.471,63.605,64.463,2870315
2014-05-19,64.434,64.434,63.909,64.202,2802581
2014-05-20,64.245,64.427,63.795,64.005,2559212
2014-05-21,64.217,64.217,63.478,63.581,2506630
2014-05-22,63.642,63.823,63.431,63.469,2108120
2014-05-23,63.469,64.056,63.469,64.029,1641951
2014-05-27,64.202,64.521,64.064,64.485,3141625
2014-05-28,64.254,64.281,63.699,64.081,2736312
2014-05-29,64.167,64.254,63.919,64.21,2755568
2014-05-30,64.152,64.583,64.097,64.503,3799531
2014-06-02,64.703,64.868,64.392,64.703,3585527
2014-06-03,64.693,64.748,64.444,64.669,2117608
2014-06-04,64.678,64.936,64.454,64.798,2212146
2014-06-05,64.944,66.015,64.693,65.99,5780719
2014-06-06,66.3,66.3,65.592,65.715,11494818
2014-06-09,65.783,65.929,64.798,64.92,2734357
2014-06-10,64.868,64.936,64.202,64.434,3027813
2014-06-11,64.175,64.539,63.943,64.263,2739487
2014-06-12,64.254,64.306,63.605,64.097,2604817
2014-06-13,64.097,64.365,63.676,64.263,2145764
2014-06-16,64.21,64.478,63.839,63.934,3060805
2014-06-17,63.89,64.167,63.65,64.097,2249087
2014-06-18,64.106,64.693,63.839,64.548,3166303
2014-06-19,64.72,65.082,64.511,65.082,2959339
2014-06-20,65.082,65.342,64.73,65.308,2469936
2014-06-23,65.412,65.555,65.031,65.039,5534913
2014-06-24,65.044,65.297,64.879,65.087,3770275
2014-06-25,65.079,65.183,64.79,64.956,4404096
2014-06-26,64.993,65.017,64.704,64.894,2997185
2014-06-27,64.879,65.403,64.748,65.394,2309503
2014-06-30,65.437,65.444,64.8,65.236,4731998
2014-07-01,65.278,65.758,65.052,65.585,3470904
2014-07-02,65.585,65.585,65.052,65.428,3366983
2014-07-03,65.193,65.27,64.773,65.052,3302336
2014-07-07,65.002,65.348,64.947,65.244,2794895
2014-07-08,65.044,65.654,65.044,65.437,3642478
2014-07-09,65.525,65.645,65.079,65.541,2907935
2014-07-10,65.219,65.985,65.133,65.837,3911352
2014-07-11,65.785,65.925,65.525,65.846,3016507
2014-07-14,66.028,66.23,65.725,66.169,2187761
2014-07-15,66.169,66.334,65.871,66.211,3335845
2014-07-16,66.352,66.481,66.019,66.421,2528683
2014-07-17,66.247,66.405,65.985,66.081,3361816
2014-07-18,66.239,66.752,66.073,66.735,2342858
2014-07-21,66.474,66.611,66.289,66.49,2996833
2014-07-22,66.648,66.899,66.606,66.7,2909447
2014-07-23,66.779,66.917,66.606,66.822,2262596
2014-07-24,66.98,67.014,66.579,66.735,2334629
2014-07-25,66.822,66.822,66.247,66.273,5437368
2014-07-28,66.377,66.907,66.334,66.735,2472794
2014-07-29,66.892,66.892,66.326,66.413,2177426
2014-07-30,66.395,66.667,65.96,66.273,3576306
2014-07-31,65.909,66.178,65.287,65.287,3666123
2014-08-01,65.278,65.725,65.133,65.133,3894574
2014-08-04,65.307,65.732,64.845,65.585,2820366
2014-08-05,65.332,65.547,64.773,64.914,3405953
2014-08-06,64.685,65.193,64.502,64.887,2214874
2014-08-07,65.087,65.27,64.782,64.923,2637754
2014-08-08,65.027,65.348,64.79,65.307,2953129
2014-08-11,65.479,65.909,65.374,65.717,2647040
2014-08-12,65.697,65.909,65.489,65.611,1732767
2014-08-13,65.732,66.586,65.732,66.562,2119197
2014-08-14,66.685,66.805,66.377,66.517,2317991
2014-08-15,66.725,66.875,66.204,66.447,3410026
2014-08-18,66.708,67.108,66.606,67.101,2670963
2014-08-19,67.249,67.399,67.014,67.241,2172071
2014-08-20,67.223,67.65,66.875,67.544,2708753
2014-08-21,67.6,67.851,67.399,67.44,2795665
2014-08-22,67.416,67.44,66.676,66.899,2946844
2014-08-25,67.163,67.294,66.517,66.752,2195469
2014-08-26,66.789,67.067,66.771,66.883,2021863
2014-08-27,66.963,67.118,66.762,66.927,1752100
2014-08-28,66.875,67.058,66.685,66.917,2858710
2014-08-29,67.005,67.276,66.868,67.276,2130817
2014-09-02,67.163,67.407,67.101,67.284,2729959
2014-09-03,67.424,67.544,67.213,67.458,2585872
2014-09-04,67.458,67.65,66.998,67.205,2331759
2014-09-05,67.319,67.947,67.232,67.922,2622131
2014-09-08,67.869,68.062,67.65,67.851,4111047
2014-09-09,67.851,67.851,67.31,67.432,2741480
2014-09-10,67.232,67.338,66.317,66.369,3865350
2014-09-11,66.289,66.62,66.116,66.421,3622987
2014-09-12,66.116,66.134,64.024,64.382,6498207
2014-09-15,64.4,64.678,63.841,64.067,4624944
2014-09-16,64.093,64.887,64.067,64.694,4435204
2014-09-17,64.862,65.244,64.593,64.678,3831917
2014-09-18,64.755,64.852,64.076,64.111,3809942
2014-09-19,64.138,64.47,63.971,64.191,3975648
2014-09-22,64.12,64.155,63.682,63.682,2880778
2014-09-23,63.632,63.937,63.196,63.223,6204840
2014-09-24,63.204,63.81,62.931,63.053,5068647
2014-09-25,63.132,63.176,62.543,62.772,5853868
2014-09-26,62.71,63.678,62.571,63.617,4538000
2014-09-29,63.238,63.573,62.887,63.527,4317744
2014-09-30,63.555,63.703,63.062,63.213,5365490
2014-10-01,62.992,63.678,62.992,63.265,6824973
2014-10-02,63.213,63.581,62.747,63.159,4586451
2014-10-03,63.397,63.713,63.053,63.555,3794587
2014-10-06,63.722,64.082,63.565,63.722,3267240
2014-10-07,63.597,63.907,63.213,63.221,3081480
2014-10-08,63.379,64.626,63.335,64.594,5629534
2014-10-09,64.531,65.358,64.485,64.594,5470470
2014-10-10,64.688,65.454,64.636,64.656,5520202
2014-10-13,64.927,65.375,64.663,64.717,4912968
2014-10-14,64.99,66.211,64.9,65.763,5495169
2014-10-15,65.535,66.036,64.91,65.51,6931803
2014-10-16,64.744,65.799,64.656,65.613,4978673
2014-10-17,66.149,66.211,65.145,65.691,4083919
2014-10-20,65.808,66.712,65.711,66.696,4021498
2014-10-21,66.904,67.338,66.528,67.303,4081247
2014-10-22,67.373,67.761,67.205,67.32,4188686
2014-10-23,67.716,67.988,67.373,67.839,5269726
2014-10-24,67.891,68.139,67.4,67.787,3827422
2014-10-27,67.752,68.316,67.698,68.286,3684912
2014-10-28,68.131,68.588,68.025,68.588,2884100
2014-10-29,68.472,68.517,67.613,68.201,4151332
2014-10-30,68.112,68.63,67.858,68.63,2977384
2014-10-31,68.922,69.545,68.886,69.493,6810937
2014-11-03,69.53,70.102,69.388,70.102,5831121
2014-11-04,70.084,70.224,69.502,70.214,3125094
2014-11-05,70.366,70.541,69.661,70.064,2565703
2014-11-06,70.039,70.303,69.415,69.53,3438441
2014-11-07,69.597,69.775,69.107,69.441,4183893
2014-11-10,69.239,70.046,69.22,70.012,2433905
2014-11-11,69.987,70.064,69.432,69.738,2453291
2014-11-12,69.775,69.81,69.098,69.21,4147063
2014-11-13,69.316,69.757,69.265,69.589,4590622
2014-11-14,69.589,69.715,68.877,69.019,3543928
2014-11-17,68.966,69.441,68.93,69.325,2843030
2014-11-18,69.406,69.721,69.203,69.625,2966566
2014-11-19,69.432,69.651,68.992,69.0,3393912
2014-11-20,68.949,69.316,68.674,69.229,3865562
2014-11-21,69.775,69.837,69.465,69.661,3213910
2014-11-24,69.819,70.133,69.757,69.906,3827605
2014-11-25,70.055,70.188,69.775,70.031,5302388
2014-11-26,70.074,70.77,70.074,70.708,2618771
2014-11-28,70.884,71.649,70.733,70.884,2529255
2014-12-01,70.857,71.314,70.621,70.708,6555220
2014-12-02,70.682,71.225,70.26,71.147,4139074
2014-12-03,71.165,71.244,70.866,71.077,4115774
2014-12-04,71.059,71.359,70.708,71.261,3827131
2014-12-05,71.104,71.104,70.347,70.902,4660740
2014-12-08,71.392,72.475,70.77,71.351,3013978
2014-12-09,70.644,71.825,70.575,71.674,4439514
2014-12-10,71.49,71.842,71.305,71.605,4131071
2014-12-11,71.595,72.027,71.509,71.736,3233858
2014-12-12,71.577,71.957,71.087,71.11,4436967
2014-12-15,71.509,71.518,70.055,70.188,6707298
2014-12-16,70.179,70.726,69.651,70.092,8034844
2014-12-17,70.197,71.736,70.188,71.702,8215597
2014-12-18,72.202,72.281,71.641,72.202,6867423
2014-12-19,72.354,72.528,71.967,72.169,6240632
2014-12-22,72.341,73.428,72.331,73.375,4037192
2014-12-23,73.632,73.687,72.974,73.17,5387164
2014-12-24,73.337,73.489,72.786,72.867,1465565
2014-12-26,73.231,73.347,72.875,73.124,3260563
2014-12-29,73.035,73.812,72.946,73.526,3127585
2014-12-30,73.57,73.91,73.295,73.472,3692273
2014-12-31,73.794,74.097,72.162,72.233,5040028
2015-01-02,72.858,73.383,72.537,73.32,6246615
2015-01-05,73.124,73.91,72.902,73.723,6810835
2015-01-06,73.794,74.684,73.794,74.453,8496750
2015-01-07,74.748,75.702,74.347,75.595,7760631
2015-01-08,76.121,76.121,75.275,75.88,5892821
2015-01-09,75.88,76.263,75.408,75.915,5207498
2015-01-12,76.104,76.578,75.96,76.495,5754511
2015-01-13,76.764,76.986,75.978,76.38,6570769
2015-01-14,76.291,77.076,75.933,77.04,7007605
2015-01-15,77.201,77.414,76.728,77.218,5611466
2015-01-16,77.218,77.984,76.942,77.885,5289387
2015-01-20,78.227,78.341,77.092,77.271,5621054
2015-01-21,77.307,77.307,76.852,77.218,4883072
2015-01-22,77.521,78.673,77.324,78.591,4990476
2015-01-23,78.555,78.788,78.189,78.368,3915508
2015-01-26,78.494,79.091,78.154,79.028,3235236
2015-01-27,78.831,79.365,78.742,79.055,3598780
2015-01-28,79.144,79.609,78.529,78.529,5326053
2015-01-29,78.886,78.886,77.994,78.806,3742547
2015-01-30,78.664,78.698,77.172,77.182,5573005
2015-02-02,77.166,77.307,75.522,76.976,8436807
2015-02-03,76.958,77.672,76.389,77.646,5177869
2015-02-04,77.467,77.664,76.879,77.324,3737263
2015-02-05,77.511,78.287,77.29,78.253,3276253
2015-02-06,78.074,78.171,75.649,75.978,7090747
2015-02-09,75.925,76.343,75.424,75.443,4749846
2015-02-10,75.541,75.844,74.775,75.684,6890250
2015-02-11,75.837,76.085,74.944,75.462,4515883
2015-02-12,75.64,76.441,75.374,76.362,5072026
2015-02-13,76.602,76.638,75.408,75.854,3862587
2015-02-17,75.799,76.569,75.49,75.666,7193432
2015-02-18,75.657,76.471,75.104,76.371,6154017
2015-02-19,76.414,76.414,74.561,74.729,6072871
2015-02-20,74.748,75.57,74.632,75.452,5587452
2015-02-23,75.462,76.094,75.399,76.058,4355024
2015-02-24,75.933,75.933,74.24,74.561,6759307
2015-02-25,74.57,75.381,74.489,74.578,7512899
2015-02-26,74.57,74.604,73.597,73.766,5313822
2015-02-27,73.831,74.533,73.509,74.347,4853572
2015-03-02,74.533,75.595,74.426,74.775,6003270
2015-03-03,74.329,74.836,73.989,74.632,4834574
2015-03-04,74.585,74.729,73.747,73.919,3424785
2015-03-05,74.124,74.864,74.061,74.133,3929068
2015-03-06,72.223,73.204,71.537,71.67,8036319
2015-03-09,71.921,72.401,71.921,72.243,7342637
2015-03-10,71.99,72.527,71.921,72.188,6712202
2015-03-11,72.172,72.491,71.974,72.252,3176848
2015-03-12,72.518,73.607,72.491,73.337,4501414
2015-03-13,73.499,73.667,72.974,73.463,3211052
2015-03-16,73.873,74.66,73.677,74.223,3096669
2015-03-17,74.077,74.533,73.756,74.195,4221746
2015-03-18,74.157,75.96,73.775,75.745,6483441
2015-03-19,75.657,76.165,75.399,75.71,6350446
2015-03-20,75.925,77.681,75.898,77.61,6733620
2015-03-23,77.583,78.129,77.352,77.511,4086394
2015-03-24,77.396,77.485,76.835,76.852,6536258
2015-03-25,77.051,77.222,75.312,75.524,6010186
2015-03-26,75.312,75.492,74.79,75.131,6284851
2015-03-27,75.195,75.554,74.925,75.231,2597945
2015-03-30,75.59,76.379,75.366,76.308,4625715
2015-03-31,75.966,76.503,75.418,75.634,3324940
2015-04-01,75.652,75.939,74.934,75.524,7430772
2015-04-02,75.544,76.379,75.483,76.101,4353948
2015-04-06,76.351,77.151,76.235,76.891,4902497
2015-04-07,76.872,76.979,75.534,75.534,3387654
2015-04-08,75.777,75.867,75.436,75.652,2932025
2015-04-09,75.524,75.524,73.902,74.081,5683463
2015-04-10,74.468,74.899,73.814,74.029,4070367
2015-04-13,74.01,74.298,73.814,73.833,2618120
2015-04-14,74.245,74.459,73.921,74.091,4082628
2015-04-15,74.388,74.396,73.489,73.534,3917037
2015-04-16,73.4,74.038,73.052,73.724,3784908
2015-04-17,73.437,73.814,72.881,73.383,5635197
2015-04-20,73.678,73.912,73.257,73.489,3557227
2015-04-21,73.688,74.081,73.41,73.616,4269836
2015-04-22,73.678,74.153,73.57,73.767,4294740
2015-04-23,73.857,74.127,73.607,73.966,2526158
2015-04-24,74.046,74.548,73.786,74.119,2554590
2015-04-27,74.18,74.737,73.848,74.02,3314369
2015-04-28,73.946,74.119,73.4,73.875,3816145
2015-04-29,73.168,73.526,72.197,72.386,3510670
2015-04-30,72.099,72.188,70.772,71.21,9757954
2015-05-01,71.293,72.244,71.148,71.749,6579579
2015-05-04,71.983,72.484,71.714,71.822,5087204
2015-05-05,71.787,71.787,70.142,70.262,7142174
2015-05-06,70.287,70.459,69.721,70.127,7223470
2015-05-07,70.225,71.479,70.161,71.202,7090284
2015-05-08,71.902,73.176,71.875,72.197,5725711
2015-05-11,71.92,72.403,70.898,71.111,3433866
2015-05-12,70.583,71.552,70.082,71.327,5282933
2015-05-13,71.767,72.082,70.504,70.645,6936067
2015-05-14,71.04,72.047,70.861,72.008,5467992
2015-05-15,72.306,72.962,72.135,72.745,4894277
2015-05-18,72.502,72.72,72.163,72.558,3845918
2015-05-19,72.197,72.736,72.135,72.306,3104090
2015-05-20,72.403,72.736,72.154,72.244,3820519
2015-05-21,72.314,72.403,71.57,71.902,2973713
2015-05-22,71.643,72.306,71.408,71.812,4534086
2015-05-26,71.767,71.812,71.059,71.265,3390606
2015-05-27,71.534,72.082,71.194,71.966,3320166
2015-05-28,71.92,72.117,71.455,71.822,3089926
2015-05-29,71.758,71.947,70.898,70.997,5335564
2015-06-01,71.167,72.0,70.889,71.866,4976539
2015-06-02,71.552,71.588,70.898,71.202,3693261
2015-06-03,70.782,71.148,70.1,70.18,4332657
2015-06-04,70.108,70.368,69.821,70.044,4135687
2015-06-05,69.131,69.795,68.626,69.265,6845326
2015-06-08,69.256,69.445,68.987,69.139,3730936
2015-06-09,68.914,69.265,68.537,68.636,5132652
2015-06-10,68.601,69.73,68.52,69.121,4828902
2015-06-11,69.631,69.803,69.408,69.542,10490519
2015-06-12,69.292,69.758,69.274,69.48,3483917
2015-06-15,69.418,69.418,68.942,69.104,3974164
2015-06-16,69.166,69.766,69.023,69.66,6102706
2015-06-17,69.721,70.305,69.183,70.252,4372118
2015-06-18,70.296,71.517,70.252,71.219,6261107
2015-06-19,71.275,71.418,70.45,70.673,6672882
2015-06-22,70.673,70.988,69.874,69.947,4345923
2015-06-23,69.669,69.811,69.238,69.363,3269613
2015-06-24,69.527,69.669,68.959,68.987,4347485
2015-06-25,69.023,69.075,68.26,68.285,5373575
2015-06-26,68.234,68.951,68.045,68.778,4181799
2015-06-29,68.668,69.211,67.664,67.708,5641246
2015-06-30,68.079,68.317,67.511,67.682,6462273
2015-07-01,67.401,68.795,67.383,68.795,6973122
2015-07-02,69.076,69.902,68.852,68.968,4749246
2015-07-06,68.623,69.493,68.542,69.403,5646543
2015-07-07,69.775,70.618,69.602,70.491,6534130
2015-07-08,70.11,70.462,70.0,70.219,5453534
2015-07-09,70.572,70.627,69.712,69.883,3656618
2015-07-10,70.174,70.934,70.009,70.462,5268466
2015-07-13,70.519,71.351,70.192,70.562,3186728
2015-07-14,70.672,70.953,70.291,70.709,2673772
2015-07-15,70.527,71.08,70.391,70.825,2469809
2015-07-16,71.043,71.487,70.943,71.396,2753031
2015-07-17,71.351,71.433,70.925,71.143,1989704
2015-07-20,70.97,71.351,70.753,71.224,2388859
2015-07-21,71.298,71.577,71.015,71.025,3907345
2015-07-22,71.099,71.587,71.015,71.333,3181981
2015-07-23,71.289,71.324,70.019,70.446,3519115
2015-07-24,70.418,70.98,70.256,70.743,3090168
2015-07-27,70.627,71.279,70.627,70.872,3313966
2015-07-28,70.881,71.143,70.662,70.916,2950787
2015-07-29,70.833,71.497,70.545,71.379,8815283
2015-07-30,71.27,71.387,70.79,71.025,3236054
2015-07-31,71.515,72.158,71.452,71.587,6058942
2015-08-03,71.832,72.103,71.587,72.032,4156117
2015-08-04,72.24,72.368,71.342,71.506,4510548
2015-08-05,71.587,71.722,70.753,71.035,4174738
2015-08-06,71.099,71.18,69.947,71.133,3832923
2015-08-07,71.015,71.497,70.501,71.396,4350862
2015-08-10,71.677,71.74,70.843,71.171,2874863
2015-08-11,70.99,71.941,70.908,71.642,5010005
2015-08-12,71.387,71.887,71.007,71.868,3563479
2015-08-13,71.706,72.249,71.107,71.949,2628550
2015-08-14,71.74,72.368,71.468,72.34,2823105
2015-08-17,72.41,73.009,72.032,72.956,3214096
2015-08-18,72.918,73.245,72.711,73.155,3205487
2015-08-19,72.956,73.055,72.283,72.72,2649517
2015-08-20,72.368,72.729,71.969,72.185,4413987
2015-08-21,71.823,72.094,70.843,70.843,4553475
2015-08-24,68.148,69.838,65.47,67.527,11989530
2015-08-25,68.435,68.869,65.661,65.671,10112840
2015-08-26,66.323,67.627,66.023,67.444,5592137
2015-08-27,68.071,69.295,67.491,68.752,6210018
2015-08-28,68.705,68.852,68.162,68.651,4282886
2015-08-31,68.487,68.642,67.084,67.084,6838821
2015-09-01,66.413,66.748,65.335,65.807,7965769
2015-09-02,66.232,66.72,65.896,66.484,5538174
2015-09-03,66.71,67.156,66.513,66.668,4097048
2015-09-04,66.26,66.26,64.945,65.425,4704332
2015-09-08,66.006,66.595,65.797,66.413,3315512
2015-09-09,66.939,67.184,65.55,65.651,3683768
2015-09-10,65.543,66.484,65.47,65.797,5086877
2015-09-11,65.787,67.074,65.687,67.057,4295465
2015-09-14,67.156,67.283,66.893,67.094,3355240
2015-09-15,67.119,67.899,66.668,67.754,3020643
2015-09-16,67.708,68.642,67.682,68.478,3662138
2015-09-17,68.552,70.446,68.206,69.259,6994045
2015-09-18,68.768,69.965,68.452,69.141,6399165
2015-09-21,69.175,70.084,69.141,69.729,3505211
2015-09-22,69.241,69.622,68.696,68.852,3270377
2015-09-23,69.1,69.63,68.725,69.283,4052209
2015-09-24,69.181,69.474,68.211,68.632,4051060
2015-09-25,68.934,69.484,68.504,68.906,3638456
2015-09-28,68.753,68.779,67.333,67.836,4473831
2015-09-29,68.248,68.854,67.773,68.559,4135384
2015-09-30,69.054,69.274,68.559,69.136,6814731
2015-10-01,69.247,69.584,68.744,69.474,4485464
2015-10-02,69.658,69.996,68.678,69.978,5028173
2015-10-05,70.271,71.278,70.243,71.158,5656008
2015-10-06,71.196,71.579,70.793,70.994,3901344
2015-10-07,71.278,71.807,71.031,71.807,4602024
2015-10-08,71.744,72.476,71.507,72.411,4319382
2015-10-09,72.402,72.469,71.937,72.293,3389992
2015-10-12,72.451,73.08,72.293,72.805,3514481
2015-10-13,72.578,72.853,72.029,72.239,2581558
2015-10-14,72.385,72.469,71.543,71.699,3659327
2015-10-15,71.772,72.678,71.709,72.678,2768288
2015-10-16,72.705,73.355,72.696,73.227,3141201
2015-10-19,73.199,74.252,73.1,74.252,3437468
2015-10-20,74.117,74.426,73.914,74.226,3039150
2015-10-21,74.362,74.58,73.895,73.949,3781044
2015-10-22,74.097,74.837,73.959,74.599,3828792
2015-10-23,74.628,74.756,73.428,73.876,3738213
2015-10-26,73.904,74.077,73.263,73.857,3583715
2015-10-27,73.849,74.024,73.464,73.833,7796240
2015-10-28,73.833,74.371,72.531,73.895,5000421
2015-10-29,73.675,73.895,73.302,73.795,3587212
2015-10-30,73.804,73.959,73.053,73.117,7710797
2015-11-02,73.283,74.682,73.016,74.673,7505980
2015-11-03,74.509,74.58,73.631,73.923,5774893
2015-11-04,73.969,74.097,73.374,73.592,3458249
2015-11-05,73.621,73.969,73.199,73.886,3063843
2015-11-06,72.696,72.999,71.131,71.589,7725111
2015-11-09,71.131,71.288,69.904,70.364,6467350
2015-11-10,70.354,71.332,70.334,71.168,5123013
2015-11-11,71.168,71.552,70.985,71.249,2434706
2015-11-12,71.058,71.396,70.637,70.766,3509746
2015-11-13,70.801,71.158,69.904,69.959,4643677
2015-11-16,69.804,70.766,69.667,70.766,3406711
2015-11-17,70.573,71.37,70.501,70.766,4201816
2015-11-18,70.847,71.433,70.399,71.387,3746846
2015-11-19,71.479,71.965,71.288,71.607,3964059
2015-11-20,72.055,72.587,71.845,72.503,4331840
2015-11-23,72.541,72.933,72.402,72.659,2589531
2015-11-24,72.266,72.421,71.68,72.275,3823001
2015-11-25,72.312,72.742,72.239,72.569,2141226
2015-11-27,72.541,73.428,72.521,73.199,1473519
2015-11-30,73.464,73.639,72.469,72.659,8314693
2015-12-01,72.761,73.695,72.686,73.665,4203703
2015-12-02,73.454,73.557,72.055,72.166,6242772
2015-12-03,72.055,72.166,70.837,71.031,5176182
2015-12-04,71.096,72.569,71.066,72.385,3752090
2015-12-07,72.266,72.476,71.863,72.183,4583799
2015-12-08,71.79,72.385,71.717,72.12,3975694
2015-12-09,71.872,72.451,71.351,71.717,4609914
2015-12-10,71.837,72.082,71.14,71.204,3785853
2015-12-11,71.04,71.396,70.628,71.076,3737666
2015-12-14,71.177,71.443,70.536,71.405,5215776
2015-12-15,71.725,72.541,71.725,72.183,3768589
2015-12-16,72.485,73.731,72.312,73.592,5134483
2015-12-17,73.685,73.756,73.016,73.227,4072012
2015-12-18,73.146,73.263,72.377,72.377,6254650
2015-12-21,72.761,73.1,72.266,72.659,4868102
2015-12-22,72.823,73.411,72.814,72.953,7084990
2015-12-23,73.127,73.722,73.044,73.704,4341457
2015-12-24,73.564,73.952,73.298,73.704,1536593
2015-12-28,73.46,74.122,73.321,74.112,7143030
2015-12-29,74.241,74.979,74.122,74.9,3771285
2015-12-30,74.843,75.085,74.583,74.64,3355900
2015-12-31,74.602,74.833,73.982,73.99,3547768
2016-01-04,73.378,73.406,72.417,73.1,9529828
2016-01-05,73.127,74.741,73.061,74.51,7666678
2016-01-06,73.843,74.416,73.805,74.306,5906386
2016-01-07,73.406,73.713,72.784,72.859,6785682
2016-01-08,73.349,73.406,71.763,71.884,4985803
2016-01-11,71.948,72.719,71.921,72.291,5341352
2016-01-12,72.672,72.766,71.438,71.808,6413756
2016-01-13,72.042,72.571,70.625,70.78,8275237
2016-01-14,70.687,71.251,70.084,70.63,5541840
2016-01-15,69.73,70.306,69.182,70.129,6003626
2016-01-19,70.455,71.048,70.129,70.502,5364187
2016-01-20,69.694,69.878,67.124,68.608,9796666
2016-01-21,68.932,69.962,68.373,68.988,7380682
2016-01-22,69.656,71.174,69.544,70.909,4895060
2016-01-25,70.761,71.522,70.277,70.463,5031941
2016-01-26,70.789,71.968,70.649,71.94,5618188
2016-01-27,71.846,71.846,70.102,70.547,5262241
2016-01-28,70.956,71.215,69.738,70.008,6013717
2016-01-29,70.435,71.522,69.906,71.447,11974203
2016-02-01,71.011,72.172,70.78,71.568,7462570
2016-02-02,71.224,71.456,70.52,70.918,6901843
2016-02-03,71.281,71.669,70.51,71.391,6162718
2016-02-04,71.345,71.818,70.695,71.429,4619243
2016-02-05,71.281,71.281,70.008,70.074,4346693
2016-02-08,69.62,69.712,66.994,68.069,5862798
2016-02-09,67.383,67.558,66.296,66.816,9057740
2016-02-10,67.253,68.19,66.984,67.281,4178152
2016-02-11,66.334,66.771,65.786,66.325,5207232
2016-02-12,66.937,67.272,66.399,67.087,5460135
2016-02-16,67.606,68.393,67.29,68.321,4190583
2016-02-17,68.383,69.685,68.383,68.903,3298383
2016-02-18,69.053,69.787,68.626,69.6,3814352
2016-02-19,69.359,70.296,69.127,69.999,3109392
2016-02-22,70.555,71.188,70.528,70.668,3196610
2016-02-23,70.603,71.316,70.37,70.482,2810654
2016-02-24,70.176,70.547,69.676,70.399,3230271
2016-02-25,70.714,71.874,70.714,71.838,3662681
2016-02-26,71.763,72.086,71.438,71.466,3427277
2016-02-29,71.391,72.181,71.076,71.188,5449956
2016-03-01,71.251,73.201,71.122,73.192,5721419
2016-03-02,72.904,73.756,72.766,73.722,3902623
2016-03-03,73.747,74.112,73.365,74.112,3132865
2016-03-04,73.99,74.184,73.582,74.122,2952585
2016-03-07,73.738,74.482,73.61,74.315,3776552
2016-03-08,74.214,74.276,73.46,73.554,3048490
2016-03-09,73.786,74.353,73.619,73.962,3843417
2016-03-10,74.473,74.622,72.877,73.694,2664354
2016-03-11,74.435,75.419,74.267,75.344,2716508
2016-03-14,75.234,75.427,74.936,75.354,2795098
2016-03-15,75.039,75.549,74.886,75.392,2045407
2016-03-16,75.179,76.421,74.909,76.301,3706424
2016-03-17,76.421,77.545,76.078,77.376,5955174
2016-03-18,77.526,77.721,77.044,77.044,3536441
2016-03-21,76.91,77.155,76.216,76.348,4628085
2016-03-22,76.198,76.579,75.897,76.348,5105804
2016-03-23,76.348,76.432,75.888,75.934,3023894
2016-03-24,75.803,76.023,75.288,75.963,3025796
2016-03-28,75.944,76.811,75.926,76.648,4140239
2016-03-29,76.742,78.346,76.507,78.308,5353257
2016-03-30,78.506,78.676,78.093,78.157,3733116
2016-03-31,78.15,78.74,77.99,78.637,8028532
2016-04-01,78.478,78.666,78.046,78.535,5613086
2016-04-04,78.693,78.769,78.15,78.421,7362486
2016-04-05,78.074,78.281,77.709,77.905,3464738
2016-04-06,77.934,78.132,77.502,78.093,3133512
2016-04-07,77.905,78.093,77.259,77.605,2493017
2016-04-08,78.009,83.855,77.841,78.037,3591567
2016-04-11,78.187,78.412,77.859,77.878,3034982
2016-04-12,78.046,78.628,77.85,78.439,2669072
2016-04-13,78.666,78.703,77.832,78.093,3012942
2016-04-14,78.046,78.103,77.459,77.661,2178542
2016-04-15,77.812,78.431,77.418,78.244,2588536
2016-04-18,78.122,78.628,78.016,78.619,2501495
2016-04-19,78.833,78.833,78.338,78.657,3343190
2016-04-20,78.666,78.824,77.259,77.323,4354187
2016-04-21,77.286,77.446,75.709,75.944,5377411
2016-04-22,75.944,76.901,75.832,76.733,3329506
2016-04-25,76.527,77.418,76.507,77.409,2542165
2016-04-26,77.69,78.15,77.427,77.709,3400329
2016-04-27,77.69,77.812,76.816,77.661,3457460
2016-04-28,77.192,77.971,76.893,77.502,3059034
2016-04-29,77.127,77.296,76.038,76.789,4387633
2016-05-02,76.742,78.177,76.742,77.981,4271301
2016-05-03,77.952,78.157,77.502,78.103,3522724
2016-05-04,77.614,79.369,77.614,79.22,4410325
2016-05-05,79.322,79.595,78.947,79.444,3542524
2016-05-06,79.434,80.382,79.067,80.317,3727986
2016-05-09,80.571,81.33,80.345,81.199,4868651
2016-05-10,81.377,81.471,80.907,81.19,4298800
2016-05-11,81.143,81.143,79.143,79.434,4330372
2016-05-12,79.547,80.172,78.9,79.914,3698827
2016-05-13,79.698,79.698,78.647,79.202,4253769
2016-05-16,79.192,80.181,79.124,79.951,3596573
2016-05-17,79.754,79.754,78.037,78.469,4591163
2016-05-18,78.141,78.225,76.357,77.239,5017567
2016-05-19,76.752,76.93,75.973,76.376,4599320
2016-05-20,76.668,77.127,76.527,76.986,3511967
2016-05-23,77.117,77.281,76.808,76.996,2924135
2016-05-24,77.473,78.084,77.192,77.952,3195249
2016-05-25,78.157,78.157,77.182,77.944,3508638
2016-05-26,77.802,78.335,77.624,78.103,3253877
2016-05-27,78.235,78.856,78.157,78.526,3204618
2016-05-31,78.403,78.75,78.037,78.516,5126738
2016-06-01,78.244,78.779,78.167,78.58,4707650
2016-06-02,78.356,79.013,78.157,78.985,8571550
2016-06-03,79.745,79.989,78.919,79.285,4577429
2016-06-06,79.378,79.547,78.281,78.693,3444118
2016-06-07,79.04,79.411,78.816,79.173,2583752
2016-06-08,79.116,79.745,78.872,79.679,3302441
2016-06-09,79.679,80.008,79.398,79.857,4404046
2016-06-10,79.556,79.782,79.143,79.483,2705090
2016-06-13,79.511,80.101,79.408,79.501,3463421
2016-06-14,79.501,79.782,79.003,79.295,3663019
2016-06-15,79.473,80.318,79.36,80.046,3015202
2016-06-16,79.932,80.523,79.538,80.494,3012509
2016-06-17,80.543,80.543,79.745,80.365,4697807
2016-06-20,80.75,81.444,80.373,80.421,4248758
2016-06-21,80.775,81.021,80.415,80.783,3817725
2016-06-22,80.955,80.965,80.463,80.652,4217993
2016-06-23,81.031,81.371,80.896,81.069,1766111
2016-06-24,79.656,81.164,79.099,80.358,5978903
2016-06-27,80.027,80.528,79.259,80.405,5037986
2016-06-28,80.926,82.091,80.622,82.081,5416742
2016-06-29,82.488,83.209,82.384,83.095,4642422
2016-06-30,83.312,83.955,82.631,83.955,6923881
2016-07-01,84.239,84.647,83.738,83.985,4997623
2016-07-05,83.995,84.912,83.891,84.912,4022258
2016-07-06,84.789,84.884,84.126,84.562,4834182
2016-07-07,84.458,84.513,83.209,83.672,5641973
2016-07-08,84.136,85.064,84.032,85.026,2812974
2016-07-11,85.092,85.773,84.582,85.566,3571083
2016-07-12,85.603,85.726,84.917,85.583,3936876
2016-07-13,85.783,86.059,85.395,86.059,5178241
2016-07-14,85.793,86.01,85.092,85.291,3232361
2016-07-15,85.281,85.386,84.704,85.319,3533471
2016-07-18,85.443,85.574,85.215,85.547,2851314
2016-07-19,85.547,85.963,85.144,85.963,2024158
2016-07-20,86.115,86.199,85.698,85.972,2218632
2016-07-21,85.783,86.143,85.404,86.143,2301965
2016-07-22,86.059,87.155,85.877,86.9,2622311
2016-07-25,86.929,87.241,86.447,86.739,2508087
2016-07-26,86.816,87.081,86.105,86.314,2598452
2016-07-27,86.294,86.294,84.927,85.642,4156199
2016-07-28,85.509,86.773,85.309,86.437,3013501
2016-07-29,86.674,87.975,86.352,87.534,3699029
2016-08-01,87.421,87.819,87.355,87.724,3522220
2016-08-02,87.469,87.621,86.162,86.323,4094834
2016-08-03,86.02,86.379,85.357,85.821,4044418
2016-08-04,85.926,86.085,85.319,85.471,2798517
2016-08-05,85.519,85.783,85.225,85.529,3106803
2016-08-08,85.471,86.076,85.319,85.678,2366014
2016-08-09,85.821,86.143,85.158,86.143,3669434
2016-08-10,86.389,86.542,85.773,86.049,5600615
2016-08-11,86.02,86.057,84.617,85.073,5057237
2016-08-12,85.262,86.222,85.007,85.434,3138960
2016-08-15,85.566,85.859,85.309,85.347,3127946
2016-08-16,85.064,85.168,84.21,84.324,4400724
2016-08-17,84.249,84.732,83.672,84.666,5534734
2016-08-18,84.543,84.922,83.959,84.353,4303592
2016-08-19,84.239,84.334,83.569,83.813,3469124
2016-08-22,84.032,84.334,83.827,84.269,3877111
2016-08-23,84.562,84.751,84.278,84.316,6892414
2016-08-24,84.533,84.543,83.474,83.946,6405366
2016-08-25,84.175,84.838,83.909,84.324,3400819
2016-08-26,84.477,84.997,82.933,83.492,6172258
2016-08-29,83.672,84.582,83.662,84.316,3504909
2016-08-30,84.496,84.6,83.416,84.155,3624670
2016-08-31,84.069,84.523,83.768,84.239,5284180
2016-09-01,84.334,84.363,83.606,84.032,4328093
2016-09-02,84.523,85.793,84.396,84.76,4688785
2016-09-06,85.13,85.424,84.382,85.414,4092005
2016-09-07,85.3,85.968,85.017,85.926,3035277
2016-09-08,85.547,85.688,84.789,84.875,3298935
2016-09-09,83.909,84.145,81.495,81.512,8067169
2016-09-12,81.353,82.856,81.105,82.478,7538113
2016-09-13,82.066,82.096,80.227,80.38,7601571
2016-09-14,80.617,81.113,80.341,80.666,5015741
2016-09-15,80.637,81.094,80.207,80.971,6210012
2016-09-16,80.876,81.08,80.418,81.008,6557208
2016-09-19,81.275,81.838,81.19,81.743,3574328
2016-09-20,82.125,82.23,81.619,81.619,4096792
2016-09-21,81.762,82.787,80.657,82.667,7242255
2016-09-22,83.43,84.221,83.221,84.145,3750525
2016-09-23,83.916,84.69,83.22,84.403,4953454
2016-09-26,84.165,84.798,83.898,84.602,3608386
2016-09-27,84.88,84.88,83.564,83.707,6796708
2016-09-28,83.84,84.46,83.582,84.394,2807153
2016-09-29,84.106,84.167,83.021,83.268,4890752
2016-09-30,83.564,84.079,82.687,82.697,7045054
2016-10-03,82.001,82.267,80.984,81.152,10985995
2016-10-04,81.037,81.076,79.569,80.046,7778272
2016-10-05,80.197,80.608,78.34,78.425,8521302
2016-10-06,78.034,79.021,77.329,78.453,7090735
2016-10-07,78.94,79.732,77.958,78.32,6331977
2016-10-10,78.388,79.134,78.388,78.807,2956147
2016-10-11,78.702,78.883,77.834,78.044,4517168
2016-10-12,78.167,79.054,78.044,78.94,3663259
2016-10-13,78.625,79.693,78.388,79.559,3811286
2016-10-14,79.416,80.074,79.044,79.208,3343351
2016-10-17,79.273,79.865,79.208,79.378,3308212
2016-10-18,79.903,80.351,79.612,79.884,2657028
2016-10-19,79.903,80.164,79.454,80.056,3011383
2016-10-20,80.046,80.395,79.435,79.874,3420585
2016-10-21,79.493,79.783,79.225,79.579,3349935
2016-10-24,79.941,80.57,79.445,79.76,4141967
2016-10-25,79.435,79.718,79.188,79.617,3315950
2016-10-26,79.313,79.426,78.034,78.577,4293245
2016-10-27,78.434,78.473,76.308,76.519,6260777
2016-10-28,76.642,77.358,76.413,76.699,5054719
2016-10-31,77.034,78.091,76.719,77.949,5254638
2016-11-01,77.605,77.672,75.985,76.252,7830219
2016-11-02,76.127,76.347,75.116,75.136,8230898
2016-11-03,75.193,75.322,74.535,74.554,7575085
2016-11-04,74.735,75.398,74.421,75.145,4649330
2016-11-07,75.707,76.489,75.707,76.461,6147112
2016-11-08,76.441,77.119,76.08,76.861,4220055
2016-11-09,75.031,76.271,74.144,75.7,10532140
2016-11-10,75.603,75.641,73.391,74.43,14164467
2016-11-11,74.363,75.803,74.316,74.878,5313670
2016-11-14,74.745,76.857,74.383,76.652,7085553
2016-11-15,76.909,77.549,75.49,76.013,8097439
2016-11-16,76.041,76.271,75.221,75.794,10842613
2016-11-17,75.755,76.327,74.912,75.021,3823700
2016-11-18,75.116,75.441,74.765,75.24,3834356
2016-11-21,75.489,76.031,74.926,75.012,3658737
2016-11-22,75.384,76.366,75.155,76.327,4433424
2016-11-23,75.66,76.08,75.355,76.004,6861770
2016-11-25,76.08,76.871,76.022,76.441,1997635
2016-11-28,76.441,77.3,76.394,76.795,4264767
2016-11-29,76.871,77.92,76.813,77.529,3937836
2016-11-30,76.795,77.271,76.271,76.642,7160117
2016-12-01,76.194,76.471,75.088,75.516,6672947
2016-12-02,75.851,77.062,75.727,76.271,3876601
2016-12-05,76.28,76.929,76.013,76.833,3626216
2016-12-06,77.034,77.672,76.747,77.329,3875895
2016-12-07,77.385,78.997,77.29,78.873,5689707
2016-12-08,78.606,79.636,78.187,79.416,4617688
2016-12-09,79.464,80.074,79.149,79.33,4725595
2016-12-12,79.112,79.903,78.968,79.855,3787257
2016-12-13,80.179,80.265,79.264,79.817,4211406
2016-12-14,79.722,79.921,77.939,78.072,5042092
2016-12-15,78.006,78.625,77.377,77.614,4105936
2016-12-16,77.776,79.293,77.653,78.778,6902934
2016-12-19,79.044,79.969,79.033,79.627,3841580
2016-12-20,79.589,80.16,79.303,79.807,5447517
2016-12-21,79.807,80.332,78.577,78.597,5242794
2016-12-22,78.495,78.728,77.783,78.465,3998021
2016-12-23,78.572,80.094,78.348,78.67,4627597
2016-12-27,78.787,79.136,78.465,78.834,3937809
2016-12-28,79.02,79.02,78.105,78.358,4088272
2016-12-29,78.611,79.565,78.309,79.331,4374827
2016-12-30,79.419,80.499,79.039,80.334,6855831
2017-01-03,80.773,80.791,79.954,80.596,9636743
2017-01-04,80.703,81.95,80.626,81.774,6778824
2017-01-05,81.473,82.135,80.713,82.038,8789532
2017-01-06,81.784,82.445,81.59,82.047,4007418
2017-01-09,82.281,82.281,81.273,81.307,3643003
2017-01-10,81.347,81.347,80.577,80.616,4067558
2017-01-11,80.666,80.753,80.042,80.12,4620862
2017-01-12,80.207,80.568,79.429,80.529,4798307
2017-01-13,80.519,80.811,80.14,80.412,3758060
2017-01-17,80.753,81.102,80.559,81.035,4252385
2017-01-18,81.005,81.439,80.821,81.172,3408051
2017-01-19,80.87,81.035,80.146,80.344,3255531
2017-01-20,80.373,80.975,80.188,80.928,3375169
2017-01-23,81.045,81.736,80.791,81.61,3252092
2017-01-24,81.61,81.969,81.278,81.629,4319094
2017-01-25,81.58,81.921,80.845,81.093,3556110
2017-01-26,81.102,81.493,80.825,80.938,4205609
2017-01-27,81.172,81.278,79.838,80.15,3077985
2017-01-30,79.915,80.081,79.4,79.605,3269613
2017-01-31,79.624,80.743,79.624,80.178,11394557
2017-02-01,80.091,80.685,79.156,79.216,4680384
2017-02-02,79.263,80.237,79.253,80.16,4884794
2017-02-03,80.753,81.015,80.266,80.596,4278989
2017-02-06,80.694,80.85,80.294,80.461,3067436
2017-02-07,80.529,80.821,80.047,80.178,3339512
2017-02-08,80.422,80.986,80.11,80.811,3407441
2017-02-09,80.791,81.162,80.713,81.005,2883707
2017-02-10,80.977,81.629,80.821,81.58,3065380
2017-02-13,81.648,81.959,81.162,81.61,4076619
2017-02-14,81.414,81.464,80.549,81.181,2761524
2017-02-15,80.676,81.035,80.15,80.908,3788063
2017-02-16,80.995,81.93,80.908,81.385,3182470
2017-02-17,81.58,81.667,80.859,81.541,2695828
2017-02-21,81.454,82.67,81.347,82.582,5800620
2017-02-22,82.7,82.981,81.892,82.31,3559101
2017-02-23,82.535,82.807,81.979,82.738,3524692
2017-02-24,82.719,83.157,82.271,83.128,3767580
2017-02-27,83.118,83.868,83.05,83.566,3417573
2017-02-28,83.566,83.566,82.797,82.991,5936006
2017-03-01,82.738,83.216,82.445,82.738,6453227
2017-03-02,82.622,82.69,82.009,82.291,3144029
2017-03-03,82.223,82.301,81.132,81.969,4291927
2017-03-06,81.823,81.862,81.21,81.6,3326238
2017-03-07,81.424,81.561,80.821,81.21,4785076
2017-03-08,80.733,80.831,79.652,79.711,4945606
2017-03-09,79.555,80.032,78.339,78.514,5757180
2017-03-10,79.136,79.536,77.852,78.271,6450423
2017-03-13,78.358,78.952,78.202,78.465,4819395
2017-03-14,78.388,78.64,77.94,78.445,4707659
2017-03-15,78.68,80.436,78.631,80.032,7374021
2017-03-16,79.945,80.422,79.731,79.877,4578516
2017-03-17,80.207,80.499,79.818,80.247,4500366
2017-03-20,80.304,80.539,79.974,80.178,2823585
2017-03-21,80.286,80.519,79.702,79.828,7160066
2017-03-22,79.921,79.97,78.98,79.784,4709569
2017-03-23,79.794,81.019,79.676,80.372,7761517
2017-03-24,80.49,80.843,80.186,80.284,4486676
2017-03-27,80.166,80.519,79.309,79.558,4646538
2017-03-28,79.745,80.019,79.0,79.902,4316186
2017-03-29,79.872,80.363,79.627,80.353,3185376
2017-03-30,80.225,80.622,79.691,80.499,4684652
2017-03-31,80.529,81.271,80.392,80.98,7310422
2017-04-03,80.755,81.368,80.715,81.215,7617484
2017-04-04,81.097,81.745,80.989,81.215,5465832
2017-04-05,81.294,81.784,81.205,81.333,4832894
2017-04-06,81.157,81.907,80.827,81.764,4805195
2017-04-07,81.96,82.245,81.647,81.882,4572975
2017-04-10,81.931,82.52,81.735,82.392,2598472
2017-04-11,82.422,83.118,82.304,82.96,3941009
2017-04-12,82.932,83.245,82.666,82.814,3597063
2017-04-13,82.784,83.0,82.52,82.628,2813460
2017-04-17,82.754,83.647,82.666,83.627,3952047
2017-04-18,83.559,83.931,83.5,83.853,2863129
2017-04-19,83.785,84.049,83.588,83.735,3694960
2017-04-20,83.579,83.804,83.147,83.745,3170864
2017-04-21,83.696,83.794,83.299,83.441,3326731
2017-04-24,83.833,83.883,81.764,82.52,6726420
2017-04-25,82.52,82.99,82.382,82.862,3480114
2017-04-26,82.804,82.97,82.039,82.245,4268655
2017-04-27,82.372,82.568,81.867,82.029,4917879
2017-04-28,81.814,81.941,80.882,81.176,6102708
2017-05-01,81.529,81.902,80.853,81.657,6122915
2017-05-02,81.755,81.96,81.215,81.519,5028032
2017-05-03,81.48,81.578,80.167,80.431,6330936
2017-05-04,79.931,80.166,79.126,80.039,8184643
2017-05-05,80.215,80.793,80.176,80.793,5566568
2017-05-08,80.971,80.971,79.779,80.225,4019163
2017-05-09,80.215,80.323,79.48,79.794,5906020
2017-05-10,79.784,80.695,79.588,80.421,3876974
2017-05-11,80.127,80.255,79.323,80.019,3613185
2017-05-12,80.157,80.186,79.627,79.696,3177339
2017-05-15,79.764,80.613,79.715,79.931,3328829
2017-05-16,79.931,80.098,79.136,79.392,4424823
2017-05-17,79.342,80.019,79.176,79.715,7387688
2017-05-18,79.588,80.363,79.156,80.157,4210294
2017-05-19,80.098,81.069,79.759,80.588,6517345
2017-05-22,80.617,81.186,80.559,80.901,3502000
2017-05-23,81.069,81.372,80.921,80.971,3018997
2017-05-24,81.078,81.676,81.039,81.627,2629804
2017-05-25,81.764,82.02,81.461,81.637,3209450
2017-05-26,81.608,81.701,80.793,81.049,3106785
2017-05-30,81.039,81.205,80.539,80.539,1902290
2017-05-31,80.677,80.921,80.274,80.588,5624543
2017-06-01,80.363,81.107,80.166,81.009,6685442
2017-06-02,81.343,82.02,81.343,81.843,4076826
2017-06-05,81.637,81.755,81.117,81.49,5017713
2017-06-06,81.539,81.559,80.976,81.097,4444586
2017-06-07,81.078,81.814,81.009,81.666,3254730
2017-06-08,81.696,81.696,80.745,81.47,3022467
2017-06-09,81.47,82.309,81.186,82.039,5048804
2017-06-12,81.97,82.794,81.843,82.774,4130094
2017-06-13,82.736,83.041,82.387,82.96,2842920
2017-06-14,83.461,83.637,82.794,83.078,5423158
2017-06-15,82.726,83.725,82.656,83.5,3831850
2017-06-16,83.608,83.652,82.922,83.284,4587418
2017-06-19,83.284,83.333,82.892,83.294,4989449
2017-06-20,83.343,83.579,82.47,83.098,3257749
2017-06-21,83.098,83.333,82.402,82.932,2610597
2017-06-22,82.824,83.176,82.49,83.01,6344520
2017-06-23,83.04,83.773,82.902,83.298,3797422
2017-06-26,83.506,84.198,83.506,83.892,6483047
2017-06-27,83.476,83.971,83.09,83.139,3965438
2017-06-28,83.367,83.733,83.075,83.337,2986541
2017-06-29,83.07,83.07,82.239,82.387,4026593
2017-06-30,82.615,83.031,82.15,82.387,4249846
2017-07-03,82.714,83.605,82.526,83.436,3201948
2017-07-05,83.585,83.585,82.1,82.258,5425139
2017-07-06,81.754,82.13,80.615,80.714,4223418
2017-07-07,80.912,81.397,80.605,81.17,3283099
2017-07-10,81.348,81.427,80.368,80.427,4206750
2017-07-11,80.487,80.566,79.764,80.338,3380795
2017-07-12,80.882,81.793,80.714,81.328,3221862
2017-07-13,81.387,81.655,81.17,81.457,2582311
2017-07-14,81.952,82.387,81.872,82.239,2604017
2017-07-17,82.239,83.031,82.08,82.902,2758630
2017-07-18,82.932,83.08,82.496,82.724,3042316
2017-07-19,82.852,83.377,82.674,83.347,2979850
2017-07-20,83.397,83.535,82.917,82.961,3094163
2017-07-21,83.021,83.12,82.506,82.902,3003514
2017-07-24,82.882,82.981,82.367,82.743,2686394
2017-07-25,82.803,82.932,82.288,82.852,2813562
2017-07-26,82.882,83.714,82.694,83.426,3006042
2017-07-27,83.129,83.872,82.635,83.525,2857722
2017-07-28,83.545,83.803,83.129,83.298,3055423
2017-07-31,83.387,83.525,82.753,83.407,2997974
2017-08-01,83.664,84.139,83.12,83.783,3175062
2017-08-02,83.605,83.605,82.743,83.021,2214460
2017-08-03,82.872,83.324,82.555,82.852,2053287
2017-08-04,82.842,83.288,82.654,83.129,2089827
2017-08-07,83.149,83.255,82.724,83.04,1659535
2017-08-08,82.882,83.07,82.437,82.644,2348216
2017-08-09,82.704,82.743,82.209,82.367,4554554
2017-08-10,82.189,82.338,81.773,81.773,4233639
2017-08-11,81.793,81.853,80.902,81.269,2720249
2017-08-14,81.605,82.783,81.467,82.625,2182300
2017-08-15,82.466,82.466,81.833,82.377,2282992
2017-08-16,82.476,82.961,82.476,82.704,2975195
2017-08-17,82.605,82.902,82.146,82.189,2074689
2017-08-18,81.981,82.11,81.12,81.358,2031582
2017-08-21,81.368,82.367,81.239,82.229,2513434
2017-08-22,82.239,82.486,81.771,81.991,1854116
2017-08-23,82.021,82.932,81.813,82.833,1909271
2017-08-24,83.001,83.476,82.526,82.575,2032769
2017-08-25,82.842,83.278,82.466,82.971,2169299
2017-08-28,83.011,83.09,82.08,82.338,2093163
2017-08-29,82.219,82.605,82.159,82.249,1416117
2017-08-30,82.11,82.724,81.783,82.714,2075113
2017-08-31,82.941,83.417,82.783,83.189,3245603
2017-09-01,83.209,83.822,83.1,83.476,3420964
2017-09-05,83.565,83.822,82.833,83.248,3743102
2017-09-06,83.417,84.03,83.337,83.466,3364558
2017-09-07,83.634,84.139,83.506,84.001,2337239
2017-09-08,83.773,84.377,83.704,84.07,2358417
2017-09-11,84.258,84.931,84.139,84.842,2376636
2017-09-12,84.713,84.931,83.53,83.842,4032134
2017-09-13,83.862,83.901,83.337,83.624,1858907
2017-09-14,83.516,84.357,83.318,84.317,2868182
2017-09-15,84.268,84.515,83.723,84.476,3205295
2017-09-18,84.456,84.604,83.748,84.02,3477386
2017-09-19,84.09,84.109,83.407,83.466,2946327
2017-09-20,83.684,83.803,82.872,83.238,2769619
2017-09-21,83.228,83.773,83.07,83.08,6342749
2017-09-22,83.17,83.48,82.44,82.49,4549558
2017-09-25,82.5,83.31,82.49,82.97,5536305
2017-09-26,83.13,83.38,82.91,83.11,3099513
2017-09-27,82.94,83.1002,82.07,82.36,3812837
2017-09-28,82.19,83.0,82.19,82.92,4114286
2017-09-29,82.8,83.18,82.62,83.09,4243984
2017-10-02,83.22,83.26,82.84,82.97,4533835
2017-10-03,82.96,83.0397,82.66,82.85,6710755
2017-10-04,82.92,83.33,82.63,83.27,4137400
2017-10-05,83.38,83.985,83.37,83.57,3398719
2017-10-06,83.13,83.37,82.6,83.3,2594844
2017-10-09,83.45,83.71,83.44,83.5,2248367
2017-10-10,83.76,84.32,83.5,83.75,6012781
2017-10-11,83.82,84.085,83.81,84.03,2944802
2017-10-12,84.06,84.57,83.93,84.57,2787524
2017-10-13,84.88,85.0,84.4,84.79,2662625
2017-10-16,84.73,84.9,84.3,84.37,1972743
2017-10-17,84.28,84.52,84.12,84.47,2191683
2017-10-18,84.37,84.69,84.21,84.38,1935905
2017-10-19,84.36,84.54,83.84,84.13,1838744
2017-10-20,84.06,84.1,83.33,83.65,2929876
2017-10-23,83.75,83.83,83.23,83.33,2618818
2017-10-24,83.18,83.44,82.54,82.83,2429706
2017-10-25,82.48,82.87,82.015,82.59,3491115
2017-10-26,82.81,83.0,81.61,81.91,3916351
2017-10-27,81.86,82.49,81.34,82.28,2979869
2017-10-30,82.36,82.54,82.055,82.21,3061186
2017-10-31,82.22,82.35,81.49,82.2,4422769
2017-11-01,82.34,82.78,82.15,82.6,3507722
2017-11-02,82.85,83.64,82.73,83.3,5159553
2017-11-03,82.89,83.4099,82.53,83.09,2457624
2017-11-06,83.16,83.88,83.11,83.65,3156286
2017-11-07,83.69,84.6,83.68,84.33,3978733
2017-11-08,84.27,84.8,84.23,84.75,2058230
2017-11-09,84.44,85.35,84.21,84.84,3856501
2017-11-10,84.41,85.21,84.2525,84.93,3657275
